{"user_group_edges": {"group_2": ["user_31_sample_id_10", "user_382_sample_id_9", "user_261_sample_id_26", "user_392_sample_id_34", "user_402_sample_id_30", "user_160_sample_id_41", "user_387_sample_id_15", "user_130_sample_id_1", "user_208_sample_id_22", "user_49_sample_id_46", "user_377_sample_id_4"], "group_12": ["user_31_sample_id_10", "user_378_sample_id_49", "user_261_sample_id_26", "user_380_sample_id_40", "user_130_sample_id_1", "user_496_sample_id_3"], "group_4": ["user_139_sample_id_55", "user_282_sample_id_19", "user_46_sample_id_38", "user_57_sample_id_33", "user_229_sample_id_29", "user_392_sample_id_34", "user_209_sample_id_35", "user_258_sample_id_11", "user_175_sample_id_28", "user_193_sample_id_42", "user_377_sample_id_4"], "group_14": ["user_139_sample_id_55", "user_228_sample_id_27", "user_337_sample_id_6", "user_399_sample_id_20", "user_97_sample_id_37", "user_175_sample_id_28", "user_418_sample_id_12", "user_285_sample_id_2"], "group_15": ["user_139_sample_id_55", "user_165_sample_id_56", "user_191_sample_id_13", "user_386_sample_id_32", "user_91_sample_id_50", "user_337_sample_id_6", "user_399_sample_id_20", "user_97_sample_id_37", "user_193_sample_id_42", "user_103_sample_id_7"], "group_16": ["user_139_sample_id_55", "user_282_sample_id_5", "user_382_sample_id_9", "user_378_sample_id_49", "user_395_sample_id_17", "user_91_sample_id_50", "user_32_sample_id_44", "user_381_sample_id_0", "user_208_sample_id_22", "user_285_sample_id_2"], "group_8": ["user_451_sample_id_52", "user_235_sample_id_57", "user_274_sample_id_58", "user_261_sample_id_26", "user_112_sample_id_8", "user_352_sample_id_31", "user_243_sample_id_45", "user_191_sample_id_13", "user_322_sample_id_48", "user_175_sample_id_28", "user_369_sample_id_16"], "group_3": ["user_235_sample_id_57", "user_282_sample_id_5", "user_74_sample_id_21", "user_27_sample_id_24", "user_43_sample_id_36", "user_290_sample_id_39", "user_134_sample_id_47", "user_91_sample_id_50", "user_160_sample_id_41", "user_330_sample_id_14", "user_49_sample_id_46", "user_377_sample_id_4"], "group_7": ["user_235_sample_id_57", "user_378_sample_id_49", "user_39_sample_id_59", "user_43_sample_id_36", "user_290_sample_id_39", "user_229_sample_id_29", "user_392_sample_id_34", "user_380_sample_id_40", "user_395_sample_id_17", "user_32_sample_id_44", "user_496_sample_id_3"], "group_18": ["user_235_sample_id_57", "user_282_sample_id_5", "user_274_sample_id_58", "user_46_sample_id_38", "user_27_sample_id_24", "user_243_sample_id_45", "user_352_sample_id_18", "user_392_sample_id_34", "user_402_sample_id_30", "user_399_sample_id_20", "user_387_sample_id_15", "user_130_sample_id_1", "user_377_sample_id_4"], "group_0": ["user_165_sample_id_56", "user_274_sample_id_58", "user_74_sample_id_21", "user_27_sample_id_24", "user_209_sample_id_35", "user_322_sample_id_48", "user_32_sample_id_44"], "group_9": ["user_165_sample_id_56", "user_282_sample_id_5", "user_378_sample_id_49", "user_46_sample_id_38", "user_39_sample_id_59", "user_243_sample_id_45", "user_191_sample_id_13", "user_229_sample_id_29", "user_273_sample_id_51", "user_258_sample_id_11", "user_175_sample_id_28", "user_418_sample_id_12", "user_49_sample_id_53"], "group_13": ["user_165_sample_id_56", "user_46_sample_id_38", "user_208_sample_id_22", "user_330_sample_id_14", "user_49_sample_id_46"], "group_17": ["user_165_sample_id_56", "user_228_sample_id_27", "user_282_sample_id_19", "user_112_sample_id_8", "user_39_sample_id_59", "user_243_sample_id_45", "user_290_sample_id_39", "user_299_sample_id_25", "user_322_sample_id_48", "user_396_sample_id_23", "user_193_sample_id_42"], "group_19": ["user_228_sample_id_27", "user_27_sample_id_24", "user_352_sample_id_18", "user_392_sample_id_34", "user_273_sample_id_51", "user_381_sample_id_0", "user_175_sample_id_28", "user_369_sample_id_16", "user_387_sample_id_15", "user_418_sample_id_12"], "group_10": ["user_282_sample_id_19", "user_39_sample_id_59", "user_229_sample_id_29", "user_322_sample_id_48", "user_273_sample_id_51", "user_32_sample_id_44", "user_361_sample_id_60", "user_396_sample_id_23", "user_387_sample_id_15", "user_496_sample_id_3"], "group_11": ["user_112_sample_id_8", "user_39_sample_id_59", "user_402_sample_id_30", "user_273_sample_id_51", "user_337_sample_id_6", "user_160_sample_id_41", "user_258_sample_id_11", "user_369_sample_id_16", "user_193_sample_id_42", "user_418_sample_id_12"], "group_1": ["user_352_sample_id_31", "user_57_sample_id_33", "user_134_sample_id_47", "user_298_sample_id_43"], "group_5": ["user_352_sample_id_31", "user_290_sample_id_39", "user_386_sample_id_32", "user_361_sample_id_60", "user_381_sample_id_0", "user_193_sample_id_42", "user_103_sample_id_7", "user_49_sample_id_53", "user_496_sample_id_3"], "group_6": ["user_352_sample_id_18", "user_299_sample_id_25", "user_273_sample_id_51", "user_97_sample_id_37"]}, "group_data_store_edges": {"group_1": ["ds_268_sample_id_51", "ds_524_sample_id_31", "ds_37_sample_id_48", "ds_446_sample_id_21", "ds_27_sample_id_40", "ds_483_sample_id_49", "ds_155_sample_id_18", "ds_435_sample_id_27", "ds_436_sample_id_44", "ds_326_sample_id_41", "ds_60_sample_id_11", "ds_68_sample_id_1", "ds_329_sample_id_23"], "group_12": ["ds_268_sample_id_51", "ds_417_sample_id_2", "ds_457_sample_id_47", "ds_209_sample_id_37", "ds_504_sample_id_7", "ds_214_sample_id_9", "ds_153_sample_id_3", "ds_250_sample_id_17", "ds_185_sample_id_43", "ds_210_sample_id_29"], "group_14": ["ds_268_sample_id_51", "ds_417_sample_id_2", "ds_514_sample_id_12", "ds_290_sample_id_0", "ds_482_sample_id_54", "ds_422_sample_id_46", "ds_419_sample_id_33"], "group_4": ["ds_495_sample_id_38", "ds_37_sample_id_48", "ds_337_sample_id_16"], "group_5": ["ds_495_sample_id_38", "ds_209_sample_id_37", "ds_423_sample_id_19", "ds_261_sample_id_35", "ds_133_sample_id_20", "ds_60_sample_id_11", "ds_466_sample_id_4"], "group_3": ["ds_9_sample_id_36", "ds_504_sample_id_7", "ds_27_sample_id_40", "ds_326_sample_id_41", "ds_133_sample_id_20", "ds_418_sample_id_14", "ds_331_sample_id_39"], "group_6": ["ds_9_sample_id_36", "ds_475_sample_id_28", "ds_457_sample_id_47", "ds_209_sample_id_37", "ds_37_sample_id_48", "ds_423_sample_id_19", "ds_446_sample_id_21", "ds_204_sample_id_6", "ds_514_sample_id_12", "ds_2_sample_id_32"], "group_13": ["ds_9_sample_id_36", "ds_417_sample_id_2", "ds_214_sample_id_9", "ds_423_sample_id_19", "ds_463_sample_id_5", "ds_397_sample_id_15", "ds_419_sample_id_42", "ds_436_sample_id_44", "ds_158_sample_id_52"], "group_16": ["ds_475_sample_id_28", "ds_332_sample_id_25", "ds_214_sample_id_9", "ds_498_sample_id_10", "ds_217_sample_id_30", "ds_2_sample_id_32", "ds_418_sample_id_14"], "group_11": ["ds_103_sample_id_45", "ds_290_sample_id_0", "ds_444_sample_id_53", "ds_278_sample_id_26", "ds_435_sample_id_27", "ds_258_sample_id_24"], "group_19": ["ds_417_sample_id_2", "ds_502_sample_id_13", "ds_155_sample_id_18", "ds_444_sample_id_53", "ds_250_sample_id_17", "ds_261_sample_id_35", "ds_329_sample_id_23"], "group_10": ["ds_524_sample_id_31", "ds_446_sample_id_21", "ds_278_sample_id_26", "ds_250_sample_id_17", "ds_108_sample_id_34", "ds_258_sample_id_24"], "group_7": ["ds_209_sample_id_37", "ds_37_sample_id_48", "ds_498_sample_id_10", "ds_337_sample_id_22", "ds_483_sample_id_49", "ds_278_sample_id_26", "ds_217_sample_id_30"], "group_9": ["ds_37_sample_id_48", "ds_155_sample_id_18", "ds_290_sample_id_0", "ds_185_sample_id_43", "ds_29_sample_id_8"], "group_0": ["ds_502_sample_id_13", "ds_332_sample_id_25", "ds_498_sample_id_10", "ds_463_sample_id_5", "ds_483_sample_id_49", "ds_482_sample_id_54", "ds_250_sample_id_17", "ds_133_sample_id_20", "ds_210_sample_id_29", "ds_258_sample_id_24"], "group_18": ["ds_502_sample_id_13", "ds_204_sample_id_6", "ds_326_sample_id_41", "ds_60_sample_id_11", "ds_210_sample_id_29"], "group_2": ["ds_214_sample_id_9", "ds_27_sample_id_40", "ds_204_sample_id_6", "ds_514_sample_id_12", "ds_419_sample_id_42", "ds_158_sample_id_52", "ds_422_sample_id_46", "ds_68_sample_id_1", "ds_331_sample_id_39"], "group_17": ["ds_445_sample_id_50", "ds_278_sample_id_26", "ds_158_sample_id_52", "ds_29_sample_id_8", "ds_466_sample_id_4"], "group_8": ["ds_446_sample_id_21", "ds_514_sample_id_12", "ds_436_sample_id_44", "ds_153_sample_id_3", "ds_133_sample_id_20", "ds_258_sample_id_24"], "group_15": ["ds_397_sample_id_15", "ds_217_sample_id_30", "ds_133_sample_id_20", "ds_2_sample_id_32", "ds_419_sample_id_33"]}}