{"user_group_edges": {"group_8": ["user_132_sample_id_3", "user_268_sample_id_15", "user_150_sample_id_23"], "group_13": ["user_132_sample_id_3", "user_162_sample_id_12", "user_554_sample_id_31"], "group_4": ["user_194_sample_id_11", "user_616_sample_id_19", "user_554_sample_id_31", "user_25_sample_id_24"], "group_12": ["user_194_sample_id_11", "user_237_sample_id_26", "user_665_sample_id_5"], "group_1": ["user_358_sample_id_14", "user_537_sample_id_8"], "group_3": ["user_358_sample_id_14", "user_229_sample_id_9", "user_930_sample_id_13", "user_574_sample_id_6"], "group_9": ["user_318_sample_id_27", "user_150_sample_id_23", "user_577_sample_id_29", "user_960_sample_id_10"], "group_10": ["user_318_sample_id_27", "user_847_sample_id_16", "user_161_sample_id_17", "user_1002_sample_id_4"], "group_18": ["user_318_sample_id_27", "user_852_sample_id_21", "user_574_sample_id_6", "user_537_sample_id_8"], "group_2": ["user_268_sample_id_15", "user_912_sample_id_22", "user_614_sample_id_28", "user_1018_sample_id_30"], "group_0": ["user_847_sample_id_16", "user_150_sample_id_23", "user_930_sample_id_13", "user_162_sample_id_12", "user_912_sample_id_22"], "group_7": ["user_847_sample_id_16", "user_306_sample_id_7", "user_665_sample_id_5", "user_614_sample_id_28"], "group_5": ["user_237_sample_id_26", "user_385_sample_id_20", "user_682_sample_id_18"], "group_16": ["user_237_sample_id_26", "user_229_sample_id_9", "user_161_sample_id_17", "user_912_sample_id_22"], "group_11": ["user_306_sample_id_7", "user_930_sample_id_13", "user_1002_sample_id_4", "user_162_sample_id_12", "user_577_sample_id_29"], "group_15": ["user_385_sample_id_20", "user_614_sample_id_28", "user_960_sample_id_10"], "group_6": ["user_616_sample_id_19", "user_930_sample_id_13", "user_893_sample_id_2"], "group_17": ["user_616_sample_id_19", "user_553_sample_id_0", "user_574_sample_id_6", "user_1018_sample_id_30"], "group_14": ["user_25_sample_id_24", "user_1017_sample_id_25"], "group_19": ["user_537_sample_id_8", "user_1018_sample_id_30", "user_964_sample_id_1"]}, "group_data_store_edges": {"group_1": ["ds_303_sample_id_142", "ds_88_sample_id_61", "ds_178_sample_id_138", "ds_346_sample_id_89", "ds_324_sample_id_62", "ds_385_sample_id_121", "ds_63_sample_id_69", "ds_13_sample_id_126", "ds_195_sample_id_130", "ds_359_sample_id_19", "ds_312_sample_id_47", "ds_183_sample_id_41", "ds_0_sample_id_55", "ds_36_sample_id_77", "ds_322_sample_id_16", "ds_120_sample_id_107", "ds_311_sample_id_7", "ds_200_sample_id_86", "ds_319_sample_id_72", "ds_278_sample_id_76", "ds_246_sample_id_6", "ds_220_sample_id_92", "ds_40_sample_id_82", "ds_261_sample_id_63", "ds_26_sample_id_32", "ds_21_sample_id_43", "ds_118_sample_id_25", "ds_55_sample_id_28", "ds_82_sample_id_67", "ds_103_sample_id_14", "ds_38_sample_id_96", "ds_328_sample_id_120", "ds_222_sample_id_152"], "group_5": ["ds_303_sample_id_142", "ds_9_sample_id_3", "ds_346_sample_id_89", "ds_11_sample_id_15", "ds_257_sample_id_21", "ds_290_sample_id_18", "ds_383_sample_id_17", "ds_356_sample_id_95", "ds_385_sample_id_121", "ds_335_sample_id_129", "ds_363_sample_id_124", "ds_353_sample_id_22", "ds_396_sample_id_105", "ds_215_sample_id_136", "ds_125_sample_id_141", "ds_394_sample_id_66", "ds_310_sample_id_115", "ds_312_sample_id_47", "ds_191_sample_id_13", "ds_169_sample_id_85", "ds_57_sample_id_101", "ds_280_sample_id_116", "ds_274_sample_id_36", "ds_310_sample_id_70", "ds_148_sample_id_94", "ds_185_sample_id_24", "ds_82_sample_id_67", "ds_145_sample_id_26", "ds_328_sample_id_120", "ds_282_sample_id_37", "ds_180_sample_id_59", "ds_222_sample_id_152", "ds_85_sample_id_20"], "group_10": ["ds_303_sample_id_142", "ds_9_sample_id_3", "ds_88_sample_id_61", "ds_11_sample_id_15", "ds_2_sample_id_91", "ds_324_sample_id_62", "ds_135_sample_id_79", "ds_164_sample_id_8", "ds_143_sample_id_78", "ds_264_sample_id_58", "ds_195_sample_id_130", "ds_312_sample_id_117", "ds_169_sample_id_85", "ds_0_sample_id_55", "ds_36_sample_id_77", "ds_120_sample_id_107", "ds_20_sample_id_113", "ds_319_sample_id_72", "ds_250_sample_id_119", "ds_300_sample_id_114", "ds_261_sample_id_63", "ds_36_sample_id_54", "ds_118_sample_id_25", "ds_55_sample_id_28", "ds_148_sample_id_94", "ds_194_sample_id_52", "ds_145_sample_id_26", "ds_159_sample_id_147", "ds_389_sample_id_48", "ds_307_sample_id_1", "ds_217_sample_id_80"], "group_18": ["ds_303_sample_id_142", "ds_257_sample_id_21", "ds_2_sample_id_91", "ds_343_sample_id_87", "ds_131_sample_id_111", "ds_181_sample_id_143", "ds_385_sample_id_121", "ds_137_sample_id_65", "ds_89_sample_id_109", "ds_63_sample_id_69", "ds_230_sample_id_140", "ds_394_sample_id_66", "ds_143_sample_id_78", "ds_264_sample_id_58", "ds_13_sample_id_126", "ds_312_sample_id_47", "ds_203_sample_id_57", "ds_191_sample_id_13", "ds_127_sample_id_74", "ds_169_sample_id_85", "ds_322_sample_id_16", "ds_120_sample_id_107", "ds_12_sample_id_149", "ds_216_sample_id_23", "ds_47_sample_id_73", "ds_261_sample_id_63", "ds_274_sample_id_36", "ds_118_sample_id_25", "ds_1_sample_id_29", "ds_227_sample_id_100", "ds_148_sample_id_94", "ds_282_sample_id_37", "ds_43_sample_id_139"], "group_6": ["ds_9_sample_id_3", "ds_131_sample_id_111", "ds_396_sample_id_105", "ds_215_sample_id_136", "ds_135_sample_id_79", "ds_164_sample_id_8", "ds_310_sample_id_115", "ds_264_sample_id_58", "ds_241_sample_id_125", "ds_90_sample_id_11", "ds_0_sample_id_0", "ds_312_sample_id_117", "ds_4_sample_id_83", "ds_191_sample_id_13", "ds_183_sample_id_41", "ds_57_sample_id_101", "ds_148_sample_id_122", "ds_359_sample_id_145", "ds_333_sample_id_128", "ds_278_sample_id_76", "ds_220_sample_id_92", "ds_352_sample_id_144", "ds_300_sample_id_114", "ds_250_sample_id_68", "ds_60_sample_id_99", "ds_40_sample_id_82", "ds_274_sample_id_90", "ds_62_sample_id_135", "ds_36_sample_id_54", "ds_118_sample_id_25", "ds_318_sample_id_9", "ds_113_sample_id_134", "ds_194_sample_id_52", "ds_103_sample_id_14", "ds_38_sample_id_96", "ds_328_sample_id_120", "ds_55_sample_id_75", "ds_389_sample_id_48", "ds_191_sample_id_39", "ds_85_sample_id_20"], "group_3": ["ds_88_sample_id_61", "ds_12_sample_id_49", "ds_290_sample_id_18", "ds_386_sample_id_31", "ds_89_sample_id_109", "ds_361_sample_id_106", "ds_125_sample_id_141", "ds_13_sample_id_126", "ds_296_sample_id_153", "ds_312_sample_id_117", "ds_261_sample_id_60", "ds_60_sample_id_99", "ds_40_sample_id_82", "ds_66_sample_id_27", "ds_177_sample_id_10", "ds_318_sample_id_9", "ds_164_sample_id_81", "ds_67_sample_id_12", "ds_227_sample_id_100", "ds_148_sample_id_94", "ds_103_sample_id_14", "ds_145_sample_id_26", "ds_28_sample_id_123", "ds_89_sample_id_118"], "group_9": ["ds_178_sample_id_138", "ds_11_sample_id_15", "ds_102_sample_id_71", "ds_324_sample_id_62", "ds_113_sample_id_146", "ds_385_sample_id_121", "ds_306_sample_id_104", "ds_281_sample_id_2", "ds_264_sample_id_58", "ds_296_sample_id_153", "ds_69_sample_id_33", "ds_359_sample_id_19", "ds_312_sample_id_47", "ds_200_sample_id_98", "ds_127_sample_id_74", "ds_36_sample_id_77", "ds_57_sample_id_101", "ds_384_sample_id_148", "ds_148_sample_id_122", "ds_311_sample_id_7", "ds_200_sample_id_86", "ds_333_sample_id_128", "ds_240_sample_id_56", "ds_250_sample_id_119", "ds_38_sample_id_96", "ds_89_sample_id_118", "ds_150_sample_id_30", "ds_184_sample_id_46", "ds_222_sample_id_152", "ds_85_sample_id_20"], "group_14": ["ds_178_sample_id_138", "ds_2_sample_id_91", "ds_102_sample_id_71", "ds_290_sample_id_18", "ds_131_sample_id_111", "ds_153_sample_id_137", "ds_386_sample_id_31", "ds_385_sample_id_121", "ds_335_sample_id_129", "ds_13_sample_id_126", "ds_296_sample_id_153", "ds_69_sample_id_33", "ds_154_sample_id_38", "ds_200_sample_id_98", "ds_183_sample_id_41", "ds_120_sample_id_107", "ds_357_sample_id_133", "ds_12_sample_id_149", "ds_359_sample_id_145", "ds_220_sample_id_92", "ds_352_sample_id_144", "ds_250_sample_id_68", "ds_261_sample_id_63", "ds_66_sample_id_27", "ds_67_sample_id_12", "ds_193_sample_id_35", "ds_148_sample_id_94", "ds_185_sample_id_24", "ds_282_sample_id_37"], "group_12": ["ds_346_sample_id_89", "ds_343_sample_id_87", "ds_356_sample_id_95", "ds_263_sample_id_84", "ds_137_sample_id_65", "ds_113_sample_id_53", "ds_353_sample_id_22", "ds_63_sample_id_69", "ds_164_sample_id_8", "ds_143_sample_id_78", "ds_310_sample_id_115", "ds_13_sample_id_126", "ds_203_sample_id_57", "ds_57_sample_id_101", "ds_354_sample_id_88", "ds_20_sample_id_113", "ds_71_sample_id_93", "ds_278_sample_id_76", "ds_220_sample_id_92", "ds_300_sample_id_114", "ds_60_sample_id_99", "ds_151_sample_id_131", "ds_62_sample_id_135", "ds_274_sample_id_36", "ds_398_sample_id_50", "ds_185_sample_id_24", "ds_43_sample_id_139", "ds_191_sample_id_39", "ds_222_sample_id_152", "ds_0_sample_id_108", "ds_217_sample_id_80"], "group_16": ["ds_346_sample_id_89", "ds_257_sample_id_21", "ds_383_sample_id_17", "ds_181_sample_id_143", "ds_335_sample_id_129", "ds_361_sample_id_106", "ds_215_sample_id_136", "ds_164_sample_id_8", "ds_125_sample_id_141", "ds_241_sample_id_125", "ds_154_sample_id_38", "ds_0_sample_id_0", "ds_183_sample_id_41", "ds_163_sample_id_42", "ds_57_sample_id_101", "ds_12_sample_id_149", "ds_20_sample_id_113", "ds_200_sample_id_86", "ds_318_sample_id_9", "ds_113_sample_id_134", "ds_1_sample_id_29", "ds_185_sample_id_24", "ds_82_sample_id_67", "ds_89_sample_id_118", "ds_55_sample_id_75", "ds_150_sample_id_30", "ds_116_sample_id_34", "ds_85_sample_id_20"], "group_0": ["ds_12_sample_id_49", "ds_102_sample_id_71", "ds_290_sample_id_18", "ds_383_sample_id_17", "ds_343_sample_id_87", "ds_131_sample_id_111", "ds_113_sample_id_53", "ds_346_sample_id_4", "ds_148_sample_id_122", "ds_359_sample_id_145", "ds_71_sample_id_93", "ds_246_sample_id_6", "ds_250_sample_id_68", "ds_274_sample_id_90", "ds_195_sample_id_127", "ds_274_sample_id_36", "ds_67_sample_id_12", "ds_227_sample_id_100", "ds_185_sample_id_24", "ds_145_sample_id_26", "ds_55_sample_id_75", "ds_389_sample_id_48", "ds_116_sample_id_34", "ds_37_sample_id_151", "ds_217_sample_id_80"], "group_8": ["ds_12_sample_id_49", "ds_324_sample_id_62", "ds_386_sample_id_31", "ds_335_sample_id_129", "ds_89_sample_id_109", "ds_361_sample_id_106", "ds_394_sample_id_66", "ds_69_sample_id_33", "ds_90_sample_id_11", "ds_359_sample_id_19", "ds_4_sample_id_83", "ds_0_sample_id_55", "ds_20_sample_id_113", "ds_359_sample_id_145", "ds_28_sample_id_110", "ds_240_sample_id_56", "ds_246_sample_id_6", "ds_352_sample_id_144", "ds_26_sample_id_32", "ds_62_sample_id_135", "ds_363_sample_id_150", "ds_164_sample_id_81", "ds_185_sample_id_24", "ds_82_sample_id_67", "ds_103_sample_id_14", "ds_145_sample_id_26", "ds_159_sample_id_147", "ds_43_sample_id_139", "ds_191_sample_id_39", "ds_116_sample_id_34"], "group_17": ["ds_11_sample_id_15", "ds_2_sample_id_91", "ds_324_sample_id_62", "ds_356_sample_id_95", "ds_263_sample_id_84", "ds_164_sample_id_8", "ds_281_sample_id_2", "ds_264_sample_id_58", "ds_241_sample_id_125", "ds_154_sample_id_38", "ds_203_sample_id_57", "ds_4_sample_id_83", "ds_127_sample_id_74", "ds_183_sample_id_41", "ds_258_sample_id_97", "ds_354_sample_id_88", "ds_200_sample_id_86", "ds_220_sample_id_92", "ds_250_sample_id_119", "ds_60_sample_id_99", "ds_195_sample_id_127", "ds_142_sample_id_112", "ds_164_sample_id_81", "ds_288_sample_id_64", "ds_193_sample_id_35", "ds_103_sample_id_14", "ds_28_sample_id_123", "ds_191_sample_id_39", "ds_116_sample_id_34", "ds_222_sample_id_152", "ds_0_sample_id_108", "ds_57_sample_id_132", "ds_307_sample_id_1"], "group_4": ["ds_257_sample_id_21", "ds_290_sample_id_18", "ds_69_sample_id_33", "ds_191_sample_id_13", "ds_36_sample_id_77", "ds_20_sample_id_113", "ds_200_sample_id_86", "ds_319_sample_id_72", "ds_250_sample_id_119", "ds_26_sample_id_32", "ds_36_sample_id_54", "ds_363_sample_id_150", "ds_288_sample_id_64", "ds_194_sample_id_52", "ds_89_sample_id_118", "ds_222_sample_id_152", "ds_37_sample_id_151"], "group_13": ["ds_2_sample_id_91", "ds_324_sample_id_62", "ds_343_sample_id_87", "ds_181_sample_id_143", "ds_386_sample_id_31", "ds_385_sample_id_121", "ds_137_sample_id_65", "ds_89_sample_id_109", "ds_63_sample_id_69", "ds_312_sample_id_117", "ds_36_sample_id_77", "ds_258_sample_id_97", "ds_148_sample_id_122", "ds_12_sample_id_149", "ds_28_sample_id_110", "ds_311_sample_id_7", "ds_71_sample_id_93", "ds_40_sample_id_82", "ds_318_sample_id_9", "ds_67_sample_id_12", "ds_113_sample_id_134", "ds_185_sample_id_24", "ds_38_sample_id_96", "ds_328_sample_id_120", "ds_159_sample_id_147"], "group_19": ["ds_102_sample_id_71", "ds_140_sample_id_44", "ds_113_sample_id_53", "ds_353_sample_id_22", "ds_215_sample_id_136", "ds_135_sample_id_79", "ds_13_sample_id_126", "ds_127_sample_id_74", "ds_183_sample_id_41", "ds_169_sample_id_85", "ds_120_sample_id_107", "ds_71_sample_id_93", "ds_333_sample_id_128", "ds_240_sample_id_56", "ds_246_sample_id_6", "ds_66_sample_id_27", "ds_21_sample_id_43", "ds_36_sample_id_54", "ds_398_sample_id_50", "ds_98_sample_id_45", "ds_55_sample_id_28", "ds_288_sample_id_64", "ds_82_sample_id_67", "ds_328_sample_id_120", "ds_159_sample_id_147", "ds_282_sample_id_37", "ds_37_sample_id_151", "ds_217_sample_id_80"], "group_15": ["ds_383_sample_id_17", "ds_356_sample_id_95", "ds_361_sample_id_106", "ds_135_sample_id_79", "ds_281_sample_id_2", "ds_241_sample_id_125", "ds_203_sample_id_57", "ds_127_sample_id_74", "ds_384_sample_id_148", "ds_120_sample_id_107", "ds_261_sample_id_60", "ds_12_sample_id_149", "ds_359_sample_id_145", "ds_200_sample_id_86", "ds_220_sample_id_92", "ds_250_sample_id_119", "ds_253_sample_id_103", "ds_274_sample_id_36", "ds_318_sample_id_9", "ds_164_sample_id_81", "ds_1_sample_id_29", "ds_55_sample_id_28", "ds_103_sample_id_14", "ds_150_sample_id_30", "ds_37_sample_id_151", "ds_85_sample_id_20", "ds_307_sample_id_1"], "group_7": ["ds_263_sample_id_84", "ds_140_sample_id_44", "ds_306_sample_id_104", "ds_215_sample_id_136", "ds_135_sample_id_79", "ds_143_sample_id_78", "ds_310_sample_id_115", "ds_13_sample_id_126", "ds_200_sample_id_98", "ds_163_sample_id_42", "ds_20_sample_id_113", "ds_28_sample_id_110", "ds_349_sample_id_51", "ds_246_sample_id_6", "ds_220_sample_id_92", "ds_300_sample_id_114", "ds_60_sample_id_99", "ds_274_sample_id_90", "ds_151_sample_id_131", "ds_26_sample_id_32", "ds_98_sample_id_45", "ds_55_sample_id_28", "ds_28_sample_id_123", "ds_38_sample_id_96", "ds_282_sample_id_37", "ds_37_sample_id_151"], "group_2": ["ds_140_sample_id_44", "ds_363_sample_id_124", "ds_353_sample_id_22", "ds_215_sample_id_136", "ds_230_sample_id_140", "ds_183_sample_id_41", "ds_346_sample_id_4", "ds_322_sample_id_16", "ds_120_sample_id_107", "ds_20_sample_id_113", "ds_216_sample_id_23", "ds_319_sample_id_72", "ds_278_sample_id_76", "ds_246_sample_id_6", "ds_220_sample_id_92", "ds_352_sample_id_144", "ds_60_sample_id_99", "ds_40_sample_id_82", "ds_274_sample_id_90", "ds_66_sample_id_27", "ds_168_sample_id_40", "ds_253_sample_id_103", "ds_21_sample_id_43", "ds_62_sample_id_135", "ds_310_sample_id_70", "ds_82_sample_id_67", "ds_145_sample_id_26", "ds_159_sample_id_147", "ds_282_sample_id_37", "ds_217_sample_id_80"], "group_11": ["ds_306_sample_id_104", "ds_164_sample_id_8", "ds_143_sample_id_78", "ds_69_sample_id_33", "ds_241_sample_id_125", "ds_258_sample_id_97", "ds_384_sample_id_148", "ds_357_sample_id_133", "ds_359_sample_id_145", "ds_71_sample_id_93", "ds_60_sample_id_99", "ds_253_sample_id_103", "ds_363_sample_id_150", "ds_288_sample_id_64"]}}