{"ds_77_sample_id_0": ["GENOME"], "ds_12_sample_id_1": [], "ds_79_sample_id_2": [], "ds_116_sample_id_3": [], "ds_96_sample_id_4": [], "ds_118_sample_id_5": [], "ds_48_sample_id_6": [], "ds_25_sample_id_7": [], "ds_88_sample_id_8": [], "ds_32_sample_id_9": [], "ds_2_sample_id_10": [], "ds_79_sample_id_11": [], "ds_84_sample_id_12": [], "ds_40_sample_id_13": [], "ds_19_sample_id_14": [], "ds_83_sample_id_15": ["IP_ADDRESS"], "ds_68_sample_id_16": [], "ds_43_sample_id_17": [], "ds_87_sample_id_18": [], "ds_89_sample_id_19": [], "ds_64_sample_id_20": [], "ds_19_sample_id_21": [], "ds_9_sample_id_22": [], "ds_68_sample_id_23": [], "ds_114_sample_id_24": [], "ds_111_sample_id_25": [], "ds_63_sample_id_26": [], "ds_1_sample_id_27": [], "ds_68_sample_id_28": [], "ds_54_sample_id_29": [], "ds_84_sample_id_30": [], "ds_95_sample_id_31": [], "ds_16_sample_id_32": ["GENOME", "IP_ADDRESS"], "ds_84_sample_id_33": [], "ds_54_sample_id_34": [], "ds_5_sample_id_35": ["GENOME"], "ds_36_sample_id_36": [], "ds_22_sample_id_37": [], "ds_54_sample_id_38": [], "ds_7_sample_id_39": [], "ds_50_sample_id_40": [], "ds_105_sample_id_41": [], "ds_60_sample_id_42": [], "ds_29_sample_id_43": [], "ds_118_sample_id_44": [], "ds_76_sample_id_45": [], "ds_79_sample_id_46": [], "ds_98_sample_id_47": [], "ds_42_sample_id_48": [], "ds_97_sample_id_49": [], "ds_8_sample_id_50": ["IP_ADDRESS"], "ds_0_sample_id_51": [], "ds_56_sample_id_52": [], "ds_21_sample_id_53": [], "ds_80_sample_id_54": [], "ds_83_sample_id_55": ["IP_ADDRESS"], "ds_60_sample_id_56": [], "ds_49_sample_id_57": [], "ds_57_sample_id_58": [], "ds_78_sample_id_59": [], "ds_97_sample_id_60": [], "ds_97_sample_id_61": [], "ds_45_sample_id_62": [], "ds_30_sample_id_63": ["GENOME"], "ds_81_sample_id_64": [], "ds_86_sample_id_65": ["GENOME"], "ds_27_sample_id_66": [], "ds_0_sample_id_67": [], "ds_112_sample_id_68": [], "ds_117_sample_id_69": []}