{"ds_12_sample_id_0": [], "ds_36_sample_id_1": [], "ds_54_sample_id_2": [], "ds_19_sample_id_3": ["DOMAIN_NAME", "EMAIL_ADDRESS", "IP_ADDRESS", "PERSON"], "ds_8_sample_id_4": [], "ds_51_sample_id_5": [], "ds_61_sample_id_6": [], "ds_4_sample_id_7": [], "ds_62_sample_id_8": [], "ds_29_sample_id_9": [], "ds_22_sample_id_10": ["DOMAIN_NAME"], "ds_54_sample_id_11": [], "ds_18_sample_id_12": [], "ds_33_sample_id_13": [], "ds_55_sample_id_14": [], "ds_28_sample_id_15": [], "ds_20_sample_id_16": [], "ds_22_sample_id_17": ["DOMAIN_NAME"], "ds_48_sample_id_18": ["DOMAIN_NAME", "IP_ADDRESS", "PERSON"], "ds_1_sample_id_19": [], "ds_46_sample_id_20": [], "ds_31_sample_id_21": [], "ds_42_sample_id_22": [], "ds_56_sample_id_23": [], "ds_28_sample_id_24": [], "ds_56_sample_id_25": [], "ds_42_sample_id_26": [], "ds_40_sample_id_27": [], "ds_50_sample_id_28": [], "ds_47_sample_id_29": [], "ds_59_sample_id_30": [], "ds_13_sample_id_31": [], "ds_31_sample_id_32": [], "ds_6_sample_id_33": [], "ds_18_sample_id_34": [], "ds_66_sample_id_35": [], "ds_28_sample_id_36": [], "ds_29_sample_id_37": [], "ds_1_sample_id_38": [], "ds_23_sample_id_39": ["DOMAIN_NAME", "IP_ADDRESS"], "ds_20_sample_id_40": [], "ds_66_sample_id_41": [], "ds_22_sample_id_42": ["DOMAIN_NAME"], "ds_10_sample_id_43": [], "ds_53_sample_id_44": ["DOMAIN_NAME", "IP_ADDRESS", "PERSON"], "ds_66_sample_id_45": [], "ds_60_sample_id_46": [], "ds_36_sample_id_47": [], "ds_10_sample_id_48": [], "ds_49_sample_id_49": [], "ds_38_sample_id_50": [], "ds_7_sample_id_51": [], "ds_12_sample_id_52": [], "ds_44_sample_id_53": ["DOMAIN_NAME", "IP_ADDRESS", "PERSON"], "ds_18_sample_id_54": [], "ds_29_sample_id_55": [], "ds_54_sample_id_56": [], "ds_26_sample_id_57": ["DOMAIN_NAME", "IP_ADDRESS", "PERSON"], "ds_1_sample_id_58": [], "ds_38_sample_id_59": [], "ds_66_sample_id_60": [], "ds_1_sample_id_61": [], "ds_4_sample_id_62": [], "ds_55_sample_id_63": [], "ds_36_sample_id_64": [], "ds_58_sample_id_65": [], "ds_63_sample_id_66": [], "ds_64_sample_id_67": [], "ds_6_sample_id_68": [], "ds_50_sample_id_69": [], "ds_5_sample_id_70": [], "ds_62_sample_id_71": [], "ds_57_sample_id_72": [], "ds_63_sample_id_73": [], "ds_17_sample_id_74": [], "ds_27_sample_id_75": ["DOMAIN_NAME", "IP_ADDRESS"], "ds_13_sample_id_76": [], "ds_46_sample_id_77": [], "ds_2_sample_id_78": [], "ds_58_sample_id_79": [], "ds_19_sample_id_80": ["DOMAIN_NAME", "EMAIL_ADDRESS", "IP_ADDRESS", "PERSON"], "ds_40_sample_id_81": [], "ds_30_sample_id_82": [], "ds_7_sample_id_83": [], "ds_2_sample_id_84": [], "ds_54_sample_id_85": [], "ds_29_sample_id_86": [], "ds_22_sample_id_87": ["DOMAIN_NAME"], "ds_65_sample_id_88": [], "ds_63_sample_id_89": [], "ds_59_sample_id_90": [], "ds_9_sample_id_91": [], "ds_4_sample_id_92": [], "ds_22_sample_id_93": ["DOMAIN_NAME"], "ds_31_sample_id_94": [], "ds_46_sample_id_95": [], "ds_9_sample_id_96": [], "ds_10_sample_id_97": [], "ds_21_sample_id_98": [], "ds_2_sample_id_99": [], "ds_18_sample_id_100": [], "ds_47_sample_id_101": [], "ds_25_sample_id_102": [], "ds_28_sample_id_103": [], "ds_42_sample_id_104": [], "ds_45_sample_id_105": ["DOMAIN_NAME", "IP_ADDRESS", "PERSON"], "ds_36_sample_id_106": [], "ds_29_sample_id_107": [], "ds_64_sample_id_108": [], "ds_19_sample_id_109": ["DOMAIN_NAME", "EMAIL_ADDRESS", "IP_ADDRESS", "PERSON"], "ds_63_sample_id_110": [], "ds_63_sample_id_111": [], "ds_48_sample_id_112": ["DOMAIN_NAME", "IP_ADDRESS", "PERSON"], "ds_45_sample_id_113": ["DOMAIN_NAME", "IP_ADDRESS", "PERSON"], "ds_57_sample_id_114": [], "ds_22_sample_id_115": ["DOMAIN_NAME"], "ds_52_sample_id_116": ["PERSON"], "ds_59_sample_id_117": [], "ds_13_sample_id_118": [], "ds_31_sample_id_119": [], "ds_14_sample_id_120": [], "ds_34_sample_id_121": [], "ds_39_sample_id_122": [], "ds_31_sample_id_123": [], "ds_10_sample_id_124": [], "ds_48_sample_id_125": ["DOMAIN_NAME", "IP_ADDRESS", "PERSON"], "ds_4_sample_id_126": [], "ds_0_sample_id_127": ["PERSON"], "ds_17_sample_id_128": [], "ds_2_sample_id_129": [], "ds_13_sample_id_130": [], "ds_31_sample_id_131": [], "ds_59_sample_id_132": [], "ds_17_sample_id_133": [], "ds_14_sample_id_134": [], "ds_58_sample_id_135": [], "ds_43_sample_id_136": [], "ds_54_sample_id_137": [], "ds_23_sample_id_138": ["DOMAIN_NAME", "IP_ADDRESS"], "ds_47_sample_id_139": [], "ds_23_sample_id_140": ["DOMAIN_NAME", "IP_ADDRESS"], "ds_54_sample_id_141": [], "ds_63_sample_id_142": [], "ds_50_sample_id_143": [], "ds_28_sample_id_144": [], "ds_42_sample_id_145": [], "ds_0_sample_id_146": ["PERSON"], "ds_43_sample_id_147": [], "ds_43_sample_id_148": [], "ds_51_sample_id_149": [], "ds_4_sample_id_150": [], "ds_60_sample_id_151": [], "ds_14_sample_id_152": [], "ds_2_sample_id_153": [], "ds_11_sample_id_154": ["DOMAIN_NAME", "EMAIL_ADDRESS", "IP_ADDRESS", "PERSON"], "ds_19_sample_id_155": ["DOMAIN_NAME", "EMAIL_ADDRESS", "IP_ADDRESS", "PERSON"], "ds_60_sample_id_156": [], "ds_61_sample_id_157": [], "ds_40_sample_id_158": [], "ds_13_sample_id_159": [], "ds_35_sample_id_160": [], "ds_39_sample_id_161": [], "ds_5_sample_id_162": [], "ds_46_sample_id_163": [], "ds_53_sample_id_164": ["DOMAIN_NAME", "IP_ADDRESS", "PERSON"], "ds_25_sample_id_165": [], "ds_52_sample_id_166": ["PERSON"], "ds_11_sample_id_167": ["DOMAIN_NAME", "EMAIL_ADDRESS", "IP_ADDRESS", "PERSON"], "ds_15_sample_id_168": [], "ds_47_sample_id_169": [], "ds_19_sample_id_170": ["DOMAIN_NAME", "EMAIL_ADDRESS", "IP_ADDRESS", "PERSON"], "ds_47_sample_id_171": [], "ds_36_sample_id_172": [], "ds_35_sample_id_173": [], "ds_15_sample_id_174": [], "ds_27_sample_id_175": ["DOMAIN_NAME", "IP_ADDRESS"], "ds_3_sample_id_176": ["DOMAIN_NAME", "EMAIL_ADDRESS", "IP_ADDRESS", "PERSON"], "ds_15_sample_id_177": [], "ds_20_sample_id_178": [], "ds_55_sample_id_179": [], "ds_54_sample_id_180": [], "ds_25_sample_id_181": [], "ds_53_sample_id_182": ["DOMAIN_NAME", "IP_ADDRESS", "PERSON"], "ds_26_sample_id_183": ["DOMAIN_NAME", "IP_ADDRESS", "PERSON"], "ds_52_sample_id_184": ["PERSON"], "ds_28_sample_id_185": [], "ds_32_sample_id_186": [], "ds_42_sample_id_187": [], "ds_37_sample_id_188": [], "ds_14_sample_id_189": [], "ds_49_sample_id_190": [], "ds_7_sample_id_191": [], "ds_2_sample_id_192": [], "ds_42_sample_id_193": [], "ds_3_sample_id_194": ["DOMAIN_NAME", "EMAIL_ADDRESS", "IP_ADDRESS", "PERSON"], "ds_30_sample_id_195": [], "ds_36_sample_id_196": [], "ds_44_sample_id_197": ["DOMAIN_NAME", "IP_ADDRESS", "PERSON"], "ds_52_sample_id_198": ["PERSON"], "ds_28_sample_id_199": [], "ds_41_sample_id_200": [], "ds_63_sample_id_201": [], "ds_19_sample_id_202": ["DOMAIN_NAME", "EMAIL_ADDRESS", "IP_ADDRESS", "PERSON"], "ds_8_sample_id_203": [], "ds_1_sample_id_204": [], "ds_3_sample_id_205": ["DOMAIN_NAME", "EMAIL_ADDRESS", "IP_ADDRESS", "PERSON"], "ds_53_sample_id_206": ["DOMAIN_NAME", "IP_ADDRESS", "PERSON"], "ds_39_sample_id_207": [], "ds_29_sample_id_208": [], "ds_44_sample_id_209": ["DOMAIN_NAME", "IP_ADDRESS", "PERSON"], "ds_65_sample_id_210": [], "ds_22_sample_id_211": ["DOMAIN_NAME"], "ds_5_sample_id_212": [], "ds_38_sample_id_213": [], "ds_55_sample_id_214": [], "ds_21_sample_id_215": [], "ds_58_sample_id_216": [], "ds_21_sample_id_217": [], "ds_35_sample_id_218": [], "ds_49_sample_id_219": [], "ds_12_sample_id_220": [], "ds_44_sample_id_221": ["DOMAIN_NAME", "IP_ADDRESS", "PERSON"], "ds_4_sample_id_222": [], "ds_38_sample_id_223": [], "ds_12_sample_id_224": [], "ds_57_sample_id_225": [], "ds_26_sample_id_226": ["DOMAIN_NAME", "IP_ADDRESS", "PERSON"], "ds_17_sample_id_227": [], "ds_28_sample_id_228": [], "ds_61_sample_id_229": [], "ds_49_sample_id_230": [], "ds_45_sample_id_231": ["DOMAIN_NAME", "IP_ADDRESS", "PERSON"], "ds_42_sample_id_232": [], "ds_4_sample_id_233": [], "ds_50_sample_id_234": [], "ds_7_sample_id_235": [], "ds_22_sample_id_236": ["DOMAIN_NAME"], "ds_34_sample_id_237": [], "ds_27_sample_id_238": ["DOMAIN_NAME", "IP_ADDRESS"], "ds_21_sample_id_239": [], "ds_25_sample_id_240": [], "ds_11_sample_id_241": ["DOMAIN_NAME", "EMAIL_ADDRESS", "IP_ADDRESS", "PERSON"], "ds_31_sample_id_242": [], "ds_60_sample_id_243": [], "ds_51_sample_id_244": [], "ds_7_sample_id_245": [], "ds_25_sample_id_246": [], "ds_33_sample_id_247": [], "ds_0_sample_id_248": ["PERSON"], "ds_12_sample_id_249": [], "ds_38_sample_id_250": [], "ds_58_sample_id_251": [], "ds_38_sample_id_252": [], "ds_22_sample_id_253": ["DOMAIN_NAME"], "ds_50_sample_id_254": [], "ds_14_sample_id_255": [], "ds_34_sample_id_256": [], "ds_41_sample_id_257": [], "ds_40_sample_id_258": [], "ds_27_sample_id_259": ["DOMAIN_NAME", "IP_ADDRESS"], "ds_13_sample_id_260": [], "ds_56_sample_id_261": [], "ds_33_sample_id_262": [], "ds_53_sample_id_263": ["DOMAIN_NAME", "IP_ADDRESS", "PERSON"], "ds_66_sample_id_264": [], "ds_3_sample_id_265": ["DOMAIN_NAME", "EMAIL_ADDRESS", "IP_ADDRESS", "PERSON"], "ds_18_sample_id_266": [], "ds_61_sample_id_267": [], "ds_0_sample_id_268": ["PERSON"], "ds_45_sample_id_269": ["DOMAIN_NAME", "IP_ADDRESS", "PERSON"], "ds_23_sample_id_270": ["DOMAIN_NAME", "IP_ADDRESS"], "ds_48_sample_id_271": ["DOMAIN_NAME", "IP_ADDRESS", "PERSON"], "ds_37_sample_id_272": [], "ds_63_sample_id_273": [], "ds_24_sample_id_274": [], "ds_41_sample_id_275": [], "ds_32_sample_id_276": [], "ds_59_sample_id_277": [], "ds_20_sample_id_278": [], "ds_9_sample_id_279": [], "ds_9_sample_id_280": [], "ds_19_sample_id_281": ["DOMAIN_NAME", "EMAIL_ADDRESS", "IP_ADDRESS", "PERSON"], "ds_15_sample_id_282": [], "ds_33_sample_id_283": [], "ds_66_sample_id_284": [], "ds_0_sample_id_285": ["PERSON"], "ds_28_sample_id_286": [], "ds_44_sample_id_287": ["DOMAIN_NAME", "IP_ADDRESS", "PERSON"], "ds_24_sample_id_288": [], "ds_55_sample_id_289": [], "ds_4_sample_id_290": [], "ds_20_sample_id_291": [], "ds_54_sample_id_292": [], "ds_0_sample_id_293": ["PERSON"], "ds_29_sample_id_294": [], "ds_29_sample_id_295": [], "ds_23_sample_id_296": ["DOMAIN_NAME", "IP_ADDRESS"], "ds_36_sample_id_297": [], "ds_20_sample_id_298": [], "ds_43_sample_id_299": [], "ds_15_sample_id_300": [], "ds_17_sample_id_301": [], "ds_8_sample_id_302": [], "ds_61_sample_id_303": [], "ds_15_sample_id_304": [], "ds_46_sample_id_305": [], "ds_26_sample_id_306": ["DOMAIN_NAME", "IP_ADDRESS", "PERSON"], "ds_53_sample_id_307": ["DOMAIN_NAME", "IP_ADDRESS", "PERSON"], "ds_29_sample_id_308": [], "ds_0_sample_id_309": ["PERSON"], "ds_22_sample_id_310": ["DOMAIN_NAME"], "ds_40_sample_id_311": [], "ds_54_sample_id_312": [], "ds_64_sample_id_313": [], "ds_8_sample_id_314": [], "ds_37_sample_id_315": [], "ds_59_sample_id_316": [], "ds_50_sample_id_317": [], "ds_43_sample_id_318": [], "ds_36_sample_id_319": [], "ds_40_sample_id_320": [], "ds_5_sample_id_321": [], "ds_61_sample_id_322": [], "ds_21_sample_id_323": [], "ds_52_sample_id_324": ["PERSON"], "ds_17_sample_id_325": [], "ds_59_sample_id_326": [], "ds_20_sample_id_327": [], "ds_6_sample_id_328": [], "ds_0_sample_id_329": ["PERSON"], "ds_9_sample_id_330": [], "ds_38_sample_id_331": [], "ds_28_sample_id_332": [], "ds_45_sample_id_333": ["DOMAIN_NAME", "IP_ADDRESS", "PERSON"], "ds_32_sample_id_334": [], "ds_39_sample_id_335": [], "ds_34_sample_id_336": [], "ds_20_sample_id_337": [], "ds_33_sample_id_338": [], "ds_7_sample_id_339": [], "ds_1_sample_id_340": [], "ds_47_sample_id_341": [], "ds_22_sample_id_342": ["DOMAIN_NAME"], "ds_1_sample_id_343": [], "ds_30_sample_id_344": [], "ds_48_sample_id_345": ["DOMAIN_NAME", "IP_ADDRESS", "PERSON"], "ds_18_sample_id_346": [], "ds_51_sample_id_347": [], "ds_8_sample_id_348": [], "ds_12_sample_id_349": [], "ds_64_sample_id_350": [], "ds_45_sample_id_351": ["DOMAIN_NAME", "IP_ADDRESS", "PERSON"], "ds_1_sample_id_352": [], "ds_59_sample_id_353": [], "ds_27_sample_id_354": ["DOMAIN_NAME", "IP_ADDRESS"], "ds_14_sample_id_355": [], "ds_45_sample_id_356": ["DOMAIN_NAME", "IP_ADDRESS", "PERSON"], "ds_2_sample_id_357": [], "ds_24_sample_id_358": [], "ds_31_sample_id_359": [], "ds_28_sample_id_360": [], "ds_50_sample_id_361": [], "ds_26_sample_id_362": ["DOMAIN_NAME", "IP_ADDRESS", "PERSON"], "ds_22_sample_id_363": ["DOMAIN_NAME"], "ds_16_sample_id_364": [], "ds_15_sample_id_365": [], "ds_25_sample_id_366": [], "ds_46_sample_id_367": [], "ds_11_sample_id_368": ["DOMAIN_NAME", "EMAIL_ADDRESS", "IP_ADDRESS", "PERSON"], "ds_55_sample_id_369": [], "ds_22_sample_id_370": ["DOMAIN_NAME"], "ds_27_sample_id_371": ["DOMAIN_NAME", "IP_ADDRESS"], "ds_64_sample_id_372": [], "ds_4_sample_id_373": [], "ds_5_sample_id_374": [], "ds_9_sample_id_375": [], "ds_36_sample_id_376": [], "ds_18_sample_id_377": [], "ds_28_sample_id_378": [], "ds_50_sample_id_379": [], "ds_43_sample_id_380": [], "ds_14_sample_id_381": [], "ds_9_sample_id_382": [], "ds_55_sample_id_383": [], "ds_33_sample_id_384": [], "ds_15_sample_id_385": [], "ds_57_sample_id_386": [], "ds_55_sample_id_387": [], "ds_66_sample_id_388": [], "ds_36_sample_id_389": [], "ds_12_sample_id_390": [], "ds_12_sample_id_391": [], "ds_13_sample_id_392": [], "ds_54_sample_id_393": [], "ds_10_sample_id_394": [], "ds_61_sample_id_395": [], "ds_50_sample_id_396": [], "ds_24_sample_id_397": [], "ds_10_sample_id_398": [], "ds_22_sample_id_399": ["DOMAIN_NAME"], "ds_33_sample_id_400": [], "ds_4_sample_id_401": [], "ds_24_sample_id_402": [], "ds_63_sample_id_403": [], "ds_66_sample_id_404": [], "ds_61_sample_id_405": [], "ds_14_sample_id_406": [], "ds_51_sample_id_407": [], "ds_57_sample_id_408": [], "ds_27_sample_id_409": ["DOMAIN_NAME", "IP_ADDRESS"], "ds_34_sample_id_410": [], "ds_17_sample_id_411": [], "ds_40_sample_id_412": [], "ds_14_sample_id_413": [], "ds_16_sample_id_414": [], "ds_44_sample_id_415": ["DOMAIN_NAME", "IP_ADDRESS", "PERSON"], "ds_28_sample_id_416": [], "ds_58_sample_id_417": [], "ds_24_sample_id_418": [], "ds_8_sample_id_419": [], "ds_38_sample_id_420": [], "ds_53_sample_id_421": ["DOMAIN_NAME", "IP_ADDRESS", "PERSON"], "ds_7_sample_id_422": [], "ds_18_sample_id_423": [], "ds_24_sample_id_424": [], "ds_26_sample_id_425": ["DOMAIN_NAME", "IP_ADDRESS", "PERSON"], "ds_2_sample_id_426": [], "ds_38_sample_id_427": [], "ds_48_sample_id_428": ["DOMAIN_NAME", "IP_ADDRESS", "PERSON"], "ds_47_sample_id_429": [], "ds_62_sample_id_430": [], "ds_4_sample_id_431": [], "ds_36_sample_id_432": [], "ds_21_sample_id_433": [], "ds_53_sample_id_434": ["DOMAIN_NAME", "IP_ADDRESS", "PERSON"], "ds_21_sample_id_435": [], "ds_52_sample_id_436": ["PERSON"], "ds_44_sample_id_437": ["DOMAIN_NAME", "IP_ADDRESS", "PERSON"], "ds_42_sample_id_438": [], "ds_35_sample_id_439": [], "ds_23_sample_id_440": ["DOMAIN_NAME", "IP_ADDRESS"], "ds_62_sample_id_441": [], "ds_11_sample_id_442": ["DOMAIN_NAME", "EMAIL_ADDRESS", "IP_ADDRESS", "PERSON"], "ds_54_sample_id_443": [], "ds_16_sample_id_444": [], "ds_5_sample_id_445": [], "ds_19_sample_id_446": ["DOMAIN_NAME", "EMAIL_ADDRESS", "IP_ADDRESS", "PERSON"], "ds_35_sample_id_447": [], "ds_39_sample_id_448": [], "ds_50_sample_id_449": [], "ds_6_sample_id_450": [], "ds_17_sample_id_451": [], "ds_36_sample_id_452": [], "ds_3_sample_id_453": ["DOMAIN_NAME", "EMAIL_ADDRESS", "IP_ADDRESS", "PERSON"], "ds_23_sample_id_454": ["DOMAIN_NAME", "IP_ADDRESS"], "ds_32_sample_id_455": [], "ds_17_sample_id_456": [], "ds_35_sample_id_457": [], "ds_9_sample_id_458": [], "ds_54_sample_id_459": [], "ds_13_sample_id_460": [], "ds_28_sample_id_461": [], "ds_40_sample_id_462": [], "ds_58_sample_id_463": [], "ds_20_sample_id_464": [], "ds_32_sample_id_465": [], "ds_1_sample_id_466": [], "ds_15_sample_id_467": [], "ds_1_sample_id_468": [], "ds_47_sample_id_469": [], "ds_33_sample_id_470": [], "ds_56_sample_id_471": [], "ds_41_sample_id_472": [], "ds_51_sample_id_473": [], "ds_23_sample_id_474": ["DOMAIN_NAME", "IP_ADDRESS"], "ds_1_sample_id_475": [], "ds_56_sample_id_476": [], "ds_58_sample_id_477": [], "ds_42_sample_id_478": [], "ds_3_sample_id_479": ["DOMAIN_NAME", "EMAIL_ADDRESS", "IP_ADDRESS", "PERSON"], "ds_46_sample_id_480": [], "ds_6_sample_id_481": []}