{"user_group_edges": {"group_3": ["user_73_sample_id_36", "user_195_sample_id_74", "user_458_sample_id_60", "user_121_sample_id_80", "user_102_sample_id_57", "user_435_sample_id_70", "user_89_sample_id_53", "user_331_sample_id_45", "user_321_sample_id_69", "user_347_sample_id_87", "user_151_sample_id_52", "user_463_sample_id_88", "user_116_sample_id_34", "user_199_sample_id_78", "user_260_sample_id_35", "user_494_sample_id_9", "user_307_sample_id_16", "user_294_sample_id_29", "user_409_sample_id_17", "user_179_sample_id_96", "user_474_sample_id_89", "user_206_sample_id_18", "user_275_sample_id_84"], "group_9": ["user_73_sample_id_36", "user_329_sample_id_5", "user_229_sample_id_92", "user_121_sample_id_4", "user_272_sample_id_22", "user_89_sample_id_53", "user_89_sample_id_55", "user_325_sample_id_90", "user_116_sample_id_34", "user_205_sample_id_67", "user_390_sample_id_54", "user_436_sample_id_11", "user_59_sample_id_37", "user_285_sample_id_26", "user_73_sample_id_44", "user_466_sample_id_82", "user_38_sample_id_63", "user_260_sample_id_35", "user_307_sample_id_16", "user_88_sample_id_10", "user_195_sample_id_14", "user_329_sample_id_27", "user_260_sample_id_49", "user_409_sample_id_17", "user_179_sample_id_48", "user_46_sample_id_43", "user_103_sample_id_66", "user_206_sample_id_18", "user_190_sample_id_23", "user_242_sample_id_30", "user_324_sample_id_72", "user_294_sample_id_3"], "group_10": ["user_73_sample_id_36", "user_146_sample_id_94", "user_353_sample_id_20", "user_171_sample_id_33", "user_435_sample_id_70", "user_162_sample_id_38", "user_18_sample_id_76", "user_49_sample_id_62", "user_418_sample_id_59", "user_310_sample_id_31", "user_59_sample_id_37", "user_107_sample_id_64", "user_466_sample_id_82", "user_375_sample_id_39", "user_14_sample_id_50", "user_260_sample_id_35", "user_455_sample_id_51", "user_88_sample_id_10", "user_433_sample_id_83", "user_329_sample_id_27", "user_260_sample_id_49", "user_179_sample_id_48", "user_206_sample_id_18"], "group_11": ["user_73_sample_id_36", "user_181_sample_id_68", "user_400_sample_id_71", "user_121_sample_id_80", "user_123_sample_id_1", "user_481_sample_id_85", "user_347_sample_id_87", "user_463_sample_id_88", "user_418_sample_id_59", "user_205_sample_id_67", "user_390_sample_id_54", "user_285_sample_id_26", "user_32_sample_id_2", "user_164_sample_id_28", "user_505_sample_id_46", "user_108_sample_id_7", "user_400_sample_id_73", "user_294_sample_id_29", "user_329_sample_id_27", "user_180_sample_id_8", "user_399_sample_id_12", "user_426_sample_id_19", "user_324_sample_id_72"], "group_14": ["user_73_sample_id_36", "user_141_sample_id_79", "user_355_sample_id_32", "user_507_sample_id_13", "user_400_sample_id_71", "user_451_sample_id_81", "user_102_sample_id_57", "user_346_sample_id_24", "user_331_sample_id_45", "user_326_sample_id_93", "user_418_sample_id_59", "user_199_sample_id_78", "user_310_sample_id_31", "user_210_sample_id_86", "user_59_sample_id_37", "user_32_sample_id_2", "user_269_sample_id_6", "user_386_sample_id_75", "user_195_sample_id_14", "user_404_sample_id_25", "user_260_sample_id_49", "user_46_sample_id_43", "user_103_sample_id_66", "user_399_sample_id_12", "user_50_sample_id_77", "user_426_sample_id_19", "user_510_sample_id_47", "user_176_sample_id_15"], "group_6": ["user_146_sample_id_94", "user_141_sample_id_79", "user_451_sample_id_81", "user_102_sample_id_57", "user_123_sample_id_1", "user_162_sample_id_38", "user_463_sample_id_88", "user_199_sample_id_78", "user_260_sample_id_35", "user_307_sample_id_16", "user_195_sample_id_14", "user_361_sample_id_42", "user_400_sample_id_73", "user_260_sample_id_49", "user_179_sample_id_48", "user_46_sample_id_43", "user_190_sample_id_23", "user_426_sample_id_19", "user_510_sample_id_47", "user_294_sample_id_3", "user_176_sample_id_15"], "group_7": ["user_146_sample_id_94", "user_329_sample_id_5", "user_171_sample_id_33", "user_121_sample_id_4", "user_321_sample_id_69", "user_89_sample_id_55", "user_151_sample_id_52", "user_325_sample_id_90", "user_418_sample_id_59", "user_310_sample_id_31", "user_210_sample_id_86", "user_233_sample_id_95", "user_285_sample_id_26", "user_107_sample_id_64", "user_269_sample_id_6", "user_164_sample_id_28", "user_401_sample_id_41", "user_307_sample_id_16", "user_466_sample_id_21", "user_433_sample_id_83", "user_361_sample_id_42", "user_404_sample_id_25", "user_294_sample_id_29", "user_103_sample_id_66", "user_179_sample_id_96", "user_50_sample_id_77", "user_242_sample_id_30", "user_343_sample_id_40"], "group_12": ["user_146_sample_id_94", "user_353_sample_id_20", "user_141_sample_id_79", "user_355_sample_id_32", "user_458_sample_id_60", "user_171_sample_id_33", "user_400_sample_id_71", "user_451_sample_id_81", "user_123_sample_id_1", "user_331_sample_id_45", "user_49_sample_id_62", "user_116_sample_id_34", "user_199_sample_id_78", "user_233_sample_id_95", "user_390_sample_id_54", "user_38_sample_id_63", "user_260_sample_id_35", "user_401_sample_id_41", "user_466_sample_id_21", "user_261_sample_id_65", "user_400_sample_id_73", "user_260_sample_id_49", "user_180_sample_id_8", "user_448_sample_id_91", "user_486_sample_id_0", "user_474_sample_id_89", "user_206_sample_id_18", "user_190_sample_id_23", "user_294_sample_id_3"], "group_1": ["user_353_sample_id_20", "user_458_sample_id_60", "user_400_sample_id_71", "user_121_sample_id_4", "user_89_sample_id_53", "user_123_sample_id_1", "user_162_sample_id_38", "user_346_sample_id_24", "user_481_sample_id_85", "user_347_sample_id_87", "user_151_sample_id_52", "user_210_sample_id_86", "user_73_sample_id_44", "user_466_sample_id_82", "user_38_sample_id_63", "user_375_sample_id_39", "user_260_sample_id_35", "user_108_sample_id_7", "user_401_sample_id_41", "user_400_sample_id_73", "user_260_sample_id_49", "user_448_sample_id_91", "user_399_sample_id_12", "user_343_sample_id_40"], "group_4": ["user_353_sample_id_20", "user_141_sample_id_79", "user_391_sample_id_56", "user_171_sample_id_33", "user_121_sample_id_4", "user_123_sample_id_1", "user_346_sample_id_24", "user_331_sample_id_45", "user_321_sample_id_69", "user_49_sample_id_62", "user_463_sample_id_88", "user_310_sample_id_31", "user_205_sample_id_67", "user_390_sample_id_54", "user_466_sample_id_82", "user_164_sample_id_28", "user_494_sample_id_9", "user_88_sample_id_10", "user_261_sample_id_65", "user_195_sample_id_14", "user_433_sample_id_83", "user_409_sample_id_17", "user_448_sample_id_91", "user_486_sample_id_0", "user_206_sample_id_18", "user_510_sample_id_47", "user_324_sample_id_72", "user_176_sample_id_15"], "group_5": ["user_353_sample_id_20", "user_195_sample_id_74", "user_400_sample_id_61", "user_451_sample_id_81", "user_121_sample_id_80", "user_102_sample_id_57", "user_346_sample_id_24", "user_321_sample_id_69", "user_347_sample_id_87", "user_49_sample_id_62", "user_325_sample_id_90", "user_116_sample_id_34", "user_199_sample_id_78", "user_310_sample_id_31", "user_107_sample_id_64", "user_269_sample_id_6", "user_73_sample_id_44", "user_14_sample_id_50", "user_260_sample_id_35", "user_505_sample_id_46", "user_401_sample_id_41", "user_494_sample_id_9", "user_88_sample_id_10", "user_400_sample_id_73", "user_409_sample_id_17", "user_46_sample_id_43", "user_486_sample_id_0", "user_50_sample_id_77", "user_426_sample_id_19", "user_275_sample_id_84", "user_176_sample_id_15", "user_343_sample_id_40"], "group_8": ["user_353_sample_id_20", "user_355_sample_id_32", "user_181_sample_id_68", "user_97_sample_id_58", "user_400_sample_id_71", "user_121_sample_id_80", "user_272_sample_id_22", "user_123_sample_id_1", "user_205_sample_id_67", "user_233_sample_id_95", "user_59_sample_id_37", "user_260_sample_id_35", "user_307_sample_id_16", "user_361_sample_id_42", "user_329_sample_id_27", "user_179_sample_id_96", "user_399_sample_id_12", "user_426_sample_id_19", "user_242_sample_id_30", "user_294_sample_id_3", "user_176_sample_id_15", "user_343_sample_id_40"], "group_13": ["user_353_sample_id_20", "user_458_sample_id_60", "user_229_sample_id_92", "user_97_sample_id_58", "user_507_sample_id_13", "user_400_sample_id_61", "user_451_sample_id_81", "user_435_sample_id_70", "user_89_sample_id_53", "user_89_sample_id_55", "user_326_sample_id_93", "user_463_sample_id_88", "user_205_sample_id_67", "user_32_sample_id_2", "user_107_sample_id_64", "user_38_sample_id_63", "user_14_sample_id_50", "user_164_sample_id_28", "user_108_sample_id_7", "user_433_sample_id_83", "user_409_sample_id_17", "user_448_sample_id_91", "user_206_sample_id_18", "user_190_sample_id_23", "user_426_sample_id_19", "user_510_sample_id_47"], "group_16": ["user_353_sample_id_20", "user_329_sample_id_5", "user_97_sample_id_58", "user_451_sample_id_81", "user_272_sample_id_22", "user_89_sample_id_53", "user_123_sample_id_1", "user_481_sample_id_85", "user_321_sample_id_69", "user_18_sample_id_76", "user_325_sample_id_90", "user_326_sample_id_93", "user_390_sample_id_54", "user_59_sample_id_37", "user_285_sample_id_26", "user_73_sample_id_44", "user_505_sample_id_46", "user_455_sample_id_51", "user_261_sample_id_65", "user_433_sample_id_83", "user_404_sample_id_25", "user_294_sample_id_29", "user_50_sample_id_77", "user_510_sample_id_47", "user_275_sample_id_84", "user_294_sample_id_3"], "group_17": ["user_141_sample_id_79", "user_329_sample_id_5", "user_195_sample_id_74", "user_507_sample_id_13", "user_400_sample_id_61", "user_121_sample_id_4", "user_435_sample_id_70", "user_321_sample_id_69", "user_347_sample_id_87", "user_210_sample_id_86", "user_205_sample_id_67", "user_436_sample_id_11", "user_375_sample_id_39", "user_14_sample_id_50", "user_401_sample_id_41", "user_494_sample_id_9", "user_361_sample_id_42", "user_510_sample_id_47", "user_324_sample_id_72"], "group_19": ["user_355_sample_id_32", "user_195_sample_id_74", "user_458_sample_id_60", "user_391_sample_id_56", "user_272_sample_id_22", "user_89_sample_id_53", "user_18_sample_id_76", "user_325_sample_id_90", "user_205_sample_id_67", "user_436_sample_id_11", "user_32_sample_id_2", "user_269_sample_id_6", "user_375_sample_id_39", "user_164_sample_id_28", "user_505_sample_id_46", "user_108_sample_id_7", "user_455_sample_id_51", "user_88_sample_id_10", "user_195_sample_id_14", "user_433_sample_id_83", "user_404_sample_id_25", "user_294_sample_id_29", "user_180_sample_id_8", "user_103_sample_id_66", "user_486_sample_id_0", "user_474_sample_id_89", "user_242_sample_id_30", "user_510_sample_id_47", "user_294_sample_id_3"], "group_18": ["user_329_sample_id_5", "user_391_sample_id_56", "user_181_sample_id_68", "user_229_sample_id_92", "user_123_sample_id_1", "user_331_sample_id_45", "user_481_sample_id_85", "user_18_sample_id_76", "user_116_sample_id_34", "user_210_sample_id_86", "user_233_sample_id_95", "user_269_sample_id_6", "user_375_sample_id_39", "user_260_sample_id_35", "user_494_sample_id_9", "user_307_sample_id_16", "user_455_sample_id_51", "user_386_sample_id_75", "user_404_sample_id_25", "user_103_sample_id_66", "user_399_sample_id_12", "user_190_sample_id_23", "user_343_sample_id_40"], "group_15": ["user_195_sample_id_74", "user_391_sample_id_56", "user_229_sample_id_92", "user_400_sample_id_61", "user_171_sample_id_33", "user_400_sample_id_71", "user_121_sample_id_80", "user_151_sample_id_52", "user_205_sample_id_67", "user_436_sample_id_11", "user_32_sample_id_2", "user_269_sample_id_6", "user_73_sample_id_44", "user_38_sample_id_63", "user_401_sample_id_41", "user_466_sample_id_21", "user_386_sample_id_75", "user_261_sample_id_65", "user_361_sample_id_42", "user_400_sample_id_73", "user_46_sample_id_43", "user_180_sample_id_8"], "group_0": ["user_458_sample_id_60", "user_391_sample_id_56", "user_181_sample_id_68", "user_229_sample_id_92", "user_97_sample_id_58", "user_507_sample_id_13", "user_121_sample_id_80", "user_272_sample_id_22", "user_162_sample_id_38", "user_331_sample_id_45", "user_347_sample_id_87", "user_116_sample_id_34", "user_310_sample_id_31", "user_436_sample_id_11", "user_107_sample_id_64", "user_466_sample_id_82", "user_494_sample_id_9", "user_466_sample_id_21", "user_455_sample_id_51", "user_261_sample_id_65", "user_404_sample_id_25", "user_329_sample_id_27", "user_179_sample_id_48", "user_486_sample_id_0", "user_50_sample_id_77"], "group_2": ["user_97_sample_id_58", "user_400_sample_id_61", "user_171_sample_id_33", "user_102_sample_id_57", "user_346_sample_id_24", "user_331_sample_id_45", "user_347_sample_id_87", "user_325_sample_id_90", "user_326_sample_id_93", "user_418_sample_id_59", "user_390_sample_id_54", "user_436_sample_id_11", "user_59_sample_id_37", "user_285_sample_id_26", "user_107_sample_id_64", "user_73_sample_id_44", "user_466_sample_id_82", "user_108_sample_id_7", "user_455_sample_id_51", "user_433_sample_id_83", "user_180_sample_id_8", "user_474_sample_id_89", "user_190_sample_id_23", "user_242_sample_id_30", "user_324_sample_id_72", "user_343_sample_id_40"]}, "group_data_store_edges": {"group_0": ["ds_159_sample_id_98", "ds_143_sample_id_179", "ds_97_sample_id_134", "ds_164_sample_id_162", "ds_156_sample_id_6", "ds_72_sample_id_177", "ds_76_sample_id_48", "ds_113_sample_id_132", "ds_42_sample_id_142", "ds_99_sample_id_55", "ds_70_sample_id_143", "ds_67_sample_id_165", "ds_164_sample_id_11", "ds_26_sample_id_8", "ds_101_sample_id_109", "ds_104_sample_id_95", "ds_101_sample_id_54", "ds_106_sample_id_139", "ds_147_sample_id_112", "ds_120_sample_id_125", "ds_92_sample_id_60", "ds_33_sample_id_180", "ds_118_sample_id_157", "ds_56_sample_id_18", "ds_139_sample_id_27", "ds_42_sample_id_20", "ds_119_sample_id_32", "ds_9_sample_id_50", "ds_51_sample_id_189", "ds_29_sample_id_94", "ds_86_sample_id_111", "ds_173_sample_id_187", "ds_3_sample_id_171", "ds_70_sample_id_167", "ds_77_sample_id_116", "ds_41_sample_id_47", "ds_36_sample_id_163", "ds_86_sample_id_99", "ds_159_sample_id_122", "ds_79_sample_id_166", "ds_8_sample_id_161", "ds_131_sample_id_90", "ds_188_sample_id_85", "ds_198_sample_id_149", "ds_6_sample_id_56", "ds_93_sample_id_67", "ds_117_sample_id_52", "ds_41_sample_id_10", "ds_42_sample_id_46", "ds_114_sample_id_172", "ds_187_sample_id_76", "ds_77_sample_id_73", "ds_193_sample_id_151", "ds_66_sample_id_78", "ds_101_sample_id_128", "ds_191_sample_id_146", "ds_30_sample_id_119", "ds_162_sample_id_168", "ds_78_sample_id_40", "ds_126_sample_id_75", "ds_90_sample_id_144", "ds_173_sample_id_33"], "group_1": ["ds_159_sample_id_98", "ds_70_sample_id_188", "ds_135_sample_id_174", "ds_51_sample_id_38", "ds_156_sample_id_6", "ds_92_sample_id_36", "ds_9_sample_id_91", "ds_72_sample_id_177", "ds_113_sample_id_132", "ds_83_sample_id_7", "ds_80_sample_id_4", "ds_70_sample_id_143", "ds_26_sample_id_8", "ds_74_sample_id_2", "ds_101_sample_id_109", "ds_100_sample_id_107", "ds_185_sample_id_169", "ds_106_sample_id_139", "ds_95_sample_id_150", "ds_156_sample_id_89", "ds_110_sample_id_88", "ds_146_sample_id_12", "ds_118_sample_id_157", "ds_119_sample_id_79", "ds_56_sample_id_18", "ds_24_sample_id_140", "ds_28_sample_id_176", "ds_159_sample_id_97", "ds_67_sample_id_45", "ds_51_sample_id_189", "ds_28_sample_id_63", "ds_86_sample_id_111", "ds_73_sample_id_164", "ds_67_sample_id_9", "ds_28_sample_id_80", "ds_179_sample_id_183", "ds_110_sample_id_64", "ds_77_sample_id_93", "ds_174_sample_id_192", "ds_66_sample_id_92", "ds_66_sample_id_29", "ds_89_sample_id_61", "ds_93_sample_id_69", "ds_198_sample_id_149", "ds_6_sample_id_118", "ds_171_sample_id_70", "ds_0_sample_id_131", "ds_157_sample_id_160", "ds_25_sample_id_14", "ds_103_sample_id_74", "ds_89_sample_id_62", "ds_26_sample_id_173", "ds_137_sample_id_148", "ds_92_sample_id_181", "ds_56_sample_id_25", "ds_191_sample_id_146", "ds_199_sample_id_86", "ds_146_sample_id_136", "ds_166_sample_id_28"], "group_8": ["ds_159_sample_id_98", "ds_143_sample_id_179", "ds_135_sample_id_174", "ds_13_sample_id_115", "ds_98_sample_id_154", "ds_83_sample_id_7", "ds_42_sample_id_142", "ds_99_sample_id_55", "ds_136_sample_id_138", "ds_80_sample_id_102", "ds_134_sample_id_137", "ds_26_sample_id_8", "ds_166_sample_id_16", "ds_127_sample_id_110", "ds_74_sample_id_2", "ds_6_sample_id_66", "ds_95_sample_id_150", "ds_156_sample_id_89", "ds_42_sample_id_82", "ds_118_sample_id_157", "ds_139_sample_id_27", "ds_42_sample_id_20", "ds_119_sample_id_32", "ds_29_sample_id_94", "ds_73_sample_id_164", "ds_173_sample_id_187", "ds_70_sample_id_167", "ds_38_sample_id_141", "ds_179_sample_id_183", "ds_110_sample_id_64", "ds_41_sample_id_47", "ds_36_sample_id_163", "ds_103_sample_id_24", "ds_137_sample_id_159", "ds_35_sample_id_34", "ds_64_sample_id_170", "ds_77_sample_id_93", "ds_195_sample_id_145", "ds_167_sample_id_87", "ds_5_sample_id_72", "ds_93_sample_id_69", "ds_177_sample_id_158", "ds_178_sample_id_68", "ds_0_sample_id_131", "ds_157_sample_id_160", "ds_6_sample_id_56", "ds_93_sample_id_67", "ds_25_sample_id_30", "ds_89_sample_id_62", "ds_114_sample_id_172", "ds_26_sample_id_173", "ds_77_sample_id_73", "ds_140_sample_id_53", "ds_197_sample_id_185", "ds_98_sample_id_19", "ds_76_sample_id_17", "ds_66_sample_id_78", "ds_56_sample_id_25", "ds_68_sample_id_83", "ds_86_sample_id_133", "ds_167_sample_id_37", "ds_166_sample_id_28"], "group_11": ["ds_159_sample_id_98", "ds_160_sample_id_22", "ds_135_sample_id_121", "ds_36_sample_id_123", "ds_135_sample_id_174", "ds_164_sample_id_162", "ds_51_sample_id_38", "ds_98_sample_id_154", "ds_157_sample_id_81", "ds_92_sample_id_36", "ds_83_sample_id_7", "ds_42_sample_id_142", "ds_70_sample_id_143", "ds_103_sample_id_113", "ds_106_sample_id_139", "ds_97_sample_id_130", "ds_2_sample_id_152", "ds_196_sample_id_127", "ds_156_sample_id_89", "ds_139_sample_id_27", "ds_28_sample_id_176", "ds_42_sample_id_20", "ds_9_sample_id_50", "ds_73_sample_id_164", "ds_38_sample_id_141", "ds_77_sample_id_116", "ds_179_sample_id_183", "ds_103_sample_id_24", "ds_35_sample_id_34", "ds_77_sample_id_93", "ds_174_sample_id_192", "ds_66_sample_id_92", "ds_167_sample_id_87", "ds_188_sample_id_85", "ds_177_sample_id_158", "ds_178_sample_id_68", "ds_2_sample_id_182", "ds_0_sample_id_131", "ds_172_sample_id_175", "ds_25_sample_id_14", "ds_169_sample_id_186", "ds_103_sample_id_74", "ds_25_sample_id_30", "ds_89_sample_id_62", "ds_117_sample_id_52", "ds_26_sample_id_173", "ds_77_sample_id_73", "ds_137_sample_id_148", "ds_193_sample_id_151", "ds_101_sample_id_128", "ds_56_sample_id_25", "ds_30_sample_id_119", "ds_162_sample_id_168", "ds_90_sample_id_144", "ds_4_sample_id_39", "ds_49_sample_id_65"], "group_16": ["ds_159_sample_id_98", "ds_160_sample_id_22", "ds_99_sample_id_101", "ds_70_sample_id_188", "ds_101_sample_id_135", "ds_156_sample_id_6", "ds_98_sample_id_154", "ds_117_sample_id_49", "ds_157_sample_id_81", "ds_113_sample_id_132", "ds_83_sample_id_7", "ds_42_sample_id_142", "ds_126_sample_id_155", "ds_83_sample_id_84", "ds_164_sample_id_11", "ds_197_sample_id_129", "ds_134_sample_id_137", "ds_127_sample_id_110", "ds_101_sample_id_54", "ds_166_sample_id_103", "ds_147_sample_id_112", "ds_95_sample_id_150", "ds_156_sample_id_89", "ds_110_sample_id_88", "ds_56_sample_id_18", "ds_139_sample_id_27", "ds_24_sample_id_140", "ds_109_sample_id_31", "ds_159_sample_id_97", "ds_67_sample_id_45", "ds_113_sample_id_124", "ds_28_sample_id_63", "ds_179_sample_id_183", "ds_110_sample_id_64", "ds_103_sample_id_24", "ds_64_sample_id_170", "ds_42_sample_id_105", "ds_159_sample_id_122", "ds_79_sample_id_166", "ds_167_sample_id_87", "ds_6_sample_id_118", "ds_177_sample_id_158", "ds_178_sample_id_68", "ds_2_sample_id_182", "ds_0_sample_id_131", "ds_94_sample_id_191", "ds_172_sample_id_175", "ds_103_sample_id_74", "ds_93_sample_id_67", "ds_42_sample_id_46", "ds_123_sample_id_43", "ds_26_sample_id_173", "ds_101_sample_id_128", "ds_94_sample_id_23", "ds_30_sample_id_119", "ds_68_sample_id_83", "ds_199_sample_id_86", "ds_146_sample_id_136", "ds_86_sample_id_133", "ds_80_sample_id_156", "ds_166_sample_id_28", "ds_173_sample_id_33"], "group_18": ["ds_159_sample_id_98", "ds_160_sample_id_22", "ds_135_sample_id_121", "ds_32_sample_id_104", "ds_70_sample_id_188", "ds_101_sample_id_135", "ds_117_sample_id_49", "ds_194_sample_id_26", "ds_72_sample_id_177", "ds_76_sample_id_48", "ds_126_sample_id_155", "ds_39_sample_id_42", "ds_70_sample_id_143", "ds_160_sample_id_184", "ds_197_sample_id_129", "ds_74_sample_id_2", "ds_199_sample_id_106", "ds_100_sample_id_107", "ds_45_sample_id_59", "ds_105_sample_id_108", "ds_97_sample_id_130", "ds_2_sample_id_152", "ds_120_sample_id_125", "ds_25_sample_id_51", "ds_118_sample_id_157", "ds_109_sample_id_31", "ds_28_sample_id_176", "ds_42_sample_id_20", "ds_113_sample_id_124", "ds_86_sample_id_111", "ds_38_sample_id_141", "ds_77_sample_id_116", "ds_41_sample_id_47", "ds_36_sample_id_163", "ds_103_sample_id_24", "ds_195_sample_id_145", "ds_174_sample_id_192", "ds_159_sample_id_122", "ds_66_sample_id_29", "ds_79_sample_id_166", "ds_8_sample_id_161", "ds_5_sample_id_72", "ds_188_sample_id_85", "ds_93_sample_id_69", "ds_198_sample_id_149", "ds_178_sample_id_68", "ds_121_sample_id_57", "ds_157_sample_id_160", "ds_94_sample_id_191", "ds_25_sample_id_30", "ds_89_sample_id_62", "ds_140_sample_id_1", "ds_187_sample_id_76", "ds_123_sample_id_43", "ds_77_sample_id_73", "ds_140_sample_id_53", "ds_197_sample_id_185", "ds_66_sample_id_78", "ds_30_sample_id_119", "ds_162_sample_id_168", "ds_127_sample_id_13", "ds_199_sample_id_86"], "group_2": ["ds_104_sample_id_100", "ds_160_sample_id_22", "ds_135_sample_id_121", "ds_99_sample_id_101", "ds_135_sample_id_174", "ds_97_sample_id_134", "ds_136_sample_id_126", "ds_76_sample_id_48", "ds_86_sample_id_114", "ds_39_sample_id_42", "ds_37_sample_id_0", "ds_134_sample_id_137", "ds_127_sample_id_110", "ds_74_sample_id_2", "ds_101_sample_id_109", "ds_103_sample_id_113", "ds_185_sample_id_169", "ds_106_sample_id_139", "ds_95_sample_id_150", "ds_120_sample_id_125", "ds_196_sample_id_127", "ds_156_sample_id_89", "ds_42_sample_id_82", "ds_146_sample_id_12", "ds_118_sample_id_157", "ds_64_sample_id_21", "ds_24_sample_id_140", "ds_28_sample_id_176", "ds_29_sample_id_94", "ds_86_sample_id_111", "ds_38_sample_id_141", "ds_158_sample_id_190", "ds_179_sample_id_183", "ds_110_sample_id_64", "ds_137_sample_id_159", "ds_77_sample_id_93", "ds_42_sample_id_105", "ds_167_sample_id_87", "ds_5_sample_id_72", "ds_89_sample_id_61", "ds_198_sample_id_149", "ds_171_sample_id_70", "ds_178_sample_id_68", "ds_121_sample_id_57", "ds_0_sample_id_131", "ds_25_sample_id_14", "ds_103_sample_id_74", "ds_89_sample_id_62", "ds_117_sample_id_52", "ds_140_sample_id_1", "ds_42_sample_id_46", "ds_171_sample_id_117", "ds_193_sample_id_151", "ds_48_sample_id_178", "ds_92_sample_id_181", "ds_61_sample_id_120", "ds_18_sample_id_41", "ds_160_sample_id_147", "ds_199_sample_id_86", "ds_86_sample_id_133", "ds_90_sample_id_144", "ds_49_sample_id_65", "ds_173_sample_id_33"], "group_4": ["ds_104_sample_id_100", "ds_160_sample_id_22", "ds_32_sample_id_104", "ds_36_sample_id_123", "ds_13_sample_id_115", "ds_101_sample_id_135", "ds_136_sample_id_126", "ds_194_sample_id_26", "ds_92_sample_id_36", "ds_9_sample_id_91", "ds_72_sample_id_177", "ds_99_sample_id_55", "ds_70_sample_id_143", "ds_136_sample_id_138", "ds_197_sample_id_129", "ds_127_sample_id_110", "ds_104_sample_id_95", "ds_6_sample_id_66", "ds_166_sample_id_103", "ds_139_sample_id_71", "ds_105_sample_id_108", "ds_97_sample_id_130", "ds_110_sample_id_88", "ds_92_sample_id_60", "ds_146_sample_id_12", "ds_118_sample_id_157", "ds_119_sample_id_79", "ds_109_sample_id_31", "ds_28_sample_id_176", "ds_119_sample_id_32", "ds_159_sample_id_97", "ds_29_sample_id_94", "ds_86_sample_id_111", "ds_70_sample_id_167", "ds_28_sample_id_80", "ds_158_sample_id_190", "ds_35_sample_id_34", "ds_64_sample_id_170", "ds_131_sample_id_90", "ds_198_sample_id_149", "ds_171_sample_id_70", "ds_0_sample_id_131", "ds_157_sample_id_160", "ds_172_sample_id_175", "ds_25_sample_id_14", "ds_169_sample_id_186", "ds_41_sample_id_10", "ds_140_sample_id_1", "ds_171_sample_id_117", "ds_77_sample_id_73", "ds_140_sample_id_53", "ds_48_sample_id_178", "ds_98_sample_id_19", "ds_66_sample_id_78", "ds_101_sample_id_128", "ds_36_sample_id_153", "ds_191_sample_id_146", "ds_76_sample_id_5", "ds_80_sample_id_156", "ds_173_sample_id_33"], "group_13": ["ds_104_sample_id_100", "ds_99_sample_id_101", "ds_135_sample_id_174", "ds_51_sample_id_38", "ds_101_sample_id_135", "ds_117_sample_id_49", "ds_136_sample_id_126", "ds_113_sample_id_132", "ds_39_sample_id_42", "ds_83_sample_id_84", "ds_37_sample_id_0", "ds_134_sample_id_137", "ds_166_sample_id_16", "ds_199_sample_id_106", "ds_104_sample_id_95", "ds_147_sample_id_112", "ds_196_sample_id_127", "ds_156_sample_id_89", "ds_92_sample_id_60", "ds_119_sample_id_79", "ds_139_sample_id_27", "ds_22_sample_id_35", "ds_31_sample_id_15", "ds_29_sample_id_94", "ds_86_sample_id_111", "ds_73_sample_id_164", "ds_70_sample_id_167", "ds_77_sample_id_116", "ds_158_sample_id_190", "ds_110_sample_id_64", "ds_137_sample_id_159", "ds_64_sample_id_170", "ds_77_sample_id_93", "ds_86_sample_id_99", "ds_159_sample_id_122", "ds_66_sample_id_92", "ds_66_sample_id_29", "ds_8_sample_id_161", "ds_87_sample_id_58", "ds_188_sample_id_85", "ds_6_sample_id_118", "ds_177_sample_id_158", "ds_121_sample_id_57", "ds_0_sample_id_131", "ds_157_sample_id_160", "ds_6_sample_id_56", "ds_89_sample_id_62", "ds_42_sample_id_46", "ds_171_sample_id_117", "ds_137_sample_id_148", "ds_197_sample_id_185", "ds_48_sample_id_178", "ds_94_sample_id_23", "ds_36_sample_id_153", "ds_61_sample_id_120", "ds_191_sample_id_146", "ds_18_sample_id_41", "ds_92_sample_id_96", "ds_86_sample_id_133"], "group_14": ["ds_104_sample_id_100", "ds_99_sample_id_101", "ds_135_sample_id_174", "ds_164_sample_id_162", "ds_136_sample_id_126", "ds_157_sample_id_81", "ds_86_sample_id_114", "ds_42_sample_id_142", "ds_67_sample_id_165", "ds_80_sample_id_102", "ds_37_sample_id_0", "ds_74_sample_id_2", "ds_104_sample_id_95", "ds_166_sample_id_103", "ds_97_sample_id_130", "ds_42_sample_id_82", "ds_146_sample_id_12", "ds_109_sample_id_31", "ds_28_sample_id_176", "ds_119_sample_id_32", "ds_113_sample_id_124", "ds_28_sample_id_63", "ds_29_sample_id_94", "ds_70_sample_id_167", "ds_137_sample_id_159", "ds_64_sample_id_170", "ds_77_sample_id_93", "ds_174_sample_id_192", "ds_87_sample_id_58", "ds_188_sample_id_85", "ds_89_sample_id_61", "ds_93_sample_id_69", "ds_198_sample_id_149", "ds_171_sample_id_70", "ds_178_sample_id_68", "ds_121_sample_id_57", "ds_117_sample_id_77", "ds_0_sample_id_131", "ds_172_sample_id_175", "ds_25_sample_id_14", "ds_93_sample_id_67", "ds_117_sample_id_52", "ds_26_sample_id_173", "ds_137_sample_id_148", "ds_101_sample_id_128", "ds_56_sample_id_25", "ds_199_sample_id_86", "ds_49_sample_id_65", "ds_80_sample_id_156"], "group_7": ["ds_160_sample_id_22", "ds_135_sample_id_121", "ds_32_sample_id_104", "ds_143_sample_id_179", "ds_36_sample_id_123", "ds_70_sample_id_188", "ds_135_sample_id_174", "ds_164_sample_id_162", "ds_101_sample_id_135", "ds_117_sample_id_49", "ds_72_sample_id_177", "ds_76_sample_id_48", "ds_80_sample_id_4", "ds_42_sample_id_142", "ds_126_sample_id_155", "ds_70_sample_id_143", "ds_164_sample_id_11", "ds_74_sample_id_2", "ds_100_sample_id_107", "ds_103_sample_id_113", "ds_185_sample_id_169", "ds_139_sample_id_71", "ds_105_sample_id_108", "ds_110_sample_id_88", "ds_25_sample_id_51", "ds_146_sample_id_12", "ds_33_sample_id_180", "ds_118_sample_id_157", "ds_64_sample_id_21", "ds_119_sample_id_79", "ds_56_sample_id_18", "ds_28_sample_id_176", "ds_159_sample_id_97", "ds_22_sample_id_35", "ds_67_sample_id_45", "ds_28_sample_id_63", "ds_29_sample_id_94", "ds_86_sample_id_111", "ds_173_sample_id_187", "ds_77_sample_id_116", "ds_179_sample_id_183", "ds_110_sample_id_64", "ds_159_sample_id_3", "ds_8_sample_id_161", "ds_87_sample_id_58", "ds_167_sample_id_87", "ds_5_sample_id_72", "ds_198_sample_id_149", "ds_117_sample_id_77", "ds_0_sample_id_131", "ds_25_sample_id_30", "ds_89_sample_id_62", "ds_140_sample_id_1", "ds_42_sample_id_46", "ds_187_sample_id_76", "ds_77_sample_id_73", "ds_48_sample_id_178", "ds_66_sample_id_78", "ds_94_sample_id_23", "ds_92_sample_id_96", "ds_126_sample_id_75", "ds_160_sample_id_147", "ds_127_sample_id_13", "ds_90_sample_id_144", "ds_167_sample_id_37", "ds_4_sample_id_39", "ds_49_sample_id_65"], "group_10": ["ds_160_sample_id_22", "ds_99_sample_id_101", "ds_143_sample_id_179", "ds_97_sample_id_134", "ds_51_sample_id_38", "ds_157_sample_id_81", "ds_92_sample_id_36", "ds_80_sample_id_4", "ds_99_sample_id_55", "ds_83_sample_id_84", "ds_70_sample_id_143", "ds_134_sample_id_137", "ds_26_sample_id_8", "ds_166_sample_id_16", "ds_127_sample_id_110", "ds_101_sample_id_109", "ds_199_sample_id_106", "ds_104_sample_id_95", "ds_6_sample_id_66", "ds_45_sample_id_59", "ds_185_sample_id_169", "ds_106_sample_id_139", "ds_166_sample_id_103", "ds_95_sample_id_150", "ds_97_sample_id_130", "ds_156_sample_id_89", "ds_28_sample_id_176", "ds_159_sample_id_97", "ds_9_sample_id_50", "ds_67_sample_id_45", "ds_113_sample_id_124", "ds_29_sample_id_94", "ds_67_sample_id_9", "ds_35_sample_id_34", "ds_86_sample_id_99", "ds_131_sample_id_90", "ds_5_sample_id_72", "ds_89_sample_id_61", "ds_177_sample_id_158", "ds_117_sample_id_77", "ds_6_sample_id_56", "ds_103_sample_id_74", "ds_93_sample_id_67", "ds_140_sample_id_1", "ds_187_sample_id_76", "ds_123_sample_id_43", "ds_77_sample_id_73", "ds_137_sample_id_148", "ds_98_sample_id_19", "ds_76_sample_id_17", "ds_66_sample_id_78", "ds_94_sample_id_23", "ds_191_sample_id_146", "ds_167_sample_id_37", "ds_49_sample_id_65", "ds_166_sample_id_28", "ds_173_sample_id_33"], "group_15": ["ds_160_sample_id_22", "ds_135_sample_id_121", "ds_32_sample_id_104", "ds_135_sample_id_174", "ds_97_sample_id_134", "ds_164_sample_id_162", "ds_51_sample_id_38", "ds_117_sample_id_49", "ds_136_sample_id_126", "ds_194_sample_id_26", "ds_9_sample_id_91", "ds_113_sample_id_132", "ds_126_sample_id_155", "ds_37_sample_id_0", "ds_160_sample_id_184", "ds_127_sample_id_110", "ds_103_sample_id_113", "ds_45_sample_id_59", "ds_106_sample_id_139", "ds_105_sample_id_108", "ds_120_sample_id_125", "ds_25_sample_id_51", "ds_146_sample_id_12", "ds_118_sample_id_157", "ds_64_sample_id_21", "ds_119_sample_id_79", "ds_28_sample_id_176", "ds_22_sample_id_35", "ds_31_sample_id_15", "ds_51_sample_id_189", "ds_28_sample_id_63", "ds_29_sample_id_94", "ds_73_sample_id_164", "ds_173_sample_id_187", "ds_67_sample_id_9", "ds_38_sample_id_141", "ds_158_sample_id_190", "ds_179_sample_id_183", "ds_103_sample_id_24", "ds_137_sample_id_159", "ds_77_sample_id_93", "ds_195_sample_id_145", "ds_159_sample_id_3", "ds_86_sample_id_99", "ds_167_sample_id_87", "ds_131_sample_id_90", "ds_171_sample_id_70", "ds_2_sample_id_182", "ds_25_sample_id_14", "ds_6_sample_id_56", "ds_169_sample_id_186", "ds_117_sample_id_52", "ds_41_sample_id_10", "ds_42_sample_id_46", "ds_187_sample_id_76", "ds_77_sample_id_73", "ds_137_sample_id_148", "ds_197_sample_id_185", "ds_193_sample_id_151", "ds_98_sample_id_19", "ds_76_sample_id_17", "ds_56_sample_id_25", "ds_18_sample_id_41", "ds_162_sample_id_168", "ds_92_sample_id_96", "ds_68_sample_id_83", "ds_199_sample_id_86", "ds_80_sample_id_156", "ds_166_sample_id_28"], "group_6": ["ds_135_sample_id_121", "ds_70_sample_id_188", "ds_135_sample_id_174", "ds_97_sample_id_134", "ds_98_sample_id_154", "ds_117_sample_id_49", "ds_194_sample_id_26", "ds_157_sample_id_81", "ds_9_sample_id_91", "ds_72_sample_id_177", "ds_113_sample_id_132", "ds_86_sample_id_114", "ds_42_sample_id_142", "ds_136_sample_id_138", "ds_160_sample_id_184", "ds_134_sample_id_137", "ds_166_sample_id_16", "ds_74_sample_id_2", "ds_104_sample_id_95", "ds_100_sample_id_107", "ds_101_sample_id_54", "ds_6_sample_id_66", "ds_185_sample_id_169", "ds_166_sample_id_103", "ds_179_sample_id_44", "ds_139_sample_id_71", "ds_97_sample_id_130", "ds_120_sample_id_125", "ds_110_sample_id_88", "ds_92_sample_id_60", "ds_146_sample_id_12", "ds_33_sample_id_180", "ds_118_sample_id_157", "ds_56_sample_id_18", "ds_139_sample_id_27", "ds_109_sample_id_31", "ds_73_sample_id_164", "ds_3_sample_id_171", "ds_67_sample_id_9", "ds_77_sample_id_116", "ds_35_sample_id_34", "ds_64_sample_id_170", "ds_195_sample_id_145", "ds_42_sample_id_105", "ds_159_sample_id_122", "ds_66_sample_id_92", "ds_87_sample_id_58", "ds_188_sample_id_85", "ds_89_sample_id_61", "ds_198_sample_id_149", "ds_6_sample_id_118", "ds_171_sample_id_70", "ds_117_sample_id_77", "ds_157_sample_id_160", "ds_25_sample_id_14", "ds_171_sample_id_117", "ds_140_sample_id_53", "ds_137_sample_id_148", "ds_197_sample_id_185", "ds_48_sample_id_178", "ds_98_sample_id_19", "ds_56_sample_id_25", "ds_92_sample_id_96", "ds_199_sample_id_86", "ds_90_sample_id_144", "ds_167_sample_id_37", "ds_4_sample_id_39"], "group_17": ["ds_99_sample_id_101", "ds_36_sample_id_123", "ds_70_sample_id_188", "ds_164_sample_id_162", "ds_13_sample_id_115", "ds_98_sample_id_154", "ds_117_sample_id_49", "ds_194_sample_id_26", "ds_72_sample_id_177", "ds_76_sample_id_48", "ds_113_sample_id_132", "ds_99_sample_id_55", "ds_39_sample_id_42", "ds_83_sample_id_84", "ds_136_sample_id_138", "ds_80_sample_id_102", "ds_37_sample_id_0", "ds_197_sample_id_129", "ds_101_sample_id_109", "ds_199_sample_id_106", "ds_104_sample_id_95", "ds_166_sample_id_103", "ds_139_sample_id_71", "ds_105_sample_id_108", "ds_97_sample_id_130", "ds_156_sample_id_89", "ds_42_sample_id_82", "ds_92_sample_id_60", "ds_25_sample_id_51", "ds_119_sample_id_79", "ds_56_sample_id_18", "ds_109_sample_id_31", "ds_159_sample_id_97", "ds_67_sample_id_45", "ds_113_sample_id_124", "ds_29_sample_id_94", "ds_86_sample_id_111", "ds_77_sample_id_116", "ds_158_sample_id_190", "ds_36_sample_id_163", "ds_64_sample_id_170", "ds_195_sample_id_145", "ds_42_sample_id_105", "ds_159_sample_id_3", "ds_66_sample_id_92", "ds_79_sample_id_166", "ds_8_sample_id_161", "ds_6_sample_id_118", "ds_177_sample_id_158", "ds_121_sample_id_57", "ds_2_sample_id_182", "ds_94_sample_id_191", "ds_169_sample_id_186", "ds_103_sample_id_74", "ds_41_sample_id_10", "ds_140_sample_id_1", "ds_123_sample_id_43", "ds_197_sample_id_185", "ds_48_sample_id_178", "ds_92_sample_id_181", "ds_94_sample_id_23", "ds_36_sample_id_153", "ds_162_sample_id_168", "ds_92_sample_id_96", "ds_126_sample_id_75", "ds_160_sample_id_147", "ds_127_sample_id_13", "ds_90_sample_id_144", "ds_49_sample_id_65", "ds_166_sample_id_28"], "group_3": ["ds_143_sample_id_179", "ds_164_sample_id_162", "ds_13_sample_id_115", "ds_117_sample_id_49", "ds_157_sample_id_81", "ds_92_sample_id_36", "ds_72_sample_id_177", "ds_113_sample_id_132", "ds_126_sample_id_155", "ds_70_sample_id_143", "ds_80_sample_id_102", "ds_164_sample_id_11", "ds_37_sample_id_0", "ds_197_sample_id_129", "ds_199_sample_id_106", "ds_104_sample_id_95", "ds_101_sample_id_54", "ds_103_sample_id_113", "ds_97_sample_id_130", "ds_196_sample_id_127", "ds_156_sample_id_89", "ds_92_sample_id_60", "ds_64_sample_id_21", "ds_42_sample_id_20", "ds_9_sample_id_50", "ds_51_sample_id_189", "ds_73_sample_id_164", "ds_173_sample_id_187", "ds_67_sample_id_9", "ds_38_sample_id_141", "ds_28_sample_id_80", "ds_103_sample_id_24", "ds_137_sample_id_159", "ds_35_sample_id_34", "ds_195_sample_id_145", "ds_42_sample_id_105", "ds_159_sample_id_3", "ds_66_sample_id_29", "ds_8_sample_id_161", "ds_131_sample_id_90", "ds_5_sample_id_72", "ds_188_sample_id_85", "ds_198_sample_id_149", "ds_177_sample_id_158", "ds_171_sample_id_70", "ds_178_sample_id_68", "ds_2_sample_id_182", "ds_172_sample_id_175", "ds_169_sample_id_186", "ds_117_sample_id_52", "ds_41_sample_id_10", "ds_26_sample_id_173", "ds_77_sample_id_73", "ds_197_sample_id_185", "ds_98_sample_id_19", "ds_76_sample_id_17", "ds_36_sample_id_153", "ds_61_sample_id_120", "ds_162_sample_id_168", "ds_160_sample_id_147", "ds_146_sample_id_136", "ds_86_sample_id_133", "ds_90_sample_id_144", "ds_4_sample_id_39", "ds_173_sample_id_33"], "group_5": ["ds_143_sample_id_179", "ds_36_sample_id_123", "ds_97_sample_id_134", "ds_51_sample_id_38", "ds_13_sample_id_115", "ds_156_sample_id_6", "ds_98_sample_id_154", "ds_117_sample_id_49", "ds_194_sample_id_26", "ds_9_sample_id_91", "ds_72_sample_id_177", "ds_76_sample_id_48", "ds_113_sample_id_132", "ds_86_sample_id_114", "ds_42_sample_id_142", "ds_67_sample_id_165", "ds_197_sample_id_129", "ds_100_sample_id_107", "ds_103_sample_id_113", "ds_139_sample_id_71", "ds_105_sample_id_108", "ds_120_sample_id_125", "ds_196_sample_id_127", "ds_110_sample_id_88", "ds_92_sample_id_60", "ds_119_sample_id_32", "ds_22_sample_id_35", "ds_31_sample_id_15", "ds_113_sample_id_124", "ds_110_sample_id_64", "ds_41_sample_id_47", "ds_35_sample_id_34", "ds_174_sample_id_192", "ds_159_sample_id_3", "ds_86_sample_id_99", "ds_66_sample_id_92", "ds_8_sample_id_161", "ds_167_sample_id_87", "ds_5_sample_id_72", "ds_93_sample_id_69", "ds_171_sample_id_70", "ds_178_sample_id_68", "ds_25_sample_id_14", "ds_187_sample_id_76", "ds_76_sample_id_17", "ds_92_sample_id_181", "ds_162_sample_id_168", "ds_78_sample_id_40", "ds_92_sample_id_96", "ds_126_sample_id_75", "ds_160_sample_id_147", "ds_68_sample_id_83", "ds_127_sample_id_13", "ds_199_sample_id_86", "ds_146_sample_id_136", "ds_49_sample_id_65", "ds_166_sample_id_28"], "group_9": ["ds_143_sample_id_179", "ds_36_sample_id_123", "ds_70_sample_id_188", "ds_51_sample_id_38", "ds_101_sample_id_135", "ds_98_sample_id_154", "ds_9_sample_id_91", "ds_72_sample_id_177", "ds_76_sample_id_48", "ds_113_sample_id_132", "ds_86_sample_id_114", "ds_80_sample_id_4", "ds_99_sample_id_55", "ds_70_sample_id_143", "ds_136_sample_id_138", "ds_80_sample_id_102", "ds_160_sample_id_184", "ds_197_sample_id_129", "ds_134_sample_id_137", "ds_26_sample_id_8", "ds_74_sample_id_2", "ds_199_sample_id_106", "ds_104_sample_id_95", "ds_179_sample_id_44", "ds_2_sample_id_152", "ds_120_sample_id_125", "ds_196_sample_id_127", "ds_64_sample_id_21", "ds_159_sample_id_97", "ds_31_sample_id_15", "ds_113_sample_id_124", "ds_29_sample_id_94", "ds_173_sample_id_187", "ds_3_sample_id_171", "ds_28_sample_id_80", "ds_110_sample_id_64", "ds_36_sample_id_163", "ds_103_sample_id_24", "ds_64_sample_id_170", "ds_174_sample_id_192", "ds_159_sample_id_122", "ds_66_sample_id_92", "ds_198_sample_id_149", "ds_6_sample_id_118", "ds_177_sample_id_158", "ds_157_sample_id_160", "ds_169_sample_id_186", "ds_25_sample_id_30", "ds_187_sample_id_76", "ds_193_sample_id_151", "ds_48_sample_id_178", "ds_56_sample_id_25", "ds_191_sample_id_146", "ds_78_sample_id_40", "ds_126_sample_id_75", "ds_76_sample_id_5", "ds_160_sample_id_147", "ds_68_sample_id_83", "ds_166_sample_id_28", "ds_173_sample_id_33"], "group_12": ["ds_143_sample_id_179", "ds_117_sample_id_49", "ds_9_sample_id_91", "ds_113_sample_id_132", "ds_83_sample_id_7", "ds_126_sample_id_155", "ds_70_sample_id_143", "ds_67_sample_id_165", "ds_136_sample_id_138", "ds_164_sample_id_11", "ds_37_sample_id_0", "ds_160_sample_id_184", "ds_26_sample_id_8", "ds_101_sample_id_109", "ds_100_sample_id_107", "ds_101_sample_id_54", "ds_6_sample_id_66", "ds_45_sample_id_59", "ds_147_sample_id_112", "ds_179_sample_id_44", "ds_2_sample_id_152", "ds_120_sample_id_125", "ds_196_sample_id_127", "ds_42_sample_id_82", "ds_92_sample_id_60", "ds_146_sample_id_12", "ds_118_sample_id_157", "ds_119_sample_id_79", "ds_28_sample_id_176", "ds_22_sample_id_35", "ds_9_sample_id_50", "ds_67_sample_id_45", "ds_29_sample_id_94", "ds_173_sample_id_187", "ds_158_sample_id_190", "ds_35_sample_id_34", "ds_64_sample_id_170", "ds_77_sample_id_93", "ds_66_sample_id_29", "ds_198_sample_id_149", "ds_171_sample_id_70", "ds_187_sample_id_76", "ds_123_sample_id_43", "ds_193_sample_id_151", "ds_36_sample_id_153", "ds_18_sample_id_41", "ds_78_sample_id_40", "ds_76_sample_id_5", "ds_146_sample_id_136", "ds_4_sample_id_39", "ds_49_sample_id_65", "ds_166_sample_id_28", "ds_173_sample_id_33"], "group_19": ["ds_143_sample_id_179", "ds_156_sample_id_6", "ds_117_sample_id_49", "ds_76_sample_id_48", "ds_113_sample_id_132", "ds_80_sample_id_4", "ds_39_sample_id_42", "ds_83_sample_id_84", "ds_134_sample_id_137", "ds_45_sample_id_59", "ds_147_sample_id_112", "ds_95_sample_id_150", "ds_156_sample_id_89", "ds_25_sample_id_51", "ds_28_sample_id_176", "ds_9_sample_id_50", "ds_73_sample_id_164", "ds_173_sample_id_187", "ds_3_sample_id_171", "ds_179_sample_id_183", "ds_110_sample_id_64", "ds_41_sample_id_47", "ds_103_sample_id_24", "ds_64_sample_id_170", "ds_174_sample_id_192", "ds_42_sample_id_105", "ds_159_sample_id_3", "ds_79_sample_id_166", "ds_87_sample_id_58", "ds_89_sample_id_61", "ds_6_sample_id_118", "ds_171_sample_id_70", "ds_178_sample_id_68", "ds_121_sample_id_57", "ds_0_sample_id_131", "ds_94_sample_id_191", "ds_172_sample_id_175", "ds_6_sample_id_56", "ds_26_sample_id_173", "ds_193_sample_id_151", "ds_76_sample_id_17", "ds_92_sample_id_181", "ds_36_sample_id_153", "ds_30_sample_id_119", "ds_167_sample_id_37", "ds_4_sample_id_39", "ds_166_sample_id_28"]}}