{"user_group_edges": {"group_1": ["user_61_sample_id_19", "user_20_sample_id_16", "user_65_sample_id_49", "user_97_sample_id_4", "user_51_sample_id_25", "user_93_sample_id_37", "user_92_sample_id_30", "user_93_sample_id_47", "user_26_sample_id_44", "user_25_sample_id_2", "user_99_sample_id_38", "user_32_sample_id_52", "user_0_sample_id_53", "user_67_sample_id_22"], "group_6": ["user_61_sample_id_19", "user_1_sample_id_0", "user_20_sample_id_16", "user_73_sample_id_43", "user_56_sample_id_18", "user_24_sample_id_60", "user_20_sample_id_33", "user_81_sample_id_40", "user_26_sample_id_44", "user_25_sample_id_2", "user_32_sample_id_52", "user_71_sample_id_11"], "group_13": ["user_61_sample_id_19", "user_1_sample_id_0", "user_32_sample_id_32", "user_6_sample_id_26", "user_26_sample_id_21", "user_30_sample_id_1", "user_60_sample_id_45", "user_54_sample_id_42", "user_24_sample_id_27", "user_67_sample_id_22"], "group_15": ["user_61_sample_id_19", "user_1_sample_id_0", "user_82_sample_id_17", "user_54_sample_id_57", "user_51_sample_id_25", "user_24_sample_id_60", "user_95_sample_id_55", "user_21_sample_id_54", "user_77_sample_id_48", "user_83_sample_id_56", "user_92_sample_id_15", "user_96_sample_id_50"], "group_16": ["user_61_sample_id_19", "user_96_sample_id_46", "user_73_sample_id_43", "user_29_sample_id_31", "user_93_sample_id_37", "user_54_sample_id_10", "user_92_sample_id_30", "user_93_sample_id_47", "user_20_sample_id_33", "user_30_sample_id_1", "user_16_sample_id_8", "user_60_sample_id_45", "user_54_sample_id_42", "user_63_sample_id_5"], "group_4": ["user_6_sample_id_7", "user_72_sample_id_35", "user_2_sample_id_61", "user_0_sample_id_59", "user_38_sample_id_14", "user_94_sample_id_36", "user_92_sample_id_30", "user_93_sample_id_47", "user_95_sample_id_58", "user_32_sample_id_52"], "group_17": ["user_6_sample_id_7", "user_43_sample_id_34", "user_20_sample_id_16", "user_65_sample_id_49", "user_21_sample_id_54", "user_0_sample_id_53", "user_5_sample_id_9", "user_16_sample_id_8", "user_77_sample_id_41", "user_54_sample_id_42"], "group_5": ["user_67_sample_id_39", "user_43_sample_id_34", "user_30_sample_id_23", "user_2_sample_id_61", "user_16_sample_id_29", "user_72_sample_id_51", "user_51_sample_id_25", "user_29_sample_id_31", "user_20_sample_id_33", "user_84_sample_id_20", "user_60_sample_id_45", "user_54_sample_id_42", "user_67_sample_id_22"], "group_8": ["user_67_sample_id_39", "user_2_sample_id_61", "user_38_sample_id_14", "user_97_sample_id_4", "user_29_sample_id_31", "user_21_sample_id_54", "user_77_sample_id_48", "user_20_sample_id_33", "user_95_sample_id_58", "user_83_sample_id_56", "user_32_sample_id_52", "user_77_sample_id_41", "user_36_sample_id_3", "user_92_sample_id_15", "user_63_sample_id_5", "user_96_sample_id_50"], "group_9": ["user_67_sample_id_39", "user_30_sample_id_23", "user_2_sample_id_61", "user_94_sample_id_6", "user_21_sample_id_54", "user_25_sample_id_2", "user_36_sample_id_12", "user_83_sample_id_28", "user_36_sample_id_3", "user_24_sample_id_27", "user_96_sample_id_50"], "group_19": ["user_67_sample_id_39", "user_96_sample_id_46", "user_72_sample_id_51", "user_65_sample_id_49", "user_6_sample_id_26", "user_95_sample_id_55", "user_92_sample_id_30", "user_77_sample_id_48", "user_20_sample_id_33", "user_25_sample_id_2", "user_83_sample_id_56", "user_0_sample_id_53", "user_83_sample_id_28"], "group_12": ["user_1_sample_id_0", "user_72_sample_id_35", "user_30_sample_id_23", "user_0_sample_id_59", "user_32_sample_id_32", "user_82_sample_id_17", "user_65_sample_id_49", "user_56_sample_id_18", "user_54_sample_id_57", "user_24_sample_id_60", "user_29_sample_id_31", "user_94_sample_id_36", "user_32_sample_id_52", "user_0_sample_id_53", "user_63_sample_id_5"], "group_10": ["user_96_sample_id_46", "user_2_sample_id_61", "user_82_sample_id_17", "user_72_sample_id_51", "user_26_sample_id_21", "user_81_sample_id_40", "user_26_sample_id_44", "user_25_sample_id_2", "user_99_sample_id_38", "user_36_sample_id_12", "user_5_sample_id_9", "user_96_sample_id_50"], "group_18": ["user_96_sample_id_46", "user_30_sample_id_23", "user_16_sample_id_29", "user_38_sample_id_14", "user_65_sample_id_49", "user_56_sample_id_18", "user_6_sample_id_26", "user_54_sample_id_57", "user_51_sample_id_25", "user_93_sample_id_47", "user_95_sample_id_58", "user_36_sample_id_12", "user_83_sample_id_28", "user_92_sample_id_15"], "group_3": ["user_43_sample_id_34", "user_29_sample_id_24", "user_94_sample_id_6", "user_26_sample_id_21", "user_54_sample_id_10", "user_94_sample_id_36", "user_92_sample_id_30", "user_81_sample_id_40", "user_17_sample_id_62", "user_5_sample_id_9", "user_24_sample_id_27", "user_25_sample_id_13"], "group_14": ["user_72_sample_id_35", "user_30_sample_id_23", "user_32_sample_id_32", "user_16_sample_id_29", "user_38_sample_id_14", "user_94_sample_id_6", "user_73_sample_id_43", "user_56_sample_id_18", "user_97_sample_id_4", "user_54_sample_id_57", "user_21_sample_id_54", "user_95_sample_id_58", "user_81_sample_id_40", "user_36_sample_id_12", "user_83_sample_id_28", "user_77_sample_id_41", "user_92_sample_id_15", "user_63_sample_id_5"], "group_0": ["user_30_sample_id_23", "user_38_sample_id_14", "user_20_sample_id_16", "user_51_sample_id_25", "user_54_sample_id_10", "user_94_sample_id_36", "user_95_sample_id_55", "user_83_sample_id_56", "user_84_sample_id_20", "user_5_sample_id_9", "user_36_sample_id_3"], "group_11": ["user_30_sample_id_23", "user_82_sample_id_17", "user_65_sample_id_49", "user_93_sample_id_37", "user_26_sample_id_21", "user_26_sample_id_44", "user_83_sample_id_56", "user_99_sample_id_38", "user_30_sample_id_1", "user_84_sample_id_20", "user_16_sample_id_8", "user_60_sample_id_45", "user_92_sample_id_15", "user_63_sample_id_5", "user_71_sample_id_11"], "group_2": ["user_0_sample_id_59", "user_16_sample_id_29", "user_29_sample_id_24", "user_24_sample_id_60", "user_29_sample_id_31", "user_93_sample_id_37", "user_54_sample_id_10", "user_21_sample_id_54", "user_17_sample_id_62", "user_60_sample_id_45"], "group_7": ["user_32_sample_id_32", "user_73_sample_id_43", "user_72_sample_id_51", "user_77_sample_id_48", "user_16_sample_id_8", "user_71_sample_id_11", "user_25_sample_id_13"]}, "group_data_store_edges": {"group_0": ["ds_634_sample_id_11", "ds_280_sample_id_0", "ds_704_sample_id_35", "ds_653_sample_id_20", "ds_842_sample_id_6", "ds_351_sample_id_56", "ds_523_sample_id_3", "ds_632_sample_id_57", "ds_472_sample_id_92", "ds_39_sample_id_24", "ds_444_sample_id_60", "ds_710_sample_id_65", "ds_347_sample_id_2", "ds_433_sample_id_17", "ds_666_sample_id_45", "ds_559_sample_id_73", "ds_515_sample_id_13", "ds_786_sample_id_78", "ds_463_sample_id_70", "ds_332_sample_id_88", "ds_682_sample_id_63", "ds_148_sample_id_68", "ds_355_sample_id_87"], "group_6": ["ds_634_sample_id_11", "ds_598_sample_id_36", "ds_864_sample_id_40", "ds_340_sample_id_43", "ds_613_sample_id_62", "ds_39_sample_id_24", "ds_588_sample_id_90", "ds_347_sample_id_2", "ds_628_sample_id_33", "ds_756_sample_id_8", "ds_666_sample_id_45", "ds_874_sample_id_39", "ds_304_sample_id_49", "ds_320_sample_id_52", "ds_559_sample_id_73", "ds_111_sample_id_21", "ds_332_sample_id_88"], "group_13": ["ds_634_sample_id_11", "ds_846_sample_id_85", "ds_787_sample_id_18", "ds_760_sample_id_66", "ds_796_sample_id_37", "ds_334_sample_id_71", "ds_864_sample_id_40", "ds_632_sample_id_57", "ds_639_sample_id_74", "ds_613_sample_id_62", "ds_292_sample_id_19", "ds_710_sample_id_65", "ds_756_sample_id_8", "ds_666_sample_id_45", "ds_822_sample_id_69", "ds_779_sample_id_27", "ds_849_sample_id_76", "ds_768_sample_id_80", "ds_463_sample_id_70", "ds_5_sample_id_14", "ds_576_sample_id_72", "ds_319_sample_id_83", "ds_325_sample_id_4", "ds_245_sample_id_29", "ds_682_sample_id_63"], "group_17": ["ds_634_sample_id_11", "ds_760_sample_id_66", "ds_653_sample_id_20", "ds_598_sample_id_36", "ds_312_sample_id_82", "ds_770_sample_id_54", "ds_842_sample_id_6", "ds_334_sample_id_71", "ds_864_sample_id_40", "ds_210_sample_id_46", "ds_441_sample_id_34", "ds_444_sample_id_60", "ds_609_sample_id_77", "ds_628_sample_id_33", "ds_653_sample_id_44", "ds_874_sample_id_39", "ds_19_sample_id_84", "ds_786_sample_id_78", "ds_697_sample_id_23", "ds_325_sample_id_4"], "group_4": ["ds_588_sample_id_12", "ds_846_sample_id_85", "ds_704_sample_id_35", "ds_598_sample_id_36", "ds_796_sample_id_37", "ds_523_sample_id_3", "ds_768_sample_id_5", "ds_708_sample_id_25", "ds_802_sample_id_31", "ds_210_sample_id_46", "ds_460_sample_id_91", "ds_639_sample_id_74", "ds_472_sample_id_92", "ds_737_sample_id_67", "ds_292_sample_id_19", "ds_710_sample_id_65", "ds_628_sample_id_33", "ds_756_sample_id_8", "ds_420_sample_id_50", "ds_817_sample_id_81", "ds_139_sample_id_53", "ds_69_sample_id_28", "ds_693_sample_id_51", "ds_14_sample_id_22", "ds_332_sample_id_88", "ds_351_sample_id_10", "ds_682_sample_id_63", "ds_356_sample_id_64", "ds_644_sample_id_1"], "group_5": ["ds_588_sample_id_12", "ds_787_sample_id_18", "ds_704_sample_id_35", "ds_634_sample_id_59", "ds_334_sample_id_71", "ds_708_sample_id_25", "ds_864_sample_id_40", "ds_802_sample_id_31", "ds_460_sample_id_91", "ds_700_sample_id_61", "ds_737_sample_id_67", "ds_444_sample_id_60", "ds_710_sample_id_65", "ds_428_sample_id_58", "ds_666_sample_id_45", "ds_822_sample_id_69", "ds_779_sample_id_27", "ds_786_sample_id_78", "ds_245_sample_id_29", "ds_644_sample_id_1"], "group_8": ["ds_588_sample_id_12", "ds_812_sample_id_15", "ds_770_sample_id_54", "ds_842_sample_id_6", "ds_802_sample_id_31", "ds_460_sample_id_91", "ds_340_sample_id_43", "ds_291_sample_id_89", "ds_559_sample_id_73", "ds_817_sample_id_81", "ds_768_sample_id_80", "ds_5_sample_id_14", "ds_69_sample_id_28", "ds_14_sample_id_22", "ds_332_sample_id_88", "ds_284_sample_id_48"], "group_9": ["ds_588_sample_id_12", "ds_787_sample_id_18", "ds_858_sample_id_79", "ds_842_sample_id_6", "ds_768_sample_id_5", "ds_210_sample_id_46", "ds_639_sample_id_74", "ds_737_sample_id_67", "ds_292_sample_id_19", "ds_676_sample_id_38", "ds_428_sample_id_58", "ds_113_sample_id_7", "ds_320_sample_id_52", "ds_822_sample_id_69", "ds_559_sample_id_73", "ds_420_sample_id_50", "ds_817_sample_id_81", "ds_19_sample_id_84", "ds_69_sample_id_28", "ds_697_sample_id_23", "ds_332_sample_id_88", "ds_306_sample_id_86", "ds_325_sample_id_4", "ds_351_sample_id_10", "ds_148_sample_id_68"], "group_10": ["ds_588_sample_id_12", "ds_280_sample_id_0", "ds_653_sample_id_20", "ds_858_sample_id_79", "ds_456_sample_id_47", "ds_334_sample_id_71", "ds_632_sample_id_57", "ds_39_sample_id_24", "ds_291_sample_id_89", "ds_433_sample_id_17", "ds_609_sample_id_77", "ds_65_sample_id_30", "ds_332_sample_id_75", "ds_325_sample_id_4", "ds_351_sample_id_10", "ds_148_sample_id_68"], "group_18": ["ds_588_sample_id_12", "ds_846_sample_id_85", "ds_787_sample_id_18", "ds_523_sample_id_3", "ds_352_sample_id_9", "ds_710_sample_id_65", "ds_609_sample_id_77", "ds_791_sample_id_42", "ds_849_sample_id_76", "ds_693_sample_id_51", "ds_697_sample_id_23", "ds_14_sample_id_22"], "group_3": ["ds_846_sample_id_85", "ds_598_sample_id_36", "ds_770_sample_id_54", "ds_231_sample_id_55", "ds_796_sample_id_37", "ds_523_sample_id_3", "ds_334_sample_id_71", "ds_39_sample_id_24", "ds_444_sample_id_60", "ds_588_sample_id_90", "ds_433_sample_id_17", "ds_428_sample_id_58", "ds_653_sample_id_44", "ds_531_sample_id_41", "ds_791_sample_id_42", "ds_19_sample_id_84", "ds_515_sample_id_13", "ds_849_sample_id_76", "ds_111_sample_id_21", "ds_65_sample_id_30", "ds_139_sample_id_53", "ds_306_sample_id_86", "ds_585_sample_id_26", "ds_351_sample_id_10", "ds_148_sample_id_68"], "group_16": ["ds_787_sample_id_18", "ds_760_sample_id_66", "ds_704_sample_id_35", "ds_842_sample_id_6", "ds_456_sample_id_47", "ds_351_sample_id_56", "ds_708_sample_id_25", "ds_460_sample_id_91", "ds_340_sample_id_43", "ds_676_sample_id_38", "ds_653_sample_id_44", "ds_531_sample_id_41", "ds_768_sample_id_80", "ds_111_sample_id_21", "ds_65_sample_id_30", "ds_332_sample_id_75", "ds_576_sample_id_72", "ds_693_sample_id_51"], "group_2": ["ds_280_sample_id_0", "ds_796_sample_id_37", "ds_526_sample_id_16", "ds_864_sample_id_40", "ds_613_sample_id_62", "ds_39_sample_id_24", "ds_291_sample_id_89", "ds_428_sample_id_58", "ds_756_sample_id_8", "ds_531_sample_id_41", "ds_113_sample_id_7", "ds_304_sample_id_49", "ds_320_sample_id_52", "ds_822_sample_id_69", "ds_849_sample_id_76", "ds_65_sample_id_30", "ds_319_sample_id_83", "ds_69_sample_id_28", "ds_697_sample_id_23", "ds_14_sample_id_22", "ds_325_sample_id_4", "ds_682_sample_id_63", "ds_284_sample_id_48", "ds_355_sample_id_87"], "group_11": ["ds_280_sample_id_0", "ds_312_sample_id_82", "ds_634_sample_id_59", "ds_864_sample_id_40", "ds_802_sample_id_31", "ds_352_sample_id_9", "ds_700_sample_id_61", "ds_613_sample_id_62", "ds_588_sample_id_90", "ds_676_sample_id_38", "ds_653_sample_id_44", "ds_531_sample_id_41", "ds_666_sample_id_45", "ds_559_sample_id_73", "ds_19_sample_id_84", "ds_849_sample_id_76", "ds_768_sample_id_80", "ds_463_sample_id_70", "ds_332_sample_id_75", "ds_245_sample_id_29", "ds_356_sample_id_64", "ds_644_sample_id_1"], "group_19": ["ds_704_sample_id_35", "ds_231_sample_id_55", "ds_526_sample_id_16", "ds_441_sample_id_34", "ds_292_sample_id_19", "ds_588_sample_id_90", "ds_347_sample_id_2", "ds_433_sample_id_17", "ds_428_sample_id_58", "ds_531_sample_id_41", "ds_320_sample_id_52", "ds_791_sample_id_42", "ds_69_sample_id_28", "ds_325_sample_id_4", "ds_245_sample_id_29", "ds_356_sample_id_64"], "group_1": ["ds_653_sample_id_20", "ds_231_sample_id_55", "ds_858_sample_id_79", "ds_842_sample_id_6", "ds_634_sample_id_59", "ds_526_sample_id_16", "ds_864_sample_id_40", "ds_210_sample_id_46", "ds_639_sample_id_74", "ds_292_sample_id_19", "ds_444_sample_id_60", "ds_756_sample_id_8", "ds_515_sample_id_13", "ds_576_sample_id_72", "ds_69_sample_id_28", "ds_528_sample_id_32", "ds_644_sample_id_1", "ds_355_sample_id_87"], "group_7": ["ds_653_sample_id_20", "ds_598_sample_id_36", "ds_456_sample_id_47", "ds_351_sample_id_56", "ds_634_sample_id_59", "ds_334_sample_id_71", "ds_632_sample_id_57", "ds_737_sample_id_67", "ds_588_sample_id_90", "ds_433_sample_id_17", "ds_628_sample_id_33", "ds_653_sample_id_44", "ds_756_sample_id_8", "ds_779_sample_id_27", "ds_515_sample_id_13", "ds_768_sample_id_80", "ds_463_sample_id_70", "ds_693_sample_id_51", "ds_697_sample_id_23", "ds_528_sample_id_32", "ds_585_sample_id_26", "ds_284_sample_id_48", "ds_148_sample_id_68", "ds_644_sample_id_1"], "group_15": ["ds_653_sample_id_20", "ds_842_sample_id_6", "ds_634_sample_id_59", "ds_526_sample_id_16", "ds_768_sample_id_5", "ds_864_sample_id_40", "ds_210_sample_id_46", "ds_632_sample_id_57", "ds_340_sample_id_43", "ds_292_sample_id_19", "ds_304_sample_id_49", "ds_320_sample_id_52", "ds_420_sample_id_50", "ds_19_sample_id_84", "ds_65_sample_id_30", "ds_463_sample_id_70", "ds_139_sample_id_53", "ds_332_sample_id_88", "ds_306_sample_id_86", "ds_245_sample_id_29"], "group_12": ["ds_312_sample_id_82", "ds_460_sample_id_91", "ds_472_sample_id_92", "ds_628_sample_id_33", "ds_779_sample_id_27", "ds_817_sample_id_81", "ds_515_sample_id_13", "ds_849_sample_id_76", "ds_5_sample_id_14", "ds_139_sample_id_53", "ds_576_sample_id_72", "ds_14_sample_id_22", "ds_306_sample_id_86", "ds_585_sample_id_26"], "group_14": ["ds_456_sample_id_47", "ds_796_sample_id_37", "ds_523_sample_id_3", "ds_768_sample_id_5", "ds_460_sample_id_91", "ds_441_sample_id_34", "ds_700_sample_id_61", "ds_737_sample_id_67", "ds_874_sample_id_39", "ds_113_sample_id_7", "ds_304_sample_id_49", "ds_791_sample_id_42", "ds_420_sample_id_50", "ds_817_sample_id_81", "ds_319_sample_id_83", "ds_697_sample_id_23", "ds_325_sample_id_4", "ds_585_sample_id_26", "ds_351_sample_id_10", "ds_356_sample_id_64"]}}