{"ds_627_sample_id_0": [], "ds_320_sample_id_1": [], "ds_261_sample_id_2": [], "ds_578_sample_id_3": [], "ds_9_sample_id_4": [], "ds_471_sample_id_5": [], "ds_793_sample_id_6": [], "ds_340_sample_id_7": [], "ds_567_sample_id_8": [], "ds_435_sample_id_9": [], "ds_852_sample_id_10": [], "ds_534_sample_id_11": [], "ds_258_sample_id_12": [], "ds_849_sample_id_13": [], "ds_278_sample_id_14": [], "ds_56_sample_id_15": [], "ds_658_sample_id_16": [], "ds_597_sample_id_17": [], "ds_679_sample_id_18": [], "ds_767_sample_id_19": [], "ds_574_sample_id_20": [], "ds_794_sample_id_21": [], "ds_145_sample_id_22": [], "ds_604_sample_id_23": [], "ds_354_sample_id_24": [], "ds_771_sample_id_25": [], "ds_838_sample_id_26": [], "ds_443_sample_id_27": [], "ds_680_sample_id_28": [], "ds_325_sample_id_29": [], "ds_570_sample_id_30": [], "ds_318_sample_id_31": [], "ds_166_sample_id_32": [], "ds_171_sample_id_33": [], "ds_869_sample_id_34": [], "ds_230_sample_id_35": [], "ds_682_sample_id_36": [], "ds_519_sample_id_37": [], "ds_221_sample_id_38": [], "ds_343_sample_id_39": [], "ds_189_sample_id_40": [], "ds_276_sample_id_41": [], "ds_195_sample_id_42": [], "ds_611_sample_id_43": [], "ds_74_sample_id_44": ["DOMAIN_NAME", "EMAIL_ADDRESS"], "ds_628_sample_id_45": [], "ds_17_sample_id_46": [], "ds_736_sample_id_47": [], "ds_393_sample_id_48": [], "ds_587_sample_id_49": [], "ds_588_sample_id_50": [], "ds_750_sample_id_51": [], "ds_606_sample_id_52": [], "ds_89_sample_id_53": ["DOMAIN_NAME", "EMAIL_ADDRESS", "PERSON"], "ds_820_sample_id_54": [], "ds_180_sample_id_55": [], "ds_330_sample_id_56": [], "ds_831_sample_id_57": [], "ds_251_sample_id_58": [], "ds_1_sample_id_59": [], "ds_467_sample_id_60": [], "ds_427_sample_id_61": [], "ds_551_sample_id_62": [], "ds_615_sample_id_63": [], "ds_565_sample_id_64": [], "ds_396_sample_id_65": [], "ds_655_sample_id_66": [], "ds_398_sample_id_67": [], "ds_840_sample_id_68": [], "ds_822_sample_id_69": [], "ds_43_sample_id_70": [], "ds_793_sample_id_71": [], "ds_626_sample_id_72": [], "ds_799_sample_id_73": [], "ds_172_sample_id_74": []}