{"ds_7_sample_id_0": [], "ds_44_sample_id_1": ["DOMAIN_NAME", "IP_ADDRESS", "PERSON"], "ds_48_sample_id_2": ["DOMAIN_NAME", "IP_ADDRESS", "PERSON"], "ds_2_sample_id_3": [], "ds_4_sample_id_4": [], "ds_25_sample_id_5": [], "ds_65_sample_id_6": [], "ds_34_sample_id_7": [], "ds_5_sample_id_8": [], "ds_17_sample_id_9": [], "ds_24_sample_id_10": [], "ds_63_sample_id_11": [], "ds_16_sample_id_12": [], "ds_47_sample_id_13": [], "ds_16_sample_id_14": [], "ds_54_sample_id_15": [], "ds_13_sample_id_16": [], "ds_45_sample_id_17": ["DOMAIN_NAME", "IP_ADDRESS", "PERSON"], "ds_11_sample_id_18": ["DOMAIN_NAME", "EMAIL_ADDRESS", "IP_ADDRESS", "PERSON"], "ds_6_sample_id_19": [], "ds_38_sample_id_20": [], "ds_40_sample_id_21": [], "ds_19_sample_id_22": ["DOMAIN_NAME", "EMAIL_ADDRESS", "IP_ADDRESS", "PERSON"], "ds_62_sample_id_23": [], "ds_33_sample_id_24": [], "ds_51_sample_id_25": [], "ds_38_sample_id_26": [], "ds_52_sample_id_27": ["PERSON"], "ds_25_sample_id_28": [], "ds_27_sample_id_29": ["DOMAIN_NAME", "IP_ADDRESS"], "ds_1_sample_id_30": [], "ds_52_sample_id_31": ["PERSON"], "ds_39_sample_id_32": [], "ds_64_sample_id_33": [], "ds_52_sample_id_34": ["PERSON"], "ds_64_sample_id_35": [], "ds_48_sample_id_36": ["DOMAIN_NAME", "IP_ADDRESS", "PERSON"], "ds_17_sample_id_37": [], "ds_38_sample_id_38": [], "ds_26_sample_id_39": ["DOMAIN_NAME", "IP_ADDRESS", "PERSON"], "ds_37_sample_id_40": [], "ds_60_sample_id_41": [], "ds_49_sample_id_42": [], "ds_19_sample_id_43": ["DOMAIN_NAME", "EMAIL_ADDRESS", "IP_ADDRESS", "PERSON"], "ds_26_sample_id_44": ["DOMAIN_NAME", "IP_ADDRESS", "PERSON"], "ds_1_sample_id_45": [], "ds_12_sample_id_46": [], "ds_6_sample_id_47": [], "ds_53_sample_id_48": ["DOMAIN_NAME", "IP_ADDRESS", "PERSON"], "ds_18_sample_id_49": [], "ds_42_sample_id_50": [], "ds_28_sample_id_51": [], "ds_2_sample_id_52": [], "ds_56_sample_id_53": [], "ds_46_sample_id_54": [], "ds_32_sample_id_55": [], "ds_63_sample_id_56": [], "ds_42_sample_id_57": [], "ds_65_sample_id_58": [], "ds_62_sample_id_59": [], "ds_18_sample_id_60": [], "ds_15_sample_id_61": [], "ds_64_sample_id_62": [], "ds_32_sample_id_63": []}