{"user_group_edges": {"group_2": ["user_30_sample_id_1"], "group_19": ["user_30_sample_id_1", "user_15_sample_id_11", "user_29_sample_id_5"], "group_0": ["user_19_sample_id_7", "user_29_sample_id_5"], "group_6": ["user_19_sample_id_7", "user_25_sample_id_2"], "group_10": ["user_19_sample_id_7", "user_8_sample_id_3", "user_15_sample_id_11", "user_5_sample_id_12", "user_1_sample_id_4", "user_27_sample_id_8"], "group_1": ["user_13_sample_id_0"], "group_4": ["user_13_sample_id_0", "user_15_sample_id_11", "user_1_sample_id_4", "user_21_sample_id_6"], "group_8": ["user_13_sample_id_0", "user_5_sample_id_12", "user_23_sample_id_9"], "group_7": ["user_8_sample_id_3"], "group_12": ["user_8_sample_id_3", "user_21_sample_id_6", "user_17_sample_id_10", "user_29_sample_id_5"], "group_3": ["user_15_sample_id_11", "user_23_sample_id_9"], "group_11": ["user_15_sample_id_11"], "group_17": ["user_5_sample_id_12"], "group_18": ["user_5_sample_id_12", "user_21_sample_id_6", "user_29_sample_id_5"], "group_13": ["user_1_sample_id_4"], "group_9": ["user_27_sample_id_8"], "group_14": ["user_21_sample_id_6", "user_23_sample_id_9"], "group_5": ["user_17_sample_id_10"], "group_16": ["user_25_sample_id_2"]}, "group_data_store_edges": {"group_0": ["ds_65_sample_id_60", "ds_4_sample_id_24", "ds_26_sample_id_27", "ds_47_sample_id_14", "ds_2_sample_id_21", "ds_30_sample_id_82", "ds_55_sample_id_18", "ds_33_sample_id_39", "ds_1_sample_id_16", "ds_30_sample_id_90", "ds_56_sample_id_95", "ds_6_sample_id_107", "ds_9_sample_id_75", "ds_32_sample_id_22", "ds_60_sample_id_2", "ds_14_sample_id_38", "ds_17_sample_id_57", "ds_21_sample_id_120", "ds_20_sample_id_42", "ds_32_sample_id_19", "ds_44_sample_id_94", "ds_4_sample_id_35", "ds_24_sample_id_53", "ds_10_sample_id_54", "ds_39_sample_id_74", "ds_45_sample_id_114", "ds_21_sample_id_89", "ds_15_sample_id_123", "ds_29_sample_id_20", "ds_60_sample_id_83", "ds_46_sample_id_23", "ds_29_sample_id_46", "ds_62_sample_id_99", "ds_27_sample_id_28", "ds_20_sample_id_77", "ds_34_sample_id_6", "ds_42_sample_id_61", "ds_27_sample_id_104", "ds_50_sample_id_78", "ds_41_sample_id_101", "ds_8_sample_id_34", "ds_22_sample_id_81", "ds_27_sample_id_87", "ds_18_sample_id_37", "ds_14_sample_id_70", "ds_22_sample_id_43", "ds_60_sample_id_112", "ds_36_sample_id_80", "ds_10_sample_id_55", "ds_15_sample_id_71", "ds_23_sample_id_32", "ds_19_sample_id_111", "ds_27_sample_id_12", "ds_19_sample_id_93", "ds_27_sample_id_59"], "group_2": ["ds_65_sample_id_60", "ds_35_sample_id_73", "ds_52_sample_id_10", "ds_26_sample_id_27", "ds_26_sample_id_86", "ds_36_sample_id_44", "ds_2_sample_id_5", "ds_40_sample_id_0", "ds_33_sample_id_39", "ds_43_sample_id_108", "ds_62_sample_id_8", "ds_36_sample_id_52", "ds_6_sample_id_107", "ds_28_sample_id_105", "ds_60_sample_id_2", "ds_31_sample_id_63", "ds_17_sample_id_57", "ds_21_sample_id_120", "ds_44_sample_id_94", "ds_10_sample_id_54", "ds_32_sample_id_79", "ds_45_sample_id_114", "ds_23_sample_id_121", "ds_17_sample_id_97", "ds_62_sample_id_13", "ds_32_sample_id_106", "ds_15_sample_id_123", "ds_29_sample_id_20", "ds_60_sample_id_83", "ds_46_sample_id_23", "ds_29_sample_id_46", "ds_9_sample_id_68", "ds_21_sample_id_100", "ds_62_sample_id_99", "ds_24_sample_id_9", "ds_27_sample_id_28", "ds_6_sample_id_33", "ds_66_sample_id_124", "ds_20_sample_id_77", "ds_6_sample_id_69", "ds_33_sample_id_1", "ds_42_sample_id_61", "ds_50_sample_id_78", "ds_4_sample_id_102", "ds_42_sample_id_67", "ds_12_sample_id_40", "ds_27_sample_id_87", "ds_38_sample_id_85", "ds_60_sample_id_112", "ds_36_sample_id_80", "ds_28_sample_id_41", "ds_10_sample_id_55", "ds_54_sample_id_47", "ds_27_sample_id_11", "ds_3_sample_id_92", "ds_23_sample_id_32", "ds_21_sample_id_36", "ds_27_sample_id_12", "ds_3_sample_id_65", "ds_64_sample_id_66", "ds_22_sample_id_4", "ds_19_sample_id_93", "ds_27_sample_id_59"], "group_3": ["ds_65_sample_id_60", "ds_52_sample_id_10", "ds_4_sample_id_24", "ds_16_sample_id_98", "ds_26_sample_id_86", "ds_13_sample_id_51", "ds_30_sample_id_82", "ds_2_sample_id_5", "ds_40_sample_id_0", "ds_33_sample_id_39", "ds_43_sample_id_108", "ds_10_sample_id_118", "ds_6_sample_id_107", "ds_9_sample_id_75", "ds_17_sample_id_57", "ds_20_sample_id_42", "ds_24_sample_id_53", "ds_23_sample_id_121", "ds_62_sample_id_13", "ds_21_sample_id_89", "ds_45_sample_id_56", "ds_29_sample_id_20", "ds_60_sample_id_83", "ds_24_sample_id_45", "ds_29_sample_id_46", "ds_21_sample_id_100", "ds_53_sample_id_113", "ds_24_sample_id_9", "ds_52_sample_id_119", "ds_28_sample_id_62", "ds_33_sample_id_1", "ds_49_sample_id_3", "ds_42_sample_id_30", "ds_4_sample_id_102", "ds_51_sample_id_26", "ds_19_sample_id_49", "ds_18_sample_id_37", "ds_22_sample_id_43", "ds_28_sample_id_41", "ds_20_sample_id_25", "ds_54_sample_id_47", "ds_16_sample_id_76", "ds_43_sample_id_122", "ds_15_sample_id_71", "ds_10_sample_id_48", "ds_19_sample_id_111", "ds_21_sample_id_36", "ds_27_sample_id_12", "ds_3_sample_id_65", "ds_37_sample_id_84", "ds_22_sample_id_4"], "group_4": ["ds_65_sample_id_60", "ds_26_sample_id_27", "ds_16_sample_id_98", "ds_26_sample_id_86", "ds_36_sample_id_44", "ds_55_sample_id_18", "ds_44_sample_id_94", "ds_45_sample_id_114", "ds_62_sample_id_13", "ds_20_sample_id_50", "ds_46_sample_id_23", "ds_9_sample_id_68", "ds_21_sample_id_100", "ds_28_sample_id_15", "ds_52_sample_id_119", "ds_34_sample_id_6", "ds_49_sample_id_3", "ds_40_sample_id_31", "ds_51_sample_id_26", "ds_3_sample_id_109", "ds_18_sample_id_37", "ds_11_sample_id_116", "ds_14_sample_id_70", "ds_20_sample_id_25", "ds_54_sample_id_47", "ds_27_sample_id_11", "ds_23_sample_id_32", "ds_27_sample_id_12"], "group_5": ["ds_65_sample_id_60", "ds_35_sample_id_73", "ds_52_sample_id_10", "ds_4_sample_id_24", "ds_26_sample_id_27", "ds_47_sample_id_14", "ds_26_sample_id_86", "ds_13_sample_id_51", "ds_36_sample_id_44", "ds_30_sample_id_82", "ds_21_sample_id_96", "ds_2_sample_id_5", "ds_40_sample_id_0", "ds_33_sample_id_39", "ds_20_sample_id_88", "ds_1_sample_id_16", "ds_30_sample_id_90", "ds_22_sample_id_103", "ds_10_sample_id_118", "ds_62_sample_id_8", "ds_6_sample_id_107", "ds_9_sample_id_75", "ds_32_sample_id_22", "ds_28_sample_id_105", "ds_31_sample_id_63", "ds_17_sample_id_57", "ds_21_sample_id_120", "ds_20_sample_id_42", "ds_24_sample_id_53", "ds_32_sample_id_79", "ds_39_sample_id_74", "ds_17_sample_id_97", "ds_21_sample_id_89", "ds_20_sample_id_50", "ds_45_sample_id_56", "ds_64_sample_id_58", "ds_29_sample_id_20", "ds_46_sample_id_23", "ds_29_sample_id_46", "ds_9_sample_id_68", "ds_24_sample_id_9", "ds_28_sample_id_15", "ds_52_sample_id_119", "ds_66_sample_id_124", "ds_20_sample_id_77", "ds_28_sample_id_62", "ds_33_sample_id_1", "ds_42_sample_id_61", "ds_50_sample_id_78", "ds_42_sample_id_30", "ds_4_sample_id_102", "ds_8_sample_id_34", "ds_42_sample_id_67", "ds_51_sample_id_26", "ds_22_sample_id_81", "ds_17_sample_id_29", "ds_18_sample_id_37", "ds_11_sample_id_116", "ds_14_sample_id_70", "ds_38_sample_id_85", "ds_22_sample_id_43", "ds_18_sample_id_110", "ds_36_sample_id_80", "ds_28_sample_id_41", "ds_10_sample_id_55", "ds_20_sample_id_25", "ds_30_sample_id_7", "ds_27_sample_id_11", "ds_23_sample_id_32", "ds_65_sample_id_17", "ds_22_sample_id_4", "ds_5_sample_id_64", "ds_27_sample_id_59"], "group_6": ["ds_65_sample_id_60", "ds_35_sample_id_73", "ds_26_sample_id_27", "ds_47_sample_id_14", "ds_26_sample_id_86", "ds_2_sample_id_21", "ds_36_sample_id_44", "ds_55_sample_id_18", "ds_33_sample_id_39", "ds_1_sample_id_16", "ds_56_sample_id_95", "ds_28_sample_id_105", "ds_20_sample_id_42", "ds_44_sample_id_94", "ds_4_sample_id_35", "ds_17_sample_id_97", "ds_62_sample_id_13", "ds_45_sample_id_56", "ds_64_sample_id_58", "ds_15_sample_id_123", "ds_60_sample_id_83", "ds_46_sample_id_23", "ds_28_sample_id_15", "ds_52_sample_id_119", "ds_6_sample_id_33", "ds_20_sample_id_77", "ds_34_sample_id_6", "ds_28_sample_id_62", "ds_33_sample_id_1", "ds_42_sample_id_61", "ds_50_sample_id_78", "ds_42_sample_id_30", "ds_40_sample_id_31", "ds_41_sample_id_101", "ds_20_sample_id_117", "ds_8_sample_id_34", "ds_12_sample_id_40", "ds_51_sample_id_26", "ds_3_sample_id_109", "ds_27_sample_id_87", "ds_18_sample_id_37", "ds_11_sample_id_116", "ds_38_sample_id_85", "ds_18_sample_id_110", "ds_36_sample_id_80", "ds_54_sample_id_47", "ds_30_sample_id_7", "ds_16_sample_id_76", "ds_43_sample_id_122", "ds_9_sample_id_72", "ds_23_sample_id_32", "ds_37_sample_id_84", "ds_64_sample_id_66", "ds_19_sample_id_93", "ds_5_sample_id_64"], "group_8": ["ds_65_sample_id_60", "ds_35_sample_id_73", "ds_47_sample_id_14", "ds_26_sample_id_86", "ds_13_sample_id_51", "ds_36_sample_id_44", "ds_30_sample_id_82", "ds_21_sample_id_96", "ds_33_sample_id_39", "ds_43_sample_id_108", "ds_30_sample_id_90", "ds_10_sample_id_118", "ds_62_sample_id_8", "ds_9_sample_id_75", "ds_32_sample_id_22", "ds_60_sample_id_2", "ds_14_sample_id_38", "ds_20_sample_id_42", "ds_44_sample_id_94", "ds_32_sample_id_79", "ds_45_sample_id_56", "ds_32_sample_id_106", "ds_29_sample_id_20", "ds_46_sample_id_23", "ds_24_sample_id_45", "ds_29_sample_id_46", "ds_62_sample_id_99", "ds_6_sample_id_33", "ds_66_sample_id_124", "ds_20_sample_id_77", "ds_28_sample_id_62", "ds_33_sample_id_1", "ds_42_sample_id_61", "ds_50_sample_id_78", "ds_1_sample_id_91", "ds_40_sample_id_31", "ds_17_sample_id_29", "ds_27_sample_id_87", "ds_14_sample_id_70", "ds_38_sample_id_85", "ds_10_sample_id_55", "ds_30_sample_id_7", "ds_15_sample_id_71", "ds_10_sample_id_48", "ds_22_sample_id_4", "ds_5_sample_id_64"], "group_10": ["ds_65_sample_id_60", "ds_26_sample_id_27", "ds_16_sample_id_98", "ds_21_sample_id_96", "ds_43_sample_id_108", "ds_32_sample_id_19", "ds_23_sample_id_121", "ds_17_sample_id_97", "ds_21_sample_id_89", "ds_45_sample_id_56", "ds_15_sample_id_123", "ds_24_sample_id_45", "ds_62_sample_id_99", "ds_27_sample_id_104", "ds_50_sample_id_78", "ds_42_sample_id_30", "ds_51_sample_id_26", "ds_19_sample_id_49", "ds_17_sample_id_29", "ds_27_sample_id_87", "ds_14_sample_id_70", "ds_28_sample_id_41", "ds_10_sample_id_55", "ds_23_sample_id_32", "ds_19_sample_id_111", "ds_21_sample_id_36", "ds_27_sample_id_12"], "group_12": ["ds_65_sample_id_60", "ds_52_sample_id_10", "ds_16_sample_id_98", "ds_2_sample_id_21", "ds_55_sample_id_18", "ds_43_sample_id_108", "ds_20_sample_id_88", "ds_30_sample_id_90", "ds_56_sample_id_95", "ds_60_sample_id_2", "ds_32_sample_id_79", "ds_39_sample_id_74", "ds_20_sample_id_50", "ds_15_sample_id_123", "ds_60_sample_id_83", "ds_62_sample_id_99", "ds_6_sample_id_33", "ds_27_sample_id_104", "ds_20_sample_id_117", "ds_8_sample_id_34", "ds_12_sample_id_40", "ds_44_sample_id_115", "ds_19_sample_id_49", "ds_22_sample_id_43", "ds_10_sample_id_55", "ds_20_sample_id_25", "ds_9_sample_id_72", "ds_10_sample_id_48", "ds_64_sample_id_66", "ds_19_sample_id_93"], "group_14": ["ds_65_sample_id_60", "ds_35_sample_id_73", "ds_26_sample_id_27", "ds_2_sample_id_21", "ds_43_sample_id_108", "ds_20_sample_id_88", "ds_1_sample_id_16", "ds_10_sample_id_118", "ds_62_sample_id_8", "ds_56_sample_id_95", "ds_36_sample_id_52", "ds_6_sample_id_107", "ds_32_sample_id_22", "ds_28_sample_id_105", "ds_60_sample_id_2", "ds_31_sample_id_63", "ds_32_sample_id_19", "ds_44_sample_id_94", "ds_45_sample_id_56", "ds_32_sample_id_106", "ds_15_sample_id_123", "ds_29_sample_id_20", "ds_60_sample_id_83", "ds_46_sample_id_23", "ds_24_sample_id_45", "ds_29_sample_id_46", "ds_21_sample_id_100", "ds_62_sample_id_99", "ds_24_sample_id_9", "ds_66_sample_id_124", "ds_34_sample_id_6", "ds_6_sample_id_69", "ds_33_sample_id_1", "ds_42_sample_id_61", "ds_1_sample_id_91", "ds_42_sample_id_30", "ds_40_sample_id_31", "ds_4_sample_id_102", "ds_42_sample_id_67", "ds_19_sample_id_49", "ds_17_sample_id_29", "ds_36_sample_id_80", "ds_28_sample_id_41", "ds_54_sample_id_47", "ds_16_sample_id_76", "ds_27_sample_id_11", "ds_43_sample_id_122", "ds_9_sample_id_72", "ds_27_sample_id_12", "ds_3_sample_id_65", "ds_65_sample_id_17", "ds_64_sample_id_66", "ds_22_sample_id_4", "ds_27_sample_id_59"], "group_17": ["ds_65_sample_id_60", "ds_4_sample_id_24", "ds_26_sample_id_27", "ds_47_sample_id_14", "ds_13_sample_id_51", "ds_21_sample_id_96", "ds_40_sample_id_0", "ds_55_sample_id_18", "ds_22_sample_id_103", "ds_10_sample_id_118", "ds_32_sample_id_22", "ds_28_sample_id_105", "ds_14_sample_id_38", "ds_17_sample_id_57", "ds_21_sample_id_120", "ds_20_sample_id_42", "ds_44_sample_id_94", "ds_10_sample_id_54", "ds_39_sample_id_74", "ds_17_sample_id_97", "ds_45_sample_id_56", "ds_64_sample_id_58", "ds_32_sample_id_106", "ds_15_sample_id_123", "ds_29_sample_id_20", "ds_60_sample_id_83", "ds_9_sample_id_68", "ds_21_sample_id_100", "ds_24_sample_id_9", "ds_27_sample_id_28", "ds_6_sample_id_33", "ds_20_sample_id_77", "ds_28_sample_id_62", "ds_6_sample_id_69", "ds_33_sample_id_1", "ds_27_sample_id_104", "ds_50_sample_id_78", "ds_40_sample_id_31", "ds_41_sample_id_101", "ds_4_sample_id_102", "ds_8_sample_id_34", "ds_42_sample_id_67", "ds_22_sample_id_81", "ds_22_sample_id_43", "ds_60_sample_id_112", "ds_28_sample_id_41", "ds_10_sample_id_55", "ds_20_sample_id_25", "ds_54_sample_id_47", "ds_27_sample_id_11", "ds_43_sample_id_122", "ds_3_sample_id_92", "ds_15_sample_id_71", "ds_23_sample_id_32", "ds_19_sample_id_111", "ds_27_sample_id_12", "ds_3_sample_id_65", "ds_37_sample_id_84", "ds_22_sample_id_4", "ds_19_sample_id_93", "ds_27_sample_id_59"], "group_18": ["ds_65_sample_id_60", "ds_52_sample_id_10", "ds_4_sample_id_24", "ds_26_sample_id_27", "ds_26_sample_id_86", "ds_2_sample_id_21", "ds_30_sample_id_82", "ds_2_sample_id_5", "ds_1_sample_id_16", "ds_30_sample_id_90", "ds_10_sample_id_118", "ds_56_sample_id_95", "ds_9_sample_id_75", "ds_60_sample_id_2", "ds_14_sample_id_38", "ds_31_sample_id_63", "ds_21_sample_id_120", "ds_4_sample_id_35", "ds_10_sample_id_54", "ds_39_sample_id_74", "ds_17_sample_id_97", "ds_62_sample_id_13", "ds_20_sample_id_50", "ds_32_sample_id_106", "ds_15_sample_id_123", "ds_29_sample_id_20", "ds_60_sample_id_83", "ds_46_sample_id_23", "ds_24_sample_id_45", "ds_28_sample_id_15", "ds_6_sample_id_33", "ds_50_sample_id_78", "ds_40_sample_id_31", "ds_41_sample_id_101", "ds_17_sample_id_29", "ds_22_sample_id_43", "ds_18_sample_id_110", "ds_20_sample_id_25", "ds_16_sample_id_76", "ds_15_sample_id_71", "ds_65_sample_id_17", "ds_19_sample_id_93"], "group_19": ["ds_65_sample_id_60", "ds_52_sample_id_10", "ds_13_sample_id_51", "ds_21_sample_id_96", "ds_40_sample_id_0", "ds_55_sample_id_18", "ds_22_sample_id_103", "ds_10_sample_id_118", "ds_9_sample_id_75", "ds_14_sample_id_38", "ds_31_sample_id_63", "ds_21_sample_id_120", "ds_20_sample_id_42", "ds_32_sample_id_19", "ds_44_sample_id_94", "ds_23_sample_id_121", "ds_21_sample_id_89", "ds_20_sample_id_50", "ds_45_sample_id_56", "ds_29_sample_id_20", "ds_60_sample_id_83", "ds_24_sample_id_45", "ds_53_sample_id_113", "ds_27_sample_id_28", "ds_52_sample_id_119", "ds_33_sample_id_1", "ds_49_sample_id_3", "ds_50_sample_id_78", "ds_40_sample_id_31", "ds_20_sample_id_117", "ds_3_sample_id_109", "ds_19_sample_id_49", "ds_17_sample_id_29", "ds_11_sample_id_116", "ds_14_sample_id_70", "ds_60_sample_id_112", "ds_10_sample_id_55", "ds_20_sample_id_25", "ds_43_sample_id_122", "ds_3_sample_id_92", "ds_15_sample_id_71", "ds_23_sample_id_32", "ds_10_sample_id_48", "ds_21_sample_id_36", "ds_3_sample_id_65", "ds_37_sample_id_84", "ds_5_sample_id_64"], "group_7": ["ds_35_sample_id_73", "ds_52_sample_id_10", "ds_47_sample_id_14", "ds_16_sample_id_98", "ds_2_sample_id_21", "ds_36_sample_id_44", "ds_30_sample_id_82", "ds_40_sample_id_0", "ds_55_sample_id_18", "ds_33_sample_id_39", "ds_1_sample_id_16", "ds_30_sample_id_90", "ds_36_sample_id_52", "ds_6_sample_id_107", "ds_28_sample_id_105", "ds_60_sample_id_2", "ds_14_sample_id_38", "ds_31_sample_id_63", "ds_21_sample_id_120", "ds_20_sample_id_42", "ds_32_sample_id_19", "ds_44_sample_id_94", "ds_4_sample_id_35", "ds_24_sample_id_53", "ds_10_sample_id_54", "ds_39_sample_id_74", "ds_45_sample_id_114", "ds_20_sample_id_50", "ds_64_sample_id_58", "ds_29_sample_id_20", "ds_60_sample_id_83", "ds_24_sample_id_45", "ds_29_sample_id_46", "ds_53_sample_id_113", "ds_24_sample_id_9", "ds_6_sample_id_33", "ds_20_sample_id_77", "ds_34_sample_id_6", "ds_28_sample_id_62", "ds_6_sample_id_69", "ds_27_sample_id_104", "ds_50_sample_id_78", "ds_1_sample_id_91", "ds_41_sample_id_101", "ds_20_sample_id_117", "ds_4_sample_id_102", "ds_42_sample_id_67", "ds_44_sample_id_115", "ds_14_sample_id_70", "ds_38_sample_id_85", "ds_60_sample_id_112", "ds_18_sample_id_110", "ds_10_sample_id_55", "ds_30_sample_id_7", "ds_16_sample_id_76", "ds_27_sample_id_11", "ds_3_sample_id_92", "ds_9_sample_id_72", "ds_15_sample_id_71", "ds_21_sample_id_36", "ds_27_sample_id_12", "ds_3_sample_id_65", "ds_22_sample_id_4", "ds_19_sample_id_93", "ds_27_sample_id_59"], "group_11": ["ds_35_sample_id_73", "ds_52_sample_id_10", "ds_47_sample_id_14", "ds_16_sample_id_98", "ds_26_sample_id_86", "ds_2_sample_id_21", "ds_36_sample_id_44", "ds_40_sample_id_0", "ds_55_sample_id_18", "ds_1_sample_id_16", "ds_30_sample_id_90", "ds_22_sample_id_103", "ds_10_sample_id_118", "ds_36_sample_id_52", "ds_9_sample_id_75", "ds_32_sample_id_22", "ds_14_sample_id_38", "ds_17_sample_id_57", "ds_20_sample_id_42", "ds_32_sample_id_19", "ds_4_sample_id_35", "ds_45_sample_id_114", "ds_23_sample_id_121", "ds_17_sample_id_97", "ds_15_sample_id_123", "ds_60_sample_id_83", "ds_46_sample_id_23", "ds_9_sample_id_68", "ds_62_sample_id_99", "ds_28_sample_id_15", "ds_27_sample_id_28", "ds_52_sample_id_119", "ds_34_sample_id_6", "ds_28_sample_id_62", "ds_50_sample_id_78", "ds_41_sample_id_101", "ds_51_sample_id_26", "ds_3_sample_id_109", "ds_22_sample_id_81", "ds_19_sample_id_49", "ds_18_sample_id_37", "ds_11_sample_id_116", "ds_14_sample_id_70", "ds_22_sample_id_43", "ds_60_sample_id_112", "ds_18_sample_id_110", "ds_28_sample_id_41", "ds_10_sample_id_55", "ds_20_sample_id_25", "ds_54_sample_id_47", "ds_27_sample_id_11", "ds_43_sample_id_122", "ds_3_sample_id_92", "ds_9_sample_id_72", "ds_15_sample_id_71", "ds_10_sample_id_48", "ds_21_sample_id_36", "ds_3_sample_id_65", "ds_65_sample_id_17"], "group_15": ["ds_35_sample_id_73", "ds_52_sample_id_10", "ds_4_sample_id_24", "ds_16_sample_id_98", "ds_13_sample_id_51", "ds_36_sample_id_44", "ds_21_sample_id_96", "ds_2_sample_id_5", "ds_40_sample_id_0", "ds_55_sample_id_18", "ds_30_sample_id_90", "ds_22_sample_id_103", "ds_62_sample_id_8", "ds_56_sample_id_95", "ds_36_sample_id_52", "ds_6_sample_id_107", "ds_60_sample_id_2", "ds_14_sample_id_38", "ds_17_sample_id_57", "ds_21_sample_id_120", "ds_32_sample_id_19", "ds_44_sample_id_94", "ds_4_sample_id_35", "ds_24_sample_id_53", "ds_10_sample_id_54", "ds_45_sample_id_114", "ds_17_sample_id_97", "ds_62_sample_id_13", "ds_20_sample_id_50", "ds_32_sample_id_106", "ds_24_sample_id_45", "ds_24_sample_id_9", "ds_52_sample_id_119", "ds_50_sample_id_78", "ds_41_sample_id_101", "ds_4_sample_id_102", "ds_8_sample_id_34", "ds_42_sample_id_67", "ds_12_sample_id_40", "ds_22_sample_id_81", "ds_17_sample_id_29", "ds_27_sample_id_87", "ds_11_sample_id_116", "ds_60_sample_id_112", "ds_18_sample_id_110", "ds_36_sample_id_80", "ds_28_sample_id_41", "ds_10_sample_id_55", "ds_20_sample_id_25", "ds_54_sample_id_47", "ds_27_sample_id_11", "ds_43_sample_id_122", "ds_3_sample_id_92", "ds_9_sample_id_72", "ds_15_sample_id_71", "ds_23_sample_id_32", "ds_10_sample_id_48", "ds_19_sample_id_111", "ds_21_sample_id_36", "ds_3_sample_id_65", "ds_37_sample_id_84", "ds_22_sample_id_4", "ds_19_sample_id_93"], "group_16": ["ds_35_sample_id_73", "ds_52_sample_id_10", "ds_26_sample_id_27", "ds_47_sample_id_14", "ds_13_sample_id_51", "ds_21_sample_id_96", "ds_55_sample_id_18", "ds_43_sample_id_108", "ds_20_sample_id_88", "ds_22_sample_id_103", "ds_62_sample_id_8", "ds_56_sample_id_95", "ds_32_sample_id_22", "ds_28_sample_id_105", "ds_60_sample_id_2", "ds_31_sample_id_63", "ds_17_sample_id_57", "ds_20_sample_id_42", "ds_32_sample_id_19", "ds_44_sample_id_94", "ds_4_sample_id_35", "ds_24_sample_id_53", "ds_32_sample_id_79", "ds_39_sample_id_74", "ds_45_sample_id_114", "ds_23_sample_id_121", "ds_17_sample_id_97", "ds_62_sample_id_13", "ds_21_sample_id_89", "ds_20_sample_id_50", "ds_15_sample_id_123", "ds_29_sample_id_46", "ds_21_sample_id_100", "ds_53_sample_id_113", "ds_28_sample_id_15", "ds_52_sample_id_119", "ds_6_sample_id_33", "ds_20_sample_id_77", "ds_42_sample_id_61", "ds_27_sample_id_104", "ds_1_sample_id_91", "ds_41_sample_id_101", "ds_20_sample_id_117", "ds_4_sample_id_102", "ds_42_sample_id_67", "ds_44_sample_id_115", "ds_22_sample_id_81", "ds_19_sample_id_49", "ds_17_sample_id_29", "ds_11_sample_id_116", "ds_22_sample_id_43", "ds_60_sample_id_112", "ds_18_sample_id_110", "ds_28_sample_id_41", "ds_20_sample_id_25", "ds_54_sample_id_47", "ds_27_sample_id_11", "ds_43_sample_id_122", "ds_3_sample_id_92", "ds_9_sample_id_72", "ds_15_sample_id_71", "ds_21_sample_id_36", "ds_3_sample_id_65", "ds_65_sample_id_17", "ds_64_sample_id_66", "ds_22_sample_id_4", "ds_27_sample_id_59"], "group_9": ["ds_52_sample_id_10", "ds_4_sample_id_24", "ds_26_sample_id_86", "ds_2_sample_id_21", "ds_13_sample_id_51", "ds_36_sample_id_44", "ds_30_sample_id_82", "ds_21_sample_id_96", "ds_33_sample_id_39", "ds_20_sample_id_88", "ds_1_sample_id_16", "ds_10_sample_id_118", "ds_56_sample_id_95", "ds_36_sample_id_52", "ds_6_sample_id_107", "ds_32_sample_id_22", "ds_28_sample_id_105", "ds_60_sample_id_2", "ds_14_sample_id_38", "ds_31_sample_id_63", "ds_17_sample_id_57", "ds_21_sample_id_120", "ds_20_sample_id_42", "ds_32_sample_id_19", "ds_4_sample_id_35", "ds_24_sample_id_53", "ds_10_sample_id_54", "ds_39_sample_id_74", "ds_45_sample_id_114", "ds_17_sample_id_97", "ds_62_sample_id_13", "ds_21_sample_id_89", "ds_20_sample_id_50", "ds_45_sample_id_56", "ds_64_sample_id_58", "ds_46_sample_id_23", "ds_9_sample_id_68", "ds_53_sample_id_113", "ds_24_sample_id_9", "ds_27_sample_id_28", "ds_52_sample_id_119", "ds_6_sample_id_33", "ds_66_sample_id_124", "ds_20_sample_id_77", "ds_34_sample_id_6", "ds_6_sample_id_69", "ds_33_sample_id_1", "ds_42_sample_id_61", "ds_27_sample_id_104", "ds_1_sample_id_91", "ds_41_sample_id_101", "ds_20_sample_id_117", "ds_4_sample_id_102", "ds_8_sample_id_34", "ds_42_sample_id_67", "ds_12_sample_id_40", "ds_44_sample_id_115", "ds_3_sample_id_109", "ds_19_sample_id_49", "ds_17_sample_id_29", "ds_11_sample_id_116", "ds_38_sample_id_85", "ds_22_sample_id_43", "ds_60_sample_id_112", "ds_18_sample_id_110", "ds_36_sample_id_80", "ds_20_sample_id_25", "ds_54_sample_id_47", "ds_30_sample_id_7", "ds_27_sample_id_11", "ds_43_sample_id_122", "ds_9_sample_id_72", "ds_15_sample_id_71", "ds_10_sample_id_48", "ds_65_sample_id_17", "ds_37_sample_id_84", "ds_64_sample_id_66", "ds_22_sample_id_4", "ds_19_sample_id_93", "ds_27_sample_id_59"], "group_1": ["ds_47_sample_id_14", "ds_16_sample_id_98", "ds_36_sample_id_44", "ds_30_sample_id_82", "ds_2_sample_id_5", "ds_55_sample_id_18", "ds_43_sample_id_108", "ds_22_sample_id_103", "ds_10_sample_id_118", "ds_62_sample_id_8", "ds_36_sample_id_52", "ds_6_sample_id_107", "ds_28_sample_id_105", "ds_14_sample_id_38", "ds_31_sample_id_63", "ds_17_sample_id_57", "ds_21_sample_id_120", "ds_20_sample_id_42", "ds_32_sample_id_19", "ds_44_sample_id_94", "ds_4_sample_id_35", "ds_24_sample_id_53", "ds_32_sample_id_79", "ds_39_sample_id_74", "ds_45_sample_id_56", "ds_64_sample_id_58", "ds_15_sample_id_123", "ds_46_sample_id_23", "ds_29_sample_id_46", "ds_21_sample_id_100", "ds_24_sample_id_9", "ds_28_sample_id_15", "ds_27_sample_id_28", "ds_52_sample_id_119", "ds_6_sample_id_33", "ds_66_sample_id_124", "ds_33_sample_id_1", "ds_49_sample_id_3", "ds_27_sample_id_104", "ds_1_sample_id_91", "ds_42_sample_id_30", "ds_41_sample_id_101", "ds_20_sample_id_117", "ds_4_sample_id_102", "ds_42_sample_id_67", "ds_12_sample_id_40", "ds_51_sample_id_26", "ds_44_sample_id_115", "ds_3_sample_id_109", "ds_14_sample_id_70", "ds_36_sample_id_80", "ds_20_sample_id_25", "ds_43_sample_id_122", "ds_3_sample_id_92", "ds_9_sample_id_72", "ds_23_sample_id_32", "ds_10_sample_id_48", "ds_19_sample_id_111", "ds_21_sample_id_36", "ds_27_sample_id_12", "ds_5_sample_id_64", "ds_27_sample_id_59"], "group_13": ["ds_47_sample_id_14", "ds_16_sample_id_98", "ds_13_sample_id_51", "ds_30_sample_id_82", "ds_2_sample_id_5", "ds_55_sample_id_18", "ds_33_sample_id_39", "ds_43_sample_id_108", "ds_20_sample_id_88", "ds_30_sample_id_90", "ds_10_sample_id_118", "ds_62_sample_id_8", "ds_56_sample_id_95", "ds_6_sample_id_107", "ds_28_sample_id_105", "ds_60_sample_id_2", "ds_14_sample_id_38", "ds_31_sample_id_63", "ds_21_sample_id_120", "ds_24_sample_id_53", "ds_10_sample_id_54", "ds_23_sample_id_121", "ds_21_sample_id_89", "ds_64_sample_id_58", "ds_32_sample_id_106", "ds_15_sample_id_123", "ds_29_sample_id_20", "ds_60_sample_id_83", "ds_46_sample_id_23", "ds_24_sample_id_45", "ds_21_sample_id_100", "ds_28_sample_id_15", "ds_6_sample_id_33", "ds_66_sample_id_124", "ds_20_sample_id_77", "ds_34_sample_id_6", "ds_28_sample_id_62", "ds_42_sample_id_61", "ds_27_sample_id_104", "ds_50_sample_id_78", "ds_1_sample_id_91", "ds_41_sample_id_101", "ds_42_sample_id_67", "ds_44_sample_id_115", "ds_22_sample_id_81", "ds_17_sample_id_29", "ds_27_sample_id_87", "ds_18_sample_id_37", "ds_11_sample_id_116", "ds_14_sample_id_70", "ds_38_sample_id_85", "ds_22_sample_id_43", "ds_36_sample_id_80", "ds_28_sample_id_41", "ds_10_sample_id_55", "ds_20_sample_id_25", "ds_54_sample_id_47", "ds_30_sample_id_7", "ds_16_sample_id_76", "ds_3_sample_id_92", "ds_19_sample_id_111", "ds_3_sample_id_65", "ds_37_sample_id_84", "ds_64_sample_id_66", "ds_22_sample_id_4", "ds_19_sample_id_93", "ds_27_sample_id_59"]}}