{"ds_40_sample_id_0": [], "ds_22_sample_id_1": ["DOMAIN_NAME"], "ds_31_sample_id_2": [], "ds_43_sample_id_3": [], "ds_45_sample_id_4": ["DOMAIN_NAME", "IP_ADDRESS", "PERSON"], "ds_34_sample_id_5": [], "ds_61_sample_id_6": [], "ds_64_sample_id_7": [], "ds_41_sample_id_8": [], "ds_64_sample_id_9": [], "ds_58_sample_id_10": [], "ds_40_sample_id_11": [], "ds_3_sample_id_12": ["DOMAIN_NAME", "EMAIL_ADDRESS", "IP_ADDRESS", "PERSON"], "ds_44_sample_id_13": ["DOMAIN_NAME", "IP_ADDRESS", "PERSON"], "ds_31_sample_id_14": [], "ds_10_sample_id_15": [], "ds_36_sample_id_16": [], "ds_28_sample_id_17": [], "ds_37_sample_id_18": [], "ds_65_sample_id_19": [], "ds_47_sample_id_20": [], "ds_30_sample_id_21": [], "ds_65_sample_id_22": [], "ds_4_sample_id_23": [], "ds_50_sample_id_24": [], "ds_5_sample_id_25": [], "ds_33_sample_id_26": [], "ds_41_sample_id_27": [], "ds_35_sample_id_28": [], "ds_5_sample_id_29": [], "ds_58_sample_id_30": [], "ds_0_sample_id_31": ["PERSON"], "ds_38_sample_id_32": [], "ds_21_sample_id_33": [], "ds_43_sample_id_34": [], "ds_64_sample_id_35": [], "ds_2_sample_id_36": [], "ds_4_sample_id_37": [], "ds_53_sample_id_38": ["DOMAIN_NAME", "IP_ADDRESS", "PERSON"], "ds_61_sample_id_39": [], "ds_27_sample_id_40": ["DOMAIN_NAME", "IP_ADDRESS"], "ds_13_sample_id_41": [], "ds_50_sample_id_42": [], "ds_65_sample_id_43": [], "ds_15_sample_id_44": [], "ds_49_sample_id_45": [], "ds_23_sample_id_46": ["DOMAIN_NAME", "IP_ADDRESS"], "ds_7_sample_id_47": [], "ds_58_sample_id_48": [], "ds_9_sample_id_49": [], "ds_66_sample_id_50": [], "ds_15_sample_id_51": [], "ds_56_sample_id_52": [], "ds_33_sample_id_53": [], "ds_20_sample_id_54": [], "ds_8_sample_id_55": [], "ds_18_sample_id_56": [], "ds_1_sample_id_57": [], "ds_16_sample_id_58": [], "ds_7_sample_id_59": [], "ds_34_sample_id_60": [], "ds_2_sample_id_61": [], "ds_39_sample_id_62": [], "ds_25_sample_id_63": [], "ds_6_sample_id_64": [], "ds_4_sample_id_65": [], "ds_17_sample_id_66": [], "ds_40_sample_id_67": [], "ds_62_sample_id_68": [], "ds_13_sample_id_69": [], "ds_31_sample_id_70": [], "ds_47_sample_id_71": [], "ds_26_sample_id_72": ["DOMAIN_NAME", "IP_ADDRESS", "PERSON"], "ds_21_sample_id_73": [], "ds_10_sample_id_74": [], "ds_48_sample_id_75": ["DOMAIN_NAME", "IP_ADDRESS", "PERSON"], "ds_66_sample_id_76": [], "ds_27_sample_id_77": ["DOMAIN_NAME", "IP_ADDRESS"], "ds_29_sample_id_78": [], "ds_52_sample_id_79": ["PERSON"], "ds_66_sample_id_80": [], "ds_17_sample_id_81": [], "ds_61_sample_id_82": [], "ds_53_sample_id_83": ["DOMAIN_NAME", "IP_ADDRESS", "PERSON"], "ds_8_sample_id_84": [], "ds_58_sample_id_85": [], "ds_24_sample_id_86": [], "ds_54_sample_id_87": [], "ds_33_sample_id_88": [], "ds_52_sample_id_89": ["PERSON"], "ds_15_sample_id_90": [], "ds_15_sample_id_91": [], "ds_19_sample_id_92": ["DOMAIN_NAME", "EMAIL_ADDRESS", "IP_ADDRESS", "PERSON"], "ds_49_sample_id_93": [], "ds_2_sample_id_94": [], "ds_28_sample_id_95": [], "ds_17_sample_id_96": []}