{"ds_74_sample_id_0": [], "ds_62_sample_id_1": [], "ds_69_sample_id_2": ["GENOME", "IP_ADDRESS"], "ds_116_sample_id_3": [], "ds_75_sample_id_4": [], "ds_110_sample_id_5": [], "ds_59_sample_id_6": [], "ds_89_sample_id_7": [], "ds_54_sample_id_8": [], "ds_41_sample_id_9": [], "ds_33_sample_id_10": [], "ds_21_sample_id_11": [], "ds_103_sample_id_12": [], "ds_66_sample_id_13": [], "ds_106_sample_id_14": [], "ds_115_sample_id_15": [], "ds_63_sample_id_16": [], "ds_71_sample_id_17": ["GENOME", "IP_ADDRESS"], "ds_102_sample_id_18": [], "ds_42_sample_id_19": [], "ds_68_sample_id_20": [], "ds_54_sample_id_21": [], "ds_76_sample_id_22": [], "ds_90_sample_id_23": [], "ds_81_sample_id_24": [], "ds_83_sample_id_25": ["IP_ADDRESS"], "ds_24_sample_id_26": [], "ds_35_sample_id_27": ["GENOME"], "ds_78_sample_id_28": [], "ds_93_sample_id_29": [], "ds_42_sample_id_30": [], "ds_50_sample_id_31": [], "ds_55_sample_id_32": ["GENOME"], "ds_97_sample_id_33": [], "ds_35_sample_id_34": ["GENOME"], "ds_95_sample_id_35": [], "ds_2_sample_id_36": [], "ds_51_sample_id_37": [], "ds_92_sample_id_38": [], "ds_84_sample_id_39": [], "ds_16_sample_id_40": ["GENOME", "IP_ADDRESS"], "ds_92_sample_id_41": [], "ds_62_sample_id_42": [], "ds_52_sample_id_43": [], "ds_104_sample_id_44": [], "ds_116_sample_id_45": [], "ds_96_sample_id_46": [], "ds_16_sample_id_47": ["GENOME", "IP_ADDRESS"], "ds_104_sample_id_48": [], "ds_67_sample_id_49": [], "ds_84_sample_id_50": [], "ds_52_sample_id_51": [], "ds_49_sample_id_52": [], "ds_12_sample_id_53": [], "ds_96_sample_id_54": [], "ds_99_sample_id_55": [], "ds_10_sample_id_56": ["GENOME"], "ds_38_sample_id_57": ["GENOME"], "ds_31_sample_id_58": [], "ds_76_sample_id_59": [], "ds_20_sample_id_60": [], "ds_86_sample_id_61": ["GENOME"], "ds_74_sample_id_62": [], "ds_88_sample_id_63": [], "ds_13_sample_id_64": [], "ds_70_sample_id_65": [], "ds_13_sample_id_66": [], "ds_58_sample_id_67": [], "ds_97_sample_id_68": [], "ds_78_sample_id_69": [], "ds_59_sample_id_70": [], "ds_97_sample_id_71": [], "ds_51_sample_id_72": [], "ds_68_sample_id_73": [], "ds_75_sample_id_74": [], "ds_55_sample_id_75": ["GENOME"], "ds_29_sample_id_76": [], "ds_6_sample_id_77": [], "ds_118_sample_id_78": [], "ds_59_sample_id_79": [], "ds_43_sample_id_80": [], "ds_49_sample_id_81": [], "ds_57_sample_id_82": [], "ds_91_sample_id_83": [], "ds_14_sample_id_84": [], "ds_110_sample_id_85": [], "ds_59_sample_id_86": [], "ds_51_sample_id_87": [], "ds_29_sample_id_88": [], "ds_80_sample_id_89": [], "ds_63_sample_id_90": [], "ds_91_sample_id_91": [], "ds_114_sample_id_92": [], "ds_39_sample_id_93": [], "ds_2_sample_id_94": [], "ds_90_sample_id_95": [], "ds_113_sample_id_96": [], "ds_13_sample_id_97": [], "ds_20_sample_id_98": [], "ds_64_sample_id_99": [], "ds_43_sample_id_100": [], "ds_32_sample_id_101": [], "ds_31_sample_id_102": [], "ds_48_sample_id_103": [], "ds_33_sample_id_104": [], "ds_65_sample_id_105": [], "ds_0_sample_id_106": [], "ds_49_sample_id_107": [], "ds_74_sample_id_108": [], "ds_112_sample_id_109": [], "ds_57_sample_id_110": [], "ds_27_sample_id_111": [], "ds_60_sample_id_112": [], "ds_39_sample_id_113": [], "ds_78_sample_id_114": [], "ds_70_sample_id_115": [], "ds_24_sample_id_116": [], "ds_34_sample_id_117": [], "ds_97_sample_id_118": [], "ds_110_sample_id_119": [], "ds_5_sample_id_120": ["GENOME"], "ds_68_sample_id_121": [], "ds_49_sample_id_122": [], "ds_52_sample_id_123": [], "ds_89_sample_id_124": [], "ds_17_sample_id_125": [], "ds_15_sample_id_126": [], "ds_72_sample_id_127": [], "ds_102_sample_id_128": [], "ds_100_sample_id_129": [], "ds_26_sample_id_130": [], "ds_34_sample_id_131": [], "ds_109_sample_id_132": [], "ds_27_sample_id_133": [], "ds_86_sample_id_134": ["GENOME"], "ds_67_sample_id_135": [], "ds_87_sample_id_136": [], "ds_81_sample_id_137": [], "ds_118_sample_id_138": [], "ds_43_sample_id_139": [], "ds_112_sample_id_140": [], "ds_10_sample_id_141": ["GENOME"], "ds_41_sample_id_142": [], "ds_66_sample_id_143": [], "ds_89_sample_id_144": [], "ds_88_sample_id_145": [], "ds_112_sample_id_146": [], "ds_5_sample_id_147": ["GENOME"], "ds_118_sample_id_148": [], "ds_4_sample_id_149": ["GENOME"], "ds_29_sample_id_150": [], "ds_100_sample_id_151": [], "ds_79_sample_id_152": [], "ds_8_sample_id_153": ["IP_ADDRESS"], "ds_36_sample_id_154": [], "ds_83_sample_id_155": ["IP_ADDRESS"], "ds_17_sample_id_156": [], "ds_56_sample_id_157": [], "ds_75_sample_id_158": [], "ds_61_sample_id_159": ["GENOME"], "ds_22_sample_id_160": [], "ds_63_sample_id_161": [], "ds_7_sample_id_162": [], "ds_90_sample_id_163": [], "ds_29_sample_id_164": [], "ds_70_sample_id_165": [], "ds_95_sample_id_166": [], "ds_108_sample_id_167": [], "ds_39_sample_id_168": [], "ds_83_sample_id_169": ["IP_ADDRESS"], "ds_113_sample_id_170": [], "ds_48_sample_id_171": [], "ds_18_sample_id_172": [], "ds_37_sample_id_173": [], "ds_13_sample_id_174": [], "ds_17_sample_id_175": [], "ds_16_sample_id_176": ["GENOME", "IP_ADDRESS"], "ds_88_sample_id_177": [], "ds_53_sample_id_178": [], "ds_87_sample_id_179": [], "ds_78_sample_id_180": [], "ds_45_sample_id_181": [], "ds_82_sample_id_182": [], "ds_8_sample_id_183": ["IP_ADDRESS"], "ds_78_sample_id_184": [], "ds_96_sample_id_185": [], "ds_85_sample_id_186": ["EMAIL_ADDRESS", "GENOME"], "ds_100_sample_id_187": [], "ds_33_sample_id_188": [], "ds_30_sample_id_189": ["GENOME"], "ds_19_sample_id_190": [], "ds_64_sample_id_191": [], "ds_53_sample_id_192": [], "ds_106_sample_id_193": [], "ds_79_sample_id_194": [], "ds_55_sample_id_195": ["GENOME"], "ds_15_sample_id_196": [], "ds_112_sample_id_197": [], "ds_48_sample_id_198": [], "ds_118_sample_id_199": [], "ds_62_sample_id_200": [], "ds_86_sample_id_201": ["GENOME"], "ds_4_sample_id_202": ["GENOME"], "ds_36_sample_id_203": [], "ds_98_sample_id_204": [], "ds_45_sample_id_205": [], "ds_114_sample_id_206": [], "ds_76_sample_id_207": [], "ds_81_sample_id_208": [], "ds_61_sample_id_209": ["GENOME"], "ds_97_sample_id_210": [], "ds_46_sample_id_211": [], "ds_32_sample_id_212": [], "ds_15_sample_id_213": [], "ds_55_sample_id_214": ["GENOME"], "ds_53_sample_id_215": [], "ds_117_sample_id_216": [], "ds_74_sample_id_217": [], "ds_59_sample_id_218": [], "ds_102_sample_id_219": [], "ds_107_sample_id_220": [], "ds_78_sample_id_221": [], "ds_108_sample_id_222": [], "ds_20_sample_id_223": [], "ds_71_sample_id_224": ["GENOME", "IP_ADDRESS"], "ds_100_sample_id_225": [], "ds_38_sample_id_226": ["GENOME"], "ds_7_sample_id_227": [], "ds_61_sample_id_228": ["GENOME"], "ds_101_sample_id_229": [], "ds_73_sample_id_230": [], "ds_17_sample_id_231": [], "ds_24_sample_id_232": [], "ds_0_sample_id_233": [], "ds_47_sample_id_234": [], "ds_93_sample_id_235": [], "ds_10_sample_id_236": ["GENOME"], "ds_92_sample_id_237": [], "ds_21_sample_id_238": [], "ds_48_sample_id_239": [], "ds_84_sample_id_240": [], "ds_108_sample_id_241": [], "ds_92_sample_id_242": [], "ds_100_sample_id_243": [], "ds_81_sample_id_244": [], "ds_102_sample_id_245": [], "ds_57_sample_id_246": [], "ds_88_sample_id_247": [], "ds_43_sample_id_248": [], "ds_117_sample_id_249": [], "ds_41_sample_id_250": [], "ds_43_sample_id_251": [], "ds_93_sample_id_252": [], "ds_81_sample_id_253": [], "ds_86_sample_id_254": ["GENOME"], "ds_19_sample_id_255": [], "ds_25_sample_id_256": [], "ds_116_sample_id_257": [], "ds_53_sample_id_258": [], "ds_1_sample_id_259": [], "ds_92_sample_id_260": [], "ds_19_sample_id_261": [], "ds_41_sample_id_262": [], "ds_44_sample_id_263": ["GENOME"], "ds_82_sample_id_264": [], "ds_50_sample_id_265": [], "ds_51_sample_id_266": [], "ds_84_sample_id_267": [], "ds_16_sample_id_268": ["GENOME", "IP_ADDRESS"], "ds_2_sample_id_269": [], "ds_28_sample_id_270": [], "ds_117_sample_id_271": [], "ds_100_sample_id_272": [], "ds_115_sample_id_273": [], "ds_1_sample_id_274": [], "ds_41_sample_id_275": [], "ds_72_sample_id_276": [], "ds_86_sample_id_277": ["GENOME"], "ds_25_sample_id_278": [], "ds_80_sample_id_279": [], "ds_38_sample_id_280": ["GENOME"], "ds_76_sample_id_281": [], "ds_110_sample_id_282": [], "ds_78_sample_id_283": [], "ds_103_sample_id_284": [], "ds_97_sample_id_285": [], "ds_42_sample_id_286": [], "ds_114_sample_id_287": [], "ds_40_sample_id_288": [], "ds_63_sample_id_289": [], "ds_8_sample_id_290": ["IP_ADDRESS"], "ds_65_sample_id_291": [], "ds_0_sample_id_292": [], "ds_77_sample_id_293": ["GENOME"], "ds_78_sample_id_294": [], "ds_51_sample_id_295": [], "ds_17_sample_id_296": [], "ds_103_sample_id_297": [], "ds_23_sample_id_298": [], "ds_105_sample_id_299": [], "ds_28_sample_id_300": [], "ds_17_sample_id_301": [], "ds_38_sample_id_302": ["GENOME"], "ds_73_sample_id_303": [], "ds_18_sample_id_304": [], "ds_24_sample_id_305": [], "ds_97_sample_id_306": [], "ds_4_sample_id_307": ["GENOME"], "ds_72_sample_id_308": [], "ds_97_sample_id_309": [], "ds_115_sample_id_310": [], "ds_13_sample_id_311": [], "ds_4_sample_id_312": ["GENOME"], "ds_30_sample_id_313": ["GENOME"], "ds_101_sample_id_314": [], "ds_10_sample_id_315": ["GENOME"], "ds_110_sample_id_316": [], "ds_96_sample_id_317": [], "ds_92_sample_id_318": [], "ds_47_sample_id_319": [], "ds_16_sample_id_320": ["GENOME", "IP_ADDRESS"], "ds_62_sample_id_321": [], "ds_70_sample_id_322": [], "ds_84_sample_id_323": [], "ds_63_sample_id_324": [], "ds_54_sample_id_325": [], "ds_37_sample_id_326": [], "ds_29_sample_id_327": [], "ds_30_sample_id_328": ["GENOME"], "ds_1_sample_id_329": [], "ds_40_sample_id_330": [], "ds_31_sample_id_331": [], "ds_29_sample_id_332": [], "ds_112_sample_id_333": [], "ds_43_sample_id_334": [], "ds_72_sample_id_335": [], "ds_34_sample_id_336": [], "ds_2_sample_id_337": [], "ds_30_sample_id_338": ["GENOME"], "ds_107_sample_id_339": [], "ds_76_sample_id_340": [], "ds_58_sample_id_341": [], "ds_0_sample_id_342": [], "ds_95_sample_id_343": [], "ds_40_sample_id_344": [], "ds_0_sample_id_345": [], "ds_72_sample_id_346": [], "ds_32_sample_id_347": [], "ds_1_sample_id_348": [], "ds_72_sample_id_349": [], "ds_88_sample_id_350": [], "ds_80_sample_id_351": [], "ds_101_sample_id_352": [], "ds_16_sample_id_353": ["GENOME", "IP_ADDRESS"], "ds_2_sample_id_354": [], "ds_90_sample_id_355": [], "ds_18_sample_id_356": [], "ds_83_sample_id_357": ["IP_ADDRESS"], "ds_118_sample_id_358": [], "ds_96_sample_id_359": [], "ds_44_sample_id_360": ["GENOME"], "ds_92_sample_id_361": [], "ds_52_sample_id_362": [], "ds_20_sample_id_363": [], "ds_82_sample_id_364": [], "ds_91_sample_id_365": [], "ds_63_sample_id_366": [], "ds_99_sample_id_367": [], "ds_8_sample_id_368": ["IP_ADDRESS"], "ds_48_sample_id_369": [], "ds_23_sample_id_370": [], "ds_69_sample_id_371": ["GENOME", "IP_ADDRESS"], "ds_18_sample_id_372": [], "ds_93_sample_id_373": [], "ds_49_sample_id_374": [], "ds_50_sample_id_375": [], "ds_54_sample_id_376": [], "ds_55_sample_id_377": ["GENOME"], "ds_68_sample_id_378": [], "ds_90_sample_id_379": [], "ds_113_sample_id_380": [], "ds_13_sample_id_381": [], "ds_78_sample_id_382": [], "ds_73_sample_id_383": [], "ds_17_sample_id_384": [], "ds_29_sample_id_385": [], "ds_38_sample_id_386": ["GENOME"], "ds_108_sample_id_387": [], "ds_6_sample_id_388": [], "ds_90_sample_id_389": [], "ds_109_sample_id_390": [], "ds_118_sample_id_391": [], "ds_92_sample_id_392": [], "ds_48_sample_id_393": [], "ds_79_sample_id_394": [], "ds_36_sample_id_395": [], "ds_110_sample_id_396": [], "ds_68_sample_id_397": [], "ds_54_sample_id_398": [], "ds_116_sample_id_399": [], "ds_98_sample_id_400": [], "ds_71_sample_id_401": ["GENOME", "IP_ADDRESS"], "ds_85_sample_id_402": ["EMAIL_ADDRESS", "GENOME"], "ds_36_sample_id_403": [], "ds_5_sample_id_404": ["GENOME"], "ds_68_sample_id_405": [], "ds_45_sample_id_406": [], "ds_57_sample_id_407": [], "ds_74_sample_id_408": [], "ds_50_sample_id_409": [], "ds_29_sample_id_410": [], "ds_93_sample_id_411": [], "ds_16_sample_id_412": ["GENOME", "IP_ADDRESS"], "ds_51_sample_id_413": [], "ds_18_sample_id_414": [], "ds_25_sample_id_415": [], "ds_74_sample_id_416": [], "ds_55_sample_id_417": ["GENOME"], "ds_2_sample_id_418": [], "ds_29_sample_id_419": [], "ds_98_sample_id_420": [], "ds_11_sample_id_421": [], "ds_24_sample_id_422": [], "ds_19_sample_id_423": [], "ds_114_sample_id_424": [], "ds_49_sample_id_425": [], "ds_113_sample_id_426": [], "ds_24_sample_id_427": [], "ds_1_sample_id_428": [], "ds_86_sample_id_429": ["GENOME"], "ds_40_sample_id_430": [], "ds_90_sample_id_431": [], "ds_14_sample_id_432": [], "ds_27_sample_id_433": [], "ds_112_sample_id_434": [], "ds_118_sample_id_435": [], "ds_46_sample_id_436": [], "ds_17_sample_id_437": [], "ds_3_sample_id_438": ["EMAIL_ADDRESS", "GENOME", "IP_ADDRESS"], "ds_48_sample_id_439": [], "ds_4_sample_id_440": ["GENOME"], "ds_90_sample_id_441": [], "ds_0_sample_id_442": [], "ds_22_sample_id_443": [], "ds_52_sample_id_444": [], "ds_71_sample_id_445": ["GENOME", "IP_ADDRESS"], "ds_90_sample_id_446": [], "ds_69_sample_id_447": ["GENOME", "IP_ADDRESS"], "ds_15_sample_id_448": [], "ds_83_sample_id_449": ["IP_ADDRESS"], "ds_17_sample_id_450": [], "ds_57_sample_id_451": [], "ds_74_sample_id_452": [], "ds_26_sample_id_453": [], "ds_86_sample_id_454": ["GENOME"], "ds_14_sample_id_455": [], "ds_17_sample_id_456": [], "ds_56_sample_id_457": [], "ds_26_sample_id_458": [], "ds_104_sample_id_459": [], "ds_80_sample_id_460": [], "ds_102_sample_id_461": [], "ds_81_sample_id_462": [], "ds_30_sample_id_463": ["GENOME"], "ds_27_sample_id_464": [], "ds_77_sample_id_465": ["GENOME"], "ds_117_sample_id_466": [], "ds_42_sample_id_467": [], "ds_81_sample_id_468": [], "ds_79_sample_id_469": [], "ds_39_sample_id_470": [], "ds_67_sample_id_471": [], "ds_39_sample_id_472": [], "ds_79_sample_id_473": [], "ds_9_sample_id_474": [], "ds_111_sample_id_475": [], "ds_117_sample_id_476": [], "ds_30_sample_id_477": ["GENOME"], "ds_113_sample_id_478": [], "ds_58_sample_id_479": [], "ds_61_sample_id_480": ["GENOME"], "ds_34_sample_id_481": [], "ds_75_sample_id_482": [], "ds_2_sample_id_483": [], "ds_43_sample_id_484": [], "ds_58_sample_id_485": [], "ds_66_sample_id_486": [], "ds_17_sample_id_487": [], "ds_34_sample_id_488": [], "ds_117_sample_id_489": [], "ds_41_sample_id_490": [], "ds_32_sample_id_491": [], "ds_71_sample_id_492": ["GENOME", "IP_ADDRESS"], "ds_48_sample_id_493": [], "ds_95_sample_id_494": [], "ds_9_sample_id_495": [], "ds_35_sample_id_496": ["GENOME"], "ds_50_sample_id_497": [], "ds_13_sample_id_498": [], "ds_65_sample_id_499": [], "ds_33_sample_id_500": [], "ds_97_sample_id_501": [], "ds_1_sample_id_502": [], "ds_57_sample_id_503": [], "ds_81_sample_id_504": [], "ds_74_sample_id_505": [], "ds_27_sample_id_506": [], "ds_72_sample_id_507": [], "ds_69_sample_id_508": ["GENOME", "IP_ADDRESS"], "ds_61_sample_id_509": ["GENOME"], "ds_18_sample_id_510": [], "ds_33_sample_id_511": [], "ds_27_sample_id_512": [], "ds_12_sample_id_513": [], "ds_60_sample_id_514": [], "ds_60_sample_id_515": [], "ds_59_sample_id_516": [], "ds_57_sample_id_517": [], "ds_76_sample_id_518": [], "ds_88_sample_id_519": [], "ds_65_sample_id_520": [], "ds_95_sample_id_521": [], "ds_59_sample_id_522": [], "ds_117_sample_id_523": [], "ds_60_sample_id_524": [], "ds_111_sample_id_525": [], "ds_56_sample_id_526": [], "ds_112_sample_id_527": [], "ds_8_sample_id_528": ["IP_ADDRESS"], "ds_11_sample_id_529": [], "ds_79_sample_id_530": [], "ds_52_sample_id_531": [], "ds_11_sample_id_532": [], "ds_85_sample_id_533": ["EMAIL_ADDRESS", "GENOME"], "ds_47_sample_id_534": [], "ds_21_sample_id_535": [], "ds_42_sample_id_536": [], "ds_87_sample_id_537": [], "ds_23_sample_id_538": [], "ds_79_sample_id_539": [], "ds_85_sample_id_540": ["EMAIL_ADDRESS", "GENOME"], "ds_96_sample_id_541": [], "ds_42_sample_id_542": [], "ds_70_sample_id_543": [], "ds_101_sample_id_544": [], "ds_1_sample_id_545": [], "ds_65_sample_id_546": [], "ds_29_sample_id_547": [], "ds_110_sample_id_548": [], "ds_32_sample_id_549": [], "ds_59_sample_id_550": [], "ds_115_sample_id_551": [], "ds_88_sample_id_552": [], "ds_32_sample_id_553": [], "ds_81_sample_id_554": [], "ds_31_sample_id_555": [], "ds_25_sample_id_556": [], "ds_28_sample_id_557": [], "ds_42_sample_id_558": [], "ds_77_sample_id_559": ["GENOME"], "ds_115_sample_id_560": [], "ds_112_sample_id_561": [], "ds_18_sample_id_562": [], "ds_79_sample_id_563": [], "ds_86_sample_id_564": ["GENOME"], "ds_101_sample_id_565": [], "ds_24_sample_id_566": [], "ds_113_sample_id_567": [], "ds_103_sample_id_568": [], "ds_60_sample_id_569": [], "ds_93_sample_id_570": [], "ds_24_sample_id_571": [], "ds_38_sample_id_572": ["GENOME"], "ds_14_sample_id_573": [], "ds_16_sample_id_574": ["GENOME", "IP_ADDRESS"], "ds_100_sample_id_575": [], "ds_30_sample_id_576": ["GENOME"], "ds_40_sample_id_577": [], "ds_112_sample_id_578": [], "ds_1_sample_id_579": [], "ds_41_sample_id_580": [], "ds_106_sample_id_581": [], "ds_84_sample_id_582": [], "ds_46_sample_id_583": [], "ds_56_sample_id_584": [], "ds_47_sample_id_585": [], "ds_48_sample_id_586": [], "ds_49_sample_id_587": [], "ds_59_sample_id_588": [], "ds_94_sample_id_589": ["GENOME"], "ds_11_sample_id_590": [], "ds_1_sample_id_591": [], "ds_68_sample_id_592": [], "ds_43_sample_id_593": [], "ds_75_sample_id_594": [], "ds_9_sample_id_595": [], "ds_31_sample_id_596": [], "ds_112_sample_id_597": [], "ds_14_sample_id_598": [], "ds_115_sample_id_599": [], "ds_25_sample_id_600": [], "ds_68_sample_id_601": [], "ds_19_sample_id_602": [], "ds_58_sample_id_603": [], "ds_87_sample_id_604": [], "ds_79_sample_id_605": [], "ds_44_sample_id_606": ["GENOME"], "ds_56_sample_id_607": [], "ds_79_sample_id_608": [], "ds_10_sample_id_609": ["GENOME"], "ds_86_sample_id_610": ["GENOME"], "ds_39_sample_id_611": [], "ds_102_sample_id_612": [], "ds_18_sample_id_613": [], "ds_100_sample_id_614": [], "ds_112_sample_id_615": [], "ds_70_sample_id_616": [], "ds_47_sample_id_617": [], "ds_118_sample_id_618": [], "ds_0_sample_id_619": [], "ds_0_sample_id_620": [], "ds_20_sample_id_621": [], "ds_27_sample_id_622": [], "ds_67_sample_id_623": [], "ds_38_sample_id_624": ["GENOME"], "ds_113_sample_id_625": [], "ds_40_sample_id_626": [], "ds_98_sample_id_627": [], "ds_85_sample_id_628": ["EMAIL_ADDRESS", "GENOME"], "ds_49_sample_id_629": [], "ds_2_sample_id_630": [], "ds_65_sample_id_631": [], "ds_82_sample_id_632": [], "ds_24_sample_id_633": [], "ds_67_sample_id_634": [], "ds_77_sample_id_635": ["GENOME"], "ds_0_sample_id_636": [], "ds_3_sample_id_637": ["EMAIL_ADDRESS", "GENOME", "IP_ADDRESS"], "ds_0_sample_id_638": [], "ds_13_sample_id_639": [], "ds_114_sample_id_640": [], "ds_47_sample_id_641": [], "ds_35_sample_id_642": ["GENOME"], "ds_24_sample_id_643": [], "ds_75_sample_id_644": [], "ds_66_sample_id_645": [], "ds_106_sample_id_646": [], "ds_2_sample_id_647": [], "ds_86_sample_id_648": ["GENOME"], "ds_5_sample_id_649": ["GENOME"], "ds_28_sample_id_650": [], "ds_105_sample_id_651": [], "ds_97_sample_id_652": [], "ds_4_sample_id_653": ["GENOME"], "ds_64_sample_id_654": [], "ds_5_sample_id_655": ["GENOME"], "ds_91_sample_id_656": [], "ds_111_sample_id_657": [], "ds_6_sample_id_658": [], "ds_78_sample_id_659": [], "ds_6_sample_id_660": [], "ds_19_sample_id_661": [], "ds_20_sample_id_662": [], "ds_19_sample_id_663": [], "ds_19_sample_id_664": [], "ds_39_sample_id_665": [], "ds_28_sample_id_666": [], "ds_110_sample_id_667": [], "ds_40_sample_id_668": [], "ds_91_sample_id_669": [], "ds_108_sample_id_670": [], "ds_103_sample_id_671": [], "ds_10_sample_id_672": ["GENOME"], "ds_54_sample_id_673": [], "ds_44_sample_id_674": ["GENOME"], "ds_114_sample_id_675": [], "ds_108_sample_id_676": [], "ds_33_sample_id_677": [], "ds_82_sample_id_678": [], "ds_95_sample_id_679": [], "ds_23_sample_id_680": [], "ds_52_sample_id_681": [], "ds_90_sample_id_682": [], "ds_45_sample_id_683": [], "ds_99_sample_id_684": [], "ds_2_sample_id_685": [], "ds_52_sample_id_686": [], "ds_118_sample_id_687": [], "ds_63_sample_id_688": [], "ds_12_sample_id_689": [], "ds_112_sample_id_690": [], "ds_109_sample_id_691": [], "ds_115_sample_id_692": [], "ds_11_sample_id_693": [], "ds_54_sample_id_694": [], "ds_22_sample_id_695": [], "ds_37_sample_id_696": [], "ds_88_sample_id_697": [], "ds_59_sample_id_698": []}