{"user_group_edges": {"group_0": ["user_120_sample_id_7", "user_95_sample_id_1", "user_99_sample_id_4", "user_429_sample_id_11", "user_501_sample_id_6"], "group_1": ["user_120_sample_id_7", "user_464_sample_id_9", "user_255_sample_id_0", "user_429_sample_id_11", "user_317_sample_id_10"], "group_5": ["user_120_sample_id_7", "user_123_sample_id_3", "user_99_sample_id_4", "user_501_sample_id_6"], "group_6": ["user_120_sample_id_7", "user_95_sample_id_1", "user_99_sample_id_4", "user_97_sample_id_8"], "group_15": ["user_120_sample_id_7", "user_464_sample_id_9", "user_255_sample_id_0", "user_458_sample_id_5", "user_501_sample_id_6"], "group_17": ["user_120_sample_id_7", "user_464_sample_id_9", "user_95_sample_id_1", "user_280_sample_id_2"], "group_18": ["user_120_sample_id_7", "user_255_sample_id_0", "user_458_sample_id_5", "user_317_sample_id_10", "user_280_sample_id_2"], "group_2": ["user_464_sample_id_9", "user_99_sample_id_4", "user_429_sample_id_11", "user_501_sample_id_6", "user_317_sample_id_10"], "group_9": ["user_464_sample_id_9", "user_255_sample_id_0", "user_99_sample_id_4", "user_97_sample_id_8", "user_458_sample_id_5", "user_317_sample_id_10"], "group_12": ["user_464_sample_id_9", "user_123_sample_id_3", "user_97_sample_id_8"], "group_14": ["user_464_sample_id_9", "user_123_sample_id_3", "user_280_sample_id_2"], "group_8": ["user_123_sample_id_3", "user_95_sample_id_1", "user_99_sample_id_4", "user_429_sample_id_11", "user_97_sample_id_8", "user_280_sample_id_2"], "group_13": ["user_123_sample_id_3", "user_255_sample_id_0", "user_429_sample_id_11", "user_97_sample_id_8", "user_317_sample_id_10"], "group_19": ["user_123_sample_id_3", "user_458_sample_id_5", "user_501_sample_id_6"], "group_3": ["user_255_sample_id_0", "user_458_sample_id_5", "user_501_sample_id_6"], "group_7": ["user_255_sample_id_0", "user_97_sample_id_8", "user_501_sample_id_6", "user_280_sample_id_2"], "group_16": ["user_255_sample_id_0", "user_95_sample_id_1", "user_97_sample_id_8", "user_317_sample_id_10"], "group_10": ["user_95_sample_id_1", "user_99_sample_id_4", "user_317_sample_id_10", "user_280_sample_id_2"], "group_11": ["user_429_sample_id_11", "user_458_sample_id_5"], "group_4": ["user_317_sample_id_10", "user_280_sample_id_2"]}, "group_data_store_edges": {"group_10": ["ds_137_sample_id_156", "ds_130_sample_id_231", "ds_25_sample_id_21", "ds_120_sample_id_167", "ds_174_sample_id_15", "ds_68_sample_id_118", "ds_168_sample_id_102", "ds_181_sample_id_180", "ds_14_sample_id_113", "ds_187_sample_id_223", "ds_114_sample_id_188", "ds_31_sample_id_72", "ds_88_sample_id_220", "ds_180_sample_id_59"], "group_12": ["ds_137_sample_id_156", "ds_12_sample_id_222", "ds_61_sample_id_182", "ds_100_sample_id_73", "ds_187_sample_id_123", "ds_112_sample_id_7", "ds_125_sample_id_196", "ds_7_sample_id_177", "ds_64_sample_id_184", "ds_53_sample_id_112", "ds_165_sample_id_66", "ds_25_sample_id_230", "ds_15_sample_id_202", "ds_13_sample_id_4", "ds_138_sample_id_173", "ds_47_sample_id_42"], "group_9": ["ds_129_sample_id_54", "ds_15_sample_id_211", "ds_42_sample_id_154", "ds_190_sample_id_69", "ds_192_sample_id_96", "ds_23_sample_id_101", "ds_198_sample_id_198", "ds_157_sample_id_232", "ds_195_sample_id_17", "ds_87_sample_id_174", "ds_118_sample_id_64", "ds_35_sample_id_151", "ds_114_sample_id_128", "ds_50_sample_id_117", "ds_126_sample_id_0", "ds_105_sample_id_82", "ds_7_sample_id_51", "ds_200_sample_id_134", "ds_170_sample_id_149", "ds_120_sample_id_234", "ds_196_sample_id_88", "ds_156_sample_id_67", "ds_59_sample_id_190", "ds_179_sample_id_13", "ds_4_sample_id_32"], "group_6": ["ds_127_sample_id_145", "ds_97_sample_id_176", "ds_11_sample_id_229", "ds_157_sample_id_232", "ds_112_sample_id_7", "ds_5_sample_id_26", "ds_91_sample_id_144", "ds_168_sample_id_68", "ds_14_sample_id_113", "ds_121_sample_id_228", "ds_7_sample_id_51", "ds_123_sample_id_9", "ds_31_sample_id_72", "ds_56_sample_id_199"], "group_8": ["ds_127_sample_id_145", "ds_163_sample_id_105", "ds_117_sample_id_137", "ds_61_sample_id_106", "ds_155_sample_id_209", "ds_21_sample_id_150", "ds_177_sample_id_141", "ds_5_sample_id_22", "ds_67_sample_id_37", "ds_6_sample_id_235", "ds_160_sample_id_111", "ds_108_sample_id_171", "ds_107_sample_id_43", "ds_185_sample_id_126", "ds_121_sample_id_191", "ds_156_sample_id_67", "ds_144_sample_id_143", "ds_195_sample_id_206", "ds_131_sample_id_119"], "group_3": ["ds_15_sample_id_211", "ds_61_sample_id_182", "ds_0_sample_id_185", "ds_197_sample_id_19", "ds_62_sample_id_132", "ds_87_sample_id_174", "ds_78_sample_id_136", "ds_5_sample_id_22", "ds_108_sample_id_171", "ds_165_sample_id_66", "ds_170_sample_id_149", "ds_182_sample_id_219", "ds_195_sample_id_206"], "group_16": ["ds_170_sample_id_98", "ds_191_sample_id_158", "ds_8_sample_id_172", "ds_182_sample_id_187", "ds_23_sample_id_101", "ds_112_sample_id_7", "ds_13_sample_id_133", "ds_61_sample_id_212", "ds_177_sample_id_141", "ds_90_sample_id_81", "ds_59_sample_id_38", "ds_75_sample_id_46", "ds_165_sample_id_66", "ds_103_sample_id_200", "ds_176_sample_id_109", "ds_146_sample_id_163", "ds_66_sample_id_181", "ds_26_sample_id_18", "ds_162_sample_id_40", "ds_43_sample_id_214", "ds_195_sample_id_224"], "group_1": ["ds_76_sample_id_142", "ds_102_sample_id_221", "ds_61_sample_id_182", "ds_61_sample_id_106", "ds_26_sample_id_170", "ds_180_sample_id_91", "ds_150_sample_id_108", "ds_146_sample_id_163", "ds_174_sample_id_25", "ds_72_sample_id_213", "ds_194_sample_id_216", "ds_13_sample_id_4", "ds_170_sample_id_149", "ds_4_sample_id_32"], "group_2": ["ds_158_sample_id_63", "ds_102_sample_id_221", "ds_0_sample_id_185", "ds_141_sample_id_147", "ds_100_sample_id_73", "ds_148_sample_id_80", "ds_158_sample_id_1", "ds_94_sample_id_76", "ds_102_sample_id_114", "ds_78_sample_id_136", "ds_13_sample_id_52", "ds_131_sample_id_6", "ds_12_sample_id_103", "ds_87_sample_id_164", "ds_58_sample_id_48", "ds_123_sample_id_9", "ds_195_sample_id_224", "ds_195_sample_id_206"], "group_5": ["ds_69_sample_id_116", "ds_180_sample_id_78", "ds_58_sample_id_135", "ds_59_sample_id_38", "ds_196_sample_id_45", "ds_6_sample_id_235", "ds_76_sample_id_99", "ds_24_sample_id_24", "ds_191_sample_id_49", "ds_107_sample_id_60", "ds_26_sample_id_18", "ds_5_sample_id_175", "ds_113_sample_id_207", "ds_78_sample_id_30", "ds_56_sample_id_199", "ds_195_sample_id_206", "ds_176_sample_id_97"], "group_7": ["ds_102_sample_id_221", "ds_110_sample_id_201", "ds_105_sample_id_183", "ds_188_sample_id_36", "ds_90_sample_id_81", "ds_114_sample_id_56", "ds_70_sample_id_131", "ds_137_sample_id_160", "ds_95_sample_id_14", "ds_53_sample_id_74", "ds_103_sample_id_84", "ds_4_sample_id_11"], "group_18": ["ds_29_sample_id_129", "ds_100_sample_id_73", "ds_55_sample_id_50", "ds_40_sample_id_104", "ds_56_sample_id_194", "ds_158_sample_id_1", "ds_171_sample_id_197", "ds_156_sample_id_120", "ds_16_sample_id_139", "ds_95_sample_id_130", "ds_71_sample_id_89", "ds_120_sample_id_208", "ds_58_sample_id_48", "ds_200_sample_id_134", "ds_120_sample_id_234", "ds_149_sample_id_44", "ds_144_sample_id_152", "ds_111_sample_id_35"], "group_19": ["ds_29_sample_id_129", "ds_110_sample_id_201", "ds_192_sample_id_3", "ds_195_sample_id_17", "ds_159_sample_id_28", "ds_188_sample_id_36", "ds_59_sample_id_38", "ds_156_sample_id_120", "ds_146_sample_id_125", "ds_150_sample_id_108", "ds_70_sample_id_131", "ds_185_sample_id_126", "ds_146_sample_id_163", "ds_174_sample_id_25", "ds_66_sample_id_181", "ds_43_sample_id_214", "ds_96_sample_id_8", "ds_179_sample_id_13", "ds_61_sample_id_79"], "group_13": ["ds_190_sample_id_69", "ds_1_sample_id_227", "ds_156_sample_id_237", "ds_187_sample_id_123", "ds_116_sample_id_93", "ds_23_sample_id_101", "ds_61_sample_id_138", "ds_191_sample_id_165", "ds_158_sample_id_1", "ds_174_sample_id_15", "ds_88_sample_id_239", "ds_178_sample_id_159", "ds_91_sample_id_144", "ds_161_sample_id_20", "ds_14_sample_id_169", "ds_180_sample_id_59", "ds_4_sample_id_11", "ds_131_sample_id_119"], "group_11": ["ds_152_sample_id_75", "ds_13_sample_id_133", "ds_161_sample_id_153", "ds_13_sample_id_52", "ds_168_sample_id_102", "ds_75_sample_id_46", "ds_64_sample_id_184", "ds_191_sample_id_49", "ds_176_sample_id_109", "ds_53_sample_id_74", "ds_103_sample_id_84", "ds_182_sample_id_219"], "group_0": ["ds_153_sample_id_186", "ds_25_sample_id_21", "ds_161_sample_id_41", "ds_62_sample_id_132", "ds_80_sample_id_203", "ds_35_sample_id_151", "ds_72_sample_id_62", "ds_68_sample_id_118", "ds_114_sample_id_110", "ds_174_sample_id_192", "ds_85_sample_id_179", "ds_64_sample_id_184", "ds_137_sample_id_160", "ds_71_sample_id_89", "ds_72_sample_id_213", "ds_179_sample_id_58", "ds_90_sample_id_55"], "group_17": ["ds_1_sample_id_227", "ds_116_sample_id_93", "ds_110_sample_id_201", "ds_109_sample_id_233", "ds_192_sample_id_3", "ds_123_sample_id_168", "ds_159_sample_id_28", "ds_22_sample_id_210", "ds_13_sample_id_52", "ds_131_sample_id_6", "ds_91_sample_id_144", "ds_3_sample_id_86", "ds_24_sample_id_24", "ds_70_sample_id_131", "ds_145_sample_id_226", "ds_169_sample_id_29", "ds_25_sample_id_230", "ds_15_sample_id_202", "ds_194_sample_id_216", "ds_96_sample_id_8", "ds_138_sample_id_173", "ds_111_sample_id_35"], "group_4": ["ds_141_sample_id_147", "ds_62_sample_id_132", "ds_8_sample_id_146", "ds_118_sample_id_107", "ds_12_sample_id_103", "ds_121_sample_id_228", "ds_121_sample_id_191", "ds_43_sample_id_214"], "group_15": ["ds_198_sample_id_57", "ds_123_sample_id_168", "ds_90_sample_id_81", "ds_196_sample_id_45", "ds_114_sample_id_56", "ds_66_sample_id_90", "ds_168_sample_id_68", "ds_161_sample_id_20", "ds_75_sample_id_46", "ds_107_sample_id_43", "ds_169_sample_id_29", "ds_95_sample_id_130", "ds_25_sample_id_230", "ds_118_sample_id_204", "ds_47_sample_id_42", "ds_1_sample_id_195", "ds_131_sample_id_119"], "group_14": ["ds_107_sample_id_77", "ds_61_sample_id_212", "ds_16_sample_id_139", "ds_132_sample_id_31", "ds_0_sample_id_161", "ds_66_sample_id_181", "ds_144_sample_id_152"]}}