{"ds_581_sample_id_0": [], "ds_104_sample_id_1": [], "ds_199_sample_id_2": ["DOMAIN_NAME", "EMAIL_ADDRESS"], "ds_851_sample_id_3": [], "ds_414_sample_id_4": [], "ds_626_sample_id_5": [], "ds_818_sample_id_6": [], "ds_428_sample_id_7": [], "ds_227_sample_id_8": [], "ds_740_sample_id_9": [], "ds_744_sample_id_10": [], "ds_483_sample_id_11": [], "ds_337_sample_id_12": [], "ds_230_sample_id_13": [], "ds_271_sample_id_14": [], "ds_516_sample_id_15": [], "ds_324_sample_id_16": [], "ds_185_sample_id_17": [], "ds_668_sample_id_18": [], "ds_562_sample_id_19": [], "ds_753_sample_id_20": [], "ds_154_sample_id_21": [], "ds_206_sample_id_22": [], "ds_645_sample_id_23": [], "ds_400_sample_id_24": [], "ds_719_sample_id_25": [], "ds_46_sample_id_26": ["DOMAIN_NAME", "IP_ADDRESS", "PERSON"], "ds_139_sample_id_27": [], "ds_732_sample_id_28": [], "ds_405_sample_id_29": [], "ds_477_sample_id_30": [], "ds_789_sample_id_31": [], "ds_74_sample_id_32": ["DOMAIN_NAME", "EMAIL_ADDRESS"], "ds_733_sample_id_33": [], "ds_758_sample_id_34": [], "ds_716_sample_id_35": [], "ds_43_sample_id_36": [], "ds_248_sample_id_37": [], "ds_471_sample_id_38": [], "ds_859_sample_id_39": [], "ds_47_sample_id_40": [], "ds_842_sample_id_41": [], "ds_777_sample_id_42": [], "ds_288_sample_id_43": [], "ds_770_sample_id_44": [], "ds_355_sample_id_45": [], "ds_415_sample_id_46": [], "ds_841_sample_id_47": [], "ds_29_sample_id_48": [], "ds_527_sample_id_49": [], "ds_19_sample_id_50": [], "ds_832_sample_id_51": [], "ds_422_sample_id_52": [], "ds_696_sample_id_53": [], "ds_380_sample_id_54": [], "ds_108_sample_id_55": [], "ds_58_sample_id_56": [], "ds_629_sample_id_57": [], "ds_339_sample_id_58": [], "ds_6_sample_id_59": [], "ds_435_sample_id_60": [], "ds_519_sample_id_61": [], "ds_350_sample_id_62": [], "ds_433_sample_id_63": [], "ds_779_sample_id_64": [], "ds_434_sample_id_65": [], "ds_186_sample_id_66": [], "ds_388_sample_id_67": [], "ds_201_sample_id_68": [], "ds_428_sample_id_69": [], "ds_141_sample_id_70": [], "ds_200_sample_id_71": [], "ds_261_sample_id_72": [], "ds_686_sample_id_73": [], "ds_203_sample_id_74": [], "ds_583_sample_id_75": [], "ds_313_sample_id_76": [], "ds_96_sample_id_77": [], "ds_581_sample_id_78": [], "ds_805_sample_id_79": [], "ds_242_sample_id_80": [], "ds_831_sample_id_81": [], "ds_712_sample_id_82": [], "ds_686_sample_id_83": [], "ds_309_sample_id_84": [], "ds_624_sample_id_85": [], "ds_738_sample_id_86": [], "ds_748_sample_id_87": [], "ds_785_sample_id_88": [], "ds_320_sample_id_89": [], "ds_659_sample_id_90": [], "ds_39_sample_id_91": [], "ds_318_sample_id_92": [], "ds_680_sample_id_93": [], "ds_852_sample_id_94": [], "ds_576_sample_id_95": [], "ds_594_sample_id_96": [], "ds_409_sample_id_97": [], "ds_654_sample_id_98": [], "ds_120_sample_id_99": [], "ds_153_sample_id_100": [], "ds_474_sample_id_101": [], "ds_96_sample_id_102": [], "ds_772_sample_id_103": [], "ds_576_sample_id_104": [], "ds_513_sample_id_105": [], "ds_373_sample_id_106": [], "ds_646_sample_id_107": [], "ds_547_sample_id_108": [], "ds_783_sample_id_109": [], "ds_71_sample_id_110": [], "ds_207_sample_id_111": [], "ds_236_sample_id_112": [], "ds_77_sample_id_113": [], "ds_788_sample_id_114": [], "ds_146_sample_id_115": [], "ds_807_sample_id_116": [], "ds_577_sample_id_117": [], "ds_279_sample_id_118": [], "ds_302_sample_id_119": [], "ds_444_sample_id_120": [], "ds_627_sample_id_121": [], "ds_797_sample_id_122": [], "ds_127_sample_id_123": [], "ds_651_sample_id_124": [], "ds_572_sample_id_125": [], "ds_444_sample_id_126": [], "ds_182_sample_id_127": [], "ds_454_sample_id_128": [], "ds_729_sample_id_129": []}