{"ds_67_sample_id_0": [], "ds_78_sample_id_1": [], "ds_85_sample_id_2": ["EMAIL_ADDRESS", "GENOME"], "ds_110_sample_id_3": [], "ds_4_sample_id_4": ["GENOME"], "ds_6_sample_id_5": [], "ds_18_sample_id_6": [], "ds_107_sample_id_7": [], "ds_40_sample_id_8": [], "ds_64_sample_id_9": [], "ds_80_sample_id_10": [], "ds_103_sample_id_11": [], "ds_77_sample_id_12": ["GENOME"], "ds_91_sample_id_13": [], "ds_9_sample_id_14": [], "ds_10_sample_id_15": ["GENOME"], "ds_109_sample_id_16": [], "ds_79_sample_id_17": [], "ds_101_sample_id_18": [], "ds_57_sample_id_19": [], "ds_94_sample_id_20": ["GENOME"], "ds_105_sample_id_21": [], "ds_28_sample_id_22": [], "ds_115_sample_id_23": [], "ds_36_sample_id_24": [], "ds_66_sample_id_25": [], "ds_77_sample_id_26": ["GENOME"], "ds_93_sample_id_27": [], "ds_86_sample_id_28": ["GENOME"], "ds_77_sample_id_29": ["GENOME"], "ds_11_sample_id_30": [], "ds_16_sample_id_31": ["GENOME", "IP_ADDRESS"], "ds_11_sample_id_32": [], "ds_73_sample_id_33": [], "ds_110_sample_id_34": [], "ds_20_sample_id_35": [], "ds_56_sample_id_36": [], "ds_103_sample_id_37": [], "ds_68_sample_id_38": [], "ds_42_sample_id_39": [], "ds_2_sample_id_40": [], "ds_92_sample_id_41": [], "ds_69_sample_id_42": ["GENOME", "IP_ADDRESS"], "ds_10_sample_id_43": ["GENOME"], "ds_112_sample_id_44": [], "ds_10_sample_id_45": ["GENOME"], "ds_20_sample_id_46": [], "ds_40_sample_id_47": [], "ds_83_sample_id_48": ["IP_ADDRESS"], "ds_79_sample_id_49": [], "ds_96_sample_id_50": [], "ds_25_sample_id_51": [], "ds_52_sample_id_52": [], "ds_56_sample_id_53": [], "ds_38_sample_id_54": ["GENOME"], "ds_116_sample_id_55": [], "ds_41_sample_id_56": [], "ds_40_sample_id_57": [], "ds_4_sample_id_58": ["GENOME"], "ds_86_sample_id_59": ["GENOME"], "ds_46_sample_id_60": [], "ds_57_sample_id_61": [], "ds_16_sample_id_62": ["GENOME", "IP_ADDRESS"], "ds_7_sample_id_63": [], "ds_52_sample_id_64": [], "ds_32_sample_id_65": [], "ds_6_sample_id_66": [], "ds_118_sample_id_67": [], "ds_81_sample_id_68": [], "ds_16_sample_id_69": ["GENOME", "IP_ADDRESS"], "ds_55_sample_id_70": ["GENOME"], "ds_3_sample_id_71": ["EMAIL_ADDRESS", "GENOME", "IP_ADDRESS"], "ds_114_sample_id_72": [], "ds_40_sample_id_73": [], "ds_29_sample_id_74": [], "ds_64_sample_id_75": [], "ds_33_sample_id_76": [], "ds_102_sample_id_77": [], "ds_110_sample_id_78": [], "ds_7_sample_id_79": [], "ds_17_sample_id_80": [], "ds_81_sample_id_81": [], "ds_50_sample_id_82": [], "ds_27_sample_id_83": [], "ds_108_sample_id_84": [], "ds_64_sample_id_85": [], "ds_85_sample_id_86": ["EMAIL_ADDRESS", "GENOME"], "ds_6_sample_id_87": [], "ds_83_sample_id_88": ["IP_ADDRESS"], "ds_63_sample_id_89": [], "ds_81_sample_id_90": [], "ds_94_sample_id_91": ["GENOME"], "ds_49_sample_id_92": [], "ds_24_sample_id_93": [], "ds_104_sample_id_94": [], "ds_112_sample_id_95": [], "ds_18_sample_id_96": [], "ds_105_sample_id_97": [], "ds_109_sample_id_98": [], "ds_70_sample_id_99": [], "ds_28_sample_id_100": [], "ds_110_sample_id_101": [], "ds_110_sample_id_102": [], "ds_94_sample_id_103": ["GENOME"], "ds_52_sample_id_104": [], "ds_72_sample_id_105": [], "ds_73_sample_id_106": [], "ds_8_sample_id_107": ["IP_ADDRESS"], "ds_100_sample_id_108": [], "ds_32_sample_id_109": [], "ds_60_sample_id_110": [], "ds_14_sample_id_111": [], "ds_63_sample_id_112": [], "ds_50_sample_id_113": [], "ds_57_sample_id_114": [], "ds_94_sample_id_115": ["GENOME"], "ds_59_sample_id_116": [], "ds_50_sample_id_117": [], "ds_116_sample_id_118": [], "ds_22_sample_id_119": [], "ds_101_sample_id_120": [], "ds_80_sample_id_121": [], "ds_49_sample_id_122": [], "ds_117_sample_id_123": [], "ds_49_sample_id_124": [], "ds_64_sample_id_125": [], "ds_77_sample_id_126": ["GENOME"], "ds_4_sample_id_127": ["GENOME"], "ds_92_sample_id_128": [], "ds_24_sample_id_129": [], "ds_60_sample_id_130": [], "ds_109_sample_id_131": [], "ds_96_sample_id_132": [], "ds_23_sample_id_133": [], "ds_0_sample_id_134": []}