{"ds_0_sample_id_0": [], "ds_307_sample_id_1": [], "ds_281_sample_id_2": [], "ds_9_sample_id_3": [], "ds_346_sample_id_4": [], "ds_301_sample_id_5": [], "ds_246_sample_id_6": [], "ds_311_sample_id_7": [], "ds_164_sample_id_8": [], "ds_318_sample_id_9": [], "ds_177_sample_id_10": [], "ds_90_sample_id_11": [], "ds_67_sample_id_12": [], "ds_191_sample_id_13": [], "ds_103_sample_id_14": [], "ds_11_sample_id_15": [], "ds_322_sample_id_16": [], "ds_383_sample_id_17": ["IP_ADDRESS", "LOCATION", "PHONE_NUMBER", "US_DRIVER_LICENSE"], "ds_290_sample_id_18": [], "ds_359_sample_id_19": ["CREDIT_CARD", "IP_ADDRESS", "LOCATION", "PERSON", "US_DRIVER_LICENSE"], "ds_85_sample_id_20": [], "ds_257_sample_id_21": [], "ds_353_sample_id_22": ["DOMAIN_NAME", "EMAIL_ADDRESS", "LOCATION", "PERSON", "US_DRIVER_LICENSE"], "ds_216_sample_id_23": [], "ds_185_sample_id_24": [], "ds_118_sample_id_25": [], "ds_145_sample_id_26": [], "ds_66_sample_id_27": [], "ds_55_sample_id_28": [], "ds_1_sample_id_29": ["DOMAIN_NAME", "IP_ADDRESS", "PERSON"], "ds_150_sample_id_30": [], "ds_386_sample_id_31": ["EMAIL_ADDRESS", "IP_ADDRESS", "LOCATION", "PERSON", "US_DRIVER_LICENSE"], "ds_26_sample_id_32": [], "ds_69_sample_id_33": [], "ds_116_sample_id_34": [], "ds_193_sample_id_35": [], "ds_274_sample_id_36": [], "ds_282_sample_id_37": [], "ds_154_sample_id_38": ["DOMAIN_NAME", "EMAIL_ADDRESS", "IP_ADDRESS", "LOCATION", "PERSON"], "ds_191_sample_id_39": [], "ds_168_sample_id_40": [], "ds_183_sample_id_41": [], "ds_163_sample_id_42": [], "ds_21_sample_id_43": [], "ds_140_sample_id_44": [], "ds_98_sample_id_45": [], "ds_184_sample_id_46": [], "ds_312_sample_id_47": [], "ds_389_sample_id_48": ["DOMAIN_NAME", "EMAIL_ADDRESS"], "ds_12_sample_id_49": ["DOMAIN_NAME", "EMAIL_ADDRESS", "IP_ADDRESS", "LOCATION", "PERSON"], "ds_398_sample_id_50": ["DOMAIN_NAME", "EMAIL_ADDRESS", "LOCATION", "PERSON", "US_DRIVER_LICENSE"], "ds_349_sample_id_51": ["CREDIT_CARD", "DOMAIN_NAME", "EMAIL_ADDRESS", "IP_ADDRESS", "LOCATION", "PERSON", "PHONE_NUMBER", "US_DRIVER_LICENSE"], "ds_194_sample_id_52": [], "ds_113_sample_id_53": [], "ds_36_sample_id_54": [], "ds_0_sample_id_55": [], "ds_240_sample_id_56": [], "ds_203_sample_id_57": [], "ds_264_sample_id_58": [], "ds_180_sample_id_59": [], "ds_261_sample_id_60": [], "ds_88_sample_id_61": [], "ds_324_sample_id_62": [], "ds_261_sample_id_63": [], "ds_288_sample_id_64": [], "ds_137_sample_id_65": [], "ds_394_sample_id_66": ["CREDIT_CARD", "DOMAIN_NAME", "LOCATION"], "ds_82_sample_id_67": [], "ds_250_sample_id_68": [], "ds_63_sample_id_69": [], "ds_310_sample_id_70": [], "ds_102_sample_id_71": [], "ds_319_sample_id_72": [], "ds_47_sample_id_73": [], "ds_127_sample_id_74": [], "ds_55_sample_id_75": [], "ds_278_sample_id_76": [], "ds_36_sample_id_77": [], "ds_143_sample_id_78": [], "ds_135_sample_id_79": [], "ds_217_sample_id_80": [], "ds_164_sample_id_81": [], "ds_40_sample_id_82": [], "ds_4_sample_id_83": [], "ds_263_sample_id_84": [], "ds_169_sample_id_85": [], "ds_200_sample_id_86": [], "ds_343_sample_id_87": [], "ds_354_sample_id_88": ["CREDIT_CARD", "PHONE_NUMBER"], "ds_346_sample_id_89": [], "ds_274_sample_id_90": [], "ds_2_sample_id_91": ["DOMAIN_NAME", "EMAIL_ADDRESS", "IP_ADDRESS", "LOCATION", "PERSON"], "ds_220_sample_id_92": [], "ds_71_sample_id_93": [], "ds_148_sample_id_94": [], "ds_356_sample_id_95": ["EMAIL_ADDRESS", "PERSON"], "ds_38_sample_id_96": [], "ds_258_sample_id_97": [], "ds_200_sample_id_98": [], "ds_60_sample_id_99": [], "ds_227_sample_id_100": [], "ds_57_sample_id_101": [], "ds_259_sample_id_102": [], "ds_253_sample_id_103": [], "ds_306_sample_id_104": ["CREDIT_CARD", "DOMAIN_NAME", "EMAIL_ADDRESS", "IP_ADDRESS", "LOCATION", "PERSON", "PHONE_NUMBER"], "ds_396_sample_id_105": ["DOMAIN_NAME"], "ds_361_sample_id_106": ["DOMAIN_NAME", "EMAIL_ADDRESS", "LOCATION", "PERSON", "PHONE_NUMBER"], "ds_120_sample_id_107": [], "ds_0_sample_id_108": [], "ds_89_sample_id_109": [], "ds_28_sample_id_110": [], "ds_131_sample_id_111": [], "ds_142_sample_id_112": ["DOMAIN_NAME", "LOCATION", "PERSON", "PHONE_NUMBER"], "ds_20_sample_id_113": [], "ds_300_sample_id_114": [], "ds_310_sample_id_115": [], "ds_280_sample_id_116": [], "ds_312_sample_id_117": [], "ds_89_sample_id_118": [], "ds_250_sample_id_119": [], "ds_328_sample_id_120": [], "ds_385_sample_id_121": ["LOCATION", "PERSON", "PHONE_NUMBER", "US_DRIVER_LICENSE"], "ds_148_sample_id_122": [], "ds_28_sample_id_123": [], "ds_363_sample_id_124": ["CREDIT_CARD", "DOMAIN_NAME", "EMAIL_ADDRESS", "IP_ADDRESS", "LOCATION", "PERSON", "PHONE_NUMBER", "US_DRIVER_LICENSE"], "ds_241_sample_id_125": [], "ds_13_sample_id_126": [], "ds_195_sample_id_127": [], "ds_333_sample_id_128": [], "ds_335_sample_id_129": [], "ds_195_sample_id_130": [], "ds_151_sample_id_131": [], "ds_57_sample_id_132": [], "ds_357_sample_id_133": ["CREDIT_CARD", "IP_ADDRESS", "LOCATION", "PERSON", "PHONE_NUMBER", "US_DRIVER_LICENSE"], "ds_113_sample_id_134": [], "ds_62_sample_id_135": [], "ds_215_sample_id_136": [], "ds_153_sample_id_137": ["DOMAIN_NAME", "LOCATION", "PERSON"], "ds_178_sample_id_138": [], "ds_43_sample_id_139": ["DOMAIN_NAME", "EMAIL_ADDRESS", "LOCATION", "PERSON"], "ds_230_sample_id_140": [], "ds_125_sample_id_141": [], "ds_303_sample_id_142": [], "ds_181_sample_id_143": [], "ds_352_sample_id_144": ["EMAIL_ADDRESS", "US_DRIVER_LICENSE"], "ds_359_sample_id_145": ["CREDIT_CARD", "IP_ADDRESS", "LOCATION", "PERSON", "US_DRIVER_LICENSE"], "ds_113_sample_id_146": [], "ds_159_sample_id_147": [], "ds_384_sample_id_148": ["CREDIT_CARD", "DOMAIN_NAME", "EMAIL_ADDRESS", "LOCATION", "PERSON", "PHONE_NUMBER", "US_DRIVER_LICENSE"], "ds_12_sample_id_149": ["DOMAIN_NAME", "EMAIL_ADDRESS", "IP_ADDRESS", "LOCATION", "PERSON"], "ds_363_sample_id_150": ["CREDIT_CARD", "DOMAIN_NAME", "EMAIL_ADDRESS", "IP_ADDRESS", "LOCATION", "PERSON", "PHONE_NUMBER", "US_DRIVER_LICENSE"], "ds_37_sample_id_151": ["CREDIT_CARD", "DOMAIN_NAME", "EMAIL_ADDRESS", "LOCATION", "PERSON", "PHONE_NUMBER"], "ds_222_sample_id_152": [], "ds_296_sample_id_153": []}