{"user_group_edges": {"group_2": ["user_1132_sample_id_22", "user_1694_sample_id_7", "user_1290_sample_id_20", "user_501_sample_id_4"], "group_3": ["user_1132_sample_id_22", "user_1035_sample_id_26", "user_818_sample_id_23", "user_162_sample_id_14", "user_541_sample_id_8"], "group_9": ["user_1132_sample_id_22", "user_461_sample_id_6", "user_85_sample_id_0", "user_1035_sample_id_26", "user_55_sample_id_12"], "group_10": ["user_1132_sample_id_22", "user_339_sample_id_18", "user_38_sample_id_24", "user_254_sample_id_28", "user_541_sample_id_8", "user_948_sample_id_15"], "group_8": ["user_461_sample_id_6", "user_28_sample_id_25", "user_1506_sample_id_5", "user_254_sample_id_28", "user_501_sample_id_4", "user_1283_sample_id_1", "user_563_sample_id_10"], "group_16": ["user_461_sample_id_6", "user_339_sample_id_18", "user_162_sample_id_14", "user_370_sample_id_27", "user_948_sample_id_15", "user_563_sample_id_10"], "group_7": ["user_28_sample_id_25", "user_908_sample_id_3", "user_563_sample_id_10", "user_164_sample_id_2"], "group_13": ["user_28_sample_id_25", "user_254_sample_id_28", "user_908_sample_id_3", "user_1187_sample_id_9"], "group_19": ["user_28_sample_id_25", "user_85_sample_id_0", "user_339_sample_id_18", "user_254_sample_id_28", "user_1283_sample_id_1", "user_1630_sample_id_16"], "group_5": ["user_85_sample_id_0", "user_339_sample_id_18", "user_76_sample_id_17", "user_818_sample_id_23", "user_1694_sample_id_7", "user_1187_sample_id_9"], "group_6": ["user_85_sample_id_0", "user_38_sample_id_24", "user_1605_sample_id_11", "user_818_sample_id_23", "user_1283_sample_id_1", "user_164_sample_id_2"], "group_18": ["user_85_sample_id_0", "user_38_sample_id_24", "user_162_sample_id_14", "user_370_sample_id_27", "user_501_sample_id_4"], "group_0": ["user_1506_sample_id_5", "user_1187_sample_id_9", "user_1283_sample_id_1", "user_1647_sample_id_13"], "group_4": ["user_1506_sample_id_5", "user_1035_sample_id_26", "user_1605_sample_id_11", "user_140_sample_id_19", "user_948_sample_id_15", "user_1647_sample_id_13", "user_164_sample_id_2"], "group_17": ["user_1506_sample_id_5", "user_541_sample_id_8", "user_1630_sample_id_16"], "group_1": ["user_339_sample_id_18", "user_38_sample_id_24", "user_76_sample_id_17", "user_1035_sample_id_26", "user_1041_sample_id_21", "user_140_sample_id_19", "user_908_sample_id_3"], "group_12": ["user_76_sample_id_17", "user_140_sample_id_19", "user_1290_sample_id_20", "user_370_sample_id_27", "user_1630_sample_id_16"], "group_11": ["user_1041_sample_id_21", "user_1605_sample_id_11", "user_140_sample_id_19", "user_501_sample_id_4"], "group_14": ["user_1605_sample_id_11", "user_55_sample_id_12", "user_1694_sample_id_7", "user_948_sample_id_15"], "group_15": ["user_818_sample_id_23", "user_55_sample_id_12", "user_1290_sample_id_20", "user_563_sample_id_10"]}, "group_data_store_edges": {"group_0": ["ds_26_sample_id_96", "ds_77_sample_id_80", "ds_80_sample_id_28", "ds_45_sample_id_95", "ds_110_sample_id_16", "ds_112_sample_id_41", "ds_12_sample_id_113", "ds_68_sample_id_115", "ds_115_sample_id_121", "ds_59_sample_id_86", "ds_39_sample_id_50", "ds_19_sample_id_46", "ds_24_sample_id_56", "ds_51_sample_id_109", "ds_65_sample_id_127", "ds_17_sample_id_44", "ds_30_sample_id_51", "ds_39_sample_id_101", "ds_80_sample_id_5", "ds_115_sample_id_110", "ds_39_sample_id_124", "ds_90_sample_id_81", "ds_18_sample_id_65", "ds_6_sample_id_87", "ds_76_sample_id_76", "ds_39_sample_id_19", "ds_33_sample_id_98", "ds_56_sample_id_78", "ds_116_sample_id_88", "ds_11_sample_id_112", "ds_67_sample_id_114", "ds_29_sample_id_94", "ds_63_sample_id_122", "ds_3_sample_id_3", "ds_89_sample_id_99", "ds_16_sample_id_23", "ds_82_sample_id_58", "ds_74_sample_id_22", "ds_11_sample_id_83", "ds_54_sample_id_53", "ds_98_sample_id_120", "ds_29_sample_id_104", "ds_47_sample_id_77", "ds_113_sample_id_108", "ds_116_sample_id_30", "ds_40_sample_id_52", "ds_81_sample_id_116", "ds_88_sample_id_82", "ds_16_sample_id_57"], "group_2": ["ds_26_sample_id_96", "ds_73_sample_id_74", "ds_111_sample_id_8", "ds_84_sample_id_2", "ds_105_sample_id_61", "ds_39_sample_id_14", "ds_113_sample_id_47", "ds_68_sample_id_115", "ds_115_sample_id_121", "ds_25_sample_id_38", "ds_65_sample_id_127", "ds_13_sample_id_125", "ds_18_sample_id_65", "ds_33_sample_id_98", "ds_56_sample_id_78", "ds_27_sample_id_73", "ds_114_sample_id_37", "ds_62_sample_id_20", "ds_110_sample_id_93", "ds_51_sample_id_55", "ds_67_sample_id_114", "ds_78_sample_id_9", "ds_103_sample_id_103", "ds_29_sample_id_94", "ds_89_sample_id_99", "ds_66_sample_id_92", "ds_82_sample_id_58", "ds_66_sample_id_29", "ds_80_sample_id_91", "ds_22_sample_id_70", "ds_116_sample_id_48", "ds_24_sample_id_84", "ds_76_sample_id_26", "ds_7_sample_id_49", "ds_116_sample_id_30", "ds_34_sample_id_123", "ds_115_sample_id_62"], "group_3": ["ds_26_sample_id_96", "ds_104_sample_id_100", "ds_84_sample_id_2", "ds_112_sample_id_41", "ds_12_sample_id_113", "ds_115_sample_id_121", "ds_39_sample_id_50", "ds_19_sample_id_46", "ds_16_sample_id_118", "ds_24_sample_id_56", "ds_60_sample_id_119", "ds_74_sample_id_75", "ds_64_sample_id_102", "ds_13_sample_id_125", "ds_80_sample_id_5", "ds_108_sample_id_68", "ds_90_sample_id_81", "ds_101_sample_id_34", "ds_6_sample_id_87", "ds_116_sample_id_88", "ds_11_sample_id_112", "ds_110_sample_id_93", "ds_12_sample_id_69", "ds_48_sample_id_42", "ds_78_sample_id_9", "ds_29_sample_id_94", "ds_63_sample_id_122", "ds_3_sample_id_3", "ds_116_sample_id_36", "ds_82_sample_id_58", "ds_75_sample_id_111", "ds_89_sample_id_85", "ds_74_sample_id_22", "ds_22_sample_id_106", "ds_115_sample_id_15", "ds_54_sample_id_53", "ds_116_sample_id_48", "ds_24_sample_id_84", "ds_106_sample_id_1", "ds_35_sample_id_31", "ds_89_sample_id_21", "ds_4_sample_id_63"], "group_11": ["ds_26_sample_id_96", "ds_20_sample_id_13", "ds_104_sample_id_100", "ds_111_sample_id_8", "ds_112_sample_id_41", "ds_8_sample_id_11", "ds_105_sample_id_61", "ds_12_sample_id_113", "ds_39_sample_id_14", "ds_113_sample_id_47", "ds_17_sample_id_105", "ds_51_sample_id_109", "ds_107_sample_id_59", "ds_83_sample_id_33", "ds_65_sample_id_127", "ds_114_sample_id_35", "ds_74_sample_id_75", "ds_30_sample_id_51", "ds_42_sample_id_12", "ds_39_sample_id_101", "ds_69_sample_id_54", "ds_87_sample_id_126", "ds_108_sample_id_68", "ds_101_sample_id_34", "ds_6_sample_id_87", "ds_33_sample_id_98", "ds_27_sample_id_73", "ds_114_sample_id_37", "ds_62_sample_id_20", "ds_80_sample_id_43", "ds_67_sample_id_114", "ds_74_sample_id_22", "ds_22_sample_id_106", "ds_11_sample_id_83", "ds_54_sample_id_53", "ds_98_sample_id_120", "ds_47_sample_id_77", "ds_4_sample_id_10", "ds_7_sample_id_49", "ds_106_sample_id_97", "ds_40_sample_id_52", "ds_61_sample_id_117", "ds_88_sample_id_82", "ds_16_sample_id_57", "ds_24_sample_id_66"], "group_13": ["ds_26_sample_id_96", "ds_45_sample_id_95", "ds_118_sample_id_24", "ds_39_sample_id_14", "ds_113_sample_id_47", "ds_68_sample_id_115", "ds_115_sample_id_121", "ds_35_sample_id_89", "ds_16_sample_id_118", "ds_60_sample_id_119", "ds_25_sample_id_38", "ds_107_sample_id_59", "ds_74_sample_id_75", "ds_13_sample_id_125", "ds_42_sample_id_12", "ds_39_sample_id_101", "ds_80_sample_id_5", "ds_108_sample_id_68", "ds_39_sample_id_124", "ds_90_sample_id_81", "ds_18_sample_id_65", "ds_114_sample_id_37", "ds_110_sample_id_93", "ds_67_sample_id_114", "ds_116_sample_id_36", "ds_66_sample_id_92", "ds_22_sample_id_27", "ds_22_sample_id_70", "ds_24_sample_id_84", "ds_7_sample_id_49", "ds_106_sample_id_97", "ds_89_sample_id_21", "ds_81_sample_id_116", "ds_115_sample_id_62", "ds_92_sample_id_79", "ds_4_sample_id_63", "ds_101_sample_id_90", "ds_96_sample_id_32"], "group_14": ["ds_26_sample_id_96", "ds_20_sample_id_13", "ds_73_sample_id_74", "ds_112_sample_id_41", "ds_8_sample_id_11", "ds_19_sample_id_64", "ds_105_sample_id_61", "ds_68_sample_id_115", "ds_35_sample_id_89", "ds_16_sample_id_118", "ds_114_sample_id_35", "ds_17_sample_id_44", "ds_74_sample_id_75", "ds_39_sample_id_101", "ds_115_sample_id_110", "ds_39_sample_id_124", "ds_76_sample_id_76", "ds_39_sample_id_19", "ds_11_sample_id_112", "ds_12_sample_id_69", "ds_51_sample_id_55", "ds_78_sample_id_9", "ds_103_sample_id_103", "ds_89_sample_id_99", "ds_70_sample_id_6", "ds_116_sample_id_36", "ds_22_sample_id_27", "ds_22_sample_id_70", "ds_22_sample_id_106", "ds_11_sample_id_83", "ds_115_sample_id_15", "ds_86_sample_id_72", "ds_24_sample_id_84", "ds_61_sample_id_117", "ds_115_sample_id_62", "ds_4_sample_id_63", "ds_54_sample_id_60", "ds_96_sample_id_32", "ds_43_sample_id_39"], "group_17": ["ds_26_sample_id_96", "ds_77_sample_id_80", "ds_73_sample_id_74", "ds_45_sample_id_95", "ds_12_sample_id_113", "ds_115_sample_id_121", "ds_17_sample_id_105", "ds_107_sample_id_59", "ds_65_sample_id_127", "ds_17_sample_id_44", "ds_64_sample_id_102", "ds_110_sample_id_7", "ds_42_sample_id_12", "ds_69_sample_id_54", "ds_108_sample_id_68", "ds_6_sample_id_87", "ds_76_sample_id_76", "ds_27_sample_id_73", "ds_12_sample_id_69", "ds_48_sample_id_42", "ds_80_sample_id_43", "ds_67_sample_id_114", "ds_63_sample_id_45", "ds_103_sample_id_103", "ds_3_sample_id_3", "ds_70_sample_id_6", "ds_116_sample_id_36", "ds_89_sample_id_85", "ds_22_sample_id_27", "ds_74_sample_id_22", "ds_5_sample_id_71", "ds_106_sample_id_1", "ds_89_sample_id_21", "ds_115_sample_id_62", "ds_88_sample_id_82", "ds_4_sample_id_63", "ds_78_sample_id_4", "ds_43_sample_id_39"], "group_18": ["ds_26_sample_id_96", "ds_77_sample_id_80", "ds_45_sample_id_95", "ds_110_sample_id_16", "ds_19_sample_id_64", "ds_35_sample_id_89", "ds_60_sample_id_119", "ds_30_sample_id_51", "ds_90_sample_id_81", "ds_101_sample_id_34", "ds_18_sample_id_65", "ds_76_sample_id_76", "ds_39_sample_id_19", "ds_33_sample_id_98", "ds_56_sample_id_78", "ds_114_sample_id_37", "ds_12_sample_id_69", "ds_51_sample_id_55", "ds_63_sample_id_45", "ds_3_sample_id_3", "ds_82_sample_id_58", "ds_66_sample_id_29", "ds_75_sample_id_111", "ds_89_sample_id_85", "ds_22_sample_id_70", "ds_22_sample_id_106", "ds_116_sample_id_48", "ds_29_sample_id_104", "ds_24_sample_id_84", "ds_113_sample_id_108", "ds_5_sample_id_71", "ds_7_sample_id_49", "ds_3_sample_id_18", "ds_88_sample_id_82", "ds_101_sample_id_90", "ds_96_sample_id_32", "ds_78_sample_id_4"], "group_7": ["ds_77_sample_id_80", "ds_104_sample_id_100", "ds_39_sample_id_50", "ds_19_sample_id_46", "ds_83_sample_id_33", "ds_74_sample_id_75", "ds_110_sample_id_7", "ds_80_sample_id_5", "ds_101_sample_id_34", "ds_18_sample_id_65", "ds_110_sample_id_93", "ds_43_sample_id_17", "ds_51_sample_id_55", "ds_89_sample_id_99", "ds_70_sample_id_6", "ds_80_sample_id_91", "ds_22_sample_id_27", "ds_22_sample_id_70", "ds_22_sample_id_106", "ds_71_sample_id_40", "ds_116_sample_id_48", "ds_5_sample_id_71", "ds_106_sample_id_1", "ds_7_sample_id_49", "ds_116_sample_id_30", "ds_89_sample_id_21", "ds_115_sample_id_62", "ds_92_sample_id_79", "ds_54_sample_id_60"], "group_9": ["ds_77_sample_id_80", "ds_20_sample_id_13", "ds_118_sample_id_24", "ds_92_sample_id_25", "ds_12_sample_id_113", "ds_113_sample_id_47", "ds_115_sample_id_121", "ds_59_sample_id_86", "ds_39_sample_id_50", "ds_19_sample_id_46", "ds_17_sample_id_105", "ds_24_sample_id_56", "ds_83_sample_id_33", "ds_17_sample_id_44", "ds_74_sample_id_75", "ds_110_sample_id_7", "ds_39_sample_id_101", "ds_108_sample_id_68", "ds_6_sample_id_87", "ds_116_sample_id_88", "ds_51_sample_id_55", "ds_90_sample_id_0", "ds_3_sample_id_3", "ds_89_sample_id_99", "ds_75_sample_id_111", "ds_22_sample_id_27", "ds_22_sample_id_70", "ds_71_sample_id_40", "ds_86_sample_id_72", "ds_24_sample_id_84", "ds_113_sample_id_108", "ds_106_sample_id_1", "ds_56_sample_id_67", "ds_106_sample_id_97", "ds_3_sample_id_18", "ds_34_sample_id_123", "ds_88_sample_id_82", "ds_92_sample_id_79", "ds_16_sample_id_57", "ds_101_sample_id_90", "ds_96_sample_id_32"], "group_5": ["ds_20_sample_id_13", "ds_45_sample_id_95", "ds_68_sample_id_115", "ds_35_sample_id_89", "ds_59_sample_id_86", "ds_51_sample_id_109", "ds_107_sample_id_59", "ds_30_sample_id_51", "ds_39_sample_id_101", "ds_115_sample_id_110", "ds_90_sample_id_81", "ds_18_sample_id_65", "ds_114_sample_id_37", "ds_90_sample_id_0", "ds_63_sample_id_122", "ds_116_sample_id_36", "ds_80_sample_id_91", "ds_98_sample_id_120", "ds_113_sample_id_108", "ds_35_sample_id_31", "ds_116_sample_id_30", "ds_56_sample_id_67", "ds_89_sample_id_21", "ds_3_sample_id_18", "ds_24_sample_id_66", "ds_96_sample_id_32", "ds_43_sample_id_39"], "group_6": ["ds_20_sample_id_13", "ds_104_sample_id_100", "ds_115_sample_id_121", "ds_24_sample_id_56", "ds_60_sample_id_107", "ds_17_sample_id_44", "ds_69_sample_id_54", "ds_39_sample_id_19", "ds_33_sample_id_98", "ds_27_sample_id_73", "ds_116_sample_id_88", "ds_43_sample_id_17", "ds_12_sample_id_69", "ds_89_sample_id_99", "ds_16_sample_id_23", "ds_75_sample_id_111", "ds_89_sample_id_85", "ds_115_sample_id_15", "ds_116_sample_id_48", "ds_29_sample_id_104", "ds_47_sample_id_77", "ds_113_sample_id_108", "ds_5_sample_id_71", "ds_76_sample_id_26", "ds_35_sample_id_31", "ds_116_sample_id_30", "ds_40_sample_id_52", "ds_61_sample_id_117", "ds_3_sample_id_18", "ds_34_sample_id_123", "ds_24_sample_id_66"], "group_12": ["ds_20_sample_id_13", "ds_73_sample_id_74", "ds_8_sample_id_11", "ds_19_sample_id_64", "ds_105_sample_id_61", "ds_92_sample_id_25", "ds_115_sample_id_121", "ds_39_sample_id_50", "ds_60_sample_id_107", "ds_60_sample_id_119", "ds_83_sample_id_33", "ds_114_sample_id_35", "ds_74_sample_id_75", "ds_110_sample_id_7", "ds_42_sample_id_12", "ds_80_sample_id_5", "ds_90_sample_id_81", "ds_101_sample_id_34", "ds_39_sample_id_19", "ds_62_sample_id_20", "ds_43_sample_id_17", "ds_12_sample_id_69", "ds_90_sample_id_0", "ds_67_sample_id_114", "ds_78_sample_id_9", "ds_89_sample_id_99", "ds_70_sample_id_6", "ds_66_sample_id_29", "ds_80_sample_id_91", "ds_89_sample_id_85", "ds_74_sample_id_22", "ds_11_sample_id_83", "ds_86_sample_id_72", "ds_54_sample_id_53", "ds_24_sample_id_84", "ds_4_sample_id_10", "ds_5_sample_id_71", "ds_56_sample_id_67", "ds_106_sample_id_97", "ds_61_sample_id_117", "ds_81_sample_id_116", "ds_34_sample_id_123"], "group_19": ["ds_20_sample_id_13", "ds_73_sample_id_74", "ds_111_sample_id_8", "ds_45_sample_id_95", "ds_112_sample_id_41", "ds_19_sample_id_64", "ds_118_sample_id_24", "ds_12_sample_id_113", "ds_17_sample_id_105", "ds_24_sample_id_56", "ds_60_sample_id_107", "ds_51_sample_id_109", "ds_83_sample_id_33", "ds_65_sample_id_127", "ds_114_sample_id_35", "ds_30_sample_id_51", "ds_13_sample_id_125", "ds_39_sample_id_101", "ds_87_sample_id_126", "ds_110_sample_id_93", "ds_51_sample_id_55", "ds_48_sample_id_42", "ds_67_sample_id_114", "ds_103_sample_id_103", "ds_63_sample_id_122", "ds_74_sample_id_22", "ds_5_sample_id_71", "ds_76_sample_id_26", "ds_40_sample_id_52", "ds_92_sample_id_79", "ds_101_sample_id_90", "ds_43_sample_id_39"], "group_4": ["ds_80_sample_id_28", "ds_112_sample_id_41", "ds_92_sample_id_25", "ds_12_sample_id_113", "ds_39_sample_id_14", "ds_68_sample_id_115", "ds_19_sample_id_46", "ds_16_sample_id_118", "ds_74_sample_id_75", "ds_64_sample_id_102", "ds_42_sample_id_12", "ds_108_sample_id_68", "ds_76_sample_id_76", "ds_33_sample_id_98", "ds_70_sample_id_6", "ds_116_sample_id_36", "ds_66_sample_id_92", "ds_66_sample_id_29", "ds_89_sample_id_85", "ds_22_sample_id_27", "ds_74_sample_id_22", "ds_86_sample_id_72", "ds_54_sample_id_53", "ds_47_sample_id_77", "ds_106_sample_id_1", "ds_116_sample_id_30", "ds_56_sample_id_67", "ds_40_sample_id_52", "ds_61_sample_id_117", "ds_34_sample_id_123", "ds_92_sample_id_79", "ds_54_sample_id_60", "ds_96_sample_id_32", "ds_78_sample_id_4"], "group_8": ["ds_80_sample_id_28", "ds_104_sample_id_100", "ds_110_sample_id_16", "ds_12_sample_id_113", "ds_39_sample_id_14", "ds_113_sample_id_47", "ds_51_sample_id_109", "ds_107_sample_id_59", "ds_110_sample_id_7", "ds_39_sample_id_19", "ds_62_sample_id_20", "ds_11_sample_id_112", "ds_48_sample_id_42", "ds_80_sample_id_43", "ds_67_sample_id_114", "ds_116_sample_id_36", "ds_82_sample_id_58", "ds_89_sample_id_85", "ds_74_sample_id_22", "ds_54_sample_id_53", "ds_4_sample_id_10", "ds_76_sample_id_26", "ds_81_sample_id_116", "ds_4_sample_id_63", "ds_54_sample_id_60", "ds_24_sample_id_66", "ds_43_sample_id_39"], "group_10": ["ds_80_sample_id_28", "ds_84_sample_id_2", "ds_110_sample_id_16", "ds_118_sample_id_24", "ds_92_sample_id_25", "ds_39_sample_id_14", "ds_113_sample_id_47", "ds_60_sample_id_107", "ds_107_sample_id_59", "ds_114_sample_id_35", "ds_42_sample_id_12", "ds_69_sample_id_54", "ds_80_sample_id_5", "ds_115_sample_id_110", "ds_39_sample_id_124", "ds_101_sample_id_34", "ds_6_sample_id_87", "ds_27_sample_id_73", "ds_116_sample_id_88", "ds_80_sample_id_43", "ds_90_sample_id_0", "ds_29_sample_id_94", "ds_86_sample_id_72", "ds_29_sample_id_104", "ds_4_sample_id_10", "ds_7_sample_id_49", "ds_56_sample_id_67", "ds_89_sample_id_21", "ds_34_sample_id_123", "ds_92_sample_id_79", "ds_16_sample_id_57", "ds_54_sample_id_60", "ds_101_sample_id_90"], "group_1": ["ds_104_sample_id_100", "ds_84_sample_id_2", "ds_118_sample_id_24", "ds_59_sample_id_86", "ds_39_sample_id_50", "ds_17_sample_id_105", "ds_83_sample_id_33", "ds_65_sample_id_127", "ds_114_sample_id_35", "ds_110_sample_id_7", "ds_42_sample_id_12", "ds_69_sample_id_54", "ds_115_sample_id_110", "ds_90_sample_id_81", "ds_76_sample_id_76", "ds_56_sample_id_78", "ds_63_sample_id_45", "ds_3_sample_id_3", "ds_16_sample_id_23", "ds_70_sample_id_6", "ds_66_sample_id_92", "ds_22_sample_id_27", "ds_71_sample_id_40", "ds_11_sample_id_83", "ds_86_sample_id_72", "ds_98_sample_id_120", "ds_47_sample_id_77", "ds_76_sample_id_26", "ds_89_sample_id_21", "ds_61_sample_id_117", "ds_88_sample_id_82", "ds_92_sample_id_79", "ds_24_sample_id_66"], "group_16": ["ds_111_sample_id_8", "ds_84_sample_id_2", "ds_105_sample_id_61", "ds_113_sample_id_47", "ds_68_sample_id_115", "ds_39_sample_id_50", "ds_19_sample_id_46", "ds_25_sample_id_38", "ds_64_sample_id_102", "ds_30_sample_id_51", "ds_13_sample_id_125", "ds_80_sample_id_5", "ds_87_sample_id_126", "ds_18_sample_id_65", "ds_6_sample_id_87", "ds_27_sample_id_73", "ds_51_sample_id_55", "ds_80_sample_id_43", "ds_63_sample_id_45", "ds_78_sample_id_9", "ds_63_sample_id_122", "ds_3_sample_id_3", "ds_16_sample_id_23", "ds_70_sample_id_6", "ds_66_sample_id_92", "ds_66_sample_id_29", "ds_80_sample_id_91", "ds_22_sample_id_27", "ds_74_sample_id_22", "ds_22_sample_id_70", "ds_54_sample_id_53", "ds_5_sample_id_71", "ds_106_sample_id_97", "ds_81_sample_id_116", "ds_115_sample_id_62", "ds_92_sample_id_79", "ds_16_sample_id_57", "ds_96_sample_id_32", "ds_78_sample_id_4", "ds_43_sample_id_39"], "group_15": ["ds_19_sample_id_64", "ds_92_sample_id_25", "ds_59_sample_id_86", "ds_39_sample_id_50", "ds_19_sample_id_46", "ds_60_sample_id_107", "ds_60_sample_id_119", "ds_107_sample_id_59", "ds_114_sample_id_35", "ds_17_sample_id_44", "ds_64_sample_id_102", "ds_30_sample_id_51", "ds_13_sample_id_125", "ds_110_sample_id_7", "ds_87_sample_id_126", "ds_56_sample_id_78", "ds_116_sample_id_88", "ds_62_sample_id_20", "ds_110_sample_id_93", "ds_43_sample_id_17", "ds_48_sample_id_42", "ds_78_sample_id_9", "ds_29_sample_id_94", "ds_63_sample_id_122", "ds_89_sample_id_99", "ds_16_sample_id_23", "ds_74_sample_id_22", "ds_22_sample_id_70", "ds_113_sample_id_108", "ds_7_sample_id_49", "ds_106_sample_id_97", "ds_89_sample_id_21", "ds_4_sample_id_63", "ds_43_sample_id_39"]}}