{"ds_832_sample_id_0": [], "ds_505_sample_id_1": [], "ds_252_sample_id_2": [], "ds_450_sample_id_3": [], "ds_761_sample_id_4": [], "ds_581_sample_id_5": [], "ds_492_sample_id_6": [], "ds_657_sample_id_7": [], "ds_501_sample_id_8": [], "ds_292_sample_id_9": [], "ds_86_sample_id_10": [], "ds_599_sample_id_11": [], "ds_612_sample_id_12": [], "ds_10_sample_id_13": [], "ds_679_sample_id_14": [], "ds_563_sample_id_15": [], "ds_53_sample_id_16": [], "ds_142_sample_id_17": [], "ds_478_sample_id_18": [], "ds_372_sample_id_19": [], "ds_849_sample_id_20": [], "ds_106_sample_id_21": [], "ds_668_sample_id_22": [], "ds_877_sample_id_23": [], "ds_347_sample_id_24": [], "ds_827_sample_id_25": [], "ds_639_sample_id_26": [], "ds_275_sample_id_27": [], "ds_847_sample_id_28": [], "ds_775_sample_id_29": [], "ds_688_sample_id_30": [], "ds_819_sample_id_31": [], "ds_362_sample_id_32": [], "ds_236_sample_id_33": [], "ds_616_sample_id_34": [], "ds_132_sample_id_35": ["DOMAIN_NAME", "EMAIL_ADDRESS", "IP_ADDRESS", "PERSON"], "ds_817_sample_id_36": [], "ds_13_sample_id_37": [], "ds_769_sample_id_38": [], "ds_353_sample_id_39": [], "ds_241_sample_id_40": [], "ds_244_sample_id_41": [], "ds_308_sample_id_42": [], "ds_435_sample_id_43": [], "ds_127_sample_id_44": [], "ds_26_sample_id_45": [], "ds_65_sample_id_46": [], "ds_103_sample_id_47": [], "ds_510_sample_id_48": [], "ds_728_sample_id_49": [], "ds_791_sample_id_50": [], "ds_672_sample_id_51": [], "ds_146_sample_id_52": [], "ds_275_sample_id_53": [], "ds_264_sample_id_54": [], "ds_49_sample_id_55": [], "ds_832_sample_id_56": [], "ds_809_sample_id_57": [], "ds_509_sample_id_58": [], "ds_137_sample_id_59": [], "ds_198_sample_id_60": [], "ds_149_sample_id_61": [], "ds_550_sample_id_62": [], "ds_498_sample_id_63": [], "ds_344_sample_id_64": [], "ds_134_sample_id_65": [], "ds_775_sample_id_66": [], "ds_590_sample_id_67": [], "ds_667_sample_id_68": [], "ds_108_sample_id_69": [], "ds_11_sample_id_70": [], "ds_357_sample_id_71": [], "ds_648_sample_id_72": [], "ds_608_sample_id_73": [], "ds_471_sample_id_74": [], "ds_320_sample_id_75": [], "ds_134_sample_id_76": [], "ds_205_sample_id_77": [], "ds_627_sample_id_78": [], "ds_282_sample_id_79": [], "ds_829_sample_id_80": [], "ds_774_sample_id_81": [], "ds_86_sample_id_82": [], "ds_328_sample_id_83": [], "ds_668_sample_id_84": [], "ds_645_sample_id_85": [], "ds_39_sample_id_86": [], "ds_81_sample_id_87": [], "ds_801_sample_id_88": [], "ds_849_sample_id_89": [], "ds_332_sample_id_90": [], "ds_593_sample_id_91": [], "ds_399_sample_id_92": [], "ds_151_sample_id_93": [], "ds_269_sample_id_94": [], "ds_565_sample_id_95": [], "ds_697_sample_id_96": [], "ds_544_sample_id_97": [], "ds_218_sample_id_98": [], "ds_79_sample_id_99": ["DOMAIN_NAME", "EMAIL_ADDRESS", "PHONE_NUMBER"], "ds_179_sample_id_100": [], "ds_136_sample_id_101": [], "ds_209_sample_id_102": [], "ds_772_sample_id_103": [], "ds_276_sample_id_104": [], "ds_450_sample_id_105": [], "ds_616_sample_id_106": [], "ds_669_sample_id_107": [], "ds_728_sample_id_108": [], "ds_397_sample_id_109": [], "ds_353_sample_id_110": [], "ds_448_sample_id_111": [], "ds_875_sample_id_112": [], "ds_2_sample_id_113": [], "ds_107_sample_id_114": [], "ds_868_sample_id_115": [], "ds_677_sample_id_116": [], "ds_717_sample_id_117": [], "ds_835_sample_id_118": [], "ds_595_sample_id_119": [], "ds_571_sample_id_120": [], "ds_340_sample_id_121": [], "ds_512_sample_id_122": [], "ds_401_sample_id_123": [], "ds_41_sample_id_124": [], "ds_361_sample_id_125": [], "ds_432_sample_id_126": [], "ds_536_sample_id_127": [], "ds_377_sample_id_128": [], "ds_283_sample_id_129": [], "ds_710_sample_id_130": [], "ds_289_sample_id_131": [], "ds_570_sample_id_132": [], "ds_281_sample_id_133": [], "ds_482_sample_id_134": [], "ds_678_sample_id_135": [], "ds_555_sample_id_136": [], "ds_47_sample_id_137": [], "ds_582_sample_id_138": [], "ds_460_sample_id_139": [], "ds_264_sample_id_140": [], "ds_100_sample_id_141": [], "ds_446_sample_id_142": [], "ds_761_sample_id_143": [], "ds_813_sample_id_144": [], "ds_760_sample_id_145": [], "ds_519_sample_id_146": [], "ds_258_sample_id_147": [], "ds_82_sample_id_148": [], "ds_292_sample_id_149": [], "ds_414_sample_id_150": [], "ds_704_sample_id_151": [], "ds_368_sample_id_152": [], "ds_557_sample_id_153": [], "ds_1_sample_id_154": [], "ds_169_sample_id_155": [], "ds_696_sample_id_156": [], "ds_388_sample_id_157": [], "ds_795_sample_id_158": [], "ds_376_sample_id_159": [], "ds_71_sample_id_160": [], "ds_791_sample_id_161": [], "ds_140_sample_id_162": [], "ds_836_sample_id_163": [], "ds_134_sample_id_164": [], "ds_382_sample_id_165": [], "ds_694_sample_id_166": [], "ds_452_sample_id_167": [], "ds_450_sample_id_168": [], "ds_651_sample_id_169": [], "ds_235_sample_id_170": [], "ds_825_sample_id_171": [], "ds_414_sample_id_172": [], "ds_462_sample_id_173": [], "ds_798_sample_id_174": [], "ds_442_sample_id_175": [], "ds_338_sample_id_176": [], "ds_578_sample_id_177": [], "ds_739_sample_id_178": [], "ds_317_sample_id_179": [], "ds_411_sample_id_180": [], "ds_351_sample_id_181": [], "ds_224_sample_id_182": [], "ds_347_sample_id_183": [], "ds_684_sample_id_184": [], "ds_547_sample_id_185": [], "ds_305_sample_id_186": [], "ds_253_sample_id_187": [], "ds_833_sample_id_188": [], "ds_318_sample_id_189": [], "ds_850_sample_id_190": [], "ds_468_sample_id_191": [], "ds_323_sample_id_192": [], "ds_540_sample_id_193": [], "ds_522_sample_id_194": [], "ds_279_sample_id_195": [], "ds_795_sample_id_196": [], "ds_743_sample_id_197": [], "ds_336_sample_id_198": [], "ds_135_sample_id_199": [], "ds_165_sample_id_200": [], "ds_351_sample_id_201": [], "ds_34_sample_id_202": [], "ds_186_sample_id_203": [], "ds_817_sample_id_204": [], "ds_489_sample_id_205": [], "ds_312_sample_id_206": [], "ds_578_sample_id_207": [], "ds_430_sample_id_208": [], "ds_37_sample_id_209": [], "ds_361_sample_id_210": [], "ds_312_sample_id_211": [], "ds_140_sample_id_212": [], "ds_821_sample_id_213": [], "ds_173_sample_id_214": [], "ds_808_sample_id_215": [], "ds_68_sample_id_216": [], "ds_541_sample_id_217": [], "ds_794_sample_id_218": [], "ds_215_sample_id_219": [], "ds_194_sample_id_220": ["DOMAIN_NAME", "EMAIL_ADDRESS"], "ds_456_sample_id_221": [], "ds_670_sample_id_222": [], "ds_402_sample_id_223": [], "ds_554_sample_id_224": [], "ds_432_sample_id_225": [], "ds_715_sample_id_226": [], "ds_652_sample_id_227": [], "ds_788_sample_id_228": [], "ds_408_sample_id_229": [], "ds_756_sample_id_230": [], "ds_775_sample_id_231": [], "ds_136_sample_id_232": [], "ds_622_sample_id_233": [], "ds_44_sample_id_234": [], "ds_219_sample_id_235": [], "ds_573_sample_id_236": [], "ds_707_sample_id_237": [], "ds_199_sample_id_238": ["DOMAIN_NAME", "EMAIL_ADDRESS"], "ds_175_sample_id_239": [], "ds_40_sample_id_240": [], "ds_738_sample_id_241": [], "ds_604_sample_id_242": [], "ds_852_sample_id_243": [], "ds_857_sample_id_244": [], "ds_36_sample_id_245": [], "ds_300_sample_id_246": [], "ds_463_sample_id_247": [], "ds_67_sample_id_248": [], "ds_649_sample_id_249": [], "ds_415_sample_id_250": [], "ds_5_sample_id_251": [], "ds_394_sample_id_252": [], "ds_82_sample_id_253": [], "ds_672_sample_id_254": [], "ds_575_sample_id_255": [], "ds_352_sample_id_256": [], "ds_310_sample_id_257": [], "ds_267_sample_id_258": [], "ds_476_sample_id_259": [], "ds_64_sample_id_260": [], "ds_870_sample_id_261": [], "ds_193_sample_id_262": [], "ds_662_sample_id_263": [], "ds_521_sample_id_264": [], "ds_721_sample_id_265": [], "ds_15_sample_id_266": [], "ds_532_sample_id_267": [], "ds_113_sample_id_268": [], "ds_201_sample_id_269": [], "ds_432_sample_id_270": [], "ds_827_sample_id_271": [], "ds_613_sample_id_272": [], "ds_356_sample_id_273": [], "ds_241_sample_id_274": [], "ds_390_sample_id_275": [], "ds_418_sample_id_276": [], "ds_196_sample_id_277": ["DOMAIN_NAME", "EMAIL_ADDRESS"], "ds_679_sample_id_278": [], "ds_444_sample_id_279": [], "ds_137_sample_id_280": [], "ds_8_sample_id_281": ["DOMAIN_NAME", "EMAIL_ADDRESS", "IP_ADDRESS", "PERSON"], "ds_552_sample_id_282": [], "ds_413_sample_id_283": [], "ds_772_sample_id_284": [], "ds_380_sample_id_285": [], "ds_875_sample_id_286": [], "ds_284_sample_id_287": [], "ds_273_sample_id_288": ["DOMAIN_NAME", "EMAIL_ADDRESS"]}