{"user_group_edges": {"group_1": ["user_38_sample_id_47", "user_33_sample_id_83", "user_0_sample_id_29", "user_32_sample_id_30", "user_5_sample_id_54", "user_30_sample_id_71", "user_25_sample_id_37", "user_4_sample_id_33", "user_32_sample_id_17", "user_29_sample_id_12", "user_35_sample_id_2", "user_11_sample_id_39", "user_19_sample_id_56", "user_27_sample_id_16", "user_19_sample_id_25", "user_25_sample_id_41", "user_18_sample_id_5", "user_25_sample_id_80"], "group_8": ["user_38_sample_id_47", "user_27_sample_id_9", "user_16_sample_id_24", "user_3_sample_id_62", "user_20_sample_id_0", "user_18_sample_id_42", "user_8_sample_id_22", "user_8_sample_id_3", "user_3_sample_id_38", "user_25_sample_id_37", "user_0_sample_id_64", "user_3_sample_id_77", "user_31_sample_id_23", "user_38_sample_id_27", "user_22_sample_id_53", "user_14_sample_id_8", "user_19_sample_id_56", "user_22_sample_id_75", "user_10_sample_id_20", "user_27_sample_id_15", "user_18_sample_id_44", "user_34_sample_id_49", "user_34_sample_id_14", "user_19_sample_id_31", "user_21_sample_id_21", "user_25_sample_id_80", "user_27_sample_id_58"], "group_13": ["user_38_sample_id_47", "user_38_sample_id_68", "user_35_sample_id_78", "user_3_sample_id_10", "user_3_sample_id_38", "user_32_sample_id_69", "user_14_sample_id_52", "user_32_sample_id_17", "user_28_sample_id_73", "user_9_sample_id_6", "user_11_sample_id_39", "user_23_sample_id_46", "user_18_sample_id_44", "user_16_sample_id_26", "user_19_sample_id_25", "user_34_sample_id_13", "user_27_sample_id_58"], "group_3": ["user_23_sample_id_35", "user_10_sample_id_34", "user_33_sample_id_83", "user_38_sample_id_45", "user_8_sample_id_3", "user_30_sample_id_71", "user_39_sample_id_59", "user_0_sample_id_64", "user_22_sample_id_81", "user_14_sample_id_52", "user_24_sample_id_11", "user_3_sample_id_77", "user_31_sample_id_23", "user_23_sample_id_66", "user_21_sample_id_70", "user_17_sample_id_4", "user_35_sample_id_2", "user_14_sample_id_8", "user_19_sample_id_56", "user_23_sample_id_46", "user_28_sample_id_1", "user_1_sample_id_63", "user_34_sample_id_49", "user_16_sample_id_26", "user_4_sample_id_7", "user_21_sample_id_51", "user_21_sample_id_21", "user_34_sample_id_13", "user_27_sample_id_58"], "group_15": ["user_23_sample_id_35", "user_27_sample_id_9", "user_38_sample_id_18", "user_38_sample_id_68", "user_8_sample_id_22", "user_39_sample_id_59", "user_22_sample_id_81", "user_4_sample_id_82", "user_31_sample_id_23", "user_22_sample_id_53", "user_14_sample_id_8", "user_19_sample_id_56", "user_4_sample_id_57", "user_27_sample_id_16", "user_20_sample_id_74", "user_34_sample_id_49", "user_34_sample_id_14", "user_38_sample_id_19", "user_2_sample_id_55"], "group_17": ["user_23_sample_id_35", "user_3_sample_id_62", "user_20_sample_id_0", "user_29_sample_id_67", "user_18_sample_id_42", "user_14_sample_id_52", "user_23_sample_id_66", "user_8_sample_id_36", "user_21_sample_id_70", "user_28_sample_id_73", "user_39_sample_id_40", "user_22_sample_id_53", "user_35_sample_id_2", "user_28_sample_id_1", "user_10_sample_id_20", "user_20_sample_id_74", "user_18_sample_id_72", "user_18_sample_id_28", "user_34_sample_id_49", "user_34_sample_id_14", "user_38_sample_id_19", "user_21_sample_id_51", "user_18_sample_id_5", "user_19_sample_id_31", "user_34_sample_id_13"], "group_5": ["user_24_sample_id_32", "user_10_sample_id_34", "user_33_sample_id_83", "user_16_sample_id_24", "user_3_sample_id_62", "user_20_sample_id_0", "user_30_sample_id_71", "user_32_sample_id_69", "user_25_sample_id_37", "user_14_sample_id_52", "user_24_sample_id_11", "user_38_sample_id_27", "user_23_sample_id_66", "user_4_sample_id_33", "user_32_sample_id_17", "user_39_sample_id_40", "user_22_sample_id_75", "user_4_sample_id_57", "user_10_sample_id_20", "user_18_sample_id_44", "user_18_sample_id_72", "user_18_sample_id_28", "user_19_sample_id_25", "user_38_sample_id_19", "user_18_sample_id_5", "user_27_sample_id_58"], "group_7": ["user_24_sample_id_32", "user_37_sample_id_79", "user_14_sample_id_61", "user_35_sample_id_78", "user_32_sample_id_30", "user_29_sample_id_67", "user_18_sample_id_42", "user_16_sample_id_48", "user_3_sample_id_10", "user_30_sample_id_71", "user_0_sample_id_64", "user_24_sample_id_11", "user_4_sample_id_82", "user_38_sample_id_27", "user_8_sample_id_36", "user_11_sample_id_39", "user_23_sample_id_46", "user_22_sample_id_75", "user_28_sample_id_1", "user_18_sample_id_72", "user_25_sample_id_80", "user_27_sample_id_58"], "group_16": ["user_24_sample_id_32", "user_0_sample_id_29", "user_14_sample_id_61", "user_19_sample_id_65", "user_18_sample_id_42", "user_8_sample_id_3", "user_3_sample_id_38", "user_32_sample_id_69", "user_31_sample_id_23", "user_23_sample_id_66", "user_32_sample_id_17", "user_21_sample_id_70", "user_29_sample_id_12", "user_39_sample_id_40", "user_22_sample_id_53", "user_35_sample_id_2", "user_14_sample_id_8", "user_19_sample_id_56", "user_23_sample_id_46", "user_1_sample_id_63", "user_18_sample_id_28", "user_34_sample_id_49", "user_16_sample_id_26", "user_4_sample_id_7", "user_21_sample_id_51", "user_2_sample_id_55", "user_19_sample_id_31", "user_34_sample_id_13"], "group_12": ["user_10_sample_id_34", "user_27_sample_id_9", "user_16_sample_id_24", "user_12_sample_id_76", "user_35_sample_id_78", "user_38_sample_id_45", "user_5_sample_id_54", "user_19_sample_id_65", "user_18_sample_id_42", "user_3_sample_id_10", "user_32_sample_id_69", "user_3_sample_id_77", "user_38_sample_id_27", "user_23_sample_id_66", "user_32_sample_id_17", "user_21_sample_id_70", "user_29_sample_id_12", "user_39_sample_id_40", "user_22_sample_id_53", "user_23_sample_id_46", "user_4_sample_id_57", "user_28_sample_id_1", "user_1_sample_id_63", "user_18_sample_id_44", "user_19_sample_id_25", "user_25_sample_id_41", "user_2_sample_id_55", "user_25_sample_id_80", "user_27_sample_id_58"], "group_14": ["user_10_sample_id_34", "user_28_sample_id_60", "user_0_sample_id_43", "user_20_sample_id_0", "user_29_sample_id_67", "user_5_sample_id_54", "user_8_sample_id_3", "user_3_sample_id_10", "user_3_sample_id_38", "user_39_sample_id_59", "user_0_sample_id_64", "user_22_sample_id_81", "user_38_sample_id_27", "user_23_sample_id_66", "user_29_sample_id_12", "user_11_sample_id_39", "user_28_sample_id_1", "user_27_sample_id_15", "user_18_sample_id_44", "user_19_sample_id_25", "user_34_sample_id_14", "user_18_sample_id_5", "user_25_sample_id_80"], "group_9": ["user_27_sample_id_9", "user_28_sample_id_60", "user_3_sample_id_62", "user_29_sample_id_67", "user_19_sample_id_65", "user_3_sample_id_10", "user_30_sample_id_71", "user_0_sample_id_64", "user_22_sample_id_81", "user_21_sample_id_70", "user_17_sample_id_4", "user_35_sample_id_2", "user_19_sample_id_56", "user_1_sample_id_63", "user_10_sample_id_20", "user_20_sample_id_74", "user_34_sample_id_49", "user_16_sample_id_26", "user_38_sample_id_19", "user_25_sample_id_41", "user_34_sample_id_13", "user_27_sample_id_58"], "group_10": ["user_33_sample_id_83", "user_28_sample_id_60", "user_0_sample_id_43", "user_38_sample_id_68", "user_14_sample_id_61", "user_35_sample_id_78", "user_5_sample_id_54", "user_19_sample_id_65", "user_8_sample_id_22", "user_32_sample_id_69", "user_39_sample_id_59", "user_25_sample_id_37", "user_24_sample_id_11", "user_3_sample_id_77", "user_4_sample_id_82", "user_31_sample_id_23", "user_8_sample_id_36", "user_4_sample_id_33", "user_21_sample_id_70", "user_29_sample_id_12", "user_28_sample_id_73", "user_39_sample_id_40", "user_22_sample_id_53", "user_9_sample_id_6", "user_11_sample_id_39", "user_4_sample_id_57", "user_27_sample_id_16", "user_28_sample_id_1", "user_18_sample_id_44", "user_18_sample_id_28", "user_34_sample_id_14", "user_38_sample_id_19", "user_21_sample_id_51", "user_18_sample_id_5", "user_19_sample_id_31", "user_21_sample_id_21", "user_34_sample_id_13"], "group_11": ["user_28_sample_id_60", "user_13_sample_id_50", "user_38_sample_id_18", "user_32_sample_id_30", "user_18_sample_id_42", "user_16_sample_id_48", "user_39_sample_id_59", "user_4_sample_id_82", "user_8_sample_id_36", "user_4_sample_id_33", "user_28_sample_id_73", "user_9_sample_id_6", "user_35_sample_id_2", "user_27_sample_id_16", "user_27_sample_id_15", "user_20_sample_id_74", "user_18_sample_id_72", "user_18_sample_id_28", "user_16_sample_id_26", "user_4_sample_id_7", "user_34_sample_id_14", "user_25_sample_id_41", "user_19_sample_id_31", "user_25_sample_id_80", "user_27_sample_id_58"], "group_0": ["user_16_sample_id_24", "user_37_sample_id_79", "user_32_sample_id_30", "user_29_sample_id_67", "user_5_sample_id_54", "user_18_sample_id_42", "user_8_sample_id_22", "user_3_sample_id_10", "user_3_sample_id_38", "user_25_sample_id_37", "user_0_sample_id_64", "user_22_sample_id_81", "user_8_sample_id_36", "user_4_sample_id_33", "user_28_sample_id_73", "user_39_sample_id_40", "user_9_sample_id_6", "user_17_sample_id_4", "user_35_sample_id_2", "user_22_sample_id_75", "user_28_sample_id_1", "user_10_sample_id_20", "user_19_sample_id_25", "user_34_sample_id_14", "user_21_sample_id_51", "user_25_sample_id_41", "user_18_sample_id_5", "user_25_sample_id_80"], "group_19": ["user_0_sample_id_43", "user_38_sample_id_45", "user_32_sample_id_30", "user_32_sample_id_69", "user_39_sample_id_59", "user_14_sample_id_52", "user_24_sample_id_11", "user_3_sample_id_77", "user_31_sample_id_23", "user_4_sample_id_33", "user_9_sample_id_6", "user_14_sample_id_8", "user_11_sample_id_39", "user_23_sample_id_46", "user_4_sample_id_57", "user_27_sample_id_16", "user_1_sample_id_63", "user_27_sample_id_15", "user_20_sample_id_74", "user_18_sample_id_72", "user_38_sample_id_19", "user_21_sample_id_21"], "group_2": ["user_0_sample_id_29", "user_14_sample_id_61", "user_38_sample_id_45", "user_20_sample_id_0", "user_5_sample_id_54", "user_16_sample_id_48", "user_8_sample_id_22", "user_8_sample_id_3", "user_3_sample_id_38", "user_32_sample_id_69", "user_0_sample_id_64", "user_38_sample_id_27", "user_4_sample_id_33", "user_32_sample_id_17", "user_29_sample_id_12", "user_39_sample_id_40", "user_9_sample_id_6", "user_17_sample_id_4", "user_22_sample_id_75", "user_4_sample_id_57", "user_27_sample_id_16", "user_10_sample_id_20", "user_18_sample_id_44", "user_18_sample_id_72", "user_4_sample_id_7", "user_25_sample_id_41", "user_2_sample_id_55", "user_21_sample_id_21", "user_34_sample_id_13", "user_27_sample_id_58"], "group_18": ["user_13_sample_id_50", "user_38_sample_id_68", "user_12_sample_id_76", "user_20_sample_id_0", "user_19_sample_id_65", "user_16_sample_id_48", "user_8_sample_id_22", "user_8_sample_id_3", "user_30_sample_id_71", "user_39_sample_id_59", "user_25_sample_id_37", "user_0_sample_id_64", "user_14_sample_id_52", "user_24_sample_id_11", "user_4_sample_id_82", "user_23_sample_id_66", "user_39_sample_id_40", "user_27_sample_id_16", "user_10_sample_id_20", "user_27_sample_id_15", "user_18_sample_id_44", "user_34_sample_id_49", "user_19_sample_id_31"], "group_4": ["user_38_sample_id_18", "user_14_sample_id_61", "user_35_sample_id_78", "user_29_sample_id_67", "user_5_sample_id_54", "user_19_sample_id_65", "user_18_sample_id_42", "user_3_sample_id_77", "user_38_sample_id_27", "user_32_sample_id_17", "user_21_sample_id_70", "user_29_sample_id_12", "user_9_sample_id_6", "user_17_sample_id_4", "user_23_sample_id_46", "user_22_sample_id_75", "user_4_sample_id_57", "user_28_sample_id_1", "user_18_sample_id_28", "user_4_sample_id_7", "user_34_sample_id_14", "user_21_sample_id_51", "user_25_sample_id_41", "user_2_sample_id_55", "user_21_sample_id_21", "user_25_sample_id_80"], "group_6": ["user_37_sample_id_79", "user_12_sample_id_76", "user_3_sample_id_62", "user_8_sample_id_3", "user_24_sample_id_11", "user_8_sample_id_36", "user_17_sample_id_4", "user_14_sample_id_8", "user_19_sample_id_56", "user_22_sample_id_75", "user_1_sample_id_63", "user_27_sample_id_15", "user_20_sample_id_74", "user_18_sample_id_28", "user_16_sample_id_26", "user_4_sample_id_7", "user_21_sample_id_51", "user_2_sample_id_55", "user_21_sample_id_21"]}, "group_data_store_edges": {"group_2": ["ds_23_sample_id_127", "ds_44_sample_id_169", "ds_11_sample_id_175", "ds_39_sample_id_194", "ds_15_sample_id_40", "ds_60_sample_id_45", "ds_21_sample_id_180", "ds_52_sample_id_4", "ds_50_sample_id_1", "ds_52_sample_id_20", "ds_47_sample_id_8", "ds_50_sample_id_183", "ds_41_sample_id_191", "ds_7_sample_id_123", "ds_23_sample_id_103", "ds_35_sample_id_115", "ds_32_sample_id_59", "ds_21_sample_id_16", "ds_16_sample_id_18", "ds_13_sample_id_100", "ds_7_sample_id_196", "ds_11_sample_id_149", "ds_2_sample_id_126", "ds_41_sample_id_24", "ds_50_sample_id_35", "ds_30_sample_id_87", "ds_2_sample_id_113", "ds_52_sample_id_104", "ds_32_sample_id_131", "ds_41_sample_id_28", "ds_44_sample_id_93", "ds_52_sample_id_58", "ds_46_sample_id_95", "ds_51_sample_id_74", "ds_34_sample_id_17", "ds_20_sample_id_178", "ds_30_sample_id_69", "ds_49_sample_id_105", "ds_52_sample_id_101", "ds_36_sample_id_193", "ds_59_sample_id_157", "ds_32_sample_id_154", "ds_30_sample_id_85", "ds_63_sample_id_68", "ds_24_sample_id_134", "ds_43_sample_id_42", "ds_47_sample_id_52", "ds_35_sample_id_13", "ds_10_sample_id_44", "ds_27_sample_id_81", "ds_33_sample_id_0", "ds_48_sample_id_153", "ds_31_sample_id_128", "ds_10_sample_id_195", "ds_57_sample_id_92", "ds_44_sample_id_172", "ds_16_sample_id_170", "ds_35_sample_id_7", "ds_49_sample_id_19", "ds_50_sample_id_49", "ds_10_sample_id_161"], "group_3": ["ds_23_sample_id_127", "ds_33_sample_id_54", "ds_44_sample_id_169", "ds_49_sample_id_36", "ds_6_sample_id_130", "ds_13_sample_id_110", "ds_39_sample_id_194", "ds_26_sample_id_23", "ds_21_sample_id_180", "ds_36_sample_id_160", "ds_65_sample_id_61", "ds_12_sample_id_31", "ds_57_sample_id_27", "ds_44_sample_id_3", "ds_13_sample_id_100", "ds_53_sample_id_32", "ds_25_sample_id_143", "ds_2_sample_id_126", "ds_41_sample_id_24", "ds_50_sample_id_35", "ds_58_sample_id_150", "ds_17_sample_id_66", "ds_58_sample_id_99", "ds_16_sample_id_162", "ds_64_sample_id_152", "ds_8_sample_id_60", "ds_26_sample_id_186", "ds_12_sample_id_155", "ds_32_sample_id_156", "ds_22_sample_id_76", "ds_20_sample_id_178", "ds_23_sample_id_188", "ds_60_sample_id_138", "ds_28_sample_id_108", "ds_58_sample_id_192", "ds_36_sample_id_193", "ds_8_sample_id_33", "ds_7_sample_id_86", "ds_62_sample_id_145", "ds_26_sample_id_14", "ds_63_sample_id_56", "ds_45_sample_id_50", "ds_48_sample_id_153", "ds_47_sample_id_12", "ds_57_sample_id_92", "ds_16_sample_id_170", "ds_22_sample_id_124"], "group_9": ["ds_23_sample_id_127", "ds_33_sample_id_54", "ds_44_sample_id_169", "ds_49_sample_id_36", "ds_56_sample_id_6", "ds_13_sample_id_110", "ds_60_sample_id_82", "ds_57_sample_id_91", "ds_55_sample_id_112", "ds_34_sample_id_89", "ds_15_sample_id_40", "ds_53_sample_id_64", "ds_36_sample_id_160", "ds_52_sample_id_20", "ds_12_sample_id_96", "ds_30_sample_id_151", "ds_51_sample_id_11", "ds_65_sample_id_61", "ds_35_sample_id_115", "ds_43_sample_id_179", "ds_27_sample_id_22", "ds_21_sample_id_16", "ds_4_sample_id_5", "ds_55_sample_id_73", "ds_25_sample_id_143", "ds_11_sample_id_149", "ds_30_sample_id_71", "ds_27_sample_id_122", "ds_29_sample_id_98", "ds_2_sample_id_113", "ds_32_sample_id_131", "ds_10_sample_id_136", "ds_50_sample_id_117", "ds_24_sample_id_107", "ds_52_sample_id_41", "ds_31_sample_id_171", "ds_25_sample_id_78", "ds_34_sample_id_17", "ds_30_sample_id_69", "ds_23_sample_id_188", "ds_65_sample_id_106", "ds_36_sample_id_193", "ds_44_sample_id_48", "ds_66_sample_id_67", "ds_38_sample_id_29", "ds_25_sample_id_147", "ds_32_sample_id_154", "ds_26_sample_id_83", "ds_7_sample_id_125", "ds_7_sample_id_86", "ds_24_sample_id_134", "ds_6_sample_id_38", "ds_43_sample_id_42", "ds_14_sample_id_159", "ds_10_sample_id_44", "ds_13_sample_id_30", "ds_33_sample_id_0", "ds_45_sample_id_50", "ds_48_sample_id_153", "ds_31_sample_id_128", "ds_10_sample_id_195", "ds_11_sample_id_63", "ds_44_sample_id_172", "ds_35_sample_id_7", "ds_44_sample_id_184", "ds_65_sample_id_114", "ds_0_sample_id_34", "ds_42_sample_id_174", "ds_50_sample_id_49"], "group_12": ["ds_23_sample_id_127", "ds_57_sample_id_91", "ds_39_sample_id_194", "ds_26_sample_id_146", "ds_64_sample_id_10", "ds_21_sample_id_180", "ds_10_sample_id_62", "ds_19_sample_id_39", "ds_50_sample_id_1", "ds_51_sample_id_121", "ds_52_sample_id_20", "ds_47_sample_id_8", "ds_30_sample_id_151", "ds_23_sample_id_103", "ds_62_sample_id_51", "ds_22_sample_id_37", "ds_13_sample_id_109", "ds_31_sample_id_197", "ds_32_sample_id_59", "ds_57_sample_id_27", "ds_27_sample_id_22", "ds_16_sample_id_18", "ds_41_sample_id_24", "ds_30_sample_id_71", "ds_58_sample_id_150", "ds_29_sample_id_98", "ds_30_sample_id_87", "ds_16_sample_id_162", "ds_54_sample_id_77", "ds_8_sample_id_60", "ds_42_sample_id_116", "ds_52_sample_id_58", "ds_49_sample_id_65", "ds_20_sample_id_178", "ds_52_sample_id_101", "ds_61_sample_id_135", "ds_13_sample_id_177", "ds_28_sample_id_108", "ds_66_sample_id_67", "ds_26_sample_id_14", "ds_24_sample_id_134", "ds_41_sample_id_164", "ds_6_sample_id_38", "ds_63_sample_id_56", "ds_47_sample_id_12", "ds_61_sample_id_185", "ds_55_sample_id_53", "ds_10_sample_id_47", "ds_7_sample_id_75", "ds_35_sample_id_7", "ds_49_sample_id_19", "ds_22_sample_id_124", "ds_33_sample_id_88", "ds_54_sample_id_176", "ds_0_sample_id_34"], "group_14": ["ds_23_sample_id_127", "ds_6_sample_id_130", "ds_56_sample_id_6", "ds_11_sample_id_175", "ds_39_sample_id_194", "ds_26_sample_id_23", "ds_26_sample_id_146", "ds_15_sample_id_40", "ds_60_sample_id_45", "ds_0_sample_id_190", "ds_30_sample_id_151", "ds_22_sample_id_37", "ds_13_sample_id_109", "ds_5_sample_id_43", "ds_32_sample_id_59", "ds_43_sample_id_179", "ds_7_sample_id_196", "ds_6_sample_id_25", "ds_25_sample_id_90", "ds_60_sample_id_94", "ds_2_sample_id_113", "ds_4_sample_id_182", "ds_62_sample_id_118", "ds_11_sample_id_167", "ds_58_sample_id_99", "ds_16_sample_id_162", "ds_64_sample_id_55", "ds_28_sample_id_21", "ds_64_sample_id_152", "ds_54_sample_id_77", "ds_8_sample_id_60", "ds_12_sample_id_155", "ds_10_sample_id_136", "ds_46_sample_id_95", "ds_25_sample_id_78", "ds_34_sample_id_17", "ds_56_sample_id_158", "ds_4_sample_id_173", "ds_36_sample_id_193", "ds_26_sample_id_83", "ds_62_sample_id_145", "ds_63_sample_id_68", "ds_63_sample_id_56", "ds_27_sample_id_81", "ds_48_sample_id_153", "ds_31_sample_id_128", "ds_55_sample_id_53", "ds_10_sample_id_47", "ds_57_sample_id_92", "ds_11_sample_id_63", "ds_44_sample_id_172", "ds_7_sample_id_75", "ds_5_sample_id_163", "ds_49_sample_id_19", "ds_44_sample_id_144", "ds_32_sample_id_141", "ds_42_sample_id_174"], "group_18": ["ds_23_sample_id_127", "ds_33_sample_id_54", "ds_44_sample_id_169", "ds_38_sample_id_46", "ds_60_sample_id_82", "ds_57_sample_id_91", "ds_64_sample_id_10", "ds_60_sample_id_45", "ds_21_sample_id_180", "ds_53_sample_id_64", "ds_50_sample_id_1", "ds_52_sample_id_20", "ds_12_sample_id_96", "ds_41_sample_id_191", "ds_7_sample_id_123", "ds_23_sample_id_103", "ds_62_sample_id_132", "ds_13_sample_id_109", "ds_8_sample_id_72", "ds_41_sample_id_102", "ds_32_sample_id_59", "ds_28_sample_id_140", "ds_12_sample_id_31", "ds_2_sample_id_168", "ds_57_sample_id_27", "ds_44_sample_id_3", "ds_21_sample_id_16", "ds_4_sample_id_5", "ds_53_sample_id_32", "ds_25_sample_id_143", "ds_25_sample_id_90", "ds_38_sample_id_97", "ds_41_sample_id_24", "ds_60_sample_id_94", "ds_27_sample_id_122", "ds_3_sample_id_120", "ds_30_sample_id_87", "ds_2_sample_id_113", "ds_4_sample_id_182", "ds_47_sample_id_137", "ds_62_sample_id_118", "ds_53_sample_id_26", "ds_58_sample_id_99", "ds_16_sample_id_162", "ds_64_sample_id_55", "ds_28_sample_id_21", "ds_64_sample_id_152", "ds_54_sample_id_77", "ds_8_sample_id_60", "ds_26_sample_id_186", "ds_32_sample_id_131", "ds_41_sample_id_28", "ds_44_sample_id_93", "ds_12_sample_id_155", "ds_10_sample_id_136", "ds_50_sample_id_117", "ds_24_sample_id_107", "ds_22_sample_id_76", "ds_51_sample_id_74", "ds_43_sample_id_166", "ds_31_sample_id_142", "ds_61_sample_id_135", "ds_38_sample_id_29", "ds_25_sample_id_147", "ds_26_sample_id_83", "ds_30_sample_id_85", "ds_8_sample_id_33", "ds_62_sample_id_145", "ds_24_sample_id_134", "ds_41_sample_id_164", "ds_43_sample_id_42", "ds_63_sample_id_56", "ds_47_sample_id_52", "ds_35_sample_id_13", "ds_14_sample_id_159", "ds_27_sample_id_81", "ds_33_sample_id_0", "ds_33_sample_id_133", "ds_48_sample_id_153", "ds_31_sample_id_128", "ds_61_sample_id_185", "ds_55_sample_id_53", "ds_25_sample_id_139", "ds_10_sample_id_195", "ds_57_sample_id_92", "ds_7_sample_id_75", "ds_16_sample_id_170", "ds_60_sample_id_84", "ds_44_sample_id_184", "ds_65_sample_id_114", "ds_32_sample_id_141", "ds_42_sample_id_174", "ds_50_sample_id_49", "ds_10_sample_id_161"], "group_19": ["ds_23_sample_id_127", "ds_48_sample_id_111", "ds_56_sample_id_6", "ds_60_sample_id_82", "ds_41_sample_id_57", "ds_39_sample_id_194", "ds_26_sample_id_23", "ds_64_sample_id_10", "ds_21_sample_id_180", "ds_10_sample_id_62", "ds_52_sample_id_4", "ds_53_sample_id_64", "ds_19_sample_id_39", "ds_50_sample_id_1", "ds_47_sample_id_8", "ds_50_sample_id_183", "ds_59_sample_id_165", "ds_7_sample_id_123", "ds_23_sample_id_103", "ds_51_sample_id_11", "ds_62_sample_id_132", "ds_15_sample_id_129", "ds_13_sample_id_109", "ds_35_sample_id_115", "ds_41_sample_id_102", "ds_63_sample_id_189", "ds_5_sample_id_43", "ds_31_sample_id_197", "ds_28_sample_id_140", "ds_3_sample_id_79", "ds_12_sample_id_31", "ds_2_sample_id_168", "ds_57_sample_id_27", "ds_27_sample_id_22", "ds_44_sample_id_3", "ds_21_sample_id_16", "ds_11_sample_id_9", "ds_45_sample_id_15", "ds_4_sample_id_5", "ds_16_sample_id_18", "ds_13_sample_id_100", "ds_7_sample_id_196", "ds_6_sample_id_25", "ds_55_sample_id_73", "ds_53_sample_id_32", "ds_25_sample_id_90", "ds_38_sample_id_97", "ds_2_sample_id_126", "ds_41_sample_id_24", "ds_60_sample_id_94", "ds_30_sample_id_71", "ds_51_sample_id_70", "ds_27_sample_id_122", "ds_30_sample_id_87", "ds_47_sample_id_137", "ds_62_sample_id_118", "ds_53_sample_id_26", "ds_11_sample_id_167", "ds_16_sample_id_162", "ds_64_sample_id_55", "ds_28_sample_id_21", "ds_8_sample_id_60", "ds_26_sample_id_186", "ds_42_sample_id_116", "ds_32_sample_id_131", "ds_41_sample_id_28", "ds_44_sample_id_93", "ds_12_sample_id_155", "ds_52_sample_id_58", "ds_49_sample_id_65", "ds_22_sample_id_76", "ds_34_sample_id_17", "ds_20_sample_id_178", "ds_30_sample_id_69", "ds_52_sample_id_101", "ds_4_sample_id_173", "ds_31_sample_id_142", "ds_23_sample_id_188", "ds_60_sample_id_138", "ds_66_sample_id_67", "ds_32_sample_id_154", "ds_30_sample_id_85", "ds_24_sample_id_134", "ds_6_sample_id_38", "ds_43_sample_id_42", "ds_35_sample_id_13", "ds_18_sample_id_2", "ds_13_sample_id_30", "ds_33_sample_id_133", "ds_45_sample_id_50", "ds_48_sample_id_153", "ds_62_sample_id_187", "ds_61_sample_id_185", "ds_25_sample_id_139", "ds_10_sample_id_195", "ds_16_sample_id_170", "ds_35_sample_id_7", "ds_44_sample_id_184", "ds_22_sample_id_124", "ds_44_sample_id_144", "ds_0_sample_id_34", "ds_32_sample_id_141", "ds_42_sample_id_174"], "group_6": ["ds_33_sample_id_54", "ds_48_sample_id_111", "ds_44_sample_id_169", "ds_49_sample_id_36", "ds_13_sample_id_110", "ds_60_sample_id_82", "ds_55_sample_id_112", "ds_39_sample_id_194", "ds_64_sample_id_10", "ds_21_sample_id_180", "ds_52_sample_id_4", "ds_19_sample_id_39", "ds_36_sample_id_160", "ds_0_sample_id_190", "ds_59_sample_id_165", "ds_23_sample_id_103", "ds_51_sample_id_11", "ds_65_sample_id_61", "ds_15_sample_id_129", "ds_35_sample_id_115", "ds_41_sample_id_102", "ds_63_sample_id_189", "ds_14_sample_id_148", "ds_51_sample_id_80", "ds_43_sample_id_179", "ds_44_sample_id_3", "ds_21_sample_id_16", "ds_11_sample_id_9", "ds_4_sample_id_5", "ds_13_sample_id_100", "ds_6_sample_id_25", "ds_55_sample_id_73", "ds_2_sample_id_126", "ds_41_sample_id_24", "ds_50_sample_id_35", "ds_29_sample_id_98", "ds_3_sample_id_120", "ds_30_sample_id_87", "ds_2_sample_id_113", "ds_17_sample_id_66", "ds_52_sample_id_104", "ds_64_sample_id_152", "ds_42_sample_id_116", "ds_46_sample_id_95", "ds_52_sample_id_41", "ds_32_sample_id_156", "ds_22_sample_id_76", "ds_51_sample_id_74", "ds_31_sample_id_171", "ds_25_sample_id_78", "ds_34_sample_id_17", "ds_30_sample_id_69", "ds_56_sample_id_158", "ds_49_sample_id_105", "ds_52_sample_id_101", "ds_31_sample_id_142", "ds_23_sample_id_188", "ds_65_sample_id_106", "ds_13_sample_id_177", "ds_60_sample_id_138", "ds_28_sample_id_108", "ds_58_sample_id_192", "ds_36_sample_id_193", "ds_44_sample_id_48", "ds_66_sample_id_67", "ds_38_sample_id_29", "ds_32_sample_id_154", "ds_7_sample_id_125", "ds_63_sample_id_68", "ds_6_sample_id_38", "ds_47_sample_id_52", "ds_35_sample_id_13", "ds_18_sample_id_2", "ds_10_sample_id_44", "ds_33_sample_id_0", "ds_33_sample_id_133", "ds_48_sample_id_153", "ds_62_sample_id_187", "ds_31_sample_id_128", "ds_61_sample_id_185", "ds_55_sample_id_53", "ds_11_sample_id_63", "ds_44_sample_id_172", "ds_16_sample_id_170", "ds_5_sample_id_163", "ds_49_sample_id_19", "ds_22_sample_id_124", "ds_44_sample_id_144", "ds_54_sample_id_176", "ds_0_sample_id_34"], "group_7": ["ds_33_sample_id_54", "ds_49_sample_id_36", "ds_38_sample_id_46", "ds_41_sample_id_57", "ds_26_sample_id_146", "ds_60_sample_id_45", "ds_36_sample_id_160", "ds_51_sample_id_121", "ds_47_sample_id_8", "ds_50_sample_id_183", "ds_12_sample_id_96", "ds_41_sample_id_191", "ds_59_sample_id_165", "ds_62_sample_id_51", "ds_51_sample_id_11", "ds_15_sample_id_129", "ds_13_sample_id_109", "ds_32_sample_id_59", "ds_14_sample_id_148", "ds_3_sample_id_79", "ds_2_sample_id_168", "ds_57_sample_id_27", "ds_43_sample_id_179", "ds_45_sample_id_15", "ds_13_sample_id_100", "ds_7_sample_id_196", "ds_2_sample_id_126", "ds_3_sample_id_120", "ds_47_sample_id_137", "ds_17_sample_id_66", "ds_53_sample_id_26", "ds_11_sample_id_167", "ds_28_sample_id_21", "ds_54_sample_id_77", "ds_26_sample_id_186", "ds_42_sample_id_116", "ds_32_sample_id_131", "ds_12_sample_id_155", "ds_52_sample_id_41", "ds_49_sample_id_65", "ds_51_sample_id_74", "ds_25_sample_id_78", "ds_49_sample_id_105", "ds_52_sample_id_101", "ds_4_sample_id_173", "ds_43_sample_id_166", "ds_61_sample_id_135", "ds_44_sample_id_48", "ds_25_sample_id_147", "ds_30_sample_id_85", "ds_7_sample_id_125", "ds_8_sample_id_33", "ds_7_sample_id_86", "ds_26_sample_id_14", "ds_35_sample_id_13", "ds_14_sample_id_159", "ds_18_sample_id_2", "ds_13_sample_id_30", "ds_62_sample_id_187", "ds_61_sample_id_185", "ds_10_sample_id_47", "ds_10_sample_id_195", "ds_11_sample_id_63", "ds_7_sample_id_75", "ds_5_sample_id_163", "ds_44_sample_id_184", "ds_65_sample_id_114", "ds_44_sample_id_144"], "group_8": ["ds_33_sample_id_54", "ds_41_sample_id_57", "ds_55_sample_id_112", "ds_26_sample_id_23", "ds_15_sample_id_40", "ds_53_sample_id_64", "ds_50_sample_id_1", "ds_30_sample_id_151", "ds_47_sample_id_119", "ds_51_sample_id_11", "ds_15_sample_id_129", "ds_13_sample_id_109", "ds_8_sample_id_72", "ds_63_sample_id_189", "ds_43_sample_id_179", "ds_21_sample_id_16", "ds_11_sample_id_9", "ds_45_sample_id_15", "ds_7_sample_id_196", "ds_53_sample_id_32", "ds_25_sample_id_143", "ds_25_sample_id_90", "ds_51_sample_id_70", "ds_27_sample_id_122", "ds_29_sample_id_98", "ds_47_sample_id_137", "ds_54_sample_id_77", "ds_52_sample_id_58", "ds_10_sample_id_136", "ds_50_sample_id_117", "ds_52_sample_id_41", "ds_49_sample_id_65", "ds_32_sample_id_156", "ds_34_sample_id_17", "ds_56_sample_id_158", "ds_58_sample_id_192", "ds_59_sample_id_157", "ds_25_sample_id_147", "ds_32_sample_id_154", "ds_26_sample_id_83", "ds_7_sample_id_86", "ds_41_sample_id_164", "ds_6_sample_id_38", "ds_47_sample_id_52", "ds_18_sample_id_2", "ds_13_sample_id_30", "ds_27_sample_id_81", "ds_3_sample_id_181", "ds_31_sample_id_128", "ds_10_sample_id_195", "ds_7_sample_id_75", "ds_60_sample_id_84", "ds_49_sample_id_19", "ds_22_sample_id_124", "ds_33_sample_id_88", "ds_32_sample_id_141"], "group_17": ["ds_33_sample_id_54", "ds_49_sample_id_36", "ds_38_sample_id_46", "ds_6_sample_id_130", "ds_55_sample_id_112", "ds_39_sample_id_194", "ds_64_sample_id_10", "ds_15_sample_id_40", "ds_21_sample_id_180", "ds_10_sample_id_62", "ds_0_sample_id_190", "ds_50_sample_id_183", "ds_30_sample_id_151", "ds_59_sample_id_165", "ds_47_sample_id_119", "ds_7_sample_id_123", "ds_22_sample_id_37", "ds_51_sample_id_11", "ds_65_sample_id_61", "ds_8_sample_id_72", "ds_41_sample_id_102", "ds_63_sample_id_189", "ds_31_sample_id_197", "ds_32_sample_id_59", "ds_12_sample_id_31", "ds_13_sample_id_100", "ds_55_sample_id_73", "ds_11_sample_id_149", "ds_38_sample_id_97", "ds_2_sample_id_126", "ds_60_sample_id_94", "ds_30_sample_id_71", "ds_51_sample_id_70", "ds_29_sample_id_98", "ds_30_sample_id_87", "ds_2_sample_id_113", "ds_47_sample_id_137", "ds_62_sample_id_118", "ds_11_sample_id_167", "ds_58_sample_id_99", "ds_64_sample_id_55", "ds_52_sample_id_58", "ds_10_sample_id_136", "ds_46_sample_id_95", "ds_52_sample_id_41", "ds_22_sample_id_76", "ds_51_sample_id_74", "ds_20_sample_id_178", "ds_4_sample_id_173", "ds_43_sample_id_166", "ds_65_sample_id_106", "ds_60_sample_id_138", "ds_58_sample_id_192", "ds_59_sample_id_157", "ds_30_sample_id_85", "ds_63_sample_id_68", "ds_63_sample_id_56", "ds_27_sample_id_81", "ds_33_sample_id_0", "ds_62_sample_id_187", "ds_55_sample_id_53", "ds_25_sample_id_139", "ds_44_sample_id_172", "ds_7_sample_id_75", "ds_16_sample_id_170", "ds_60_sample_id_84", "ds_44_sample_id_184", "ds_44_sample_id_144", "ds_54_sample_id_176", "ds_0_sample_id_34", "ds_50_sample_id_49", "ds_10_sample_id_161"], "group_0": ["ds_48_sample_id_111", "ds_38_sample_id_46", "ds_11_sample_id_175", "ds_57_sample_id_91", "ds_41_sample_id_57", "ds_26_sample_id_23", "ds_0_sample_id_190", "ds_52_sample_id_20", "ds_12_sample_id_96", "ds_41_sample_id_191", "ds_59_sample_id_165", "ds_62_sample_id_51", "ds_22_sample_id_37", "ds_62_sample_id_132", "ds_15_sample_id_129", "ds_13_sample_id_109", "ds_8_sample_id_72", "ds_5_sample_id_43", "ds_31_sample_id_197", "ds_14_sample_id_148", "ds_27_sample_id_22", "ds_13_sample_id_100", "ds_7_sample_id_196", "ds_41_sample_id_24", "ds_50_sample_id_35", "ds_58_sample_id_150", "ds_62_sample_id_118", "ds_52_sample_id_104", "ds_53_sample_id_26", "ds_11_sample_id_167", "ds_64_sample_id_55", "ds_42_sample_id_116", "ds_41_sample_id_28", "ds_44_sample_id_93", "ds_46_sample_id_95", "ds_25_sample_id_78", "ds_20_sample_id_178", "ds_30_sample_id_69", "ds_56_sample_id_158", "ds_52_sample_id_101", "ds_31_sample_id_142", "ds_65_sample_id_106", "ds_13_sample_id_177", "ds_60_sample_id_138", "ds_44_sample_id_48", "ds_32_sample_id_154", "ds_7_sample_id_86", "ds_62_sample_id_145", "ds_63_sample_id_68", "ds_41_sample_id_164", "ds_47_sample_id_52", "ds_35_sample_id_13", "ds_27_sample_id_81", "ds_3_sample_id_181", "ds_45_sample_id_50", "ds_62_sample_id_187", "ds_25_sample_id_139", "ds_57_sample_id_92", "ds_5_sample_id_163", "ds_35_sample_id_7", "ds_65_sample_id_114", "ds_44_sample_id_144", "ds_42_sample_id_174", "ds_10_sample_id_161"], "group_1": ["ds_48_sample_id_111", "ds_49_sample_id_36", "ds_6_sample_id_130", "ds_56_sample_id_6", "ds_60_sample_id_82", "ds_11_sample_id_175", "ds_26_sample_id_146", "ds_10_sample_id_62", "ds_52_sample_id_4", "ds_0_sample_id_190", "ds_51_sample_id_121", "ds_47_sample_id_8", "ds_59_sample_id_165", "ds_47_sample_id_119", "ds_62_sample_id_51", "ds_62_sample_id_132", "ds_13_sample_id_109", "ds_8_sample_id_72", "ds_35_sample_id_115", "ds_63_sample_id_189", "ds_31_sample_id_197", "ds_2_sample_id_168", "ds_57_sample_id_27", "ds_43_sample_id_179", "ds_21_sample_id_16", "ds_4_sample_id_5", "ds_16_sample_id_18", "ds_55_sample_id_73", "ds_25_sample_id_143", "ds_25_sample_id_90", "ds_11_sample_id_149", "ds_60_sample_id_94", "ds_50_sample_id_35", "ds_58_sample_id_150", "ds_27_sample_id_122", "ds_4_sample_id_182", "ds_47_sample_id_137", "ds_17_sample_id_66", "ds_52_sample_id_104", "ds_64_sample_id_55", "ds_54_sample_id_77", "ds_26_sample_id_186", "ds_42_sample_id_116", "ds_41_sample_id_28", "ds_44_sample_id_93", "ds_50_sample_id_117", "ds_32_sample_id_156", "ds_22_sample_id_76", "ds_52_sample_id_101", "ds_43_sample_id_166", "ds_23_sample_id_188", "ds_61_sample_id_135", "ds_36_sample_id_193", "ds_66_sample_id_67", "ds_38_sample_id_29", "ds_25_sample_id_147", "ds_32_sample_id_154", "ds_26_sample_id_83", "ds_30_sample_id_85", "ds_7_sample_id_86", "ds_62_sample_id_145", "ds_41_sample_id_164", "ds_6_sample_id_38", "ds_43_sample_id_42", "ds_10_sample_id_44", "ds_33_sample_id_133", "ds_47_sample_id_12", "ds_61_sample_id_185", "ds_57_sample_id_92", "ds_16_sample_id_170", "ds_60_sample_id_84", "ds_5_sample_id_163", "ds_42_sample_id_174"], "group_15": ["ds_48_sample_id_111", "ds_49_sample_id_36", "ds_56_sample_id_6", "ds_11_sample_id_175", "ds_34_sample_id_89", "ds_52_sample_id_4", "ds_36_sample_id_160", "ds_50_sample_id_1", "ds_51_sample_id_121", "ds_47_sample_id_8", "ds_41_sample_id_191", "ds_59_sample_id_165", "ds_7_sample_id_123", "ds_23_sample_id_103", "ds_65_sample_id_61", "ds_13_sample_id_109", "ds_5_sample_id_43", "ds_31_sample_id_197", "ds_3_sample_id_79", "ds_51_sample_id_80", "ds_12_sample_id_31", "ds_2_sample_id_168", "ds_43_sample_id_179", "ds_45_sample_id_15", "ds_4_sample_id_5", "ds_16_sample_id_18", "ds_7_sample_id_196", "ds_6_sample_id_25", "ds_55_sample_id_73", "ds_25_sample_id_90", "ds_11_sample_id_149", "ds_38_sample_id_97", "ds_41_sample_id_24", "ds_30_sample_id_71", "ds_51_sample_id_70", "ds_29_sample_id_98", "ds_4_sample_id_182", "ds_17_sample_id_66", "ds_53_sample_id_26", "ds_11_sample_id_167", "ds_64_sample_id_152", "ds_26_sample_id_186", "ds_41_sample_id_28", "ds_44_sample_id_93", "ds_52_sample_id_58", "ds_49_sample_id_65", "ds_32_sample_id_156", "ds_34_sample_id_17", "ds_30_sample_id_69", "ds_56_sample_id_158", "ds_49_sample_id_105", "ds_61_sample_id_135", "ds_13_sample_id_177", "ds_58_sample_id_192", "ds_38_sample_id_29", "ds_25_sample_id_147", "ds_26_sample_id_83", "ds_8_sample_id_33", "ds_63_sample_id_68", "ds_24_sample_id_134", "ds_41_sample_id_164", "ds_14_sample_id_159", "ds_18_sample_id_2", "ds_10_sample_id_44", "ds_13_sample_id_30", "ds_33_sample_id_133", "ds_3_sample_id_181", "ds_47_sample_id_12", "ds_61_sample_id_185", "ds_55_sample_id_53", "ds_10_sample_id_47", "ds_10_sample_id_195", "ds_57_sample_id_92", "ds_16_sample_id_170", "ds_60_sample_id_84", "ds_35_sample_id_7", "ds_44_sample_id_184", "ds_44_sample_id_144", "ds_32_sample_id_141", "ds_50_sample_id_49"], "group_16": ["ds_48_sample_id_111", "ds_6_sample_id_130", "ds_57_sample_id_91", "ds_41_sample_id_57", "ds_55_sample_id_112", "ds_64_sample_id_10", "ds_15_sample_id_40", "ds_52_sample_id_4", "ds_53_sample_id_64", "ds_50_sample_id_1", "ds_52_sample_id_20", "ds_50_sample_id_183", "ds_30_sample_id_151", "ds_41_sample_id_191", "ds_59_sample_id_165", "ds_47_sample_id_119", "ds_62_sample_id_51", "ds_22_sample_id_37", "ds_51_sample_id_11", "ds_65_sample_id_61", "ds_62_sample_id_132", "ds_8_sample_id_72", "ds_35_sample_id_115", "ds_41_sample_id_102", "ds_63_sample_id_189", "ds_5_sample_id_43", "ds_14_sample_id_148", "ds_3_sample_id_79", "ds_12_sample_id_31", "ds_43_sample_id_179", "ds_27_sample_id_22", "ds_44_sample_id_3", "ds_11_sample_id_9", "ds_25_sample_id_143", "ds_60_sample_id_94", "ds_30_sample_id_71", "ds_50_sample_id_35", "ds_51_sample_id_70", "ds_62_sample_id_118", "ds_52_sample_id_104", "ds_53_sample_id_26", "ds_58_sample_id_99", "ds_28_sample_id_21", "ds_64_sample_id_152", "ds_54_sample_id_77", "ds_26_sample_id_186", "ds_42_sample_id_116", "ds_41_sample_id_28", "ds_50_sample_id_117", "ds_46_sample_id_95", "ds_24_sample_id_107", "ds_52_sample_id_41", "ds_25_sample_id_78", "ds_56_sample_id_158", "ds_4_sample_id_173", "ds_43_sample_id_166", "ds_31_sample_id_142", "ds_23_sample_id_188", "ds_61_sample_id_135", "ds_65_sample_id_106", "ds_13_sample_id_177", "ds_28_sample_id_108", "ds_66_sample_id_67", "ds_62_sample_id_145", "ds_26_sample_id_14", "ds_43_sample_id_42", "ds_18_sample_id_2", "ds_10_sample_id_44", "ds_27_sample_id_81", "ds_33_sample_id_0", "ds_45_sample_id_50", "ds_47_sample_id_12", "ds_62_sample_id_187", "ds_61_sample_id_185", "ds_55_sample_id_53", "ds_10_sample_id_195", "ds_44_sample_id_172", "ds_5_sample_id_163", "ds_44_sample_id_184", "ds_22_sample_id_124", "ds_65_sample_id_114", "ds_44_sample_id_144", "ds_54_sample_id_176", "ds_42_sample_id_174", "ds_10_sample_id_161"], "group_4": ["ds_49_sample_id_36", "ds_41_sample_id_57", "ds_39_sample_id_194", "ds_26_sample_id_146", "ds_15_sample_id_40", "ds_10_sample_id_62", "ds_0_sample_id_190", "ds_50_sample_id_1", "ds_51_sample_id_121", "ds_12_sample_id_96", "ds_47_sample_id_119", "ds_7_sample_id_123", "ds_62_sample_id_51", "ds_51_sample_id_11", "ds_65_sample_id_61", "ds_35_sample_id_115", "ds_63_sample_id_189", "ds_28_sample_id_140", "ds_2_sample_id_168", "ds_44_sample_id_3", "ds_6_sample_id_25", "ds_38_sample_id_97", "ds_2_sample_id_126", "ds_60_sample_id_94", "ds_50_sample_id_35", "ds_51_sample_id_70", "ds_30_sample_id_87", "ds_4_sample_id_182", "ds_28_sample_id_21", "ds_54_sample_id_77", "ds_42_sample_id_116", "ds_12_sample_id_155", "ds_52_sample_id_58", "ds_10_sample_id_136", "ds_52_sample_id_41", "ds_49_sample_id_65", "ds_25_sample_id_78", "ds_34_sample_id_17", "ds_52_sample_id_101", "ds_31_sample_id_142", "ds_65_sample_id_106", "ds_60_sample_id_138", "ds_66_sample_id_67", "ds_30_sample_id_85", "ds_8_sample_id_33", "ds_26_sample_id_14", "ds_47_sample_id_52", "ds_10_sample_id_44", "ds_33_sample_id_0", "ds_33_sample_id_133", "ds_3_sample_id_181", "ds_62_sample_id_187", "ds_31_sample_id_128", "ds_10_sample_id_47", "ds_25_sample_id_139", "ds_44_sample_id_172", "ds_33_sample_id_88", "ds_65_sample_id_114", "ds_0_sample_id_34", "ds_32_sample_id_141"], "group_5": ["ds_38_sample_id_46", "ds_56_sample_id_6", "ds_41_sample_id_57", "ds_55_sample_id_112", "ds_34_sample_id_89", "ds_19_sample_id_39", "ds_52_sample_id_20", "ds_50_sample_id_183", "ds_7_sample_id_123", "ds_23_sample_id_103", "ds_62_sample_id_132", "ds_13_sample_id_109", "ds_8_sample_id_72", "ds_28_sample_id_140", "ds_3_sample_id_79", "ds_51_sample_id_80", "ds_12_sample_id_31", "ds_44_sample_id_3", "ds_11_sample_id_9", "ds_55_sample_id_73", "ds_53_sample_id_32", "ds_25_sample_id_90", "ds_11_sample_id_149", "ds_2_sample_id_126", "ds_4_sample_id_182", "ds_16_sample_id_162", "ds_52_sample_id_58", "ds_46_sample_id_95", "ds_24_sample_id_107", "ds_32_sample_id_156", "ds_31_sample_id_171", "ds_43_sample_id_166", "ds_23_sample_id_188", "ds_28_sample_id_108", "ds_36_sample_id_193", "ds_44_sample_id_48", "ds_38_sample_id_29", "ds_26_sample_id_83", "ds_30_sample_id_85", "ds_7_sample_id_125", "ds_8_sample_id_33", "ds_63_sample_id_68", "ds_26_sample_id_14", "ds_63_sample_id_56", "ds_47_sample_id_52", "ds_14_sample_id_159", "ds_18_sample_id_2", "ds_33_sample_id_133", "ds_3_sample_id_181", "ds_47_sample_id_12", "ds_31_sample_id_128", "ds_55_sample_id_53", "ds_5_sample_id_163", "ds_44_sample_id_184", "ds_49_sample_id_19", "ds_22_sample_id_124", "ds_33_sample_id_88", "ds_65_sample_id_114", "ds_32_sample_id_141", "ds_50_sample_id_49"], "group_11": ["ds_38_sample_id_46", "ds_6_sample_id_130", "ds_13_sample_id_110", "ds_60_sample_id_82", "ds_11_sample_id_175", "ds_26_sample_id_146", "ds_15_sample_id_40", "ds_10_sample_id_62", "ds_19_sample_id_39", "ds_36_sample_id_160", "ds_0_sample_id_190", "ds_47_sample_id_8", "ds_50_sample_id_183", "ds_30_sample_id_151", "ds_47_sample_id_119", "ds_22_sample_id_37", "ds_15_sample_id_129", "ds_8_sample_id_72", "ds_35_sample_id_115", "ds_41_sample_id_102", "ds_63_sample_id_189", "ds_32_sample_id_59", "ds_51_sample_id_80", "ds_2_sample_id_168", "ds_43_sample_id_179", "ds_27_sample_id_22", "ds_11_sample_id_9", "ds_45_sample_id_15", "ds_4_sample_id_5", "ds_13_sample_id_100", "ds_6_sample_id_25", "ds_30_sample_id_71", "ds_50_sample_id_35", "ds_58_sample_id_150", "ds_51_sample_id_70", "ds_27_sample_id_122", "ds_2_sample_id_113", "ds_4_sample_id_182", "ds_47_sample_id_137", "ds_62_sample_id_118", "ds_17_sample_id_66", "ds_52_sample_id_104", "ds_11_sample_id_167", "ds_26_sample_id_186", "ds_50_sample_id_117", "ds_46_sample_id_95", "ds_24_sample_id_107", "ds_49_sample_id_65", "ds_32_sample_id_156", "ds_22_sample_id_76", "ds_31_sample_id_171", "ds_34_sample_id_17", "ds_49_sample_id_105", "ds_4_sample_id_173", "ds_23_sample_id_188", "ds_13_sample_id_177", "ds_60_sample_id_138", "ds_28_sample_id_108", "ds_58_sample_id_192", "ds_59_sample_id_157", "ds_44_sample_id_48", "ds_32_sample_id_154", "ds_26_sample_id_83", "ds_8_sample_id_33", "ds_62_sample_id_145", "ds_63_sample_id_68", "ds_24_sample_id_134", "ds_6_sample_id_38", "ds_43_sample_id_42", "ds_14_sample_id_159", "ds_18_sample_id_2", "ds_10_sample_id_44", "ds_13_sample_id_30", "ds_3_sample_id_181", "ds_45_sample_id_50", "ds_25_sample_id_139", "ds_11_sample_id_63", "ds_60_sample_id_84", "ds_5_sample_id_163", "ds_35_sample_id_7", "ds_49_sample_id_19", "ds_22_sample_id_124", "ds_33_sample_id_88", "ds_54_sample_id_176", "ds_0_sample_id_34", "ds_50_sample_id_49"], "group_13": ["ds_38_sample_id_46", "ds_56_sample_id_6", "ds_13_sample_id_110", "ds_55_sample_id_112", "ds_26_sample_id_23", "ds_26_sample_id_146", "ds_34_sample_id_89", "ds_60_sample_id_45", "ds_53_sample_id_64", "ds_19_sample_id_39", "ds_36_sample_id_160", "ds_50_sample_id_1", "ds_51_sample_id_121", "ds_50_sample_id_183", "ds_47_sample_id_119", "ds_62_sample_id_51", "ds_22_sample_id_37", "ds_51_sample_id_11", "ds_65_sample_id_61", "ds_41_sample_id_102", "ds_5_sample_id_43", "ds_32_sample_id_59", "ds_28_sample_id_140", "ds_14_sample_id_148", "ds_3_sample_id_79", "ds_51_sample_id_80", "ds_12_sample_id_31", "ds_57_sample_id_27", "ds_27_sample_id_22", "ds_44_sample_id_3", "ds_21_sample_id_16", "ds_11_sample_id_9", "ds_45_sample_id_15", "ds_4_sample_id_5", "ds_16_sample_id_18", "ds_13_sample_id_100", "ds_6_sample_id_25", "ds_25_sample_id_90", "ds_38_sample_id_97", "ds_2_sample_id_126", "ds_30_sample_id_71", "ds_2_sample_id_113", "ds_17_sample_id_66", "ds_53_sample_id_26", "ds_16_sample_id_162", "ds_64_sample_id_152", "ds_8_sample_id_60", "ds_32_sample_id_131", "ds_44_sample_id_93", "ds_50_sample_id_117", "ds_46_sample_id_95", "ds_22_sample_id_76", "ds_51_sample_id_74", "ds_31_sample_id_171", "ds_25_sample_id_78", "ds_20_sample_id_178", "ds_49_sample_id_105", "ds_4_sample_id_173", "ds_65_sample_id_106", "ds_28_sample_id_108", "ds_58_sample_id_192", "ds_44_sample_id_48", "ds_66_sample_id_67", "ds_26_sample_id_83", "ds_8_sample_id_33", "ds_62_sample_id_145", "ds_63_sample_id_68", "ds_26_sample_id_14", "ds_41_sample_id_164", "ds_47_sample_id_52", "ds_14_sample_id_159", "ds_33_sample_id_0", "ds_45_sample_id_50", "ds_48_sample_id_153", "ds_62_sample_id_187", "ds_10_sample_id_47", "ds_10_sample_id_195", "ds_11_sample_id_63", "ds_7_sample_id_75", "ds_16_sample_id_170", "ds_33_sample_id_88", "ds_44_sample_id_144", "ds_54_sample_id_176", "ds_0_sample_id_34", "ds_50_sample_id_49"], "group_10": ["ds_6_sample_id_130", "ds_13_sample_id_110", "ds_64_sample_id_10", "ds_34_sample_id_89", "ds_60_sample_id_45", "ds_52_sample_id_4", "ds_53_sample_id_64", "ds_51_sample_id_121", "ds_12_sample_id_96", "ds_59_sample_id_165", "ds_47_sample_id_119", "ds_15_sample_id_129", "ds_5_sample_id_43", "ds_31_sample_id_197", "ds_14_sample_id_148", "ds_51_sample_id_80", "ds_45_sample_id_15", "ds_16_sample_id_18", "ds_7_sample_id_196", "ds_53_sample_id_32", "ds_25_sample_id_143", "ds_38_sample_id_97", "ds_27_sample_id_122", "ds_29_sample_id_98", "ds_3_sample_id_120", "ds_30_sample_id_87", "ds_52_sample_id_104", "ds_53_sample_id_26", "ds_58_sample_id_99", "ds_64_sample_id_55", "ds_28_sample_id_21", "ds_8_sample_id_60", "ds_32_sample_id_131", "ds_10_sample_id_136", "ds_24_sample_id_107", "ds_52_sample_id_41", "ds_22_sample_id_76", "ds_51_sample_id_74", "ds_20_sample_id_178", "ds_30_sample_id_69", "ds_49_sample_id_105", "ds_43_sample_id_166", "ds_31_sample_id_142", "ds_65_sample_id_106", "ds_13_sample_id_177", "ds_36_sample_id_193", "ds_59_sample_id_157", "ds_38_sample_id_29", "ds_25_sample_id_147", "ds_7_sample_id_125", "ds_26_sample_id_14", "ds_41_sample_id_164", "ds_14_sample_id_159", "ds_10_sample_id_44", "ds_47_sample_id_12", "ds_10_sample_id_47", "ds_11_sample_id_63", "ds_60_sample_id_84", "ds_54_sample_id_176", "ds_32_sample_id_141", "ds_10_sample_id_161"]}}