{"ds_6619_sample_id_0": [], "ds_88_sample_id_1": [], "ds_7765_sample_id_2": [], "ds_2343_sample_id_3": [], "ds_11121_sample_id_4": [], "ds_2709_sample_id_5": [], "ds_1011_sample_id_6": [], "ds_8338_sample_id_7": [], "ds_4002_sample_id_8": [], "ds_11401_sample_id_9": [], "ds_6465_sample_id_10": [], "ds_2975_sample_id_11": [], "ds_3453_sample_id_12": [], "ds_9916_sample_id_13": [], "ds_841_sample_id_14": [], "ds_2500_sample_id_15": [], "ds_3122_sample_id_16": [], "ds_7089_sample_id_17": [], "ds_8310_sample_id_18": [], "ds_2627_sample_id_19": [], "ds_2129_sample_id_20": [], "ds_1794_sample_id_21": [], "ds_5721_sample_id_22": [], "ds_10524_sample_id_23": [], "ds_3121_sample_id_24": [], "ds_4544_sample_id_25": [], "ds_1641_sample_id_26": [], "ds_6512_sample_id_27": [], "ds_1413_sample_id_28": [], "ds_7902_sample_id_29": [], "ds_9938_sample_id_30": [], "ds_10583_sample_id_31": [], "ds_2599_sample_id_32": [], "ds_6513_sample_id_33": [], "ds_3192_sample_id_34": [], "ds_6582_sample_id_35": [], "ds_10443_sample_id_36": [], "ds_8342_sample_id_37": [], "ds_1970_sample_id_38": [], "ds_5791_sample_id_39": [], "ds_6792_sample_id_40": [], "ds_5718_sample_id_41": [], "ds_939_sample_id_42": [], "ds_4446_sample_id_43": [], "ds_9841_sample_id_44": [], "ds_11325_sample_id_45": [], "ds_7941_sample_id_46": [], "ds_8777_sample_id_47": [], "ds_663_sample_id_48": [], "ds_5564_sample_id_49": [], "ds_852_sample_id_50": [], "ds_10921_sample_id_51": [], "ds_1844_sample_id_52": [], "ds_9249_sample_id_53": [], "ds_1659_sample_id_54": [], "ds_9122_sample_id_55": [], "ds_1573_sample_id_56": [], "ds_8604_sample_id_57": [], "ds_7494_sample_id_58": [], "ds_9520_sample_id_59": [], "ds_2549_sample_id_60": [], "ds_9883_sample_id_61": [], "ds_2057_sample_id_62": [], "ds_8721_sample_id_63": [], "ds_10308_sample_id_64": [], "ds_4339_sample_id_65": [], "ds_306_sample_id_66": [], "ds_10902_sample_id_67": [], "ds_1201_sample_id_68": [], "ds_365_sample_id_69": [], "ds_10800_sample_id_70": [], "ds_3179_sample_id_71": [], "ds_8136_sample_id_72": [], "ds_4967_sample_id_73": [], "ds_5210_sample_id_74": [], "ds_4635_sample_id_75": [], "ds_11440_sample_id_76": [], "ds_10465_sample_id_77": [], "ds_8530_sample_id_78": [], "ds_8584_sample_id_79": [], "ds_3173_sample_id_80": [], "ds_1863_sample_id_81": [], "ds_11471_sample_id_82": [], "ds_7286_sample_id_83": [], "ds_3957_sample_id_84": [], "ds_7254_sample_id_85": [], "ds_7998_sample_id_86": [], "ds_5832_sample_id_87": [], "ds_5459_sample_id_88": [], "ds_10967_sample_id_89": [], "ds_5188_sample_id_90": [], "ds_10970_sample_id_91": [], "ds_4283_sample_id_92": [], "ds_3486_sample_id_93": [], "ds_3880_sample_id_94": [], "ds_4368_sample_id_95": [], "ds_9042_sample_id_96": [], "ds_6438_sample_id_97": [], "ds_10737_sample_id_98": [], "ds_6072_sample_id_99": [], "ds_9152_sample_id_100": [], "ds_323_sample_id_101": [], "ds_3758_sample_id_102": [], "ds_7400_sample_id_103": [], "ds_7940_sample_id_104": [], "ds_11074_sample_id_105": [], "ds_8822_sample_id_106": [], "ds_7913_sample_id_107": [], "ds_6628_sample_id_108": [], "ds_3145_sample_id_109": [], "ds_837_sample_id_110": [], "ds_912_sample_id_111": [], "ds_8127_sample_id_112": [], "ds_10241_sample_id_113": [], "ds_11357_sample_id_114": [], "ds_5533_sample_id_115": [], "ds_5036_sample_id_116": [], "ds_9884_sample_id_117": [], "ds_822_sample_id_118": [], "ds_10757_sample_id_119": [], "ds_9455_sample_id_120": [], "ds_10339_sample_id_121": [], "ds_11021_sample_id_122": [], "ds_4700_sample_id_123": [], "ds_8420_sample_id_124": [], "ds_8898_sample_id_125": [], "ds_543_sample_id_126": [], "ds_7195_sample_id_127": [], "ds_5911_sample_id_128": [], "ds_5870_sample_id_129": [], "ds_9316_sample_id_130": [], "ds_2746_sample_id_131": [], "ds_9057_sample_id_132": [], "ds_2372_sample_id_133": [], "ds_9804_sample_id_134": [], "ds_621_sample_id_135": [], "ds_684_sample_id_136": [], "ds_5121_sample_id_137": [], "ds_9436_sample_id_138": [], "ds_11169_sample_id_139": [], "ds_6161_sample_id_140": [], "ds_7643_sample_id_141": [], "ds_1526_sample_id_142": [], "ds_4565_sample_id_143": [], "ds_10553_sample_id_144": [], "ds_11377_sample_id_145": [], "ds_9448_sample_id_146": [], "ds_2067_sample_id_147": [], "ds_1044_sample_id_148": [], "ds_11009_sample_id_149": [], "ds_4453_sample_id_150": [], "ds_3430_sample_id_151": [], "ds_9334_sample_id_152": [], "ds_504_sample_id_153": [], "ds_7900_sample_id_154": [], "ds_2412_sample_id_155": [], "ds_8996_sample_id_156": [], "ds_7563_sample_id_157": [], "ds_8424_sample_id_158": [], "ds_9679_sample_id_159": [], "ds_864_sample_id_160": [], "ds_9676_sample_id_161": [], "ds_3260_sample_id_162": [], "ds_1511_sample_id_163": [], "ds_7192_sample_id_164": [], "ds_11077_sample_id_165": [], "ds_564_sample_id_166": [], "ds_3039_sample_id_167": [], "ds_3939_sample_id_168": [], "ds_1998_sample_id_169": [], "ds_2285_sample_id_170": [], "ds_7213_sample_id_171": [], "ds_6562_sample_id_172": [], "ds_9038_sample_id_173": [], "ds_6531_sample_id_174": [], "ds_1181_sample_id_175": [], "ds_8821_sample_id_176": [], "ds_2143_sample_id_177": [], "ds_6605_sample_id_178": [], "ds_11229_sample_id_179": [], "ds_4436_sample_id_180": [], "ds_2106_sample_id_181": [], "ds_2618_sample_id_182": [], "ds_3847_sample_id_183": [], "ds_7682_sample_id_184": [], "ds_2836_sample_id_185": [], "ds_5977_sample_id_186": [], "ds_7276_sample_id_187": [], "ds_2177_sample_id_188": [], "ds_10380_sample_id_189": [], "ds_3897_sample_id_190": [], "ds_6626_sample_id_191": [], "ds_6703_sample_id_192": [], "ds_1293_sample_id_193": [], "ds_6981_sample_id_194": []}