{"user_group_edges": {"group_7": ["user_433_sample_id_14"], "group_10": ["user_94_sample_id_12"], "group_18": ["user_431_sample_id_15"], "group_12": ["user_449_sample_id_13"], "group_0": ["user_116_sample_id_0"], "group_1": ["user_18_sample_id_8"], "group_3": ["user_317_sample_id_2"], "group_13": ["user_249_sample_id_7"], "group_15": ["user_249_sample_id_7", "user_446_sample_id_1", "user_265_sample_id_5"], "group_11": ["user_33_sample_id_16"], "group_6": ["user_446_sample_id_1"], "group_2": ["user_78_sample_id_10"], "group_17": ["user_457_sample_id_11"], "group_5": ["user_252_sample_id_9"], "group_14": ["user_410_sample_id_17"], "group_19": ["user_27_sample_id_6"], "group_4": ["user_181_sample_id_4"], "group_9": ["user_29_sample_id_3"], "group_8": ["user_265_sample_id_5"]}, "group_data_store_edges": {"group_2": ["ds_300_sample_id_65", "ds_220_sample_id_31", "ds_376_sample_id_79", "ds_475_sample_id_39", "ds_280_sample_id_25", "ds_89_sample_id_76", "ds_150_sample_id_3", "ds_510_sample_id_38", "ds_381_sample_id_10", "ds_205_sample_id_13", "ds_145_sample_id_48", "ds_84_sample_id_54", "ds_278_sample_id_71", "ds_109_sample_id_46", "ds_151_sample_id_9", "ds_13_sample_id_37", "ds_155_sample_id_35", "ds_221_sample_id_16", "ds_245_sample_id_27", "ds_329_sample_id_23", "ds_414_sample_id_33", "ds_442_sample_id_67", "ds_146_sample_id_62", "ds_500_sample_id_6", "ds_468_sample_id_75", "ds_321_sample_id_66", "ds_439_sample_id_50", "ds_90_sample_id_40", "ds_61_sample_id_2", "ds_137_sample_id_45", "ds_20_sample_id_60", "ds_8_sample_id_22", "ds_31_sample_id_36", "ds_459_sample_id_69", "ds_50_sample_id_41", "ds_510_sample_id_8"], "group_4": ["ds_300_sample_id_65", "ds_258_sample_id_57", "ds_475_sample_id_39", "ds_280_sample_id_25", "ds_150_sample_id_3", "ds_328_sample_id_1", "ds_459_sample_id_82", "ds_214_sample_id_53", "ds_109_sample_id_46", "ds_214_sample_id_0", "ds_248_sample_id_78", "ds_155_sample_id_35", "ds_248_sample_id_47", "ds_196_sample_id_56", "ds_329_sample_id_23", "ds_310_sample_id_12", "ds_338_sample_id_28", "ds_399_sample_id_17", "ds_190_sample_id_24", "ds_414_sample_id_33", "ds_146_sample_id_62", "ds_363_sample_id_81", "ds_468_sample_id_75", "ds_256_sample_id_43", "ds_494_sample_id_80", "ds_439_sample_id_50", "ds_90_sample_id_40", "ds_61_sample_id_2", "ds_459_sample_id_69", "ds_50_sample_id_15", "ds_501_sample_id_61", "ds_50_sample_id_41", "ds_381_sample_id_52", "ds_143_sample_id_5"], "group_5": ["ds_300_sample_id_65", "ds_526_sample_id_26", "ds_220_sample_id_31", "ds_291_sample_id_74", "ds_475_sample_id_39", "ds_150_sample_id_3", "ds_381_sample_id_10", "ds_328_sample_id_1", "ds_205_sample_id_13", "ds_145_sample_id_48", "ds_118_sample_id_32", "ds_84_sample_id_54", "ds_19_sample_id_34", "ds_214_sample_id_53", "ds_409_sample_id_83", "ds_278_sample_id_71", "ds_109_sample_id_46", "ds_151_sample_id_9", "ds_13_sample_id_37", "ds_248_sample_id_78", "ds_221_sample_id_16", "ds_372_sample_id_14", "ds_248_sample_id_47", "ds_283_sample_id_68", "ds_338_sample_id_28", "ds_399_sample_id_17", "ds_442_sample_id_67", "ds_272_sample_id_18", "ds_500_sample_id_6", "ds_256_sample_id_43", "ds_434_sample_id_20", "ds_321_sample_id_66", "ds_137_sample_id_45", "ds_20_sample_id_60", "ds_356_sample_id_51", "ds_8_sample_id_22", "ds_480_sample_id_29", "ds_85_sample_id_4", "ds_0_sample_id_58", "ds_459_sample_id_69", "ds_50_sample_id_15", "ds_50_sample_id_41", "ds_381_sample_id_52", "ds_143_sample_id_5", "ds_38_sample_id_70", "ds_510_sample_id_8"], "group_6": ["ds_300_sample_id_65", "ds_280_sample_id_25", "ds_89_sample_id_76", "ds_381_sample_id_10", "ds_214_sample_id_0", "ds_7_sample_id_63", "ds_248_sample_id_78", "ds_155_sample_id_35", "ds_372_sample_id_14", "ds_248_sample_id_47", "ds_196_sample_id_56", "ds_329_sample_id_23", "ds_338_sample_id_28", "ds_399_sample_id_17", "ds_190_sample_id_24", "ds_414_sample_id_33", "ds_442_sample_id_67", "ds_146_sample_id_62", "ds_272_sample_id_18", "ds_468_sample_id_75", "ds_256_sample_id_43", "ds_434_sample_id_20", "ds_439_sample_id_50", "ds_61_sample_id_2", "ds_20_sample_id_60", "ds_356_sample_id_51", "ds_8_sample_id_22", "ds_85_sample_id_4", "ds_0_sample_id_58", "ds_50_sample_id_15", "ds_297_sample_id_73", "ds_499_sample_id_30", "ds_510_sample_id_8"], "group_9": ["ds_300_sample_id_65", "ds_150_sample_id_3", "ds_145_sample_id_48", "ds_459_sample_id_82", "ds_214_sample_id_53", "ds_214_sample_id_0", "ds_151_sample_id_9", "ds_7_sample_id_63", "ds_155_sample_id_35", "ds_221_sample_id_16", "ds_216_sample_id_7", "ds_329_sample_id_23", "ds_283_sample_id_68", "ds_399_sample_id_17", "ds_414_sample_id_33", "ds_1_sample_id_49", "ds_272_sample_id_18", "ds_363_sample_id_81", "ds_500_sample_id_6", "ds_90_sample_id_40", "ds_356_sample_id_51", "ds_480_sample_id_29", "ds_459_sample_id_69", "ds_143_sample_id_5", "ds_510_sample_id_8"], "group_11": ["ds_300_sample_id_65", "ds_397_sample_id_19", "ds_526_sample_id_26", "ds_220_sample_id_31", "ds_475_sample_id_39", "ds_89_sample_id_76", "ds_150_sample_id_3", "ds_118_sample_id_32", "ds_459_sample_id_82", "ds_7_sample_id_63", "ds_13_sample_id_37", "ds_248_sample_id_78", "ds_248_sample_id_47", "ds_245_sample_id_27", "ds_338_sample_id_28", "ds_190_sample_id_24", "ds_1_sample_id_49", "ds_272_sample_id_18", "ds_363_sample_id_81", "ds_500_sample_id_6", "ds_468_sample_id_75", "ds_256_sample_id_43", "ds_494_sample_id_80", "ds_434_sample_id_20", "ds_321_sample_id_66", "ds_439_sample_id_50", "ds_61_sample_id_2", "ds_137_sample_id_45", "ds_31_sample_id_36", "ds_499_sample_id_30", "ds_510_sample_id_8"], "group_13": ["ds_300_sample_id_65", "ds_258_sample_id_57", "ds_217_sample_id_42", "ds_220_sample_id_31", "ds_376_sample_id_79", "ds_280_sample_id_25", "ds_150_sample_id_3", "ds_381_sample_id_10", "ds_118_sample_id_32", "ds_515_sample_id_72", "ds_84_sample_id_54", "ds_214_sample_id_53", "ds_214_sample_id_0", "ds_151_sample_id_9", "ds_7_sample_id_63", "ds_13_sample_id_37", "ds_155_sample_id_35", "ds_372_sample_id_14", "ds_196_sample_id_56", "ds_329_sample_id_23", "ds_283_sample_id_68", "ds_399_sample_id_17", "ds_442_sample_id_67", "ds_1_sample_id_49", "ds_146_sample_id_62", "ds_363_sample_id_81", "ds_256_sample_id_43", "ds_434_sample_id_20", "ds_321_sample_id_66", "ds_61_sample_id_2", "ds_356_sample_id_51", "ds_8_sample_id_22", "ds_480_sample_id_29", "ds_0_sample_id_58", "ds_459_sample_id_69", "ds_50_sample_id_41", "ds_499_sample_id_30", "ds_510_sample_id_8"], "group_16": ["ds_300_sample_id_65", "ds_397_sample_id_19", "ds_258_sample_id_57", "ds_526_sample_id_26", "ds_217_sample_id_42", "ds_220_sample_id_31", "ds_291_sample_id_74", "ds_376_sample_id_79", "ds_475_sample_id_39", "ds_280_sample_id_25", "ds_89_sample_id_76", "ds_150_sample_id_3", "ds_510_sample_id_38", "ds_381_sample_id_10", "ds_328_sample_id_1", "ds_205_sample_id_13", "ds_145_sample_id_48", "ds_118_sample_id_32", "ds_515_sample_id_72", "ds_84_sample_id_54", "ds_459_sample_id_82", "ds_19_sample_id_34", "ds_214_sample_id_53", "ds_409_sample_id_83", "ds_278_sample_id_71", "ds_109_sample_id_46", "ds_214_sample_id_0", "ds_151_sample_id_9", "ds_7_sample_id_63", "ds_13_sample_id_37", "ds_248_sample_id_78", "ds_155_sample_id_35", "ds_221_sample_id_16", "ds_216_sample_id_7", "ds_372_sample_id_14", "ds_248_sample_id_47", "ds_196_sample_id_56", "ds_245_sample_id_27", "ds_329_sample_id_23", "ds_283_sample_id_68", "ds_310_sample_id_12", "ds_338_sample_id_28", "ds_399_sample_id_17", "ds_190_sample_id_24", "ds_442_sample_id_67", "ds_1_sample_id_49", "ds_146_sample_id_62", "ds_272_sample_id_18", "ds_363_sample_id_81", "ds_500_sample_id_6", "ds_468_sample_id_75", "ds_256_sample_id_43", "ds_494_sample_id_80", "ds_434_sample_id_20", "ds_321_sample_id_66", "ds_439_sample_id_50", "ds_90_sample_id_40", "ds_61_sample_id_2", "ds_137_sample_id_45", "ds_20_sample_id_60", "ds_356_sample_id_51", "ds_8_sample_id_22", "ds_480_sample_id_29", "ds_85_sample_id_4", "ds_31_sample_id_36", "ds_0_sample_id_58", "ds_459_sample_id_69", "ds_50_sample_id_15", "ds_297_sample_id_73", "ds_501_sample_id_61", "ds_50_sample_id_41", "ds_499_sample_id_30", "ds_381_sample_id_52", "ds_143_sample_id_5", "ds_38_sample_id_70", "ds_510_sample_id_8"], "group_19": ["ds_300_sample_id_65", "ds_397_sample_id_19", "ds_258_sample_id_57", "ds_291_sample_id_74", "ds_475_sample_id_39", "ds_150_sample_id_3", "ds_328_sample_id_1", "ds_145_sample_id_48", "ds_515_sample_id_72", "ds_459_sample_id_82", "ds_19_sample_id_34", "ds_278_sample_id_71", "ds_214_sample_id_0", "ds_7_sample_id_63", "ds_248_sample_id_78", "ds_155_sample_id_35", "ds_248_sample_id_47", "ds_245_sample_id_27", "ds_283_sample_id_68", "ds_338_sample_id_28", "ds_399_sample_id_17", "ds_190_sample_id_24", "ds_146_sample_id_62", "ds_434_sample_id_20", "ds_321_sample_id_66", "ds_439_sample_id_50", "ds_90_sample_id_40", "ds_61_sample_id_2", "ds_137_sample_id_45", "ds_31_sample_id_36", "ds_459_sample_id_69", "ds_50_sample_id_41", "ds_381_sample_id_52", "ds_143_sample_id_5", "ds_510_sample_id_8"], "group_0": ["ds_397_sample_id_19", "ds_258_sample_id_57", "ds_376_sample_id_79", "ds_328_sample_id_1", "ds_515_sample_id_72", "ds_84_sample_id_54", "ds_459_sample_id_82", "ds_214_sample_id_53", "ds_409_sample_id_83", "ds_109_sample_id_46", "ds_214_sample_id_0", "ds_151_sample_id_9", "ds_7_sample_id_63", "ds_221_sample_id_16", "ds_196_sample_id_56", "ds_245_sample_id_27", "ds_283_sample_id_68", "ds_310_sample_id_12", "ds_399_sample_id_17", "ds_414_sample_id_33", "ds_146_sample_id_62", "ds_468_sample_id_75", "ds_256_sample_id_43", "ds_90_sample_id_40", "ds_61_sample_id_2", "ds_20_sample_id_60", "ds_31_sample_id_36", "ds_459_sample_id_69", "ds_50_sample_id_15", "ds_297_sample_id_73", "ds_50_sample_id_41", "ds_381_sample_id_52", "ds_38_sample_id_70", "ds_510_sample_id_8"], "group_3": ["ds_397_sample_id_19", "ds_258_sample_id_57", "ds_291_sample_id_74", "ds_376_sample_id_79", "ds_475_sample_id_39", "ds_280_sample_id_25", "ds_89_sample_id_76", "ds_150_sample_id_3", "ds_145_sample_id_48", "ds_515_sample_id_72", "ds_84_sample_id_54", "ds_409_sample_id_83", "ds_109_sample_id_46", "ds_214_sample_id_0", "ds_151_sample_id_9", "ds_7_sample_id_63", "ds_13_sample_id_37", "ds_155_sample_id_35", "ds_221_sample_id_16", "ds_216_sample_id_7", "ds_372_sample_id_14", "ds_245_sample_id_27", "ds_283_sample_id_68", "ds_338_sample_id_28", "ds_1_sample_id_49", "ds_363_sample_id_81", "ds_500_sample_id_6", "ds_468_sample_id_75", "ds_256_sample_id_43", "ds_494_sample_id_80", "ds_434_sample_id_20", "ds_321_sample_id_66", "ds_439_sample_id_50", "ds_480_sample_id_29", "ds_31_sample_id_36", "ds_0_sample_id_58", "ds_459_sample_id_69", "ds_143_sample_id_5", "ds_38_sample_id_70", "ds_510_sample_id_8"], "group_8": ["ds_397_sample_id_19", "ds_258_sample_id_57", "ds_217_sample_id_42", "ds_220_sample_id_31", "ds_376_sample_id_79", "ds_475_sample_id_39", "ds_328_sample_id_1", "ds_145_sample_id_48", "ds_459_sample_id_82", "ds_278_sample_id_71", "ds_109_sample_id_46", "ds_372_sample_id_14", "ds_245_sample_id_27", "ds_329_sample_id_23", "ds_310_sample_id_12", "ds_338_sample_id_28", "ds_190_sample_id_24", "ds_442_sample_id_67", "ds_363_sample_id_81", "ds_468_sample_id_75", "ds_256_sample_id_43", "ds_90_sample_id_40", "ds_61_sample_id_2", "ds_356_sample_id_51", "ds_8_sample_id_22", "ds_480_sample_id_29", "ds_85_sample_id_4", "ds_0_sample_id_58", "ds_50_sample_id_15", "ds_50_sample_id_41", "ds_499_sample_id_30", "ds_381_sample_id_52", "ds_143_sample_id_5", "ds_510_sample_id_8"], "group_12": ["ds_397_sample_id_19", "ds_291_sample_id_74", "ds_376_sample_id_79", "ds_475_sample_id_39", "ds_89_sample_id_76", "ds_150_sample_id_3", "ds_381_sample_id_10", "ds_205_sample_id_13", "ds_515_sample_id_72", "ds_19_sample_id_34", "ds_109_sample_id_46", "ds_214_sample_id_0", "ds_7_sample_id_63", "ds_13_sample_id_37", "ds_221_sample_id_16", "ds_245_sample_id_27", "ds_310_sample_id_12", "ds_399_sample_id_17", "ds_414_sample_id_33", "ds_500_sample_id_6", "ds_468_sample_id_75", "ds_434_sample_id_20", "ds_321_sample_id_66", "ds_356_sample_id_51", "ds_85_sample_id_4", "ds_50_sample_id_15", "ds_297_sample_id_73", "ds_50_sample_id_41", "ds_38_sample_id_70"], "group_18": ["ds_397_sample_id_19", "ds_258_sample_id_57", "ds_217_sample_id_42", "ds_89_sample_id_76", "ds_381_sample_id_10", "ds_214_sample_id_53", "ds_109_sample_id_46", "ds_7_sample_id_63", "ds_248_sample_id_78", "ds_221_sample_id_16", "ds_216_sample_id_7", "ds_248_sample_id_47", "ds_196_sample_id_56", "ds_442_sample_id_67", "ds_272_sample_id_18", "ds_363_sample_id_81", "ds_321_sample_id_66", "ds_90_sample_id_40", "ds_61_sample_id_2", "ds_137_sample_id_45", "ds_459_sample_id_69", "ds_50_sample_id_15", "ds_50_sample_id_41", "ds_499_sample_id_30", "ds_143_sample_id_5"], "group_1": ["ds_258_sample_id_57", "ds_217_sample_id_42", "ds_89_sample_id_76", "ds_510_sample_id_38", "ds_381_sample_id_10", "ds_328_sample_id_1", "ds_205_sample_id_13", "ds_118_sample_id_32", "ds_19_sample_id_34", "ds_278_sample_id_71", "ds_13_sample_id_37", "ds_245_sample_id_27", "ds_338_sample_id_28", "ds_1_sample_id_49", "ds_272_sample_id_18", "ds_256_sample_id_43", "ds_494_sample_id_80", "ds_439_sample_id_50", "ds_20_sample_id_60", "ds_8_sample_id_22", "ds_85_sample_id_4", "ds_0_sample_id_58", "ds_459_sample_id_69", "ds_50_sample_id_41", "ds_510_sample_id_8"], "group_17": ["ds_258_sample_id_57", "ds_526_sample_id_26", "ds_217_sample_id_42", "ds_220_sample_id_31", "ds_291_sample_id_74", "ds_376_sample_id_79", "ds_280_sample_id_25", "ds_381_sample_id_10", "ds_328_sample_id_1", "ds_515_sample_id_72", "ds_84_sample_id_54", "ds_409_sample_id_83", "ds_109_sample_id_46", "ds_214_sample_id_0", "ds_151_sample_id_9", "ds_155_sample_id_35", "ds_216_sample_id_7", "ds_248_sample_id_47", "ds_283_sample_id_68", "ds_399_sample_id_17", "ds_363_sample_id_81", "ds_256_sample_id_43", "ds_494_sample_id_80", "ds_321_sample_id_66", "ds_61_sample_id_2", "ds_480_sample_id_29", "ds_85_sample_id_4", "ds_0_sample_id_58", "ds_459_sample_id_69", "ds_50_sample_id_15", "ds_297_sample_id_73", "ds_501_sample_id_61", "ds_50_sample_id_41", "ds_381_sample_id_52", "ds_143_sample_id_5"], "group_10": ["ds_526_sample_id_26", "ds_220_sample_id_31", "ds_280_sample_id_25", "ds_150_sample_id_3", "ds_515_sample_id_72", "ds_84_sample_id_54", "ds_459_sample_id_82", "ds_19_sample_id_34", "ds_214_sample_id_0", "ds_151_sample_id_9", "ds_7_sample_id_63", "ds_221_sample_id_16", "ds_248_sample_id_47", "ds_196_sample_id_56", "ds_245_sample_id_27", "ds_338_sample_id_28", "ds_190_sample_id_24", "ds_363_sample_id_81", "ds_256_sample_id_43", "ds_494_sample_id_80", "ds_434_sample_id_20", "ds_321_sample_id_66", "ds_90_sample_id_40", "ds_61_sample_id_2", "ds_20_sample_id_60", "ds_356_sample_id_51", "ds_8_sample_id_22", "ds_85_sample_id_4", "ds_50_sample_id_15", "ds_143_sample_id_5"], "group_14": ["ds_217_sample_id_42", "ds_280_sample_id_25", "ds_89_sample_id_76", "ds_150_sample_id_3", "ds_381_sample_id_10", "ds_328_sample_id_1", "ds_205_sample_id_13", "ds_515_sample_id_72", "ds_278_sample_id_71", "ds_13_sample_id_37", "ds_248_sample_id_78", "ds_372_sample_id_14", "ds_196_sample_id_56", "ds_310_sample_id_12", "ds_338_sample_id_28", "ds_414_sample_id_33", "ds_442_sample_id_67", "ds_500_sample_id_6", "ds_468_sample_id_75", "ds_61_sample_id_2", "ds_20_sample_id_60", "ds_356_sample_id_51", "ds_8_sample_id_22", "ds_297_sample_id_73", "ds_501_sample_id_61"], "group_7": ["ds_220_sample_id_31", "ds_376_sample_id_79", "ds_280_sample_id_25", "ds_381_sample_id_10", "ds_145_sample_id_48", "ds_118_sample_id_32", "ds_84_sample_id_54", "ds_214_sample_id_53", "ds_409_sample_id_83", "ds_278_sample_id_71", "ds_214_sample_id_0", "ds_13_sample_id_37", "ds_248_sample_id_78", "ds_216_sample_id_7", "ds_372_sample_id_14", "ds_248_sample_id_47", "ds_245_sample_id_27", "ds_310_sample_id_12", "ds_414_sample_id_33", "ds_442_sample_id_67", "ds_146_sample_id_62", "ds_500_sample_id_6", "ds_256_sample_id_43", "ds_434_sample_id_20", "ds_321_sample_id_66", "ds_137_sample_id_45", "ds_20_sample_id_60", "ds_356_sample_id_51", "ds_459_sample_id_69", "ds_501_sample_id_61", "ds_50_sample_id_41", "ds_38_sample_id_70"], "group_15": ["ds_372_sample_id_14", "ds_329_sample_id_23", "ds_442_sample_id_67", "ds_256_sample_id_43", "ds_61_sample_id_2", "ds_356_sample_id_51", "ds_8_sample_id_22", "ds_0_sample_id_58", "ds_499_sample_id_30", "ds_510_sample_id_8"]}}