{"ds_157_sample_id_0": [], "ds_122_sample_id_1": [], "ds_103_sample_id_2": [], "ds_59_sample_id_3": [], "ds_2_sample_id_4": [], "ds_87_sample_id_5": [], "ds_18_sample_id_6": [], "ds_63_sample_id_7": [], "ds_92_sample_id_8": [], "ds_191_sample_id_9": [], "ds_48_sample_id_10": [], "ds_149_sample_id_11": [], "ds_179_sample_id_12": [], "ds_86_sample_id_13": [], "ds_173_sample_id_14": [], "ds_102_sample_id_15": [], "ds_160_sample_id_16": [], "ds_190_sample_id_17": [], "ds_150_sample_id_18": [], "ds_119_sample_id_19": [], "ds_182_sample_id_20": [], "ds_7_sample_id_21": [], "ds_132_sample_id_22": [], "ds_57_sample_id_23": [], "ds_111_sample_id_24": [], "ds_122_sample_id_25": [], "ds_156_sample_id_26": [], "ds_60_sample_id_27": [], "ds_142_sample_id_28": [], "ds_154_sample_id_29": [], "ds_29_sample_id_30": [], "ds_61_sample_id_31": [], "ds_159_sample_id_32": [], "ds_34_sample_id_33": [], "ds_158_sample_id_34": [], "ds_130_sample_id_35": [], "ds_22_sample_id_36": [], "ds_135_sample_id_37": [], "ds_102_sample_id_38": [], "ds_36_sample_id_39": [], "ds_122_sample_id_40": [], "ds_133_sample_id_41": [], "ds_90_sample_id_42": [], "ds_82_sample_id_43": [], "ds_174_sample_id_44": [], "ds_145_sample_id_45": [], "ds_4_sample_id_46": [], "ds_64_sample_id_47": [], "ds_125_sample_id_48": [], "ds_155_sample_id_49": [], "ds_162_sample_id_50": [], "ds_2_sample_id_51": [], "ds_199_sample_id_52": [], "ds_32_sample_id_53": [], "ds_164_sample_id_54": [], "ds_82_sample_id_55": [], "ds_54_sample_id_56": [], "ds_36_sample_id_57": [], "ds_65_sample_id_58": [], "ds_60_sample_id_59": [], "ds_194_sample_id_60": [], "ds_30_sample_id_61": [], "ds_181_sample_id_62": [], "ds_83_sample_id_63": [], "ds_103_sample_id_64": [], "ds_122_sample_id_65": [], "ds_29_sample_id_66": [], "ds_164_sample_id_67": [], "ds_198_sample_id_68": [], "ds_151_sample_id_69": [], "ds_11_sample_id_70": [], "ds_40_sample_id_71": [], "ds_74_sample_id_72": [], "ds_88_sample_id_73": [], "ds_125_sample_id_74": [], "ds_49_sample_id_75": [], "ds_125_sample_id_76": [], "ds_24_sample_id_77": [], "ds_184_sample_id_78": [], "ds_71_sample_id_79": [], "ds_189_sample_id_80": [], "ds_99_sample_id_81": [], "ds_75_sample_id_82": [], "ds_174_sample_id_83": [], "ds_86_sample_id_84": [], "ds_61_sample_id_85": [], "ds_102_sample_id_86": [], "ds_22_sample_id_87": []}