{"user_group_edges": {"group_4": ["user_2104_sample_id_54", "user_1475_sample_id_7", "user_1106_sample_id_9", "user_2642_sample_id_15", "user_251_sample_id_26", "user_1538_sample_id_60", "user_1745_sample_id_16", "user_1663_sample_id_29", "user_1702_sample_id_18", "user_2194_sample_id_10", "user_2126_sample_id_40"], "group_12": ["user_2104_sample_id_54", "user_555_sample_id_65", "user_641_sample_id_3", "user_3063_sample_id_42", "user_2642_sample_id_15", "user_2996_sample_id_43", "user_2113_sample_id_56", "user_1383_sample_id_35"], "group_15": ["user_2104_sample_id_54", "user_1475_sample_id_7", "user_555_sample_id_65", "user_597_sample_id_34", "user_1745_sample_id_16", "user_3031_sample_id_5", "user_944_sample_id_39", "user_1735_sample_id_27", "user_2183_sample_id_13"], "group_16": ["user_2104_sample_id_54", "user_1823_sample_id_52", "user_2377_sample_id_55", "user_2443_sample_id_6", "user_2337_sample_id_41", "user_2642_sample_id_15", "user_515_sample_id_57", "user_858_sample_id_21", "user_3031_sample_id_5", "user_1377_sample_id_19", "user_1463_sample_id_58", "user_752_sample_id_45", "user_2126_sample_id_40"], "group_5": ["user_1475_sample_id_7", "user_1644_sample_id_22", "user_1145_sample_id_66", "user_2042_sample_id_2", "user_555_sample_id_65", "user_641_sample_id_3", "user_2443_sample_id_6", "user_1561_sample_id_61", "user_2113_sample_id_56", "user_3031_sample_id_5", "user_1663_sample_id_29", "user_1269_sample_id_47", "user_401_sample_id_46", "user_1221_sample_id_71", "user_2368_sample_id_38"], "group_10": ["user_1475_sample_id_7", "user_1823_sample_id_52", "user_1606_sample_id_64", "user_613_sample_id_30", "user_2113_sample_id_56", "user_515_sample_id_57", "user_1546_sample_id_36", "user_2782_sample_id_4"], "group_6": ["user_654_sample_id_25", "user_2042_sample_id_2", "user_1315_sample_id_67", "user_2413_sample_id_12", "user_515_sample_id_57", "user_1272_sample_id_28", "user_752_sample_id_45", "user_1366_sample_id_14"], "group_11": ["user_654_sample_id_25", "user_1644_sample_id_22", "user_858_sample_id_21", "user_2194_sample_id_10", "user_2998_sample_id_32", "user_2183_sample_id_13", "user_401_sample_id_46"], "group_19": ["user_654_sample_id_25", "user_418_sample_id_11", "user_3063_sample_id_42", "user_2443_sample_id_6", "user_858_sample_id_21", "user_1517_sample_id_17", "user_2963_sample_id_59", "user_3076_sample_id_23", "user_1366_sample_id_14"], "group_3": ["user_1823_sample_id_52", "user_1304_sample_id_20", "user_2297_sample_id_8", "user_1561_sample_id_61", "user_3031_sample_id_5", "user_1377_sample_id_19", "user_1463_sample_id_58", "user_944_sample_id_39", "user_2782_sample_id_4", "user_2194_sample_id_10", "user_568_sample_id_37", "user_3076_sample_id_23"], "group_7": ["user_1823_sample_id_52", "user_1644_sample_id_22", "user_418_sample_id_11", "user_3063_sample_id_42", "user_2297_sample_id_8", "user_1745_sample_id_16", "user_858_sample_id_21", "user_1463_sample_id_58", "user_1702_sample_id_18", "user_944_sample_id_39", "user_2782_sample_id_4", "user_1383_sample_id_35", "user_752_sample_id_45"], "group_9": ["user_1304_sample_id_20", "user_2413_sample_id_12", "user_1106_sample_id_9", "user_597_sample_id_34", "user_515_sample_id_57", "user_1663_sample_id_29", "user_401_sample_id_46", "user_1733_sample_id_49"], "group_0": ["user_2821_sample_id_48", "user_64_sample_id_51", "user_555_sample_id_65", "user_613_sample_id_30", "user_401_sample_id_46"], "group_8": ["user_2821_sample_id_48", "user_418_sample_id_11", "user_64_sample_id_51", "user_1315_sample_id_67", "user_1106_sample_id_9", "user_511_sample_id_0", "user_2337_sample_id_41", "user_2297_sample_id_8", "user_1745_sample_id_16", "user_2113_sample_id_56", "user_858_sample_id_21", "user_944_sample_id_39", "user_752_sample_id_45", "user_2126_sample_id_40", "user_2183_sample_id_13", "user_1708_sample_id_69"], "group_13": ["user_1644_sample_id_22", "user_2642_sample_id_15", "user_2096_sample_id_50", "user_1735_sample_id_27", "user_1733_sample_id_49"], "group_2": ["user_2377_sample_id_55", "user_2413_sample_id_12", "user_2154_sample_id_33", "user_1802_sample_id_62", "user_568_sample_id_37", "user_1366_sample_id_14", "user_1733_sample_id_49", "user_2368_sample_id_38"], "group_14": ["user_2377_sample_id_55", "user_613_sample_id_30", "user_3063_sample_id_42", "user_2642_sample_id_15", "user_1561_sample_id_61", "user_1377_sample_id_19", "user_2154_sample_id_33", "user_1546_sample_id_36"], "group_18": ["user_2377_sample_id_55", "user_3063_sample_id_42", "user_251_sample_id_26", "user_2297_sample_id_8", "user_2018_sample_id_31"], "group_1": ["user_641_sample_id_3", "user_2642_sample_id_15", "user_1517_sample_id_17", "user_2126_sample_id_40", "user_1733_sample_id_49"], "group_17": ["user_1315_sample_id_67", "user_1538_sample_id_60", "user_2996_sample_id_43", "user_592_sample_id_24", "user_3076_sample_id_23", "user_1221_sample_id_71"]}, "group_data_store_edges": {"group_6": ["ds_10688_sample_id_72", "ds_115_sample_id_145", "ds_6924_sample_id_74", "ds_1112_sample_id_91", "ds_3766_sample_id_65", "ds_8083_sample_id_40", "ds_4130_sample_id_122", "ds_829_sample_id_26", "ds_1106_sample_id_75", "ds_130_sample_id_58", "ds_130_sample_id_117", "ds_8637_sample_id_39", "ds_8303_sample_id_18", "ds_4981_sample_id_139", "ds_4146_sample_id_46", "ds_11324_sample_id_100", "ds_4303_sample_id_97", "ds_7041_sample_id_88", "ds_5040_sample_id_57", "ds_1236_sample_id_120", "ds_108_sample_id_37", "ds_3673_sample_id_67", "ds_2462_sample_id_47", "ds_497_sample_id_55", "ds_7776_sample_id_112", "ds_7784_sample_id_71", "ds_7614_sample_id_59", "ds_4363_sample_id_24", "ds_5151_sample_id_2", "ds_3337_sample_id_63"], "group_7": ["ds_10688_sample_id_72", "ds_30_sample_id_45", "ds_9623_sample_id_96", "ds_8442_sample_id_14", "ds_4146_sample_id_46", "ds_8888_sample_id_81", "ds_1370_sample_id_76", "ds_7041_sample_id_88", "ds_5040_sample_id_57", "ds_1193_sample_id_98", "ds_495_sample_id_87", "ds_108_sample_id_37", "ds_10528_sample_id_132", "ds_2687_sample_id_129"], "group_13": ["ds_10688_sample_id_72", "ds_2590_sample_id_15", "ds_6924_sample_id_74", "ds_8083_sample_id_40", "ds_1011_sample_id_104", "ds_6231_sample_id_142", "ds_1106_sample_id_75", "ds_11110_sample_id_9", "ds_7785_sample_id_136", "ds_8637_sample_id_39", "ds_4602_sample_id_22", "ds_4981_sample_id_139", "ds_3664_sample_id_49", "ds_5122_sample_id_50", "ds_5772_sample_id_123", "ds_2093_sample_id_23", "ds_1370_sample_id_76", "ds_8492_sample_id_137", "ds_10638_sample_id_70", "ds_11324_sample_id_100", "ds_4303_sample_id_97", "ds_7041_sample_id_88", "ds_1193_sample_id_98", "ds_4035_sample_id_115", "ds_9902_sample_id_107", "ds_3713_sample_id_36", "ds_3673_sample_id_67", "ds_11185_sample_id_141", "ds_7776_sample_id_112", "ds_6529_sample_id_52", "ds_7112_sample_id_82", "ds_711_sample_id_102", "ds_8712_sample_id_62", "ds_3337_sample_id_63"], "group_19": ["ds_10688_sample_id_72", "ds_2374_sample_id_138", "ds_1011_sample_id_104", "ds_829_sample_id_26", "ds_130_sample_id_58", "ds_130_sample_id_117", "ds_3900_sample_id_30", "ds_8637_sample_id_39", "ds_4981_sample_id_139", "ds_9623_sample_id_96", "ds_4146_sample_id_46", "ds_5284_sample_id_31", "ds_8492_sample_id_137", "ds_8358_sample_id_116", "ds_1193_sample_id_98", "ds_2195_sample_id_21", "ds_3713_sample_id_36", "ds_7649_sample_id_127", "ds_497_sample_id_55", "ds_7112_sample_id_82", "ds_8712_sample_id_62", "ds_2986_sample_id_94", "ds_5151_sample_id_2"], "group_0": ["ds_2590_sample_id_15", "ds_7519_sample_id_16", "ds_3760_sample_id_118", "ds_1112_sample_id_91", "ds_5630_sample_id_64", "ds_6101_sample_id_144", "ds_3766_sample_id_65", "ds_1011_sample_id_104", "ds_7460_sample_id_93", "ds_8145_sample_id_51", "ds_130_sample_id_58", "ds_9442_sample_id_125", "ds_721_sample_id_6", "ds_3900_sample_id_30", "ds_10842_sample_id_128", "ds_9654_sample_id_80", "ds_7785_sample_id_136", "ds_4981_sample_id_139", "ds_9623_sample_id_96", "ds_5122_sample_id_50", "ds_9145_sample_id_42", "ds_5772_sample_id_123", "ds_11324_sample_id_100", "ds_7041_sample_id_88", "ds_495_sample_id_87", "ds_9902_sample_id_107", "ds_11151_sample_id_60", "ds_11185_sample_id_141", "ds_2462_sample_id_47", "ds_5843_sample_id_13", "ds_922_sample_id_53", "ds_10528_sample_id_132", "ds_8712_sample_id_62"], "group_1": ["ds_2590_sample_id_15", "ds_115_sample_id_145", "ds_3760_sample_id_118", "ds_6101_sample_id_144", "ds_3766_sample_id_65", "ds_1011_sample_id_104", "ds_6231_sample_id_142", "ds_30_sample_id_45", "ds_9442_sample_id_125", "ds_130_sample_id_117", "ds_10842_sample_id_128", "ds_8303_sample_id_18", "ds_4981_sample_id_139", "ds_5017_sample_id_86", "ds_3664_sample_id_49", "ds_5122_sample_id_50", "ds_8685_sample_id_135", "ds_5284_sample_id_31", "ds_221_sample_id_54", "ds_2093_sample_id_23", "ds_1370_sample_id_76", "ds_8492_sample_id_137", "ds_11459_sample_id_133", "ds_4303_sample_id_97", "ds_7041_sample_id_88", "ds_8358_sample_id_116", "ds_3797_sample_id_90", "ds_1193_sample_id_98", "ds_4035_sample_id_115", "ds_2195_sample_id_21", "ds_3713_sample_id_36", "ds_7649_sample_id_127", "ds_497_sample_id_55", "ds_7614_sample_id_59", "ds_4958_sample_id_131", "ds_7112_sample_id_82", "ds_711_sample_id_102", "ds_5151_sample_id_2", "ds_3337_sample_id_63"], "group_4": ["ds_2590_sample_id_15", "ds_3760_sample_id_118", "ds_1112_sample_id_91", "ds_6101_sample_id_144", "ds_8145_sample_id_51", "ds_8337_sample_id_134", "ds_9654_sample_id_80", "ds_3664_sample_id_49", "ds_8888_sample_id_81", "ds_2988_sample_id_95", "ds_2093_sample_id_23", "ds_5202_sample_id_20", "ds_9902_sample_id_107", "ds_11185_sample_id_141", "ds_4958_sample_id_131", "ds_2687_sample_id_129"], "group_10": ["ds_2590_sample_id_15", "ds_2374_sample_id_138", "ds_3766_sample_id_65", "ds_6803_sample_id_69", "ds_1011_sample_id_104", "ds_4130_sample_id_122", "ds_6231_sample_id_142", "ds_1106_sample_id_75", "ds_3900_sample_id_30", "ds_3664_sample_id_49", "ds_9145_sample_id_42", "ds_5772_sample_id_123", "ds_5288_sample_id_68", "ds_221_sample_id_54", "ds_11324_sample_id_100", "ds_8358_sample_id_116", "ds_3797_sample_id_90", "ds_10489_sample_id_140", "ds_1193_sample_id_98", "ds_11170_sample_id_73", "ds_9864_sample_id_56", "ds_3713_sample_id_36", "ds_5843_sample_id_13", "ds_497_sample_id_55", "ds_4363_sample_id_24", "ds_5151_sample_id_2"], "group_14": ["ds_2590_sample_id_15", "ds_7519_sample_id_16", "ds_6924_sample_id_74", "ds_5630_sample_id_64", "ds_4130_sample_id_122", "ds_1032_sample_id_33", "ds_3664_sample_id_49", "ds_8888_sample_id_81", "ds_10638_sample_id_70", "ds_4303_sample_id_97", "ds_1193_sample_id_98", "ds_495_sample_id_87", "ds_3713_sample_id_36", "ds_11185_sample_id_141", "ds_2462_sample_id_47", "ds_5843_sample_id_13", "ds_7776_sample_id_112", "ds_7784_sample_id_71", "ds_4958_sample_id_131", "ds_4363_sample_id_24"], "group_16": ["ds_2590_sample_id_15", "ds_721_sample_id_6", "ds_4981_sample_id_139", "ds_5122_sample_id_50", "ds_8442_sample_id_14", "ds_5772_sample_id_123", "ds_4146_sample_id_46", "ds_8888_sample_id_81", "ds_8685_sample_id_135", "ds_7041_sample_id_88", "ds_1193_sample_id_98", "ds_11170_sample_id_73", "ds_9864_sample_id_56", "ds_9902_sample_id_107", "ds_11151_sample_id_60", "ds_3713_sample_id_36", "ds_2462_sample_id_47", "ds_7614_sample_id_59", "ds_4363_sample_id_24", "ds_3337_sample_id_63"], "group_17": ["ds_2590_sample_id_15", "ds_115_sample_id_145", "ds_6803_sample_id_69", "ds_7460_sample_id_93", "ds_4130_sample_id_122", "ds_829_sample_id_26", "ds_130_sample_id_58", "ds_130_sample_id_117", "ds_7785_sample_id_136", "ds_8637_sample_id_39", "ds_4981_sample_id_139", "ds_5122_sample_id_50", "ds_5284_sample_id_31", "ds_1370_sample_id_76", "ds_11459_sample_id_133", "ds_4303_sample_id_97", "ds_5040_sample_id_57", "ds_2195_sample_id_21", "ds_9864_sample_id_56", "ds_5843_sample_id_13", "ds_497_sample_id_55", "ds_6529_sample_id_52", "ds_4958_sample_id_131", "ds_3662_sample_id_12", "ds_711_sample_id_102", "ds_8712_sample_id_62", "ds_2687_sample_id_129", "ds_5151_sample_id_2", "ds_3337_sample_id_63"], "group_2": ["ds_115_sample_id_145", "ds_6924_sample_id_74", "ds_1112_sample_id_91", "ds_3766_sample_id_65", "ds_1011_sample_id_104", "ds_829_sample_id_26", "ds_1106_sample_id_75", "ds_9442_sample_id_125", "ds_4467_sample_id_111", "ds_7785_sample_id_136", "ds_4602_sample_id_22", "ds_4981_sample_id_139", "ds_3664_sample_id_49", "ds_5772_sample_id_123", "ds_8888_sample_id_81", "ds_8685_sample_id_135", "ds_2988_sample_id_95", "ds_5288_sample_id_68", "ds_221_sample_id_54", "ds_1370_sample_id_76", "ds_11324_sample_id_100", "ds_4303_sample_id_97", "ds_495_sample_id_87", "ds_2195_sample_id_21", "ds_3713_sample_id_36", "ds_3673_sample_id_67", "ds_6529_sample_id_52", "ds_4958_sample_id_131", "ds_3337_sample_id_63"], "group_5": ["ds_115_sample_id_145", "ds_3900_sample_id_30", "ds_9654_sample_id_80", "ds_8637_sample_id_39", "ds_4602_sample_id_22", "ds_2093_sample_id_23", "ds_4303_sample_id_97", "ds_4035_sample_id_115", "ds_9864_sample_id_56", "ds_11185_sample_id_141", "ds_922_sample_id_53", "ds_6529_sample_id_52", "ds_7784_sample_id_71", "ds_3662_sample_id_12", "ds_2986_sample_id_94", "ds_3337_sample_id_63"], "group_8": ["ds_115_sample_id_145", "ds_6924_sample_id_74", "ds_11110_sample_id_9", "ds_8303_sample_id_18", "ds_4981_sample_id_139", "ds_5122_sample_id_50", "ds_2988_sample_id_95", "ds_2093_sample_id_23", "ds_7041_sample_id_88", "ds_9864_sample_id_56", "ds_108_sample_id_37", "ds_7649_sample_id_127", "ds_2462_sample_id_47", "ds_7784_sample_id_71", "ds_3662_sample_id_12", "ds_5151_sample_id_2"], "group_11": ["ds_115_sample_id_145", "ds_1112_sample_id_91", "ds_6101_sample_id_144", "ds_2374_sample_id_138", "ds_8083_sample_id_40", "ds_6231_sample_id_142", "ds_1106_sample_id_75", "ds_130_sample_id_58", "ds_11110_sample_id_9", "ds_4467_sample_id_111", "ds_10842_sample_id_128", "ds_4981_sample_id_139", "ds_9145_sample_id_42", "ds_8888_sample_id_81", "ds_806_sample_id_99", "ds_221_sample_id_54", "ds_2093_sample_id_23", "ds_11324_sample_id_100", "ds_4303_sample_id_97", "ds_3797_sample_id_90", "ds_4035_sample_id_115", "ds_9864_sample_id_56", "ds_1236_sample_id_120", "ds_11151_sample_id_60", "ds_11185_sample_id_141", "ds_2462_sample_id_47", "ds_7776_sample_id_112", "ds_7784_sample_id_71", "ds_711_sample_id_102"], "group_9": ["ds_7519_sample_id_16", "ds_6924_sample_id_74", "ds_3760_sample_id_118", "ds_1112_sample_id_91", "ds_8337_sample_id_134", "ds_4130_sample_id_122", "ds_130_sample_id_58", "ds_4467_sample_id_111", "ds_7785_sample_id_136", "ds_4602_sample_id_22", "ds_9623_sample_id_96", "ds_5772_sample_id_123", "ds_806_sample_id_99", "ds_1370_sample_id_76", "ds_11324_sample_id_100", "ds_4303_sample_id_97", "ds_7041_sample_id_88", "ds_2195_sample_id_21", "ds_9902_sample_id_107", "ds_11151_sample_id_60", "ds_2462_sample_id_47", "ds_6529_sample_id_52", "ds_4958_sample_id_131"], "group_12": ["ds_7519_sample_id_16", "ds_3760_sample_id_118", "ds_1011_sample_id_104", "ds_6231_sample_id_142", "ds_7785_sample_id_136", "ds_4146_sample_id_46", "ds_2988_sample_id_95", "ds_7041_sample_id_88", "ds_11170_sample_id_73", "ds_495_sample_id_87", "ds_1236_sample_id_120", "ds_3713_sample_id_36", "ds_7784_sample_id_71", "ds_711_sample_id_102", "ds_4363_sample_id_24", "ds_5151_sample_id_2", "ds_3337_sample_id_63"], "group_15": ["ds_7519_sample_id_16", "ds_3760_sample_id_118", "ds_6101_sample_id_144", "ds_8145_sample_id_51", "ds_130_sample_id_58", "ds_1032_sample_id_33", "ds_10842_sample_id_128", "ds_4602_sample_id_22", "ds_9145_sample_id_42", "ds_4146_sample_id_46", "ds_8888_sample_id_81", "ds_2988_sample_id_95", "ds_2093_sample_id_23", "ds_10638_sample_id_70", "ds_11324_sample_id_100", "ds_5202_sample_id_20", "ds_5040_sample_id_57", "ds_3713_sample_id_36", "ds_2986_sample_id_94", "ds_3337_sample_id_63"], "group_18": ["ds_7519_sample_id_16", "ds_6924_sample_id_74", "ds_1112_sample_id_91", "ds_5630_sample_id_64", "ds_1011_sample_id_104", "ds_8337_sample_id_134", "ds_6231_sample_id_142", "ds_829_sample_id_26", "ds_130_sample_id_58", "ds_9442_sample_id_125", "ds_3900_sample_id_30", "ds_11110_sample_id_9", "ds_10842_sample_id_128", "ds_4602_sample_id_22", "ds_4981_sample_id_139", "ds_9623_sample_id_96", "ds_9145_sample_id_42", "ds_8888_sample_id_81", "ds_8685_sample_id_135", "ds_221_sample_id_54", "ds_1370_sample_id_76", "ds_10638_sample_id_70", "ds_7041_sample_id_88", "ds_495_sample_id_87", "ds_11151_sample_id_60", "ds_2462_sample_id_47", "ds_922_sample_id_53", "ds_497_sample_id_55", "ds_7776_sample_id_112", "ds_6529_sample_id_52", "ds_7112_sample_id_82", "ds_2986_sample_id_94", "ds_4363_sample_id_24", "ds_5151_sample_id_2"], "group_3": ["ds_6803_sample_id_69", "ds_7460_sample_id_93", "ds_1106_sample_id_75", "ds_1032_sample_id_33", "ds_3900_sample_id_30", "ds_11110_sample_id_9", "ds_5017_sample_id_86", "ds_5122_sample_id_50", "ds_806_sample_id_99", "ds_5284_sample_id_31", "ds_1370_sample_id_76", "ds_3797_sample_id_90", "ds_495_sample_id_87", "ds_3673_sample_id_67", "ds_7649_sample_id_127", "ds_5843_sample_id_13", "ds_497_sample_id_55", "ds_10528_sample_id_132", "ds_8712_sample_id_62", "ds_4363_sample_id_24"]}}