{"ds_5849_sample_id_0": [], "ds_4504_sample_id_1": [], "ds_5045_sample_id_2": [], "ds_3944_sample_id_3": [], "ds_10449_sample_id_4": [], "ds_6026_sample_id_5": [], "ds_90_sample_id_6": [], "ds_529_sample_id_7": [], "ds_9752_sample_id_8": [], "ds_4189_sample_id_9": [], "ds_1288_sample_id_10": [], "ds_7384_sample_id_11": [], "ds_5938_sample_id_12": [], "ds_8441_sample_id_13": [], "ds_9397_sample_id_14": [], "ds_6994_sample_id_15": [], "ds_10626_sample_id_16": [], "ds_10602_sample_id_17": [], "ds_5793_sample_id_18": [], "ds_1401_sample_id_19": [], "ds_7918_sample_id_20": [], "ds_10962_sample_id_21": [], "ds_18_sample_id_22": [], "ds_7505_sample_id_23": [], "ds_1017_sample_id_24": [], "ds_8596_sample_id_25": [], "ds_5904_sample_id_26": [], "ds_7540_sample_id_27": [], "ds_3899_sample_id_28": [], "ds_2979_sample_id_29": [], "ds_2601_sample_id_30": [], "ds_2129_sample_id_31": [], "ds_5326_sample_id_32": [], "ds_8607_sample_id_33": [], "ds_5441_sample_id_34": [], "ds_1699_sample_id_35": [], "ds_967_sample_id_36": [], "ds_8230_sample_id_37": [], "ds_3799_sample_id_38": [], "ds_5137_sample_id_39": [], "ds_1777_sample_id_40": [], "ds_6577_sample_id_41": [], "ds_10112_sample_id_42": [], "ds_11409_sample_id_43": [], "ds_5805_sample_id_44": [], "ds_355_sample_id_45": [], "ds_551_sample_id_46": [], "ds_10651_sample_id_47": [], "ds_4787_sample_id_48": [], "ds_7527_sample_id_49": [], "ds_4778_sample_id_50": [], "ds_5003_sample_id_51": [], "ds_11083_sample_id_52": [], "ds_2662_sample_id_53": [], "ds_1564_sample_id_54": [], "ds_6612_sample_id_55": [], "ds_9277_sample_id_56": [], "ds_5783_sample_id_57": [], "ds_8647_sample_id_58": [], "ds_5468_sample_id_59": [], "ds_6429_sample_id_60": [], "ds_1195_sample_id_61": [], "ds_5512_sample_id_62": [], "ds_3530_sample_id_63": [], "ds_3403_sample_id_64": [], "ds_193_sample_id_65": [], "ds_4702_sample_id_66": [], "ds_7269_sample_id_67": [], "ds_8673_sample_id_68": [], "ds_11229_sample_id_69": [], "ds_4169_sample_id_70": [], "ds_8304_sample_id_71": [], "ds_6410_sample_id_72": [], "ds_3012_sample_id_73": [], "ds_3544_sample_id_74": [], "ds_7537_sample_id_75": [], "ds_6365_sample_id_76": [], "ds_9051_sample_id_77": [], "ds_4992_sample_id_78": [], "ds_3868_sample_id_79": [], "ds_4239_sample_id_80": [], "ds_26_sample_id_81": [], "ds_6863_sample_id_82": [], "ds_3538_sample_id_83": [], "ds_5906_sample_id_84": [], "ds_7080_sample_id_85": [], "ds_6185_sample_id_86": [], "ds_9089_sample_id_87": [], "ds_11206_sample_id_88": [], "ds_10051_sample_id_89": [], "ds_11223_sample_id_90": [], "ds_11401_sample_id_91": [], "ds_6368_sample_id_92": [], "ds_10654_sample_id_93": [], "ds_3597_sample_id_94": [], "ds_7595_sample_id_95": [], "ds_1799_sample_id_96": [], "ds_7850_sample_id_97": [], "ds_10787_sample_id_98": [], "ds_1981_sample_id_99": [], "ds_4797_sample_id_100": [], "ds_10943_sample_id_101": [], "ds_5569_sample_id_102": [], "ds_593_sample_id_103": [], "ds_4643_sample_id_104": [], "ds_2223_sample_id_105": [], "ds_5430_sample_id_106": [], "ds_2161_sample_id_107": [], "ds_6279_sample_id_108": [], "ds_5004_sample_id_109": [], "ds_5395_sample_id_110": [], "ds_6613_sample_id_111": [], "ds_3717_sample_id_112": [], "ds_3910_sample_id_113": [], "ds_9124_sample_id_114": [], "ds_1185_sample_id_115": [], "ds_8029_sample_id_116": [], "ds_3461_sample_id_117": [], "ds_5940_sample_id_118": [], "ds_7040_sample_id_119": [], "ds_1405_sample_id_120": [], "ds_8773_sample_id_121": [], "ds_1392_sample_id_122": [], "ds_4733_sample_id_123": [], "ds_9750_sample_id_124": [], "ds_7910_sample_id_125": [], "ds_2514_sample_id_126": [], "ds_4057_sample_id_127": [], "ds_7052_sample_id_128": [], "ds_6824_sample_id_129": [], "ds_1006_sample_id_130": [], "ds_3494_sample_id_131": [], "ds_2896_sample_id_132": [], "ds_11404_sample_id_133": [], "ds_7348_sample_id_134": [], "ds_1442_sample_id_135": [], "ds_9807_sample_id_136": [], "ds_6597_sample_id_137": [], "ds_8942_sample_id_138": [], "ds_5449_sample_id_139": [], "ds_508_sample_id_140": [], "ds_2486_sample_id_141": [], "ds_8029_sample_id_142": [], "ds_1506_sample_id_143": [], "ds_5429_sample_id_144": [], "ds_9744_sample_id_145": [], "ds_9955_sample_id_146": [], "ds_4188_sample_id_147": [], "ds_1984_sample_id_148": [], "ds_2633_sample_id_149": [], "ds_9481_sample_id_150": [], "ds_5744_sample_id_151": [], "ds_4329_sample_id_152": [], "ds_7597_sample_id_153": [], "ds_11174_sample_id_154": [], "ds_1544_sample_id_155": [], "ds_8986_sample_id_156": [], "ds_5148_sample_id_157": [], "ds_5388_sample_id_158": [], "ds_3767_sample_id_159": [], "ds_7096_sample_id_160": [], "ds_3015_sample_id_161": [], "ds_4254_sample_id_162": [], "ds_11298_sample_id_163": [], "ds_3186_sample_id_164": [], "ds_742_sample_id_165": [], "ds_8324_sample_id_166": [], "ds_6136_sample_id_167": [], "ds_10802_sample_id_168": [], "ds_5662_sample_id_169": [], "ds_6935_sample_id_170": [], "ds_9270_sample_id_171": [], "ds_8973_sample_id_172": [], "ds_2478_sample_id_173": [], "ds_11159_sample_id_174": [], "ds_10585_sample_id_175": [], "ds_7906_sample_id_176": [], "ds_583_sample_id_177": [], "ds_4449_sample_id_178": [], "ds_10620_sample_id_179": [], "ds_1357_sample_id_180": [], "ds_3694_sample_id_181": [], "ds_10665_sample_id_182": [], "ds_5811_sample_id_183": [], "ds_10721_sample_id_184": [], "ds_4652_sample_id_185": [], "ds_4377_sample_id_186": [], "ds_8135_sample_id_187": [], "ds_8944_sample_id_188": [], "ds_11396_sample_id_189": [], "ds_6534_sample_id_190": [], "ds_856_sample_id_191": [], "ds_1732_sample_id_192": [], "ds_3053_sample_id_193": [], "ds_9031_sample_id_194": [], "ds_10584_sample_id_195": [], "ds_5666_sample_id_196": [], "ds_10237_sample_id_197": [], "ds_4160_sample_id_198": [], "ds_11308_sample_id_199": [], "ds_11092_sample_id_200": [], "ds_4547_sample_id_201": [], "ds_976_sample_id_202": [], "ds_7166_sample_id_203": [], "ds_9158_sample_id_204": [], "ds_3915_sample_id_205": [], "ds_9670_sample_id_206": [], "ds_2263_sample_id_207": [], "ds_8682_sample_id_208": [], "ds_2286_sample_id_209": [], "ds_8486_sample_id_210": [], "ds_5834_sample_id_211": [], "ds_2243_sample_id_212": [], "ds_4902_sample_id_213": [], "ds_10483_sample_id_214": [], "ds_1546_sample_id_215": [], "ds_315_sample_id_216": [], "ds_3793_sample_id_217": [], "ds_9510_sample_id_218": [], "ds_1490_sample_id_219": [], "ds_4072_sample_id_220": [], "ds_2086_sample_id_221": [], "ds_1106_sample_id_222": [], "ds_9204_sample_id_223": [], "ds_10745_sample_id_224": [], "ds_10718_sample_id_225": [], "ds_9231_sample_id_226": [], "ds_6117_sample_id_227": [], "ds_7273_sample_id_228": [], "ds_5131_sample_id_229": [], "ds_9103_sample_id_230": [], "ds_775_sample_id_231": [], "ds_8304_sample_id_232": [], "ds_8469_sample_id_233": [], "ds_2529_sample_id_234": [], "ds_4915_sample_id_235": [], "ds_1131_sample_id_236": [], "ds_850_sample_id_237": [], "ds_7187_sample_id_238": [], "ds_2321_sample_id_239": [], "ds_1418_sample_id_240": [], "ds_5372_sample_id_241": [], "ds_79_sample_id_242": [], "ds_1976_sample_id_243": [], "ds_10170_sample_id_244": [], "ds_6067_sample_id_245": [], "ds_6678_sample_id_246": [], "ds_5593_sample_id_247": [], "ds_5261_sample_id_248": [], "ds_3842_sample_id_249": [], "ds_9561_sample_id_250": [], "ds_316_sample_id_251": [], "ds_9214_sample_id_252": [], "ds_3491_sample_id_253": [], "ds_9308_sample_id_254": [], "ds_10782_sample_id_255": [], "ds_3830_sample_id_256": [], "ds_7727_sample_id_257": [], "ds_453_sample_id_258": [], "ds_11121_sample_id_259": [], "ds_3505_sample_id_260": [], "ds_7_sample_id_261": [], "ds_4013_sample_id_262": [], "ds_8883_sample_id_263": [], "ds_5829_sample_id_264": [], "ds_6695_sample_id_265": [], "ds_4328_sample_id_266": [], "ds_11220_sample_id_267": [], "ds_1720_sample_id_268": [], "ds_5376_sample_id_269": [], "ds_1597_sample_id_270": [], "ds_10892_sample_id_271": [], "ds_7309_sample_id_272": []}