{"user_group_edges": {"group_2": ["user_39_sample_id_87", "user_26_sample_id_22", "user_33_sample_id_90", "user_28_sample_id_82", "user_12_sample_id_70", "user_39_sample_id_68", "user_23_sample_id_69", "user_36_sample_id_42", "user_31_sample_id_89", "user_23_sample_id_63", "user_16_sample_id_36", "user_17_sample_id_79", "user_33_sample_id_5", "user_12_sample_id_86", "user_21_sample_id_29", "user_31_sample_id_84", "user_24_sample_id_47", "user_18_sample_id_16", "user_4_sample_id_65", "user_0_sample_id_28", "user_20_sample_id_57", "user_7_sample_id_25", "user_17_sample_id_41", "user_34_sample_id_49", "user_12_sample_id_91", "user_13_sample_id_31", "user_16_sample_id_45", "user_36_sample_id_33", "user_17_sample_id_11", "user_24_sample_id_73", "user_1_sample_id_52", "user_2_sample_id_51"], "group_7": ["user_39_sample_id_87", "user_9_sample_id_59", "user_33_sample_id_90", "user_28_sample_id_82", "user_13_sample_id_64", "user_33_sample_id_58", "user_13_sample_id_78", "user_12_sample_id_43", "user_0_sample_id_6", "user_16_sample_id_36", "user_13_sample_id_56", "user_14_sample_id_66", "user_17_sample_id_79", "user_33_sample_id_5", "user_30_sample_id_50", "user_29_sample_id_40", "user_4_sample_id_65", "user_20_sample_id_85", "user_26_sample_id_74", "user_35_sample_id_67", "user_16_sample_id_26", "user_12_sample_id_91", "user_27_sample_id_55", "user_22_sample_id_8", "user_38_sample_id_48", "user_1_sample_id_46", "user_36_sample_id_39", "user_1_sample_id_77", "user_30_sample_id_61", "user_24_sample_id_73", "user_2_sample_id_51"], "group_10": ["user_39_sample_id_87", "user_9_sample_id_59", "user_22_sample_id_34", "user_32_sample_id_10", "user_13_sample_id_78", "user_39_sample_id_68", "user_36_sample_id_42", "user_31_sample_id_89", "user_12_sample_id_43", "user_19_sample_id_71", "user_38_sample_id_60", "user_23_sample_id_63", "user_36_sample_id_9", "user_14_sample_id_66", "user_9_sample_id_19", "user_22_sample_id_0", "user_24_sample_id_47", "user_0_sample_id_28", "user_20_sample_id_57", "user_6_sample_id_88", "user_7_sample_id_25", "user_16_sample_id_80", "user_17_sample_id_41", "user_16_sample_id_26", "user_35_sample_id_76", "user_27_sample_id_55", "user_16_sample_id_45", "user_10_sample_id_81", "user_24_sample_id_30", "user_24_sample_id_38", "user_18_sample_id_3", "user_38_sample_id_48", "user_0_sample_id_2", "user_36_sample_id_33", "user_17_sample_id_83", "user_27_sample_id_20", "user_2_sample_id_21"], "group_12": ["user_39_sample_id_87", "user_26_sample_id_22", "user_33_sample_id_90", "user_33_sample_id_58", "user_12_sample_id_70", "user_23_sample_id_69", "user_21_sample_id_44", "user_0_sample_id_6", "user_23_sample_id_63", "user_13_sample_id_56", "user_14_sample_id_66", "user_9_sample_id_19", "user_3_sample_id_18", "user_35_sample_id_27", "user_1_sample_id_7", "user_17_sample_id_79", "user_19_sample_id_4", "user_30_sample_id_50", "user_21_sample_id_29", "user_12_sample_id_13", "user_16_sample_id_26", "user_24_sample_id_30", "user_0_sample_id_2", "user_17_sample_id_83", "user_2_sample_id_51", "user_27_sample_id_20"], "group_16": ["user_39_sample_id_87", "user_9_sample_id_59", "user_0_sample_id_32", "user_36_sample_id_75", "user_38_sample_id_60", "user_13_sample_id_56", "user_36_sample_id_9", "user_1_sample_id_7", "user_33_sample_id_5", "user_15_sample_id_14", "user_27_sample_id_53", "user_21_sample_id_1", "user_29_sample_id_40", "user_18_sample_id_16", "user_0_sample_id_28", "user_6_sample_id_88", "user_7_sample_id_25", "user_32_sample_id_15", "user_35_sample_id_67", "user_12_sample_id_91", "user_22_sample_id_8", "user_13_sample_id_31", "user_24_sample_id_30", "user_36_sample_id_33", "user_17_sample_id_11", "user_30_sample_id_61", "user_37_sample_id_54", "user_2_sample_id_21"], "group_0": ["user_9_sample_id_59", "user_13_sample_id_64", "user_0_sample_id_32", "user_13_sample_id_78", "user_39_sample_id_68", "user_23_sample_id_69", "user_36_sample_id_75", "user_36_sample_id_42", "user_19_sample_id_71", "user_15_sample_id_62", "user_10_sample_id_24", "user_13_sample_id_56", "user_14_sample_id_66", "user_9_sample_id_19", "user_3_sample_id_18", "user_1_sample_id_7", "user_12_sample_id_86", "user_30_sample_id_50", "user_12_sample_id_13", "user_0_sample_id_28", "user_6_sample_id_88", "user_32_sample_id_15", "user_17_sample_id_41", "user_34_sample_id_49", "user_16_sample_id_26", "user_12_sample_id_91", "user_1_sample_id_46", "user_31_sample_id_37", "user_36_sample_id_33", "user_22_sample_id_72", "user_1_sample_id_77", "user_17_sample_id_83", "user_17_sample_id_11", "user_24_sample_id_73", "user_27_sample_id_20"], "group_5": ["user_9_sample_id_59", "user_28_sample_id_82", "user_4_sample_id_12", "user_33_sample_id_58", "user_37_sample_id_17", "user_13_sample_id_78", "user_39_sample_id_68", "user_23_sample_id_69", "user_36_sample_id_42", "user_31_sample_id_89", "user_19_sample_id_71", "user_38_sample_id_60", "user_15_sample_id_62", "user_16_sample_id_36", "user_22_sample_id_0", "user_1_sample_id_7", "user_19_sample_id_4", "user_21_sample_id_29", "user_24_sample_id_47", "user_18_sample_id_16", "user_20_sample_id_85", "user_6_sample_id_88", "user_16_sample_id_80", "user_34_sample_id_49", "user_27_sample_id_55", "user_0_sample_id_2", "user_22_sample_id_72", "user_17_sample_id_11", "user_27_sample_id_20"], "group_11": ["user_9_sample_id_59", "user_26_sample_id_22", "user_28_sample_id_82", "user_39_sample_id_68", "user_36_sample_id_75", "user_21_sample_id_44", "user_0_sample_id_6", "user_38_sample_id_60", "user_15_sample_id_62", "user_36_sample_id_9", "user_9_sample_id_19", "user_22_sample_id_0", "user_17_sample_id_79", "user_27_sample_id_53", "user_31_sample_id_23", "user_21_sample_id_1", "user_29_sample_id_40", "user_20_sample_id_85", "user_5_sample_id_35", "user_16_sample_id_80", "user_12_sample_id_91", "user_35_sample_id_76", "user_16_sample_id_45", "user_10_sample_id_81", "user_24_sample_id_30", "user_36_sample_id_39", "user_31_sample_id_37", "user_36_sample_id_33", "user_27_sample_id_20", "user_2_sample_id_21"], "group_14": ["user_9_sample_id_59", "user_26_sample_id_22", "user_33_sample_id_90", "user_22_sample_id_34", "user_13_sample_id_64", "user_39_sample_id_68", "user_23_sample_id_69", "user_36_sample_id_75", "user_31_sample_id_89", "user_15_sample_id_62", "user_13_sample_id_56", "user_1_sample_id_7", "user_12_sample_id_86", "user_27_sample_id_53", "user_31_sample_id_23", "user_21_sample_id_1", "user_4_sample_id_65", "user_7_sample_id_25", "user_26_sample_id_74", "user_32_sample_id_15", "user_16_sample_id_80", "user_17_sample_id_41", "user_35_sample_id_67", "user_27_sample_id_55", "user_18_sample_id_3", "user_17_sample_id_83", "user_24_sample_id_73", "user_37_sample_id_54", "user_2_sample_id_51", "user_2_sample_id_21"], "group_4": ["user_26_sample_id_22", "user_22_sample_id_34", "user_4_sample_id_12", "user_13_sample_id_64", "user_0_sample_id_32", "user_36_sample_id_75", "user_36_sample_id_42", "user_10_sample_id_24", "user_16_sample_id_36", "user_36_sample_id_9", "user_22_sample_id_0", "user_3_sample_id_18", "user_33_sample_id_5", "user_12_sample_id_13", "user_31_sample_id_84", "user_21_sample_id_1", "user_29_sample_id_40", "user_5_sample_id_35", "user_6_sample_id_88", "user_7_sample_id_25", "user_35_sample_id_76", "user_22_sample_id_8", "user_13_sample_id_31", "user_24_sample_id_30", "user_38_sample_id_48", "user_36_sample_id_39", "user_22_sample_id_72", "user_30_sample_id_61", "user_1_sample_id_52"], "group_9": ["user_26_sample_id_22", "user_33_sample_id_58", "user_12_sample_id_70", "user_13_sample_id_78", "user_21_sample_id_44", "user_19_sample_id_71", "user_38_sample_id_60", "user_15_sample_id_62", "user_12_sample_id_86", "user_30_sample_id_50", "user_15_sample_id_14", "user_31_sample_id_23", "user_21_sample_id_1", "user_0_sample_id_28", "user_6_sample_id_88", "user_16_sample_id_80", "user_17_sample_id_41", "user_35_sample_id_67", "user_27_sample_id_55", "user_24_sample_id_30", "user_38_sample_id_48", "user_1_sample_id_46", "user_36_sample_id_39", "user_1_sample_id_77", "user_30_sample_id_61", "user_37_sample_id_54", "user_2_sample_id_21"], "group_19": ["user_26_sample_id_22", "user_33_sample_id_90", "user_22_sample_id_34", "user_4_sample_id_12", "user_0_sample_id_32", "user_37_sample_id_17", "user_32_sample_id_10", "user_13_sample_id_78", "user_36_sample_id_42", "user_19_sample_id_71", "user_13_sample_id_56", "user_36_sample_id_9", "user_9_sample_id_19", "user_35_sample_id_27", "user_1_sample_id_7", "user_21_sample_id_29", "user_12_sample_id_13", "user_29_sample_id_40", "user_18_sample_id_16", "user_20_sample_id_85", "user_7_sample_id_25", "user_32_sample_id_15", "user_35_sample_id_67", "user_12_sample_id_91", "user_35_sample_id_76", "user_22_sample_id_8", "user_18_sample_id_3", "user_1_sample_id_46", "user_1_sample_id_77", "user_37_sample_id_54", "user_2_sample_id_51", "user_27_sample_id_20", "user_2_sample_id_21"], "group_1": ["user_33_sample_id_90", "user_22_sample_id_34", "user_37_sample_id_17", "user_32_sample_id_10", "user_31_sample_id_89", "user_12_sample_id_43", "user_10_sample_id_24", "user_13_sample_id_56", "user_14_sample_id_66", "user_35_sample_id_27", "user_1_sample_id_7", "user_12_sample_id_13", "user_31_sample_id_23", "user_24_sample_id_47", "user_18_sample_id_16", "user_20_sample_id_57", "user_12_sample_id_91", "user_22_sample_id_8", "user_16_sample_id_45", "user_10_sample_id_81", "user_38_sample_id_48", "user_36_sample_id_39", "user_31_sample_id_37", "user_24_sample_id_73"], "group_3": ["user_33_sample_id_90", "user_28_sample_id_82", "user_13_sample_id_64", "user_33_sample_id_58", "user_12_sample_id_70", "user_37_sample_id_17", "user_32_sample_id_10", "user_22_sample_id_0", "user_3_sample_id_18", "user_35_sample_id_27", "user_17_sample_id_79", "user_12_sample_id_86", "user_19_sample_id_4", "user_15_sample_id_14", "user_27_sample_id_53", "user_29_sample_id_40", "user_24_sample_id_47", "user_20_sample_id_57", "user_7_sample_id_25", "user_35_sample_id_67", "user_16_sample_id_26", "user_35_sample_id_76", "user_22_sample_id_8", "user_13_sample_id_31", "user_16_sample_id_45", "user_10_sample_id_81", "user_24_sample_id_38", "user_18_sample_id_3", "user_1_sample_id_77", "user_30_sample_id_61", "user_1_sample_id_52"], "group_8": ["user_22_sample_id_34", "user_13_sample_id_64", "user_0_sample_id_32", "user_37_sample_id_17", "user_32_sample_id_10", "user_39_sample_id_68", "user_36_sample_id_42", "user_0_sample_id_6", "user_38_sample_id_60", "user_23_sample_id_63", "user_10_sample_id_24", "user_17_sample_id_79", "user_12_sample_id_86", "user_19_sample_id_4", "user_12_sample_id_13", "user_31_sample_id_84", "user_29_sample_id_40", "user_24_sample_id_47", "user_4_sample_id_65", "user_20_sample_id_57", "user_5_sample_id_35", "user_32_sample_id_15", "user_35_sample_id_67", "user_34_sample_id_49", "user_22_sample_id_8", "user_13_sample_id_31", "user_10_sample_id_81", "user_24_sample_id_30", "user_24_sample_id_38", "user_18_sample_id_3", "user_1_sample_id_46", "user_0_sample_id_2", "user_36_sample_id_33", "user_30_sample_id_61", "user_24_sample_id_73", "user_1_sample_id_52", "user_2_sample_id_21"], "group_6": ["user_28_sample_id_82", "user_0_sample_id_32", "user_37_sample_id_17", "user_13_sample_id_78", "user_23_sample_id_69", "user_36_sample_id_75", "user_21_sample_id_44", "user_12_sample_id_43", "user_15_sample_id_62", "user_13_sample_id_56", "user_36_sample_id_9", "user_3_sample_id_18", "user_30_sample_id_50", "user_15_sample_id_14", "user_31_sample_id_84", "user_18_sample_id_16", "user_4_sample_id_65", "user_20_sample_id_57", "user_5_sample_id_35", "user_26_sample_id_74", "user_32_sample_id_15", "user_16_sample_id_80", "user_17_sample_id_41", "user_16_sample_id_26", "user_35_sample_id_76", "user_36_sample_id_39", "user_0_sample_id_2", "user_36_sample_id_33", "user_22_sample_id_72", "user_17_sample_id_11", "user_27_sample_id_20"], "group_15": ["user_28_sample_id_82", "user_4_sample_id_12", "user_13_sample_id_64", "user_33_sample_id_58", "user_32_sample_id_10", "user_13_sample_id_78", "user_12_sample_id_43", "user_0_sample_id_6", "user_15_sample_id_62", "user_23_sample_id_63", "user_10_sample_id_24", "user_3_sample_id_18", "user_21_sample_id_29", "user_27_sample_id_53", "user_31_sample_id_23", "user_20_sample_id_85", "user_5_sample_id_35", "user_26_sample_id_74", "user_16_sample_id_80", "user_17_sample_id_41", "user_35_sample_id_67", "user_34_sample_id_49", "user_27_sample_id_55", "user_24_sample_id_38", "user_1_sample_id_46", "user_0_sample_id_2", "user_22_sample_id_72", "user_1_sample_id_77", "user_17_sample_id_11", "user_37_sample_id_54", "user_1_sample_id_52"], "group_13": ["user_4_sample_id_12", "user_12_sample_id_70", "user_36_sample_id_75", "user_19_sample_id_71", "user_0_sample_id_6", "user_14_sample_id_66", "user_9_sample_id_19", "user_35_sample_id_27", "user_1_sample_id_7", "user_33_sample_id_5", "user_30_sample_id_50", "user_15_sample_id_14", "user_27_sample_id_53", "user_31_sample_id_23", "user_31_sample_id_84", "user_24_sample_id_47", "user_4_sample_id_65", "user_20_sample_id_85", "user_26_sample_id_74", "user_16_sample_id_26", "user_13_sample_id_31", "user_10_sample_id_81", "user_24_sample_id_38", "user_38_sample_id_48", "user_31_sample_id_37", "user_22_sample_id_72", "user_1_sample_id_52"], "group_17": ["user_4_sample_id_12", "user_12_sample_id_70", "user_37_sample_id_17", "user_21_sample_id_44", "user_12_sample_id_43", "user_10_sample_id_24", "user_22_sample_id_0", "user_35_sample_id_27", "user_33_sample_id_5", "user_19_sample_id_4", "user_21_sample_id_29", "user_31_sample_id_84", "user_21_sample_id_1", "user_29_sample_id_40", "user_18_sample_id_16", "user_0_sample_id_28", "user_20_sample_id_57", "user_26_sample_id_74", "user_32_sample_id_15", "user_34_sample_id_49", "user_22_sample_id_8", "user_10_sample_id_81", "user_24_sample_id_30", "user_24_sample_id_38", "user_31_sample_id_37", "user_22_sample_id_72", "user_17_sample_id_11", "user_24_sample_id_73"], "group_18": ["user_13_sample_id_64", "user_12_sample_id_70", "user_0_sample_id_32", "user_13_sample_id_78", "user_23_sample_id_69", "user_36_sample_id_42", "user_23_sample_id_63", "user_16_sample_id_36", "user_36_sample_id_9", "user_14_sample_id_66", "user_9_sample_id_19", "user_35_sample_id_27", "user_30_sample_id_50", "user_15_sample_id_14", "user_12_sample_id_13", "user_21_sample_id_1", "user_0_sample_id_28", "user_6_sample_id_88", "user_26_sample_id_74", "user_27_sample_id_55", "user_16_sample_id_45", "user_38_sample_id_48", "user_1_sample_id_46", "user_31_sample_id_37", "user_36_sample_id_33", "user_17_sample_id_83", "user_37_sample_id_54", "user_2_sample_id_51"]}, "group_data_store_edges": {"group_6": ["ds_18_sample_id_56", "ds_65_sample_id_22", "ds_49_sample_id_93", "ds_1_sample_id_57", "ds_36_sample_id_16", "ds_66_sample_id_50", "ds_4_sample_id_23", "ds_48_sample_id_75", "ds_4_sample_id_65", "ds_2_sample_id_94", "ds_27_sample_id_40", "ds_41_sample_id_8", "ds_61_sample_id_6", "ds_17_sample_id_66", "ds_52_sample_id_79", "ds_10_sample_id_74", "ds_61_sample_id_39", "ds_66_sample_id_80", "ds_6_sample_id_64", "ds_9_sample_id_49", "ds_40_sample_id_67", "ds_62_sample_id_68", "ds_15_sample_id_90", "ds_52_sample_id_89", "ds_15_sample_id_51", "ds_34_sample_id_60", "ds_58_sample_id_85", "ds_50_sample_id_42", "ds_49_sample_id_45", "ds_7_sample_id_47", "ds_66_sample_id_76", "ds_64_sample_id_35"], "group_10": ["ds_18_sample_id_56", "ds_58_sample_id_10", "ds_65_sample_id_22", "ds_21_sample_id_33", "ds_64_sample_id_9", "ds_41_sample_id_27", "ds_44_sample_id_13", "ds_66_sample_id_50", "ds_26_sample_id_72", "ds_48_sample_id_75", "ds_27_sample_id_40", "ds_41_sample_id_8", "ds_39_sample_id_62", "ds_45_sample_id_4", "ds_2_sample_id_36", "ds_61_sample_id_39", "ds_54_sample_id_87", "ds_40_sample_id_67", "ds_28_sample_id_95", "ds_15_sample_id_44", "ds_22_sample_id_1", "ds_17_sample_id_81", "ds_7_sample_id_47", "ds_40_sample_id_11", "ds_66_sample_id_76"], "group_12": ["ds_18_sample_id_56", "ds_24_sample_id_86", "ds_5_sample_id_29", "ds_13_sample_id_69", "ds_36_sample_id_16", "ds_4_sample_id_23", "ds_20_sample_id_54", "ds_48_sample_id_75", "ds_47_sample_id_71", "ds_41_sample_id_8", "ds_65_sample_id_19", "ds_28_sample_id_17", "ds_54_sample_id_87", "ds_9_sample_id_49", "ds_61_sample_id_82", "ds_15_sample_id_90", "ds_15_sample_id_44", "ds_15_sample_id_51", "ds_35_sample_id_28", "ds_50_sample_id_42", "ds_5_sample_id_25", "ds_16_sample_id_58", "ds_7_sample_id_47", "ds_43_sample_id_3", "ds_7_sample_id_59", "ds_66_sample_id_76", "ds_64_sample_id_35", "ds_34_sample_id_5"], "group_17": ["ds_18_sample_id_56", "ds_24_sample_id_86", "ds_49_sample_id_93", "ds_64_sample_id_9", "ds_64_sample_id_7", "ds_44_sample_id_13", "ds_1_sample_id_57", "ds_53_sample_id_83", "ds_4_sample_id_23", "ds_43_sample_id_34", "ds_61_sample_id_6", "ds_21_sample_id_73", "ds_10_sample_id_74", "ds_0_sample_id_31", "ds_6_sample_id_64", "ds_37_sample_id_18", "ds_31_sample_id_70", "ds_40_sample_id_67", "ds_58_sample_id_48", "ds_15_sample_id_44", "ds_15_sample_id_91", "ds_34_sample_id_60", "ds_13_sample_id_41", "ds_56_sample_id_52", "ds_43_sample_id_3", "ds_23_sample_id_46", "ds_33_sample_id_88", "ds_40_sample_id_11"], "group_18": ["ds_18_sample_id_56", "ds_41_sample_id_27", "ds_64_sample_id_7", "ds_36_sample_id_16", "ds_4_sample_id_23", "ds_20_sample_id_54", "ds_2_sample_id_94", "ds_33_sample_id_53", "ds_21_sample_id_73", "ds_45_sample_id_4", "ds_10_sample_id_15", "ds_17_sample_id_66", "ds_2_sample_id_36", "ds_10_sample_id_74", "ds_61_sample_id_39", "ds_58_sample_id_30", "ds_19_sample_id_92", "ds_37_sample_id_18", "ds_31_sample_id_70", "ds_62_sample_id_68", "ds_61_sample_id_82", "ds_15_sample_id_90", "ds_52_sample_id_89", "ds_58_sample_id_85", "ds_35_sample_id_28", "ds_50_sample_id_42", "ds_25_sample_id_63", "ds_2_sample_id_61", "ds_5_sample_id_25", "ds_16_sample_id_58", "ds_33_sample_id_26", "ds_7_sample_id_47", "ds_43_sample_id_3", "ds_47_sample_id_20"], "group_5": ["ds_58_sample_id_10", "ds_24_sample_id_86", "ds_21_sample_id_33", "ds_5_sample_id_29", "ds_64_sample_id_7", "ds_66_sample_id_50", "ds_38_sample_id_32", "ds_20_sample_id_54", "ds_27_sample_id_77", "ds_50_sample_id_24", "ds_27_sample_id_40", "ds_39_sample_id_62", "ds_61_sample_id_6", "ds_31_sample_id_2", "ds_45_sample_id_4", "ds_61_sample_id_39", "ds_31_sample_id_14", "ds_58_sample_id_30", "ds_54_sample_id_87", "ds_40_sample_id_67", "ds_15_sample_id_90", "ds_50_sample_id_42", "ds_53_sample_id_38", "ds_25_sample_id_63", "ds_13_sample_id_41", "ds_5_sample_id_25", "ds_47_sample_id_20", "ds_23_sample_id_46", "ds_33_sample_id_88", "ds_4_sample_id_37", "ds_64_sample_id_35"], "group_8": ["ds_58_sample_id_10", "ds_64_sample_id_9", "ds_1_sample_id_57", "ds_53_sample_id_83", "ds_4_sample_id_23", "ds_50_sample_id_24", "ds_28_sample_id_17", "ds_10_sample_id_15", "ds_17_sample_id_66", "ds_3_sample_id_12", "ds_61_sample_id_39", "ds_19_sample_id_92", "ds_37_sample_id_18", "ds_31_sample_id_70", "ds_28_sample_id_95", "ds_15_sample_id_44", "ds_22_sample_id_1", "ds_17_sample_id_81", "ds_2_sample_id_61", "ds_56_sample_id_52", "ds_7_sample_id_59", "ds_65_sample_id_43", "ds_4_sample_id_37", "ds_64_sample_id_35", "ds_34_sample_id_5"], "group_11": ["ds_58_sample_id_10", "ds_65_sample_id_22", "ds_40_sample_id_0", "ds_64_sample_id_7", "ds_43_sample_id_34", "ds_17_sample_id_96", "ds_39_sample_id_62", "ds_31_sample_id_2", "ds_45_sample_id_4", "ds_8_sample_id_84", "ds_2_sample_id_36", "ds_3_sample_id_12", "ds_0_sample_id_31", "ds_19_sample_id_92", "ds_40_sample_id_67", "ds_28_sample_id_95", "ds_58_sample_id_48", "ds_34_sample_id_60", "ds_58_sample_id_85", "ds_35_sample_id_28", "ds_25_sample_id_63", "ds_16_sample_id_58", "ds_49_sample_id_45", "ds_33_sample_id_26", "ds_7_sample_id_59", "ds_66_sample_id_76"], "group_14": ["ds_58_sample_id_10", "ds_21_sample_id_33", "ds_49_sample_id_93", "ds_41_sample_id_27", "ds_30_sample_id_21", "ds_13_sample_id_69", "ds_66_sample_id_50", "ds_38_sample_id_32", "ds_27_sample_id_77", "ds_2_sample_id_94", "ds_61_sample_id_6", "ds_8_sample_id_84", "ds_3_sample_id_12", "ds_10_sample_id_74", "ds_6_sample_id_64", "ds_28_sample_id_95", "ds_58_sample_id_48", "ds_15_sample_id_91", "ds_58_sample_id_85", "ds_17_sample_id_81", "ds_35_sample_id_28", "ds_50_sample_id_42", "ds_53_sample_id_38", "ds_13_sample_id_41", "ds_33_sample_id_26", "ds_47_sample_id_20", "ds_23_sample_id_46", "ds_65_sample_id_43", "ds_34_sample_id_5"], "group_15": ["ds_58_sample_id_10", "ds_24_sample_id_86", "ds_49_sample_id_93", "ds_41_sample_id_27", "ds_30_sample_id_21", "ds_64_sample_id_7", "ds_53_sample_id_83", "ds_4_sample_id_23", "ds_38_sample_id_32", "ds_20_sample_id_54", "ds_8_sample_id_55", "ds_33_sample_id_53", "ds_8_sample_id_84", "ds_17_sample_id_66", "ds_2_sample_id_36", "ds_52_sample_id_79", "ds_58_sample_id_30", "ds_54_sample_id_87", "ds_28_sample_id_95", "ds_61_sample_id_82", "ds_15_sample_id_51", "ds_58_sample_id_85", "ds_25_sample_id_63", "ds_49_sample_id_45", "ds_56_sample_id_52", "ds_23_sample_id_46"], "group_2": ["ds_24_sample_id_86", "ds_5_sample_id_29", "ds_49_sample_id_93", "ds_1_sample_id_57", "ds_27_sample_id_77", "ds_17_sample_id_96", "ds_47_sample_id_71", "ds_41_sample_id_8", "ds_39_sample_id_62", "ds_61_sample_id_6", "ds_65_sample_id_19", "ds_45_sample_id_4", "ds_10_sample_id_15", "ds_0_sample_id_31", "ds_66_sample_id_80", "ds_29_sample_id_78", "ds_54_sample_id_87", "ds_62_sample_id_68", "ds_58_sample_id_48", "ds_61_sample_id_82", "ds_22_sample_id_1", "ds_34_sample_id_60", "ds_50_sample_id_42", "ds_13_sample_id_41", "ds_56_sample_id_52", "ds_43_sample_id_3", "ds_47_sample_id_20", "ds_33_sample_id_88", "ds_65_sample_id_43"], "group_0": ["ds_65_sample_id_22", "ds_40_sample_id_0", "ds_64_sample_id_7", "ds_66_sample_id_50", "ds_53_sample_id_83", "ds_38_sample_id_32", "ds_27_sample_id_77", "ds_4_sample_id_65", "ds_50_sample_id_24", "ds_2_sample_id_94", "ds_21_sample_id_73", "ds_10_sample_id_74", "ds_66_sample_id_80", "ds_29_sample_id_78", "ds_58_sample_id_30", "ds_6_sample_id_64", "ds_31_sample_id_70", "ds_61_sample_id_82", "ds_22_sample_id_1", "ds_35_sample_id_28", "ds_5_sample_id_25", "ds_16_sample_id_58", "ds_47_sample_id_20"], "group_4": ["ds_65_sample_id_22", "ds_49_sample_id_93", "ds_64_sample_id_9", "ds_13_sample_id_69", "ds_1_sample_id_57", "ds_26_sample_id_72", "ds_43_sample_id_34", "ds_50_sample_id_24", "ds_47_sample_id_71", "ds_39_sample_id_62", "ds_33_sample_id_53", "ds_65_sample_id_19", "ds_31_sample_id_2", "ds_21_sample_id_73", "ds_10_sample_id_74", "ds_0_sample_id_31", "ds_31_sample_id_14", "ds_29_sample_id_78", "ds_31_sample_id_70", "ds_15_sample_id_90", "ds_15_sample_id_91", "ds_15_sample_id_51", "ds_53_sample_id_38", "ds_25_sample_id_63", "ds_33_sample_id_26", "ds_7_sample_id_47", "ds_23_sample_id_46", "ds_40_sample_id_11", "ds_4_sample_id_37"], "group_13": ["ds_65_sample_id_22", "ds_40_sample_id_0", "ds_44_sample_id_13", "ds_38_sample_id_32", "ds_20_sample_id_54", "ds_43_sample_id_34", "ds_48_sample_id_75", "ds_2_sample_id_94", "ds_27_sample_id_40", "ds_28_sample_id_17", "ds_10_sample_id_15", "ds_8_sample_id_84", "ds_0_sample_id_31", "ds_31_sample_id_14", "ds_29_sample_id_78", "ds_58_sample_id_30", "ds_37_sample_id_18", "ds_9_sample_id_49", "ds_40_sample_id_67", "ds_62_sample_id_68", "ds_61_sample_id_82", "ds_52_sample_id_89", "ds_15_sample_id_91", "ds_17_sample_id_81", "ds_49_sample_id_45", "ds_33_sample_id_26", "ds_43_sample_id_3", "ds_65_sample_id_43", "ds_64_sample_id_35", "ds_34_sample_id_5"], "group_16": ["ds_65_sample_id_22", "ds_64_sample_id_9", "ds_41_sample_id_27", "ds_44_sample_id_13", "ds_36_sample_id_16", "ds_43_sample_id_34", "ds_4_sample_id_65", "ds_50_sample_id_24", "ds_41_sample_id_8", "ds_33_sample_id_53", "ds_31_sample_id_2", "ds_2_sample_id_36", "ds_66_sample_id_80", "ds_6_sample_id_64", "ds_37_sample_id_18", "ds_31_sample_id_70", "ds_9_sample_id_49", "ds_15_sample_id_44", "ds_15_sample_id_91", "ds_15_sample_id_51", "ds_35_sample_id_28", "ds_50_sample_id_42", "ds_13_sample_id_41", "ds_33_sample_id_26", "ds_7_sample_id_47", "ds_43_sample_id_3", "ds_7_sample_id_59", "ds_66_sample_id_76"], "group_9": ["ds_21_sample_id_33", "ds_5_sample_id_29", "ds_64_sample_id_9", "ds_30_sample_id_21", "ds_64_sample_id_7", "ds_44_sample_id_13", "ds_13_sample_id_69", "ds_38_sample_id_32", "ds_20_sample_id_54", "ds_27_sample_id_77", "ds_2_sample_id_94", "ds_47_sample_id_71", "ds_33_sample_id_53", "ds_21_sample_id_73", "ds_10_sample_id_15", "ds_2_sample_id_36", "ds_3_sample_id_12", "ds_66_sample_id_80", "ds_6_sample_id_64", "ds_9_sample_id_49", "ds_61_sample_id_82", "ds_52_sample_id_89", "ds_34_sample_id_60", "ds_17_sample_id_81", "ds_35_sample_id_28", "ds_49_sample_id_45", "ds_33_sample_id_26", "ds_40_sample_id_11", "ds_4_sample_id_37"], "group_19": ["ds_21_sample_id_33", "ds_5_sample_id_29", "ds_41_sample_id_27", "ds_1_sample_id_57", "ds_36_sample_id_16", "ds_27_sample_id_77", "ds_8_sample_id_55", "ds_17_sample_id_96", "ds_61_sample_id_6", "ds_65_sample_id_19", "ds_28_sample_id_17", "ds_31_sample_id_2", "ds_52_sample_id_79", "ds_31_sample_id_14", "ds_6_sample_id_64", "ds_19_sample_id_92", "ds_58_sample_id_48", "ds_22_sample_id_1", "ds_15_sample_id_51", "ds_35_sample_id_28", "ds_53_sample_id_38", "ds_49_sample_id_45", "ds_47_sample_id_20", "ds_66_sample_id_76", "ds_34_sample_id_5"], "group_1": ["ds_5_sample_id_29", "ds_30_sample_id_21", "ds_64_sample_id_7", "ds_44_sample_id_13", "ds_36_sample_id_16", "ds_20_sample_id_54", "ds_43_sample_id_34", "ds_27_sample_id_77", "ds_8_sample_id_55", "ds_4_sample_id_65", "ds_17_sample_id_96", "ds_41_sample_id_8", "ds_39_sample_id_62", "ds_33_sample_id_53", "ds_65_sample_id_19", "ds_28_sample_id_17", "ds_0_sample_id_31", "ds_29_sample_id_78", "ds_58_sample_id_30", "ds_37_sample_id_18", "ds_9_sample_id_49", "ds_58_sample_id_48", "ds_22_sample_id_1", "ds_52_sample_id_89", "ds_15_sample_id_91", "ds_53_sample_id_38", "ds_16_sample_id_58", "ds_56_sample_id_52", "ds_7_sample_id_47", "ds_7_sample_id_59", "ds_33_sample_id_88", "ds_66_sample_id_76", "ds_4_sample_id_37", "ds_34_sample_id_5"], "group_3": ["ds_40_sample_id_0", "ds_49_sample_id_93", "ds_53_sample_id_83", "ds_26_sample_id_72", "ds_43_sample_id_34", "ds_48_sample_id_75", "ds_8_sample_id_55", "ds_4_sample_id_65", "ds_50_sample_id_24", "ds_17_sample_id_96", "ds_47_sample_id_71", "ds_65_sample_id_19", "ds_28_sample_id_17", "ds_8_sample_id_84", "ds_17_sample_id_66", "ds_52_sample_id_79", "ds_0_sample_id_31", "ds_31_sample_id_14", "ds_29_sample_id_78", "ds_58_sample_id_30", "ds_9_sample_id_49", "ds_62_sample_id_68", "ds_15_sample_id_44", "ds_53_sample_id_38", "ds_13_sample_id_41", "ds_2_sample_id_61", "ds_5_sample_id_25", "ds_56_sample_id_52", "ds_43_sample_id_3", "ds_7_sample_id_59", "ds_33_sample_id_88", "ds_40_sample_id_11", "ds_65_sample_id_43"], "group_7": ["ds_40_sample_id_0", "ds_30_sample_id_21", "ds_13_sample_id_69", "ds_36_sample_id_16", "ds_66_sample_id_50", "ds_26_sample_id_72", "ds_4_sample_id_65", "ds_17_sample_id_96", "ds_27_sample_id_40", "ds_28_sample_id_17", "ds_31_sample_id_2", "ds_21_sample_id_73", "ds_17_sample_id_66", "ds_52_sample_id_79", "ds_37_sample_id_18", "ds_9_sample_id_49", "ds_61_sample_id_82", "ds_52_sample_id_89", "ds_15_sample_id_51", "ds_35_sample_id_28", "ds_2_sample_id_61", "ds_47_sample_id_20", "ds_23_sample_id_46", "ds_33_sample_id_88", "ds_64_sample_id_35"]}}