{"ds_531_sample_id_0": [], "ds_324_sample_id_1": [], "ds_175_sample_id_2": [], "ds_262_sample_id_3": [], "ds_226_sample_id_4": [], "ds_144_sample_id_5": [], "ds_364_sample_id_6": [], "ds_17_sample_id_7": [], "ds_82_sample_id_8": ["IP_ADDRESS", "PERSON"], "ds_314_sample_id_9": [], "ds_485_sample_id_10": [], "ds_384_sample_id_11": [], "ds_181_sample_id_12": [], "ds_259_sample_id_13": [], "ds_44_sample_id_14": [], "ds_219_sample_id_15": [], "ds_15_sample_id_16": [], "ds_50_sample_id_17": ["DOMAIN_NAME", "IP_ADDRESS", "US_DRIVER_LICENSE"], "ds_103_sample_id_18": ["DOMAIN_NAME", "IP_ADDRESS"], "ds_515_sample_id_19": [], "ds_139_sample_id_20": [], "ds_145_sample_id_21": [], "ds_359_sample_id_22": [], "ds_185_sample_id_23": [], "ds_164_sample_id_24": [], "ds_526_sample_id_25": [], "ds_126_sample_id_26": [], "ds_505_sample_id_27": [], "ds_280_sample_id_28": [], "ds_405_sample_id_29": [], "ds_110_sample_id_30": ["DOMAIN_NAME", "IP_ADDRESS"], "ds_203_sample_id_31": [], "ds_324_sample_id_32": [], "ds_402_sample_id_33": ["DOMAIN_NAME"], "ds_542_sample_id_34": [], "ds_350_sample_id_35": [], "ds_415_sample_id_36": [], "ds_239_sample_id_37": [], "ds_86_sample_id_38": ["LOCATION"], "ds_375_sample_id_39": [], "ds_481_sample_id_40": [], "ds_375_sample_id_41": [], "ds_352_sample_id_42": ["LOCATION"], "ds_488_sample_id_43": [], "ds_266_sample_id_44": [], "ds_452_sample_id_45": [], "ds_484_sample_id_46": [], "ds_41_sample_id_47": ["DOMAIN_NAME", "LOCATION", "US_DRIVER_LICENSE"], "ds_509_sample_id_48": [], "ds_31_sample_id_49": [], "ds_439_sample_id_50": [], "ds_373_sample_id_51": [], "ds_319_sample_id_52": [], "ds_256_sample_id_53": [], "ds_245_sample_id_54": [], "ds_152_sample_id_55": [], "ds_403_sample_id_56": [], "ds_325_sample_id_57": [], "ds_349_sample_id_58": [], "ds_403_sample_id_59": [], "ds_148_sample_id_60": [], "ds_267_sample_id_61": [], "ds_269_sample_id_62": [], "ds_533_sample_id_63": [], "ds_91_sample_id_64": ["IP_ADDRESS"], "ds_449_sample_id_65": [], "ds_37_sample_id_66": [], "ds_513_sample_id_67": [], "ds_68_sample_id_68": [], "ds_26_sample_id_69": [], "ds_136_sample_id_70": [], "ds_522_sample_id_71": [], "ds_45_sample_id_72": [], "ds_98_sample_id_73": ["DOMAIN_NAME", "IP_ADDRESS", "LOCATION", "US_DRIVER_LICENSE"], "ds_88_sample_id_74": ["CREDIT_CARD", "DOMAIN_NAME", "IP_ADDRESS", "LOCATION", "PERSON"], "ds_85_sample_id_75": ["US_DRIVER_LICENSE"], "ds_159_sample_id_76": [], "ds_161_sample_id_77": [], "ds_104_sample_id_78": ["DOMAIN_NAME", "IP_ADDRESS", "LOCATION", "US_DRIVER_LICENSE"], "ds_105_sample_id_79": ["DOMAIN_NAME", "IP_ADDRESS", "PERSON", "US_DRIVER_LICENSE"], "ds_239_sample_id_80": [], "ds_402_sample_id_81": ["DOMAIN_NAME"], "ds_240_sample_id_82": [], "ds_225_sample_id_83": [], "ds_336_sample_id_84": [], "ds_223_sample_id_85": [], "ds_461_sample_id_86": [], "ds_129_sample_id_87": [], "ds_424_sample_id_88": [], "ds_130_sample_id_89": [], "ds_484_sample_id_90": [], "ds_420_sample_id_91": [], "ds_271_sample_id_92": [], "ds_305_sample_id_93": [], "ds_85_sample_id_94": ["US_DRIVER_LICENSE"], "ds_472_sample_id_95": [], "ds_352_sample_id_96": ["LOCATION"], "ds_477_sample_id_97": [], "ds_468_sample_id_98": [], "ds_515_sample_id_99": [], "ds_105_sample_id_100": ["DOMAIN_NAME", "IP_ADDRESS", "PERSON", "US_DRIVER_LICENSE"], "ds_368_sample_id_101": [], "ds_234_sample_id_102": [], "ds_60_sample_id_103": [], "ds_536_sample_id_104": [], "ds_352_sample_id_105": ["LOCATION"], "ds_467_sample_id_106": [], "ds_531_sample_id_107": [], "ds_226_sample_id_108": [], "ds_425_sample_id_109": [], "ds_406_sample_id_110": [], "ds_8_sample_id_111": [], "ds_541_sample_id_112": [], "ds_277_sample_id_113": [], "ds_321_sample_id_114": [], "ds_26_sample_id_115": [], "ds_189_sample_id_116": [], "ds_409_sample_id_117": [], "ds_401_sample_id_118": [], "ds_52_sample_id_119": [], "ds_434_sample_id_120": [], "ds_356_sample_id_121": ["DOMAIN_NAME", "IP_ADDRESS", "LOCATION", "PERSON"], "ds_388_sample_id_122": ["DOMAIN_NAME", "IP_ADDRESS", "LOCATION"], "ds_314_sample_id_123": [], "ds_261_sample_id_124": [], "ds_91_sample_id_125": ["IP_ADDRESS"], "ds_346_sample_id_126": [], "ds_427_sample_id_127": [], "ds_29_sample_id_128": [], "ds_271_sample_id_129": [], "ds_114_sample_id_130": [], "ds_295_sample_id_131": [], "ds_381_sample_id_132": [], "ds_172_sample_id_133": [], "ds_327_sample_id_134": [], "ds_31_sample_id_135": [], "ds_266_sample_id_136": [], "ds_465_sample_id_137": [], "ds_433_sample_id_138": [], "ds_532_sample_id_139": [], "ds_513_sample_id_140": [], "ds_148_sample_id_141": [], "ds_97_sample_id_142": ["IP_ADDRESS"], "ds_336_sample_id_143": [], "ds_259_sample_id_144": [], "ds_72_sample_id_145": [], "ds_268_sample_id_146": [], "ds_162_sample_id_147": [], "ds_307_sample_id_148": [], "ds_444_sample_id_149": [], "ds_261_sample_id_150": [], "ds_92_sample_id_151": [], "ds_120_sample_id_152": [], "ds_410_sample_id_153": [], "ds_444_sample_id_154": [], "ds_324_sample_id_155": [], "ds_124_sample_id_156": [], "ds_446_sample_id_157": [], "ds_507_sample_id_158": [], "ds_54_sample_id_159": [], "ds_81_sample_id_160": [], "ds_186_sample_id_161": [], "ds_69_sample_id_162": [], "ds_259_sample_id_163": [], "ds_431_sample_id_164": [], "ds_355_sample_id_165": ["DOMAIN_NAME", "IP_ADDRESS", "LOCATION", "PERSON"], "ds_262_sample_id_166": [], "ds_336_sample_id_167": [], "ds_144_sample_id_168": [], "ds_339_sample_id_169": [], "ds_329_sample_id_170": [], "ds_35_sample_id_171": [], "ds_457_sample_id_172": [], "ds_211_sample_id_173": [], "ds_246_sample_id_174": [], "ds_43_sample_id_175": [], "ds_197_sample_id_176": [], "ds_243_sample_id_177": [], "ds_176_sample_id_178": [], "ds_72_sample_id_179": [], "ds_188_sample_id_180": [], "ds_191_sample_id_181": [], "ds_384_sample_id_182": [], "ds_527_sample_id_183": [], "ds_271_sample_id_184": [], "ds_9_sample_id_185": [], "ds_313_sample_id_186": [], "ds_159_sample_id_187": [], "ds_151_sample_id_188": [], "ds_36_sample_id_189": [], "ds_58_sample_id_190": ["DOMAIN_NAME", "IP_ADDRESS", "PERSON"], "ds_200_sample_id_191": [], "ds_517_sample_id_192": [], "ds_120_sample_id_193": [], "ds_92_sample_id_194": [], "ds_286_sample_id_195": [], "ds_139_sample_id_196": [], "ds_435_sample_id_197": [], "ds_57_sample_id_198": [], "ds_184_sample_id_199": [], "ds_362_sample_id_200": [], "ds_539_sample_id_201": [], "ds_303_sample_id_202": [], "ds_119_sample_id_203": [], "ds_387_sample_id_204": [], "ds_390_sample_id_205": ["IP_ADDRESS", "US_DRIVER_LICENSE"], "ds_318_sample_id_206": [], "ds_435_sample_id_207": [], "ds_148_sample_id_208": [], "ds_396_sample_id_209": [], "ds_312_sample_id_210": [], "ds_278_sample_id_211": [], "ds_335_sample_id_212": [], "ds_224_sample_id_213": [], "ds_296_sample_id_214": [], "ds_348_sample_id_215": [], "ds_391_sample_id_216": ["CREDIT_CARD", "IP_ADDRESS", "US_DRIVER_LICENSE"], "ds_96_sample_id_217": ["DOMAIN_NAME", "LOCATION"], "ds_127_sample_id_218": [], "ds_472_sample_id_219": [], "ds_319_sample_id_220": [], "ds_370_sample_id_221": [], "ds_454_sample_id_222": [], "ds_68_sample_id_223": [], "ds_291_sample_id_224": [], "ds_369_sample_id_225": [], "ds_263_sample_id_226": [], "ds_359_sample_id_227": [], "ds_297_sample_id_228": [], "ds_285_sample_id_229": [], "ds_61_sample_id_230": ["DOMAIN_NAME"], "ds_149_sample_id_231": [], "ds_94_sample_id_232": [], "ds_235_sample_id_233": [], "ds_417_sample_id_234": [], "ds_449_sample_id_235": [], "ds_62_sample_id_236": [], "ds_252_sample_id_237": [], "ds_42_sample_id_238": ["DOMAIN_NAME", "LOCATION"], "ds_119_sample_id_239": [], "ds_153_sample_id_240": [], "ds_65_sample_id_241": [], "ds_331_sample_id_242": [], "ds_204_sample_id_243": [], "ds_57_sample_id_244": [], "ds_322_sample_id_245": [], "ds_163_sample_id_246": [], "ds_276_sample_id_247": [], "ds_97_sample_id_248": ["IP_ADDRESS"], "ds_372_sample_id_249": ["LOCATION"], "ds_428_sample_id_250": [], "ds_145_sample_id_251": [], "ds_495_sample_id_252": [], "ds_21_sample_id_253": [], "ds_137_sample_id_254": [], "ds_543_sample_id_255": [], "ds_215_sample_id_256": [], "ds_462_sample_id_257": [], "ds_370_sample_id_258": [], "ds_366_sample_id_259": [], "ds_349_sample_id_260": [], "ds_466_sample_id_261": [], "ds_286_sample_id_262": [], "ds_117_sample_id_263": [], "ds_174_sample_id_264": [], "ds_252_sample_id_265": [], "ds_484_sample_id_266": [], "ds_321_sample_id_267": [], "ds_249_sample_id_268": [], "ds_247_sample_id_269": [], "ds_329_sample_id_270": [], "ds_72_sample_id_271": [], "ds_157_sample_id_272": [], "ds_511_sample_id_273": [], "ds_178_sample_id_274": [], "ds_454_sample_id_275": [], "ds_528_sample_id_276": [], "ds_113_sample_id_277": [], "ds_499_sample_id_278": [], "ds_280_sample_id_279": [], "ds_460_sample_id_280": [], "ds_113_sample_id_281": [], "ds_314_sample_id_282": [], "ds_328_sample_id_283": [], "ds_90_sample_id_284": ["DOMAIN_NAME", "EMAIL_ADDRESS", "PERSON"], "ds_530_sample_id_285": [], "ds_55_sample_id_286": [], "ds_489_sample_id_287": [], "ds_229_sample_id_288": [], "ds_157_sample_id_289": [], "ds_469_sample_id_290": [], "ds_381_sample_id_291": [], "ds_466_sample_id_292": [], "ds_361_sample_id_293": [], "ds_44_sample_id_294": [], "ds_456_sample_id_295": [], "ds_198_sample_id_296": [], "ds_192_sample_id_297": [], "ds_441_sample_id_298": [], "ds_542_sample_id_299": [], "ds_377_sample_id_300": [], "ds_284_sample_id_301": [], "ds_238_sample_id_302": [], "ds_89_sample_id_303": ["DOMAIN_NAME", "EMAIL_ADDRESS", "PERSON", "PHONE_NUMBER"], "ds_440_sample_id_304": [], "ds_356_sample_id_305": ["DOMAIN_NAME", "IP_ADDRESS", "LOCATION", "PERSON"], "ds_171_sample_id_306": [], "ds_49_sample_id_307": [], "ds_254_sample_id_308": [], "ds_302_sample_id_309": [], "ds_11_sample_id_310": [], "ds_510_sample_id_311": [], "ds_459_sample_id_312": [], "ds_437_sample_id_313": [], "ds_382_sample_id_314": ["LOCATION", "PERSON", "PHONE_NUMBER"], "ds_46_sample_id_315": [], "ds_74_sample_id_316": ["IP_ADDRESS", "US_DRIVER_LICENSE"], "ds_5_sample_id_317": [], "ds_461_sample_id_318": [], "ds_82_sample_id_319": ["IP_ADDRESS", "PERSON"], "ds_392_sample_id_320": [], "ds_456_sample_id_321": [], "ds_521_sample_id_322": [], "ds_294_sample_id_323": [], "ds_413_sample_id_324": [], "ds_452_sample_id_325": [], "ds_217_sample_id_326": [], "ds_234_sample_id_327": [], "ds_300_sample_id_328": [], "ds_307_sample_id_329": [], "ds_542_sample_id_330": [], "ds_220_sample_id_331": [], "ds_29_sample_id_332": [], "ds_14_sample_id_333": [], "ds_304_sample_id_334": [], "ds_447_sample_id_335": [], "ds_541_sample_id_336": [], "ds_362_sample_id_337": [], "ds_187_sample_id_338": [], "ds_273_sample_id_339": [], "ds_367_sample_id_340": [], "ds_396_sample_id_341": [], "ds_61_sample_id_342": ["DOMAIN_NAME"], "ds_189_sample_id_343": [], "ds_91_sample_id_344": ["IP_ADDRESS"], "ds_435_sample_id_345": [], "ds_84_sample_id_346": [], "ds_278_sample_id_347": [], "ds_237_sample_id_348": [], "ds_258_sample_id_349": [], "ds_110_sample_id_350": ["DOMAIN_NAME", "IP_ADDRESS"], "ds_337_sample_id_351": ["DOMAIN_NAME", "IP_ADDRESS", "LOCATION", "PERSON"], "ds_218_sample_id_352": [], "ds_0_sample_id_353": [], "ds_318_sample_id_354": [], "ds_263_sample_id_355": [], "ds_411_sample_id_356": [], "ds_277_sample_id_357": [], "ds_467_sample_id_358": [], "ds_220_sample_id_359": [], "ds_47_sample_id_360": ["DOMAIN_NAME", "IP_ADDRESS"], "ds_214_sample_id_361": [], "ds_226_sample_id_362": [], "ds_261_sample_id_363": [], "ds_162_sample_id_364": [], "ds_540_sample_id_365": [], "ds_48_sample_id_366": ["DOMAIN_NAME", "IP_ADDRESS", "PERSON"], "ds_395_sample_id_367": [], "ds_131_sample_id_368": [], "ds_305_sample_id_369": [], "ds_485_sample_id_370": [], "ds_304_sample_id_371": [], "ds_285_sample_id_372": [], "ds_146_sample_id_373": [], "ds_368_sample_id_374": [], "ds_101_sample_id_375": ["LOCATION", "US_DRIVER_LICENSE"], "ds_375_sample_id_376": [], "ds_524_sample_id_377": [], "ds_210_sample_id_378": [], "ds_362_sample_id_379": [], "ds_241_sample_id_380": [], "ds_112_sample_id_381": [], "ds_134_sample_id_382": ["IP_ADDRESS", "LOCATION"], "ds_123_sample_id_383": [], "ds_115_sample_id_384": [], "ds_473_sample_id_385": [], "ds_471_sample_id_386": [], "ds_77_sample_id_387": ["DOMAIN_NAME", "IP_ADDRESS", "LOCATION", "PERSON", "US_DRIVER_LICENSE"], "ds_350_sample_id_388": [], "ds_512_sample_id_389": [], "ds_90_sample_id_390": ["DOMAIN_NAME", "EMAIL_ADDRESS", "PERSON"], "ds_103_sample_id_391": ["DOMAIN_NAME", "IP_ADDRESS"], "ds_478_sample_id_392": [], "ds_300_sample_id_393": [], "ds_329_sample_id_394": [], "ds_149_sample_id_395": [], "ds_59_sample_id_396": ["DOMAIN_NAME", "IP_ADDRESS", "LOCATION", "PERSON"], "ds_268_sample_id_397": [], "ds_503_sample_id_398": [], "ds_0_sample_id_399": [], "ds_515_sample_id_400": [], "ds_99_sample_id_401": ["CREDIT_CARD", "DOMAIN_NAME", "IP_ADDRESS", "LOCATION"], "ds_27_sample_id_402": [], "ds_6_sample_id_403": [], "ds_107_sample_id_404": [], "ds_422_sample_id_405": [], "ds_150_sample_id_406": [], "ds_535_sample_id_407": [], "ds_176_sample_id_408": [], "ds_80_sample_id_409": [], "ds_389_sample_id_410": [], "ds_393_sample_id_411": [], "ds_180_sample_id_412": [], "ds_32_sample_id_413": [], "ds_335_sample_id_414": [], "ds_474_sample_id_415": [], "ds_213_sample_id_416": [], "ds_265_sample_id_417": [], "ds_542_sample_id_418": [], "ds_470_sample_id_419": [], "ds_80_sample_id_420": [], "ds_53_sample_id_421": [], "ds_132_sample_id_422": [], "ds_411_sample_id_423": [], "ds_289_sample_id_424": [], "ds_21_sample_id_425": [], "ds_419_sample_id_426": [], "ds_22_sample_id_427": [], "ds_334_sample_id_428": [], "ds_162_sample_id_429": [], "ds_19_sample_id_430": [], "ds_116_sample_id_431": [], "ds_318_sample_id_432": [], "ds_34_sample_id_433": [], "ds_60_sample_id_434": [], "ds_2_sample_id_435": [], "ds_296_sample_id_436": [], "ds_284_sample_id_437": [], "ds_112_sample_id_438": [], "ds_412_sample_id_439": [], "ds_429_sample_id_440": [], "ds_520_sample_id_441": [], "ds_177_sample_id_442": [], "ds_427_sample_id_443": [], "ds_501_sample_id_444": [], "ds_515_sample_id_445": [], "ds_7_sample_id_446": [], "ds_253_sample_id_447": [], "ds_44_sample_id_448": [], "ds_307_sample_id_449": [], "ds_501_sample_id_450": [], "ds_453_sample_id_451": [], "ds_451_sample_id_452": [], "ds_195_sample_id_453": [], "ds_332_sample_id_454": [], "ds_475_sample_id_455": [], "ds_510_sample_id_456": [], "ds_85_sample_id_457": ["US_DRIVER_LICENSE"], "ds_323_sample_id_458": [], "ds_186_sample_id_459": [], "ds_356_sample_id_460": ["DOMAIN_NAME", "IP_ADDRESS", "LOCATION", "PERSON"], "ds_81_sample_id_461": [], "ds_347_sample_id_462": [], "ds_144_sample_id_463": [], "ds_15_sample_id_464": [], "ds_89_sample_id_465": ["DOMAIN_NAME", "EMAIL_ADDRESS", "PERSON", "PHONE_NUMBER"], "ds_144_sample_id_466": [], "ds_268_sample_id_467": [], "ds_24_sample_id_468": [], "ds_222_sample_id_469": [], "ds_326_sample_id_470": [], "ds_57_sample_id_471": [], "ds_536_sample_id_472": [], "ds_395_sample_id_473": [], "ds_481_sample_id_474": [], "ds_474_sample_id_475": [], "ds_97_sample_id_476": ["IP_ADDRESS"], "ds_498_sample_id_477": [], "ds_230_sample_id_478": [], "ds_53_sample_id_479": [], "ds_256_sample_id_480": [], "ds_363_sample_id_481": [], "ds_466_sample_id_482": [], "ds_113_sample_id_483": [], "ds_473_sample_id_484": [], "ds_120_sample_id_485": [], "ds_534_sample_id_486": [], "ds_337_sample_id_487": ["DOMAIN_NAME", "IP_ADDRESS", "LOCATION", "PERSON"], "ds_221_sample_id_488": [], "ds_329_sample_id_489": [], "ds_537_sample_id_490": [], "ds_97_sample_id_491": ["IP_ADDRESS"], "ds_416_sample_id_492": [], "ds_175_sample_id_493": [], "ds_91_sample_id_494": ["IP_ADDRESS"], "ds_442_sample_id_495": [], "ds_111_sample_id_496": ["DOMAIN_NAME", "IP_ADDRESS"], "ds_62_sample_id_497": [], "ds_150_sample_id_498": [], "ds_397_sample_id_499": [], "ds_111_sample_id_500": ["DOMAIN_NAME", "IP_ADDRESS"], "ds_501_sample_id_501": [], "ds_98_sample_id_502": ["DOMAIN_NAME", "IP_ADDRESS", "LOCATION", "US_DRIVER_LICENSE"], "ds_140_sample_id_503": [], "ds_7_sample_id_504": [], "ds_342_sample_id_505": [], "ds_540_sample_id_506": [], "ds_137_sample_id_507": [], "ds_383_sample_id_508": ["IP_ADDRESS"], "ds_258_sample_id_509": [], "ds_412_sample_id_510": [], "ds_14_sample_id_511": [], "ds_83_sample_id_512": [], "ds_277_sample_id_513": [], "ds_110_sample_id_514": ["DOMAIN_NAME", "IP_ADDRESS"], "ds_342_sample_id_515": [], "ds_517_sample_id_516": [], "ds_99_sample_id_517": ["CREDIT_CARD", "DOMAIN_NAME", "IP_ADDRESS", "LOCATION"], "ds_171_sample_id_518": [], "ds_81_sample_id_519": [], "ds_330_sample_id_520": [], "ds_280_sample_id_521": [], "ds_183_sample_id_522": [], "ds_417_sample_id_523": [], "ds_287_sample_id_524": [], "ds_217_sample_id_525": [], "ds_188_sample_id_526": [], "ds_435_sample_id_527": [], "ds_288_sample_id_528": [], "ds_315_sample_id_529": [], "ds_69_sample_id_530": [], "ds_247_sample_id_531": [], "ds_8_sample_id_532": [], "ds_333_sample_id_533": [], "ds_459_sample_id_534": [], "ds_470_sample_id_535": [], "ds_474_sample_id_536": [], "ds_424_sample_id_537": [], "ds_17_sample_id_538": [], "ds_48_sample_id_539": ["DOMAIN_NAME", "IP_ADDRESS", "PERSON"], "ds_315_sample_id_540": [], "ds_187_sample_id_541": [], "ds_318_sample_id_542": [], "ds_195_sample_id_543": [], "ds_397_sample_id_544": [], "ds_236_sample_id_545": [], "ds_259_sample_id_546": [], "ds_196_sample_id_547": [], "ds_449_sample_id_548": [], "ds_485_sample_id_549": [], "ds_461_sample_id_550": [], "ds_133_sample_id_551": [], "ds_270_sample_id_552": [], "ds_535_sample_id_553": [], "ds_16_sample_id_554": [], "ds_515_sample_id_555": [], "ds_531_sample_id_556": [], "ds_114_sample_id_557": [], "ds_394_sample_id_558": [], "ds_104_sample_id_559": ["DOMAIN_NAME", "IP_ADDRESS", "LOCATION", "US_DRIVER_LICENSE"], "ds_73_sample_id_560": ["DOMAIN_NAME", "LOCATION", "PERSON", "US_DRIVER_LICENSE"], "ds_523_sample_id_561": [], "ds_373_sample_id_562": [], "ds_436_sample_id_563": []}