{"user_group_edges": {"group_0": ["user_554_sample_id_12", "user_1969_sample_id_9", "user_189_sample_id_8", "user_1409_sample_id_0", "user_2916_sample_id_20"], "group_17": ["user_554_sample_id_12", "user_2873_sample_id_18", "user_189_sample_id_8", "user_2095_sample_id_19", "user_969_sample_id_5"], "group_18": ["user_554_sample_id_12", "user_2881_sample_id_6", "user_1316_sample_id_13", "user_1417_sample_id_1"], "group_8": ["user_1592_sample_id_7", "user_1316_sample_id_13", "user_629_sample_id_4", "user_835_sample_id_10"], "group_10": ["user_1592_sample_id_7", "user_1729_sample_id_2", "user_2077_sample_id_14", "user_1969_sample_id_9", "user_189_sample_id_8", "user_1409_sample_id_0", "user_2364_sample_id_3"], "group_4": ["user_1729_sample_id_2", "user_189_sample_id_8", "user_702_sample_id_17", "user_1316_sample_id_13", "user_2095_sample_id_19"], "group_16": ["user_1729_sample_id_2", "user_1969_sample_id_9", "user_1409_sample_id_0", "user_2881_sample_id_6", "user_1316_sample_id_13", "user_1365_sample_id_16"], "group_3": ["user_2873_sample_id_18", "user_2901_sample_id_21", "user_189_sample_id_8", "user_2881_sample_id_6", "user_1365_sample_id_16"], "group_5": ["user_2873_sample_id_18", "user_2077_sample_id_14", "user_1969_sample_id_9", "user_189_sample_id_8", "user_2881_sample_id_6", "user_1316_sample_id_13", "user_2916_sample_id_20", "user_2364_sample_id_3"], "group_12": ["user_2873_sample_id_18", "user_2077_sample_id_14", "user_702_sample_id_17", "user_1316_sample_id_13", "user_2095_sample_id_19", "user_2916_sample_id_20", "user_2364_sample_id_3"], "group_15": ["user_2901_sample_id_21", "user_1409_sample_id_0", "user_2881_sample_id_6", "user_1316_sample_id_13", "user_2095_sample_id_19", "user_629_sample_id_4", "user_2364_sample_id_3", "user_969_sample_id_5"], "group_1": ["user_2077_sample_id_14", "user_1316_sample_id_13"], "group_9": ["user_2077_sample_id_14", "user_1417_sample_id_1", "user_629_sample_id_4", "user_928_sample_id_11", "user_835_sample_id_10"], "group_2": ["user_1969_sample_id_9", "user_189_sample_id_8", "user_2881_sample_id_6", "user_1316_sample_id_13", "user_629_sample_id_4", "user_2364_sample_id_3", "user_969_sample_id_5"], "group_13": ["user_1969_sample_id_9", "user_189_sample_id_8", "user_2186_sample_id_15"], "group_19": ["user_1969_sample_id_9", "user_189_sample_id_8", "user_1409_sample_id_0", "user_2095_sample_id_19"], "group_14": ["user_189_sample_id_8", "user_1316_sample_id_13", "user_2916_sample_id_20", "user_969_sample_id_5"], "group_11": ["user_702_sample_id_17", "user_1409_sample_id_0", "user_2881_sample_id_6", "user_1417_sample_id_1", "user_629_sample_id_4"], "group_6": ["user_2095_sample_id_19", "user_629_sample_id_4", "user_928_sample_id_11"], "group_7": ["user_2916_sample_id_20"]}, "group_data_store_edges": {"group_2": ["ds_9334_sample_id_51", "ds_6340_sample_id_7", "ds_5974_sample_id_142", "ds_10769_sample_id_4", "ds_5462_sample_id_34", "ds_8427_sample_id_44", "ds_6363_sample_id_141", "ds_7451_sample_id_119", "ds_5595_sample_id_45", "ds_4087_sample_id_59", "ds_11236_sample_id_77", "ds_7714_sample_id_12", "ds_9206_sample_id_90", "ds_300_sample_id_71", "ds_7256_sample_id_2"], "group_3": ["ds_9334_sample_id_51", "ds_4633_sample_id_70", "ds_5075_sample_id_53", "ds_9013_sample_id_13", "ds_787_sample_id_26", "ds_5378_sample_id_21", "ds_6920_sample_id_111", "ds_6363_sample_id_141", "ds_6399_sample_id_55", "ds_3859_sample_id_75", "ds_2440_sample_id_127", "ds_11236_sample_id_77", "ds_5926_sample_id_39", "ds_1026_sample_id_73", "ds_2399_sample_id_27", "ds_7256_sample_id_2", "ds_7048_sample_id_11"], "group_5": ["ds_9334_sample_id_51", "ds_6340_sample_id_7", "ds_3725_sample_id_25", "ds_7775_sample_id_17", "ds_273_sample_id_22", "ds_1534_sample_id_5", "ds_5462_sample_id_34", "ds_5075_sample_id_53", "ds_6399_sample_id_55", "ds_5595_sample_id_45", "ds_8964_sample_id_139", "ds_5926_sample_id_39", "ds_300_sample_id_71", "ds_7256_sample_id_2"], "group_7": ["ds_9334_sample_id_51", "ds_6340_sample_id_7", "ds_8444_sample_id_132", "ds_3680_sample_id_136", "ds_7775_sample_id_17", "ds_4633_sample_id_70", "ds_273_sample_id_22", "ds_4391_sample_id_87", "ds_5075_sample_id_53", "ds_9013_sample_id_13", "ds_8427_sample_id_44", "ds_5378_sample_id_21", "ds_6363_sample_id_141", "ds_9675_sample_id_107", "ds_2440_sample_id_127", "ds_4087_sample_id_59", "ds_11236_sample_id_77", "ds_11232_sample_id_35", "ds_887_sample_id_38", "ds_2780_sample_id_28", "ds_9647_sample_id_79", "ds_9206_sample_id_90", "ds_5511_sample_id_123", "ds_2399_sample_id_27", "ds_7048_sample_id_11"], "group_11": ["ds_9334_sample_id_51", "ds_6340_sample_id_7", "ds_5974_sample_id_142", "ds_7775_sample_id_17", "ds_273_sample_id_22", "ds_9149_sample_id_100", "ds_1534_sample_id_5", "ds_10769_sample_id_4", "ds_5462_sample_id_34", "ds_5378_sample_id_21", "ds_6363_sample_id_141", "ds_7451_sample_id_119", "ds_7714_sample_id_12", "ds_9716_sample_id_1", "ds_887_sample_id_38", "ds_9647_sample_id_79", "ds_5926_sample_id_39", "ds_300_sample_id_71", "ds_1026_sample_id_73", "ds_7256_sample_id_2"], "group_12": ["ds_9334_sample_id_51", "ds_6340_sample_id_7", "ds_8444_sample_id_132", "ds_3725_sample_id_25", "ds_1534_sample_id_5", "ds_4391_sample_id_87", "ds_5075_sample_id_53", "ds_787_sample_id_26", "ds_9675_sample_id_107", "ds_7451_sample_id_119", "ds_4087_sample_id_59", "ds_8964_sample_id_139", "ds_11236_sample_id_77", "ds_7714_sample_id_12", "ds_5926_sample_id_39", "ds_1026_sample_id_73", "ds_7256_sample_id_2"], "group_15": ["ds_9334_sample_id_51", "ds_5974_sample_id_142", "ds_1534_sample_id_5", "ds_5462_sample_id_34", "ds_9013_sample_id_13", "ds_6399_sample_id_55", "ds_5595_sample_id_45", "ds_8964_sample_id_139", "ds_7714_sample_id_12", "ds_300_sample_id_71", "ds_1026_sample_id_73", "ds_2399_sample_id_27"], "group_18": ["ds_9334_sample_id_51", "ds_273_sample_id_22", "ds_10769_sample_id_4", "ds_5462_sample_id_34", "ds_9013_sample_id_13", "ds_787_sample_id_26", "ds_8427_sample_id_44", "ds_5378_sample_id_21", "ds_6363_sample_id_141", "ds_6399_sample_id_55", "ds_7451_sample_id_119", "ds_5595_sample_id_45", "ds_11236_sample_id_77", "ds_9716_sample_id_1", "ds_11232_sample_id_35", "ds_887_sample_id_38", "ds_2780_sample_id_28", "ds_9206_sample_id_90", "ds_7256_sample_id_2"], "group_1": ["ds_6340_sample_id_7", "ds_5974_sample_id_142", "ds_3680_sample_id_136", "ds_273_sample_id_22", "ds_9149_sample_id_100", "ds_9013_sample_id_13", "ds_787_sample_id_26", "ds_5390_sample_id_125", "ds_3859_sample_id_75", "ds_2440_sample_id_127", "ds_7714_sample_id_12", "ds_9716_sample_id_1", "ds_11232_sample_id_35", "ds_887_sample_id_38", "ds_2780_sample_id_28", "ds_5511_sample_id_123", "ds_7048_sample_id_11"], "group_6": ["ds_6340_sample_id_7", "ds_8444_sample_id_132", "ds_3680_sample_id_136", "ds_4633_sample_id_70", "ds_5075_sample_id_53", "ds_9013_sample_id_13", "ds_2440_sample_id_127", "ds_4087_sample_id_59", "ds_8964_sample_id_139", "ds_9716_sample_id_1", "ds_9647_sample_id_79", "ds_300_sample_id_71", "ds_1026_sample_id_73", "ds_7048_sample_id_11"], "group_14": ["ds_6340_sample_id_7", "ds_3680_sample_id_136", "ds_9149_sample_id_100", "ds_1534_sample_id_5", "ds_10769_sample_id_4", "ds_4391_sample_id_87", "ds_9013_sample_id_13", "ds_787_sample_id_26", "ds_9675_sample_id_107", "ds_7451_sample_id_119", "ds_5595_sample_id_45", "ds_4087_sample_id_59", "ds_11232_sample_id_35", "ds_9206_sample_id_90", "ds_5511_sample_id_123", "ds_1026_sample_id_73", "ds_2399_sample_id_27"], "group_19": ["ds_6340_sample_id_7", "ds_8444_sample_id_132", "ds_3725_sample_id_25", "ds_5974_sample_id_142", "ds_4633_sample_id_70", "ds_1534_sample_id_5", "ds_9013_sample_id_13", "ds_787_sample_id_26", "ds_6399_sample_id_55", "ds_9675_sample_id_107", "ds_7451_sample_id_119", "ds_7874_sample_id_3", "ds_3859_sample_id_75", "ds_2440_sample_id_127", "ds_5595_sample_id_45", "ds_8964_sample_id_139", "ds_7714_sample_id_12", "ds_9647_sample_id_79", "ds_9206_sample_id_90", "ds_300_sample_id_71", "ds_1026_sample_id_73", "ds_7256_sample_id_2"], "group_0": ["ds_8444_sample_id_132", "ds_273_sample_id_22", "ds_10769_sample_id_4", "ds_5462_sample_id_34", "ds_9013_sample_id_13", "ds_5378_sample_id_21", "ds_6399_sample_id_55", "ds_9675_sample_id_107", "ds_7451_sample_id_119", "ds_3859_sample_id_75", "ds_2440_sample_id_127", "ds_5595_sample_id_45", "ds_8964_sample_id_139", "ds_11236_sample_id_77", "ds_7714_sample_id_12", "ds_887_sample_id_38", "ds_9206_sample_id_90", "ds_1026_sample_id_73", "ds_7256_sample_id_2"], "group_8": ["ds_8444_sample_id_132", "ds_273_sample_id_22", "ds_9149_sample_id_100", "ds_10769_sample_id_4", "ds_4391_sample_id_87", "ds_9013_sample_id_13", "ds_5378_sample_id_21", "ds_6399_sample_id_55", "ds_9675_sample_id_107", "ds_2440_sample_id_127", "ds_5595_sample_id_45", "ds_4087_sample_id_59", "ds_8964_sample_id_139", "ds_11232_sample_id_35", "ds_9206_sample_id_90", "ds_1026_sample_id_73", "ds_7048_sample_id_11"], "group_9": ["ds_8444_sample_id_132", "ds_3680_sample_id_136", "ds_7775_sample_id_17", "ds_4633_sample_id_70", "ds_273_sample_id_22", "ds_5462_sample_id_34", "ds_5390_sample_id_125", "ds_5378_sample_id_21", "ds_9716_sample_id_1", "ds_887_sample_id_38", "ds_9206_sample_id_90", "ds_5511_sample_id_123", "ds_5926_sample_id_39", "ds_300_sample_id_71"], "group_10": ["ds_8444_sample_id_132", "ds_3725_sample_id_25", "ds_7775_sample_id_17", "ds_9149_sample_id_100", "ds_1534_sample_id_5", "ds_6399_sample_id_55", "ds_9675_sample_id_107", "ds_7451_sample_id_119", "ds_5511_sample_id_123", "ds_7048_sample_id_11"], "group_13": ["ds_8444_sample_id_132", "ds_3725_sample_id_25", "ds_5974_sample_id_142", "ds_3680_sample_id_136", "ds_1534_sample_id_5", "ds_5075_sample_id_53", "ds_8427_sample_id_44", "ds_6920_sample_id_111", "ds_6363_sample_id_141", "ds_6399_sample_id_55", "ds_9675_sample_id_107", "ds_2440_sample_id_127", "ds_4087_sample_id_59", "ds_8964_sample_id_139", "ds_11236_sample_id_77", "ds_887_sample_id_38", "ds_9647_sample_id_79", "ds_9206_sample_id_90", "ds_5511_sample_id_123", "ds_300_sample_id_71", "ds_7256_sample_id_2", "ds_7048_sample_id_11"], "group_17": ["ds_8444_sample_id_132", "ds_3725_sample_id_25", "ds_4633_sample_id_70", "ds_1534_sample_id_5", "ds_4391_sample_id_87", "ds_5075_sample_id_53", "ds_787_sample_id_26", "ds_6363_sample_id_141", "ds_6399_sample_id_55", "ds_9675_sample_id_107", "ds_7874_sample_id_3", "ds_5595_sample_id_45", "ds_8964_sample_id_139", "ds_11236_sample_id_77", "ds_7714_sample_id_12", "ds_9647_sample_id_79", "ds_5926_sample_id_39", "ds_1026_sample_id_73", "ds_2399_sample_id_27", "ds_7256_sample_id_2"], "group_4": ["ds_3725_sample_id_25", "ds_273_sample_id_22", "ds_4391_sample_id_87", "ds_5075_sample_id_53", "ds_787_sample_id_26", "ds_8427_sample_id_44", "ds_6920_sample_id_111", "ds_6399_sample_id_55", "ds_9675_sample_id_107", "ds_7451_sample_id_119", "ds_8964_sample_id_139", "ds_11236_sample_id_77", "ds_7714_sample_id_12", "ds_887_sample_id_38", "ds_5511_sample_id_123", "ds_5926_sample_id_39", "ds_300_sample_id_71", "ds_2399_sample_id_27"], "group_16": ["ds_3680_sample_id_136", "ds_1534_sample_id_5", "ds_10769_sample_id_4", "ds_787_sample_id_26", "ds_6399_sample_id_55", "ds_7451_sample_id_119", "ds_3859_sample_id_75", "ds_8964_sample_id_139", "ds_11236_sample_id_77", "ds_9716_sample_id_1", "ds_887_sample_id_38", "ds_7048_sample_id_11"]}}