{"user_group_edges": {"group_8": ["user_7_sample_id_23", "user_20_sample_id_18", "user_14_sample_id_12", "user_3_sample_id_14", "user_22_sample_id_15", "user_18_sample_id_40", "user_34_sample_id_1", "user_36_sample_id_38"], "group_12": ["user_7_sample_id_23", "user_17_sample_id_28", "user_4_sample_id_2", "user_14_sample_id_3", "user_8_sample_id_4", "user_18_sample_id_30", "user_22_sample_id_19", "user_34_sample_id_33", "user_18_sample_id_40", "user_33_sample_id_32", "user_17_sample_id_29", "user_35_sample_id_31", "user_1_sample_id_13"], "group_17": ["user_7_sample_id_23", "user_30_sample_id_21", "user_36_sample_id_6", "user_22_sample_id_19", "user_22_sample_id_15", "user_5_sample_id_34", "user_29_sample_id_26", "user_24_sample_id_17"], "group_0": ["user_20_sample_id_18", "user_17_sample_id_28", "user_36_sample_id_6", "user_2_sample_id_7", "user_0_sample_id_25", "user_29_sample_id_26", "user_17_sample_id_29", "user_12_sample_id_39", "user_1_sample_id_13"], "group_3": ["user_20_sample_id_18", "user_19_sample_id_8", "user_26_sample_id_22", "user_30_sample_id_21", "user_14_sample_id_3", "user_8_sample_id_4", "user_22_sample_id_15", "user_17_sample_id_37", "user_17_sample_id_29", "user_23_sample_id_9"], "group_19": ["user_20_sample_id_18", "user_8_sample_id_0", "user_14_sample_id_12", "user_8_sample_id_4", "user_17_sample_id_24", "user_11_sample_id_35", "user_17_sample_id_37", "user_34_sample_id_1", "user_0_sample_id_27", "user_33_sample_id_32", "user_18_sample_id_10"], "group_11": ["user_8_sample_id_0", "user_19_sample_id_8", "user_36_sample_id_6", "user_8_sample_id_4", "user_18_sample_id_30", "user_18_sample_id_20", "user_18_sample_id_40", "user_33_sample_id_32"], "group_16": ["user_8_sample_id_0", "user_31_sample_id_5", "user_26_sample_id_22", "user_34_sample_id_11", "user_0_sample_id_25"], "group_4": ["user_17_sample_id_28", "user_19_sample_id_8", "user_3_sample_id_14", "user_11_sample_id_35", "user_29_sample_id_26", "user_12_sample_id_39"], "group_13": ["user_17_sample_id_28", "user_19_sample_id_8", "user_31_sample_id_5", "user_14_sample_id_3", "user_22_sample_id_15", "user_5_sample_id_34", "user_34_sample_id_33", "user_2_sample_id_7", "user_18_sample_id_40", "user_18_sample_id_10"], "group_14": ["user_19_sample_id_8", "user_34_sample_id_11", "user_4_sample_id_2", "user_14_sample_id_12", "user_29_sample_id_16", "user_18_sample_id_30", "user_5_sample_id_34", "user_11_sample_id_35", "user_18_sample_id_40", "user_17_sample_id_37", "user_29_sample_id_26", "user_35_sample_id_31"], "group_2": ["user_31_sample_id_5", "user_26_sample_id_22", "user_4_sample_id_2", "user_14_sample_id_12", "user_18_sample_id_30", "user_17_sample_id_24", "user_18_sample_id_20", "user_34_sample_id_33", "user_11_sample_id_35", "user_24_sample_id_17", "user_23_sample_id_9", "user_1_sample_id_13"], "group_6": ["user_31_sample_id_5", "user_30_sample_id_21", "user_14_sample_id_12", "user_14_sample_id_3", "user_18_sample_id_30", "user_3_sample_id_14", "user_29_sample_id_26", "user_36_sample_id_38", "user_1_sample_id_13", "user_18_sample_id_10"], "group_18": ["user_31_sample_id_5", "user_4_sample_id_2", "user_36_sample_id_6", "user_8_sample_id_4", "user_18_sample_id_30", "user_10_sample_id_36", "user_22_sample_id_15", "user_34_sample_id_33", "user_17_sample_id_37", "user_0_sample_id_25"], "group_10": ["user_34_sample_id_11", "user_17_sample_id_24", "user_24_sample_id_17", "user_36_sample_id_38", "user_35_sample_id_31"], "group_7": ["user_30_sample_id_21", "user_4_sample_id_2", "user_29_sample_id_16", "user_22_sample_id_19", "user_18_sample_id_20", "user_34_sample_id_33", "user_0_sample_id_25", "user_34_sample_id_1", "user_33_sample_id_32", "user_18_sample_id_10"], "group_5": ["user_14_sample_id_12", "user_22_sample_id_19", "user_10_sample_id_36", "user_17_sample_id_24", "user_36_sample_id_38", "user_23_sample_id_9", "user_1_sample_id_13"], "group_9": ["user_14_sample_id_3", "user_10_sample_id_36", "user_18_sample_id_20", "user_2_sample_id_7", "user_0_sample_id_27", "user_18_sample_id_10"], "group_1": ["user_29_sample_id_16", "user_24_sample_id_17", "user_0_sample_id_27", "user_17_sample_id_29", "user_23_sample_id_9", "user_12_sample_id_39"], "group_15": ["user_10_sample_id_36", "user_17_sample_id_24", "user_3_sample_id_14", "user_5_sample_id_34", "user_17_sample_id_37", "user_34_sample_id_1", "user_33_sample_id_32", "user_17_sample_id_29"]}, "group_data_store_edges": {"group_1": ["ds_0_sample_id_101", "ds_49_sample_id_22", "ds_0_sample_id_88", "ds_35_sample_id_80", "ds_20_sample_id_40", "ds_60_sample_id_59", "ds_48_sample_id_55", "ds_22_sample_id_90", "ds_26_sample_id_19", "ds_50_sample_id_20", "ds_42_sample_id_79", "ds_38_sample_id_82", "ds_32_sample_id_56", "ds_66_sample_id_50", "ds_33_sample_id_25", "ds_47_sample_id_27", "ds_31_sample_id_49", "ds_55_sample_id_107", "ds_25_sample_id_38", "ds_26_sample_id_26", "ds_51_sample_id_91", "ds_65_sample_id_102", "ds_29_sample_id_110", "ds_60_sample_id_24", "ds_29_sample_id_35", "ds_29_sample_id_17", "ds_63_sample_id_5", "ds_54_sample_id_52", "ds_33_sample_id_78", "ds_15_sample_id_45", "ds_0_sample_id_30", "ds_42_sample_id_87", "ds_5_sample_id_105", "ds_0_sample_id_77", "ds_51_sample_id_9", "ds_29_sample_id_36", "ds_36_sample_id_28", "ds_14_sample_id_85", "ds_61_sample_id_15", "ds_44_sample_id_106", "ds_36_sample_id_99", "ds_59_sample_id_71", "ds_47_sample_id_43", "ds_54_sample_id_83", "ds_26_sample_id_94", "ds_64_sample_id_2", "ds_60_sample_id_66", "ds_9_sample_id_54", "ds_8_sample_id_81", "ds_55_sample_id_96", "ds_24_sample_id_89", "ds_27_sample_id_47", "ds_56_sample_id_67", "ds_18_sample_id_41", "ds_13_sample_id_53", "ds_2_sample_id_76", "ds_53_sample_id_7", "ds_54_sample_id_42", "ds_59_sample_id_114", "ds_50_sample_id_14", "ds_0_sample_id_108", "ds_19_sample_id_60", "ds_34_sample_id_74"], "group_4": ["ds_0_sample_id_101", "ds_49_sample_id_22", "ds_35_sample_id_80", "ds_65_sample_id_57", "ds_22_sample_id_90", "ds_26_sample_id_19", "ds_50_sample_id_20", "ds_42_sample_id_79", "ds_22_sample_id_100", "ds_66_sample_id_75", "ds_32_sample_id_56", "ds_37_sample_id_69", "ds_66_sample_id_50", "ds_33_sample_id_25", "ds_55_sample_id_107", "ds_26_sample_id_26", "ds_10_sample_id_63", "ds_51_sample_id_91", "ds_65_sample_id_102", "ds_29_sample_id_110", "ds_29_sample_id_17", "ds_7_sample_id_113", "ds_38_sample_id_72", "ds_29_sample_id_112", "ds_42_sample_id_87", "ds_5_sample_id_105", "ds_0_sample_id_77", "ds_51_sample_id_9", "ds_29_sample_id_36", "ds_61_sample_id_15", "ds_1_sample_id_51", "ds_23_sample_id_37", "ds_9_sample_id_97", "ds_62_sample_id_46", "ds_47_sample_id_43", "ds_26_sample_id_94", "ds_64_sample_id_2", "ds_45_sample_id_73", "ds_51_sample_id_32", "ds_60_sample_id_11", "ds_49_sample_id_95", "ds_24_sample_id_4", "ds_24_sample_id_0", "ds_55_sample_id_96", "ds_21_sample_id_34", "ds_40_sample_id_86", "ds_49_sample_id_10", "ds_50_sample_id_18", "ds_53_sample_id_7", "ds_40_sample_id_16", "ds_50_sample_id_14", "ds_40_sample_id_3", "ds_34_sample_id_74"], "group_10": ["ds_0_sample_id_101", "ds_49_sample_id_22", "ds_35_sample_id_80", "ds_20_sample_id_40", "ds_60_sample_id_59", "ds_28_sample_id_93", "ds_22_sample_id_90", "ds_22_sample_id_100", "ds_37_sample_id_69", "ds_66_sample_id_50", "ds_47_sample_id_27", "ds_31_sample_id_49", "ds_10_sample_id_63", "ds_51_sample_id_91", "ds_65_sample_id_102", "ds_1_sample_id_109", "ds_29_sample_id_17", "ds_7_sample_id_113", "ds_38_sample_id_72", "ds_15_sample_id_45", "ds_42_sample_id_87", "ds_62_sample_id_104", "ds_36_sample_id_28", "ds_14_sample_id_85", "ds_61_sample_id_15", "ds_1_sample_id_51", "ds_24_sample_id_68", "ds_23_sample_id_37", "ds_44_sample_id_106", "ds_24_sample_id_61", "ds_4_sample_id_58", "ds_59_sample_id_71", "ds_9_sample_id_97", "ds_54_sample_id_83", "ds_64_sample_id_2", "ds_51_sample_id_32", "ds_60_sample_id_11", "ds_9_sample_id_54", "ds_8_sample_id_81", "ds_55_sample_id_96", "ds_21_sample_id_34", "ds_40_sample_id_86", "ds_30_sample_id_13", "ds_18_sample_id_41", "ds_2_sample_id_76", "ds_26_sample_id_1", "ds_50_sample_id_18", "ds_53_sample_id_7", "ds_59_sample_id_114", "ds_50_sample_id_14", "ds_10_sample_id_48", "ds_45_sample_id_111", "ds_19_sample_id_6", "ds_40_sample_id_3", "ds_19_sample_id_60"], "group_12": ["ds_0_sample_id_101", "ds_28_sample_id_93", "ds_66_sample_id_50", "ds_55_sample_id_107", "ds_25_sample_id_38", "ds_9_sample_id_23", "ds_26_sample_id_70", "ds_51_sample_id_91", "ds_29_sample_id_110", "ds_63_sample_id_5", "ds_1_sample_id_44", "ds_0_sample_id_30", "ds_29_sample_id_36", "ds_62_sample_id_104", "ds_23_sample_id_37", "ds_59_sample_id_71", "ds_62_sample_id_46", "ds_47_sample_id_43", "ds_29_sample_id_31", "ds_33_sample_id_29", "ds_64_sample_id_2", "ds_55_sample_id_96", "ds_30_sample_id_13", "ds_59_sample_id_84", "ds_49_sample_id_10", "ds_54_sample_id_42", "ds_10_sample_id_48", "ds_0_sample_id_108", "ds_29_sample_id_33"], "group_13": ["ds_0_sample_id_101", "ds_49_sample_id_22", "ds_58_sample_id_21", "ds_42_sample_id_79", "ds_33_sample_id_25", "ds_47_sample_id_27", "ds_55_sample_id_107", "ds_26_sample_id_26", "ds_26_sample_id_70", "ds_29_sample_id_110", "ds_1_sample_id_109", "ds_60_sample_id_24", "ds_29_sample_id_35", "ds_61_sample_id_12", "ds_15_sample_id_45", "ds_46_sample_id_8", "ds_39_sample_id_65", "ds_62_sample_id_104", "ds_36_sample_id_28", "ds_61_sample_id_15", "ds_24_sample_id_61", "ds_4_sample_id_58", "ds_59_sample_id_71", "ds_47_sample_id_43", "ds_54_sample_id_83", "ds_45_sample_id_73", "ds_51_sample_id_32", "ds_60_sample_id_66", "ds_49_sample_id_95", "ds_24_sample_id_89", "ds_13_sample_id_64", "ds_30_sample_id_13", "ds_13_sample_id_53", "ds_53_sample_id_7", "ds_40_sample_id_16", "ds_10_sample_id_48", "ds_45_sample_id_111", "ds_0_sample_id_108", "ds_19_sample_id_6", "ds_19_sample_id_60"], "group_16": ["ds_0_sample_id_101", "ds_35_sample_id_80", "ds_60_sample_id_59", "ds_48_sample_id_55", "ds_50_sample_id_98", "ds_28_sample_id_93", "ds_50_sample_id_20", "ds_38_sample_id_82", "ds_32_sample_id_56", "ds_33_sample_id_25", "ds_47_sample_id_27", "ds_55_sample_id_107", "ds_26_sample_id_26", "ds_10_sample_id_63", "ds_56_sample_id_39", "ds_26_sample_id_70", "ds_65_sample_id_102", "ds_1_sample_id_109", "ds_29_sample_id_35", "ds_61_sample_id_12", "ds_61_sample_id_103", "ds_29_sample_id_112", "ds_0_sample_id_30", "ds_42_sample_id_87", "ds_51_sample_id_9", "ds_46_sample_id_8", "ds_39_sample_id_65", "ds_36_sample_id_28", "ds_23_sample_id_37", "ds_44_sample_id_106", "ds_24_sample_id_61", "ds_4_sample_id_58", "ds_59_sample_id_71", "ds_62_sample_id_46", "ds_47_sample_id_43", "ds_29_sample_id_31", "ds_33_sample_id_29", "ds_64_sample_id_2", "ds_45_sample_id_73", "ds_51_sample_id_32", "ds_60_sample_id_66", "ds_60_sample_id_11", "ds_49_sample_id_95", "ds_24_sample_id_4", "ds_6_sample_id_62", "ds_9_sample_id_54", "ds_21_sample_id_34", "ds_24_sample_id_89", "ds_27_sample_id_47", "ds_40_sample_id_86", "ds_30_sample_id_13", "ds_59_sample_id_84", "ds_49_sample_id_10", "ds_18_sample_id_41", "ds_2_sample_id_76", "ds_26_sample_id_1", "ds_50_sample_id_18", "ds_59_sample_id_114", "ds_40_sample_id_16", "ds_50_sample_id_14", "ds_0_sample_id_108"], "group_0": ["ds_49_sample_id_22", "ds_20_sample_id_40", "ds_60_sample_id_59", "ds_48_sample_id_55", "ds_32_sample_id_56", "ds_26_sample_id_70", "ds_61_sample_id_12", "ds_61_sample_id_103", "ds_5_sample_id_105", "ds_0_sample_id_77", "ds_62_sample_id_46", "ds_54_sample_id_83", "ds_26_sample_id_94", "ds_64_sample_id_2", "ds_45_sample_id_73", "ds_49_sample_id_95", "ds_9_sample_id_54", "ds_21_sample_id_34", "ds_24_sample_id_89", "ds_40_sample_id_86", "ds_49_sample_id_10", "ds_18_sample_id_41", "ds_2_sample_id_76", "ds_59_sample_id_114", "ds_10_sample_id_48", "ds_40_sample_id_3", "ds_29_sample_id_33", "ds_19_sample_id_60"], "group_2": ["ds_49_sample_id_22", "ds_65_sample_id_57", "ds_20_sample_id_40", "ds_26_sample_id_19", "ds_50_sample_id_20", "ds_66_sample_id_75", "ds_32_sample_id_56", "ds_47_sample_id_27", "ds_25_sample_id_38", "ds_10_sample_id_63", "ds_26_sample_id_70", "ds_51_sample_id_91", "ds_29_sample_id_110", "ds_1_sample_id_109", "ds_60_sample_id_24", "ds_50_sample_id_92", "ds_38_sample_id_72", "ds_54_sample_id_52", "ds_33_sample_id_78", "ds_15_sample_id_45", "ds_1_sample_id_44", "ds_0_sample_id_30", "ds_42_sample_id_87", "ds_0_sample_id_77", "ds_39_sample_id_65", "ds_29_sample_id_36", "ds_62_sample_id_104", "ds_44_sample_id_106", "ds_36_sample_id_99", "ds_9_sample_id_97", "ds_26_sample_id_94", "ds_45_sample_id_73", "ds_24_sample_id_4", "ds_9_sample_id_54", "ds_27_sample_id_47", "ds_56_sample_id_67", "ds_30_sample_id_13", "ds_18_sample_id_41", "ds_13_sample_id_53", "ds_26_sample_id_1", "ds_53_sample_id_7", "ds_40_sample_id_16", "ds_50_sample_id_14"], "group_5": ["ds_49_sample_id_22", "ds_65_sample_id_57", "ds_20_sample_id_40", "ds_60_sample_id_59", "ds_48_sample_id_55", "ds_50_sample_id_98", "ds_28_sample_id_93", "ds_50_sample_id_20", "ds_42_sample_id_79", "ds_22_sample_id_100", "ds_66_sample_id_75", "ds_32_sample_id_56", "ds_37_sample_id_69", "ds_66_sample_id_50", "ds_31_sample_id_49", "ds_26_sample_id_26", "ds_10_sample_id_63", "ds_51_sample_id_91", "ds_65_sample_id_102", "ds_1_sample_id_109", "ds_50_sample_id_92", "ds_61_sample_id_12", "ds_29_sample_id_17", "ds_7_sample_id_113", "ds_38_sample_id_72", "ds_61_sample_id_103", "ds_29_sample_id_112", "ds_15_sample_id_45", "ds_1_sample_id_44", "ds_0_sample_id_30", "ds_42_sample_id_87", "ds_14_sample_id_85", "ds_1_sample_id_51", "ds_4_sample_id_58", "ds_9_sample_id_97", "ds_62_sample_id_46", "ds_29_sample_id_31", "ds_33_sample_id_29", "ds_60_sample_id_66", "ds_49_sample_id_95", "ds_24_sample_id_4", "ds_9_sample_id_54", "ds_13_sample_id_64", "ds_27_sample_id_47", "ds_30_sample_id_13", "ds_59_sample_id_114", "ds_40_sample_id_16", "ds_50_sample_id_14", "ds_19_sample_id_6"], "group_6": ["ds_49_sample_id_22", "ds_0_sample_id_88", "ds_65_sample_id_57", "ds_20_sample_id_40", "ds_48_sample_id_55", "ds_50_sample_id_98", "ds_28_sample_id_93", "ds_26_sample_id_19", "ds_50_sample_id_20", "ds_38_sample_id_82", "ds_66_sample_id_50", "ds_47_sample_id_27", "ds_26_sample_id_26", "ds_56_sample_id_39", "ds_65_sample_id_102", "ds_61_sample_id_12", "ds_7_sample_id_113", "ds_38_sample_id_72", "ds_33_sample_id_78", "ds_29_sample_id_112", "ds_42_sample_id_87", "ds_51_sample_id_9", "ds_46_sample_id_8", "ds_39_sample_id_65", "ds_36_sample_id_28", "ds_1_sample_id_51", "ds_24_sample_id_68", "ds_9_sample_id_97", "ds_47_sample_id_43", "ds_29_sample_id_31", "ds_33_sample_id_29", "ds_24_sample_id_4", "ds_24_sample_id_89", "ds_56_sample_id_67", "ds_40_sample_id_86", "ds_30_sample_id_13", "ds_13_sample_id_53", "ds_40_sample_id_16"], "group_8": ["ds_49_sample_id_22", "ds_0_sample_id_88", "ds_35_sample_id_80", "ds_65_sample_id_57", "ds_50_sample_id_98", "ds_22_sample_id_90", "ds_26_sample_id_19", "ds_42_sample_id_79", "ds_66_sample_id_75", "ds_37_sample_id_69", "ds_33_sample_id_25", "ds_25_sample_id_38", "ds_26_sample_id_26", "ds_10_sample_id_63", "ds_56_sample_id_39", "ds_26_sample_id_70", "ds_51_sample_id_91", "ds_65_sample_id_102", "ds_60_sample_id_24", "ds_61_sample_id_12", "ds_63_sample_id_5", "ds_38_sample_id_72", "ds_33_sample_id_78", "ds_29_sample_id_112", "ds_0_sample_id_30", "ds_51_sample_id_9", "ds_46_sample_id_8", "ds_62_sample_id_104", "ds_14_sample_id_85", "ds_1_sample_id_51", "ds_59_sample_id_71", "ds_9_sample_id_97", "ds_54_sample_id_83", "ds_24_sample_id_0", "ds_6_sample_id_62", "ds_9_sample_id_54", "ds_21_sample_id_34", "ds_24_sample_id_89", "ds_56_sample_id_67", "ds_59_sample_id_84", "ds_50_sample_id_18", "ds_53_sample_id_7", "ds_50_sample_id_14", "ds_45_sample_id_111", "ds_40_sample_id_3", "ds_29_sample_id_33", "ds_34_sample_id_74"], "group_9": ["ds_49_sample_id_22", "ds_0_sample_id_88", "ds_35_sample_id_80", "ds_50_sample_id_98", "ds_22_sample_id_90", "ds_22_sample_id_100", "ds_37_sample_id_69", "ds_33_sample_id_25", "ds_31_sample_id_49", "ds_55_sample_id_107", "ds_56_sample_id_39", "ds_9_sample_id_23", "ds_60_sample_id_24", "ds_33_sample_id_78", "ds_15_sample_id_45", "ds_42_sample_id_87", "ds_46_sample_id_8", "ds_14_sample_id_85", "ds_1_sample_id_51", "ds_24_sample_id_68", "ds_23_sample_id_37", "ds_44_sample_id_106", "ds_36_sample_id_99", "ds_62_sample_id_46", "ds_29_sample_id_31", "ds_33_sample_id_29", "ds_60_sample_id_11", "ds_49_sample_id_95", "ds_6_sample_id_62", "ds_9_sample_id_54", "ds_8_sample_id_81", "ds_13_sample_id_64", "ds_27_sample_id_47", "ds_56_sample_id_67", "ds_59_sample_id_84", "ds_13_sample_id_53", "ds_50_sample_id_18", "ds_53_sample_id_7", "ds_54_sample_id_42", "ds_40_sample_id_16", "ds_34_sample_id_74"], "group_11": ["ds_0_sample_id_88", "ds_28_sample_id_93", "ds_38_sample_id_82", "ds_66_sample_id_75", "ds_66_sample_id_50", "ds_47_sample_id_27", "ds_25_sample_id_38", "ds_9_sample_id_23", "ds_26_sample_id_70", "ds_50_sample_id_92", "ds_7_sample_id_113", "ds_63_sample_id_5", "ds_54_sample_id_52", "ds_5_sample_id_105", "ds_51_sample_id_9", "ds_39_sample_id_65", "ds_62_sample_id_104", "ds_14_sample_id_85", "ds_61_sample_id_15", "ds_24_sample_id_68", "ds_23_sample_id_37", "ds_44_sample_id_106", "ds_9_sample_id_97", "ds_62_sample_id_46", "ds_26_sample_id_94", "ds_45_sample_id_73", "ds_51_sample_id_32", "ds_24_sample_id_0", "ds_6_sample_id_62", "ds_8_sample_id_81", "ds_55_sample_id_96", "ds_13_sample_id_64", "ds_13_sample_id_53", "ds_2_sample_id_76", "ds_59_sample_id_114", "ds_45_sample_id_111", "ds_0_sample_id_108", "ds_19_sample_id_6", "ds_40_sample_id_3"], "group_14": ["ds_0_sample_id_88", "ds_35_sample_id_80", "ds_65_sample_id_57", "ds_58_sample_id_21", "ds_48_sample_id_55", "ds_50_sample_id_98", "ds_28_sample_id_93", "ds_26_sample_id_19", "ds_50_sample_id_20", "ds_32_sample_id_56", "ds_10_sample_id_63", "ds_29_sample_id_110", "ds_29_sample_id_35", "ds_50_sample_id_92", "ds_7_sample_id_113", "ds_54_sample_id_52", "ds_5_sample_id_105", "ds_0_sample_id_77", "ds_51_sample_id_9", "ds_29_sample_id_36", "ds_62_sample_id_104", "ds_24_sample_id_68", "ds_24_sample_id_61", "ds_36_sample_id_99", "ds_62_sample_id_46", "ds_29_sample_id_31", "ds_33_sample_id_29", "ds_51_sample_id_32", "ds_49_sample_id_95", "ds_24_sample_id_0", "ds_8_sample_id_81", "ds_21_sample_id_34", "ds_24_sample_id_89", "ds_40_sample_id_86", "ds_18_sample_id_41", "ds_13_sample_id_53", "ds_10_sample_id_48", "ds_45_sample_id_111", "ds_40_sample_id_3", "ds_29_sample_id_33", "ds_34_sample_id_74"], "group_15": ["ds_0_sample_id_88", "ds_60_sample_id_59", "ds_58_sample_id_21", "ds_28_sample_id_93", "ds_22_sample_id_100", "ds_55_sample_id_107", "ds_25_sample_id_38", "ds_26_sample_id_26", "ds_29_sample_id_110", "ds_50_sample_id_92", "ds_61_sample_id_12", "ds_38_sample_id_72", "ds_33_sample_id_78", "ds_61_sample_id_103", "ds_1_sample_id_44", "ds_42_sample_id_87", "ds_5_sample_id_105", "ds_51_sample_id_9", "ds_36_sample_id_28", "ds_14_sample_id_85", "ds_24_sample_id_68", "ds_44_sample_id_106", "ds_24_sample_id_61", "ds_4_sample_id_58", "ds_29_sample_id_31", "ds_54_sample_id_83", "ds_64_sample_id_2", "ds_60_sample_id_66", "ds_6_sample_id_62", "ds_55_sample_id_96", "ds_27_sample_id_47", "ds_56_sample_id_67", "ds_40_sample_id_86", "ds_59_sample_id_84", "ds_13_sample_id_53", "ds_26_sample_id_1", "ds_50_sample_id_18", "ds_59_sample_id_114", "ds_0_sample_id_108", "ds_34_sample_id_74"], "group_3": ["ds_35_sample_id_80", "ds_22_sample_id_90", "ds_26_sample_id_19", "ds_50_sample_id_20", "ds_42_sample_id_79", "ds_32_sample_id_56", "ds_33_sample_id_25", "ds_31_sample_id_49", "ds_25_sample_id_38", "ds_1_sample_id_109", "ds_60_sample_id_24", "ds_29_sample_id_35", "ds_29_sample_id_17", "ds_7_sample_id_113", "ds_63_sample_id_5", "ds_54_sample_id_52", "ds_5_sample_id_105", "ds_46_sample_id_8", "ds_39_sample_id_65", "ds_61_sample_id_15", "ds_1_sample_id_51", "ds_24_sample_id_68", "ds_23_sample_id_37", "ds_24_sample_id_61", "ds_4_sample_id_58", "ds_36_sample_id_99", "ds_59_sample_id_71", "ds_54_sample_id_83", "ds_33_sample_id_29", "ds_26_sample_id_94", "ds_51_sample_id_32", "ds_60_sample_id_66", "ds_55_sample_id_96", "ds_21_sample_id_34", "ds_30_sample_id_13", "ds_49_sample_id_10", "ds_59_sample_id_114", "ds_40_sample_id_16", "ds_45_sample_id_111", "ds_40_sample_id_3", "ds_29_sample_id_33", "ds_34_sample_id_74"], "group_17": ["ds_35_sample_id_80", "ds_60_sample_id_59", "ds_58_sample_id_21", "ds_48_sample_id_55", "ds_26_sample_id_19", "ds_66_sample_id_75", "ds_32_sample_id_56", "ds_31_sample_id_49", "ds_56_sample_id_39", "ds_26_sample_id_70", "ds_1_sample_id_109", "ds_29_sample_id_35", "ds_50_sample_id_92", "ds_7_sample_id_113", "ds_63_sample_id_5", "ds_54_sample_id_52", "ds_61_sample_id_103", "ds_42_sample_id_87", "ds_5_sample_id_105", "ds_0_sample_id_77", "ds_46_sample_id_8", "ds_36_sample_id_28", "ds_1_sample_id_51", "ds_24_sample_id_68", "ds_9_sample_id_97", "ds_47_sample_id_43", "ds_45_sample_id_73", "ds_51_sample_id_32", "ds_60_sample_id_11", "ds_55_sample_id_96", "ds_24_sample_id_89", "ds_13_sample_id_64", "ds_2_sample_id_76", "ds_26_sample_id_1", "ds_50_sample_id_18", "ds_54_sample_id_42"], "group_19": ["ds_65_sample_id_57", "ds_60_sample_id_59", "ds_28_sample_id_93", "ds_22_sample_id_90", "ds_42_sample_id_79", "ds_31_sample_id_49", "ds_56_sample_id_39", "ds_9_sample_id_23", "ds_26_sample_id_70", "ds_29_sample_id_35", "ds_29_sample_id_17", "ds_29_sample_id_112", "ds_15_sample_id_45", "ds_1_sample_id_44", "ds_0_sample_id_30", "ds_39_sample_id_65", "ds_29_sample_id_36", "ds_14_sample_id_85", "ds_44_sample_id_106", "ds_24_sample_id_61", "ds_24_sample_id_4", "ds_6_sample_id_62", "ds_56_sample_id_67", "ds_54_sample_id_42", "ds_19_sample_id_6", "ds_29_sample_id_33", "ds_19_sample_id_60"], "group_7": ["ds_20_sample_id_40", "ds_22_sample_id_90", "ds_42_sample_id_79", "ds_38_sample_id_82", "ds_66_sample_id_50", "ds_55_sample_id_107", "ds_56_sample_id_39", "ds_9_sample_id_23", "ds_61_sample_id_12", "ds_29_sample_id_17", "ds_63_sample_id_5", "ds_54_sample_id_52", "ds_33_sample_id_78", "ds_1_sample_id_44", "ds_29_sample_id_36", "ds_36_sample_id_28", "ds_61_sample_id_15", "ds_4_sample_id_58", "ds_36_sample_id_99", "ds_9_sample_id_97", "ds_47_sample_id_43", "ds_60_sample_id_11", "ds_24_sample_id_0", "ds_6_sample_id_62", "ds_13_sample_id_64", "ds_56_sample_id_67", "ds_40_sample_id_86", "ds_59_sample_id_84", "ds_49_sample_id_10", "ds_18_sample_id_41", "ds_2_sample_id_76", "ds_26_sample_id_1", "ds_10_sample_id_48", "ds_0_sample_id_108", "ds_19_sample_id_6", "ds_19_sample_id_60", "ds_34_sample_id_74"], "group_18": ["ds_20_sample_id_40", "ds_60_sample_id_59", "ds_58_sample_id_21", "ds_22_sample_id_100", "ds_38_sample_id_82", "ds_37_sample_id_69", "ds_10_sample_id_63", "ds_9_sample_id_23", "ds_65_sample_id_102", "ds_29_sample_id_110", "ds_60_sample_id_24", "ds_50_sample_id_92", "ds_63_sample_id_5", "ds_38_sample_id_72", "ds_29_sample_id_112", "ds_42_sample_id_87", "ds_0_sample_id_77", "ds_14_sample_id_85", "ds_61_sample_id_15", "ds_24_sample_id_61", "ds_36_sample_id_99", "ds_26_sample_id_94", "ds_60_sample_id_66", "ds_60_sample_id_11", "ds_49_sample_id_95", "ds_24_sample_id_0", "ds_6_sample_id_62", "ds_8_sample_id_81", "ds_21_sample_id_34", "ds_27_sample_id_47", "ds_49_sample_id_10", "ds_54_sample_id_42", "ds_50_sample_id_14", "ds_19_sample_id_6"]}}