{"ds_2_sample_id_0": [], "ds_58_sample_id_1": [], "ds_49_sample_id_2": [], "ds_14_sample_id_3": [], "ds_52_sample_id_4": ["PERSON"], "ds_39_sample_id_5": [], "ds_13_sample_id_6": [], "ds_62_sample_id_7": [], "ds_9_sample_id_8": [], "ds_18_sample_id_9": [], "ds_41_sample_id_10": [], "ds_4_sample_id_11": [], "ds_56_sample_id_12": [], "ds_59_sample_id_13": [], "ds_31_sample_id_14": [], "ds_61_sample_id_15": [], "ds_30_sample_id_16": [], "ds_30_sample_id_17": [], "ds_33_sample_id_18": [], "ds_0_sample_id_19": ["PERSON"], "ds_27_sample_id_20": ["DOMAIN_NAME", "IP_ADDRESS"], "ds_47_sample_id_21": [], "ds_16_sample_id_22": [], "ds_11_sample_id_23": ["DOMAIN_NAME", "EMAIL_ADDRESS", "IP_ADDRESS", "PERSON"], "ds_46_sample_id_24": [], "ds_3_sample_id_25": ["DOMAIN_NAME", "EMAIL_ADDRESS", "IP_ADDRESS", "PERSON"], "ds_50_sample_id_26": [], "ds_29_sample_id_27": [], "ds_53_sample_id_28": ["DOMAIN_NAME", "IP_ADDRESS", "PERSON"], "ds_26_sample_id_29": ["DOMAIN_NAME", "IP_ADDRESS", "PERSON"], "ds_5_sample_id_30": [], "ds_25_sample_id_31": [], "ds_21_sample_id_32": [], "ds_31_sample_id_33": [], "ds_60_sample_id_34": [], "ds_43_sample_id_35": [], "ds_49_sample_id_36": [], "ds_7_sample_id_37": [], "ds_26_sample_id_38": ["DOMAIN_NAME", "IP_ADDRESS", "PERSON"], "ds_22_sample_id_39": ["DOMAIN_NAME"], "ds_45_sample_id_40": ["DOMAIN_NAME", "IP_ADDRESS", "PERSON"], "ds_42_sample_id_41": [], "ds_65_sample_id_42": [], "ds_66_sample_id_43": [], "ds_12_sample_id_44": [], "ds_47_sample_id_45": [], "ds_54_sample_id_46": [], "ds_36_sample_id_47": [], "ds_48_sample_id_48": ["DOMAIN_NAME", "IP_ADDRESS", "PERSON"], "ds_31_sample_id_49": [], "ds_50_sample_id_50": [], "ds_50_sample_id_51": [], "ds_66_sample_id_52": [], "ds_26_sample_id_53": ["DOMAIN_NAME", "IP_ADDRESS", "PERSON"]}