{"user_group_edges": {"group_2": ["user_66_sample_id_16", "user_46_sample_id_1", "user_32_sample_id_27", "user_70_sample_id_12", "user_50_sample_id_4"], "group_10": ["user_66_sample_id_16", "user_1_sample_id_23", "user_26_sample_id_31", "user_70_sample_id_12", "user_33_sample_id_9", "user_99_sample_id_17", "user_101_sample_id_29", "user_44_sample_id_10"], "group_15": ["user_66_sample_id_16", "user_6_sample_id_24", "user_24_sample_id_20"], "group_0": ["user_1_sample_id_23", "user_92_sample_id_6", "user_50_sample_id_3", "user_77_sample_id_8"], "group_7": ["user_1_sample_id_23", "user_46_sample_id_1", "user_100_sample_id_11", "user_5_sample_id_14"], "group_8": ["user_1_sample_id_23", "user_46_sample_id_1", "user_52_sample_id_19", "user_33_sample_id_9", "user_53_sample_id_30", "user_40_sample_id_28", "user_44_sample_id_10"], "group_6": ["user_90_sample_id_18", "user_100_sample_id_11", "user_11_sample_id_15", "user_50_sample_id_3", "user_53_sample_id_30", "user_24_sample_id_20"], "group_16": ["user_90_sample_id_18", "user_5_sample_id_14", "user_66_sample_id_5", "user_26_sample_id_31", "user_6_sample_id_24", "user_99_sample_id_17", "user_101_sample_id_29"], "group_18": ["user_90_sample_id_18", "user_66_sample_id_5", "user_40_sample_id_28", "user_12_sample_id_13", "user_101_sample_id_29"], "group_1": ["user_46_sample_id_1", "user_5_sample_id_14", "user_52_sample_id_19", "user_33_sample_id_9", "user_20_sample_id_26", "user_77_sample_id_8", "user_72_sample_id_0"], "group_3": ["user_92_sample_id_6", "user_66_sample_id_5", "user_37_sample_id_32", "user_37_sample_id_21"], "group_13": ["user_92_sample_id_6", "user_52_sample_id_19", "user_32_sample_id_27", "user_72_sample_id_0", "user_76_sample_id_7"], "group_11": ["user_5_sample_id_14", "user_66_sample_id_5", "user_50_sample_id_3", "user_70_sample_id_12", "user_99_sample_id_17"], "group_12": ["user_5_sample_id_14", "user_52_sample_id_19", "user_67_sample_id_2", "user_99_sample_id_17", "user_37_sample_id_21", "user_72_sample_id_0", "user_24_sample_id_20", "user_4_sample_id_25"], "group_5": ["user_11_sample_id_15", "user_33_sample_id_9", "user_37_sample_id_21", "user_4_sample_id_25"], "group_14": ["user_11_sample_id_15", "user_26_sample_id_31", "user_53_sample_id_30", "user_40_sample_id_28", "user_12_sample_id_13", "user_50_sample_id_22"], "group_17": ["user_37_sample_id_32", "user_6_sample_id_24", "user_67_sample_id_2", "user_70_sample_id_12", "user_44_sample_id_10"], "group_19": ["user_67_sample_id_2", "user_32_sample_id_27", "user_4_sample_id_25", "user_50_sample_id_22"], "group_4": ["user_53_sample_id_30", "user_20_sample_id_26", "user_12_sample_id_13", "user_76_sample_id_7"], "group_9": ["user_77_sample_id_8", "user_76_sample_id_7", "user_50_sample_id_4"]}, "group_data_store_edges": {"group_3": ["ds_37_sample_id_86", "ds_275_sample_id_176", "ds_481_sample_id_48", "ds_826_sample_id_78", "ds_379_sample_id_65", "ds_765_sample_id_197", "ds_849_sample_id_22", "ds_395_sample_id_155", "ds_686_sample_id_112", "ds_705_sample_id_35", "ds_690_sample_id_0", "ds_177_sample_id_159", "ds_415_sample_id_198", "ds_656_sample_id_85", "ds_55_sample_id_25", "ds_669_sample_id_32", "ds_237_sample_id_77", "ds_541_sample_id_90", "ds_40_sample_id_17", "ds_90_sample_id_185", "ds_560_sample_id_37", "ds_648_sample_id_62", "ds_469_sample_id_128", "ds_448_sample_id_151", "ds_700_sample_id_6", "ds_80_sample_id_42", "ds_710_sample_id_122", "ds_273_sample_id_133", "ds_847_sample_id_70", "ds_777_sample_id_167", "ds_758_sample_id_147", "ds_321_sample_id_130", "ds_360_sample_id_21", "ds_516_sample_id_120", "ds_201_sample_id_45", "ds_550_sample_id_124", "ds_283_sample_id_106", "ds_444_sample_id_148", "ds_685_sample_id_74", "ds_293_sample_id_88", "ds_733_sample_id_182", "ds_83_sample_id_188", "ds_288_sample_id_57", "ds_211_sample_id_5", "ds_267_sample_id_12", "ds_538_sample_id_110", "ds_665_sample_id_202", "ds_487_sample_id_141", "ds_180_sample_id_177", "ds_757_sample_id_131", "ds_299_sample_id_116", "ds_86_sample_id_119", "ds_13_sample_id_92", "ds_82_sample_id_118", "ds_265_sample_id_158", "ds_758_sample_id_190", "ds_799_sample_id_36", "ds_299_sample_id_8", "ds_24_sample_id_126", "ds_244_sample_id_165", "ds_592_sample_id_144", "ds_548_sample_id_76", "ds_521_sample_id_160", "ds_47_sample_id_145", "ds_358_sample_id_47", "ds_285_sample_id_135", "ds_502_sample_id_50", "ds_671_sample_id_186", "ds_266_sample_id_143", "ds_554_sample_id_172", "ds_739_sample_id_26"], "group_5": ["ds_37_sample_id_86", "ds_241_sample_id_79", "ds_6_sample_id_40", "ds_458_sample_id_100", "ds_597_sample_id_33", "ds_849_sample_id_22", "ds_114_sample_id_140", "ds_650_sample_id_83", "ds_76_sample_id_146", "ds_656_sample_id_85", "ds_678_sample_id_24", "ds_616_sample_id_113", "ds_704_sample_id_184", "ds_669_sample_id_32", "ds_420_sample_id_162", "ds_256_sample_id_181", "ds_188_sample_id_183", "ds_648_sample_id_62", "ds_422_sample_id_60", "ds_758_sample_id_147", "ds_516_sample_id_120", "ds_340_sample_id_80", "ds_158_sample_id_23", "ds_182_sample_id_156", "ds_746_sample_id_71", "ds_283_sample_id_106", "ds_538_sample_id_27", "ds_442_sample_id_28", "ds_132_sample_id_104", "ds_824_sample_id_44", "ds_504_sample_id_173", "ds_205_sample_id_175", "ds_183_sample_id_39", "ds_538_sample_id_110", "ds_487_sample_id_141", "ds_427_sample_id_152", "ds_299_sample_id_116", "ds_237_sample_id_200", "ds_24_sample_id_126", "ds_165_sample_id_137", "ds_805_sample_id_196", "ds_199_sample_id_73", "ds_47_sample_id_145", "ds_358_sample_id_47", "ds_517_sample_id_161", "ds_605_sample_id_55", "ds_591_sample_id_123", "ds_444_sample_id_1", "ds_116_sample_id_180"], "group_9": ["ds_37_sample_id_86", "ds_241_sample_id_79", "ds_6_sample_id_40", "ds_826_sample_id_78", "ds_458_sample_id_100", "ds_379_sample_id_65", "ds_705_sample_id_35", "ds_678_sample_id_24", "ds_59_sample_id_195", "ds_616_sample_id_113", "ds_237_sample_id_77", "ds_541_sample_id_90", "ds_817_sample_id_29", "ds_256_sample_id_181", "ds_648_sample_id_62", "ds_469_sample_id_128", "ds_700_sample_id_6", "ds_80_sample_id_42", "ds_711_sample_id_16", "ds_710_sample_id_122", "ds_635_sample_id_31", "ds_321_sample_id_130", "ds_158_sample_id_23", "ds_133_sample_id_95", "ds_780_sample_id_97", "ds_223_sample_id_94", "ds_538_sample_id_27", "ds_824_sample_id_44", "ds_765_sample_id_203", "ds_733_sample_id_182", "ds_18_sample_id_68", "ds_367_sample_id_15", "ds_124_sample_id_149", "ds_13_sample_id_92", "ds_665_sample_id_82", "ds_171_sample_id_170", "ds_709_sample_id_11", "ds_629_sample_id_199", "ds_286_sample_id_127", "ds_237_sample_id_200", "ds_24_sample_id_126", "ds_592_sample_id_144", "ds_521_sample_id_160", "ds_199_sample_id_73", "ds_517_sample_id_161", "ds_671_sample_id_186", "ds_785_sample_id_171", "ds_669_sample_id_18", "ds_116_sample_id_180", "ds_394_sample_id_168"], "group_16": ["ds_37_sample_id_86", "ds_553_sample_id_121", "ds_30_sample_id_136", "ds_511_sample_id_138", "ds_379_sample_id_65", "ds_849_sample_id_22", "ds_114_sample_id_140", "ds_794_sample_id_81", "ds_690_sample_id_0", "ds_232_sample_id_107", "ds_560_sample_id_37", "ds_700_sample_id_6", "ds_26_sample_id_59", "ds_321_sample_id_130", "ds_182_sample_id_156", "ds_746_sample_id_71", "ds_276_sample_id_38", "ds_205_sample_id_175", "ds_183_sample_id_39", "ds_180_sample_id_177", "ds_299_sample_id_116", "ds_8_sample_id_34", "ds_853_sample_id_193", "ds_719_sample_id_139", "ds_722_sample_id_84", "ds_521_sample_id_160", "ds_57_sample_id_134", "ds_444_sample_id_1", "ds_785_sample_id_171", "ds_145_sample_id_99"], "group_18": ["ds_37_sample_id_86", "ds_241_sample_id_79", "ds_826_sample_id_78", "ds_395_sample_id_155", "ds_705_sample_id_35", "ds_794_sample_id_81", "ds_177_sample_id_159", "ds_669_sample_id_32", "ds_40_sample_id_17", "ds_773_sample_id_53", "ds_256_sample_id_181", "ds_132_sample_id_93", "ds_64_sample_id_20", "ds_849_sample_id_54", "ds_448_sample_id_151", "ds_777_sample_id_167", "ds_635_sample_id_31", "ds_583_sample_id_67", "ds_201_sample_id_45", "ds_550_sample_id_124", "ds_699_sample_id_179", "ds_658_sample_id_153", "ds_738_sample_id_64", "ds_442_sample_id_28", "ds_325_sample_id_194", "ds_685_sample_id_74", "ds_83_sample_id_188", "ds_267_sample_id_12", "ds_515_sample_id_205", "ds_665_sample_id_202", "ds_427_sample_id_152", "ds_299_sample_id_116", "ds_13_sample_id_92", "ds_665_sample_id_82", "ds_29_sample_id_75", "ds_799_sample_id_36", "ds_299_sample_id_8", "ds_647_sample_id_87", "ds_587_sample_id_150", "ds_560_sample_id_49", "ds_592_sample_id_144", "ds_805_sample_id_196", "ds_548_sample_id_76", "ds_47_sample_id_145", "ds_517_sample_id_161", "ds_57_sample_id_134", "ds_41_sample_id_154", "ds_598_sample_id_164", "ds_328_sample_id_142", "ds_269_sample_id_101", "ds_139_sample_id_174", "ds_266_sample_id_143", "ds_739_sample_id_26"], "group_1": ["ds_553_sample_id_121", "ds_30_sample_id_136", "ds_275_sample_id_176", "ds_826_sample_id_78", "ds_379_sample_id_65", "ds_605_sample_id_46", "ds_849_sample_id_22", "ds_794_sample_id_81", "ds_256_sample_id_181", "ds_188_sample_id_183", "ds_648_sample_id_62", "ds_873_sample_id_96", "ds_422_sample_id_60", "ds_516_sample_id_120", "ds_508_sample_id_56", "ds_780_sample_id_97", "ds_223_sample_id_94", "ds_132_sample_id_104", "ds_293_sample_id_88", "ds_211_sample_id_5", "ds_677_sample_id_69", "ds_165_sample_id_89", "ds_615_sample_id_91", "ds_286_sample_id_127", "ds_587_sample_id_150", "ds_248_sample_id_2", "ds_516_sample_id_178", "ds_745_sample_id_109", "ds_669_sample_id_18", "ds_49_sample_id_43", "ds_567_sample_id_163", "ds_269_sample_id_101", "ds_682_sample_id_114"], "group_2": ["ds_553_sample_id_121", "ds_241_sample_id_79", "ds_6_sample_id_40", "ds_605_sample_id_46", "ds_597_sample_id_33", "ds_237_sample_id_77", "ds_188_sample_id_183", "ds_469_sample_id_128", "ds_64_sample_id_20", "ds_849_sample_id_54", "ds_710_sample_id_122", "ds_847_sample_id_70", "ds_777_sample_id_167", "ds_619_sample_id_191", "ds_321_sample_id_130", "ds_583_sample_id_67", "ds_223_sample_id_94", "ds_699_sample_id_179", "ds_707_sample_id_117", "ds_276_sample_id_38", "ds_765_sample_id_203", "ds_293_sample_id_88", "ds_515_sample_id_205", "ds_538_sample_id_110", "ds_487_sample_id_141", "ds_382_sample_id_4", "ds_13_sample_id_92", "ds_665_sample_id_82", "ds_82_sample_id_118", "ds_265_sample_id_158", "ds_29_sample_id_75", "ds_629_sample_id_199", "ds_244_sample_id_165", "ds_560_sample_id_49", "ds_592_sample_id_144", "ds_805_sample_id_196", "ds_248_sample_id_2", "ds_548_sample_id_76", "ds_358_sample_id_47", "ds_517_sample_id_161", "ds_502_sample_id_50", "ds_625_sample_id_14", "ds_785_sample_id_171", "ds_598_sample_id_164", "ds_745_sample_id_109", "ds_49_sample_id_43", "ds_116_sample_id_180", "ds_139_sample_id_174", "ds_682_sample_id_114"], "group_19": ["ds_553_sample_id_121", "ds_241_sample_id_79", "ds_379_sample_id_65", "ds_765_sample_id_197", "ds_597_sample_id_33", "ds_849_sample_id_22", "ds_395_sample_id_155", "ds_232_sample_id_107", "ds_616_sample_id_113", "ds_420_sample_id_162", "ds_560_sample_id_37", "ds_570_sample_id_51", "ds_717_sample_id_201", "ds_469_sample_id_128", "ds_849_sample_id_54", "ds_873_sample_id_96", "ds_711_sample_id_16", "ds_26_sample_id_59", "ds_710_sample_id_122", "ds_847_sample_id_70", "ds_619_sample_id_191", "ds_360_sample_id_21", "ds_583_sample_id_67", "ds_746_sample_id_71", "ds_699_sample_id_179", "ds_538_sample_id_27", "ds_695_sample_id_72", "ds_325_sample_id_194", "ds_765_sample_id_203", "ds_733_sample_id_182", "ds_83_sample_id_188", "ds_288_sample_id_57", "ds_757_sample_id_131", "ds_82_sample_id_118", "ds_291_sample_id_204", "ds_629_sample_id_199", "ds_738_sample_id_30", "ds_543_sample_id_63", "ds_24_sample_id_126", "ds_722_sample_id_84", "ds_244_sample_id_165", "ds_560_sample_id_49", "ds_40_sample_id_132", "ds_248_sample_id_2", "ds_671_sample_id_186", "ds_444_sample_id_1", "ds_785_sample_id_171", "ds_739_sample_id_26", "ds_394_sample_id_168"], "group_4": ["ds_30_sample_id_136", "ds_241_sample_id_79", "ds_371_sample_id_169", "ds_511_sample_id_138", "ds_379_sample_id_65", "ds_153_sample_id_58", "ds_705_sample_id_35", "ds_690_sample_id_0", "ds_76_sample_id_146", "ds_415_sample_id_198", "ds_656_sample_id_85", "ds_678_sample_id_24", "ds_59_sample_id_195", "ds_704_sample_id_184", "ds_669_sample_id_32", "ds_817_sample_id_29", "ds_521_sample_id_129", "ds_773_sample_id_53", "ds_256_sample_id_181", "ds_560_sample_id_37", "ds_717_sample_id_201", "ds_469_sample_id_128", "ds_64_sample_id_20", "ds_700_sample_id_6", "ds_450_sample_id_157", "ds_80_sample_id_42", "ds_711_sample_id_16", "ds_620_sample_id_187", "ds_725_sample_id_61", "ds_321_sample_id_130", "ds_780_sample_id_97", "ds_538_sample_id_27", "ds_442_sample_id_28", "ds_824_sample_id_44", "ds_504_sample_id_173", "ds_685_sample_id_74", "ds_538_sample_id_110", "ds_665_sample_id_202", "ds_124_sample_id_149", "ds_86_sample_id_119", "ds_13_sample_id_92", "ds_709_sample_id_11", "ds_853_sample_id_193", "ds_286_sample_id_127", "ds_799_sample_id_36", "ds_722_sample_id_84", "ds_165_sample_id_137", "ds_88_sample_id_108", "ds_502_sample_id_50", "ds_671_sample_id_186", "ds_625_sample_id_14", "ds_860_sample_id_9", "ds_745_sample_id_109", "ds_49_sample_id_43", "ds_739_sample_id_26", "ds_394_sample_id_168"], "group_7": ["ds_30_sample_id_136", "ds_275_sample_id_176", "ds_114_sample_id_140", "ds_705_sample_id_35", "ds_177_sample_id_159", "ds_76_sample_id_146", "ds_55_sample_id_25", "ds_704_sample_id_184", "ds_237_sample_id_77", "ds_188_sample_id_183", "ds_132_sample_id_93", "ds_469_sample_id_128", "ds_721_sample_id_115", "ds_700_sample_id_6", "ds_873_sample_id_96", "ds_620_sample_id_187", "ds_619_sample_id_191", "ds_758_sample_id_147", "ds_321_sample_id_130", "ds_158_sample_id_23", "ds_746_sample_id_71", "ds_715_sample_id_125", "ds_283_sample_id_106", "ds_223_sample_id_94", "ds_738_sample_id_64", "ds_442_sample_id_28", "ds_504_sample_id_173", "ds_205_sample_id_175", "ds_139_sample_id_52", "ds_288_sample_id_57", "ds_18_sample_id_68", "ds_538_sample_id_110", "ds_665_sample_id_202", "ds_427_sample_id_152", "ds_367_sample_id_15", "ds_171_sample_id_170", "ds_291_sample_id_204", "ds_286_sample_id_127", "ds_324_sample_id_7", "ds_799_sample_id_36", "ds_299_sample_id_8", "ds_24_sample_id_126", "ds_40_sample_id_132", "ds_165_sample_id_137", "ds_805_sample_id_196", "ds_521_sample_id_160", "ds_358_sample_id_47", "ds_57_sample_id_134", "ds_605_sample_id_55", "ds_285_sample_id_135", "ds_444_sample_id_1", "ds_847_sample_id_166", "ds_328_sample_id_142", "ds_266_sample_id_143"], "group_13": ["ds_30_sample_id_136", "ds_15_sample_id_66", "ds_153_sample_id_58", "ds_469_sample_id_10", "ds_114_sample_id_140", "ds_650_sample_id_83", "ds_232_sample_id_107", "ds_420_sample_id_162", "ds_570_sample_id_51", "ds_721_sample_id_115", "ds_448_sample_id_151", "ds_26_sample_id_59", "ds_620_sample_id_187", "ds_273_sample_id_133", "ds_758_sample_id_147", "ds_635_sample_id_31", "ds_201_sample_id_45", "ds_518_sample_id_206", "ds_715_sample_id_125", "ds_716_sample_id_3", "ds_820_sample_id_19", "ds_276_sample_id_38", "ds_288_sample_id_57", "ds_267_sample_id_12", "ds_677_sample_id_69", "ds_427_sample_id_152", "ds_757_sample_id_131", "ds_299_sample_id_116", "ds_265_sample_id_158", "ds_29_sample_id_75", "ds_629_sample_id_199", "ds_738_sample_id_30", "ds_299_sample_id_8", "ds_647_sample_id_87", "ds_587_sample_id_150", "ds_244_sample_id_165", "ds_560_sample_id_49", "ds_516_sample_id_178", "ds_358_sample_id_47", "ds_517_sample_id_161", "ds_57_sample_id_134", "ds_285_sample_id_135", "ds_41_sample_id_154", "ds_598_sample_id_164", "ds_745_sample_id_109", "ds_669_sample_id_18", "ds_847_sample_id_166", "ds_328_sample_id_142", "ds_116_sample_id_180", "ds_139_sample_id_174"], "group_8": ["ds_241_sample_id_79", "ds_804_sample_id_192", "ds_656_sample_id_85", "ds_678_sample_id_24", "ds_616_sample_id_113", "ds_541_sample_id_90", "ds_721_sample_id_115", "ds_450_sample_id_157", "ds_26_sample_id_59", "ds_273_sample_id_133", "ds_758_sample_id_147", "ds_360_sample_id_21", "ds_133_sample_id_95", "ds_550_sample_id_124", "ds_408_sample_id_13", "ds_518_sample_id_206", "ds_716_sample_id_3", "ds_658_sample_id_153", "ds_738_sample_id_64", "ds_848_sample_id_102", "ds_132_sample_id_104", "ds_685_sample_id_74", "ds_108_sample_id_98", "ds_733_sample_id_182", "ds_18_sample_id_68", "ds_180_sample_id_177", "ds_427_sample_id_152", "ds_8_sample_id_34", "ds_82_sample_id_118", "ds_758_sample_id_190", "ds_291_sample_id_204", "ds_237_sample_id_200", "ds_165_sample_id_137", "ds_88_sample_id_108", "ds_285_sample_id_135", "ds_625_sample_id_14", "ds_847_sample_id_166", "ds_567_sample_id_163"], "group_11": ["ds_371_sample_id_169", "ds_15_sample_id_66", "ds_765_sample_id_197", "ds_646_sample_id_111", "ds_804_sample_id_192", "ds_55_sample_id_25", "ds_232_sample_id_107", "ds_237_sample_id_77", "ds_521_sample_id_129", "ds_560_sample_id_37", "ds_64_sample_id_20", "ds_700_sample_id_6", "ds_508_sample_id_56", "ds_158_sample_id_23", "ds_456_sample_id_189", "ds_133_sample_id_95", "ds_746_sample_id_71", "ds_716_sample_id_3", "ds_658_sample_id_153", "ds_820_sample_id_19", "ds_108_sample_id_98", "ds_293_sample_id_88", "ds_211_sample_id_5", "ds_382_sample_id_4", "ds_124_sample_id_149", "ds_82_sample_id_118", "ds_265_sample_id_158", "ds_29_sample_id_75", "ds_853_sample_id_193", "ds_324_sample_id_7", "ds_719_sample_id_139", "ds_587_sample_id_150", "ds_40_sample_id_132", "ds_592_sample_id_144", "ds_805_sample_id_196", "ds_516_sample_id_178", "ds_502_sample_id_50", "ds_682_sample_id_114"], "group_15": ["ds_371_sample_id_169", "ds_511_sample_id_138", "ds_6_sample_id_40", "ds_826_sample_id_78", "ds_306_sample_id_103", "ds_690_sample_id_0", "ds_40_sample_id_17", "ds_570_sample_id_51", "ds_717_sample_id_201", "ds_849_sample_id_54", "ds_721_sample_id_115", "ds_448_sample_id_151", "ds_873_sample_id_96", "ds_80_sample_id_42", "ds_273_sample_id_133", "ds_847_sample_id_70", "ds_635_sample_id_31", "ds_725_sample_id_61", "ds_583_sample_id_67", "ds_201_sample_id_45", "ds_158_sample_id_23", "ds_182_sample_id_156", "ds_408_sample_id_13", "ds_223_sample_id_94", "ds_848_sample_id_102", "ds_824_sample_id_44", "ds_695_sample_id_72", "ds_183_sample_id_39", "ds_367_sample_id_15", "ds_757_sample_id_131", "ds_665_sample_id_82", "ds_709_sample_id_11", "ds_291_sample_id_204", "ds_799_sample_id_36", "ds_738_sample_id_30", "ds_237_sample_id_200", "ds_244_sample_id_165", "ds_560_sample_id_49", "ds_165_sample_id_137", "ds_88_sample_id_108", "ds_47_sample_id_145", "ds_502_sample_id_50", "ds_625_sample_id_14", "ds_785_sample_id_171", "ds_567_sample_id_163", "ds_266_sample_id_143", "ds_739_sample_id_26"], "group_17": ["ds_371_sample_id_169", "ds_597_sample_id_33", "ds_646_sample_id_111", "ds_804_sample_id_192", "ds_114_sample_id_140", "ds_705_sample_id_35", "ds_76_sample_id_146", "ds_415_sample_id_198", "ds_55_sample_id_25", "ds_616_sample_id_113", "ds_669_sample_id_32", "ds_420_sample_id_162", "ds_817_sample_id_29", "ds_40_sample_id_17", "ds_570_sample_id_51", "ds_849_sample_id_54", "ds_448_sample_id_151", "ds_422_sample_id_60", "ds_619_sample_id_191", "ds_725_sample_id_61", "ds_583_sample_id_67", "ds_456_sample_id_189", "ds_780_sample_id_97", "ds_223_sample_id_94", "ds_716_sample_id_3", "ds_658_sample_id_153", "ds_848_sample_id_102", "ds_685_sample_id_74", "ds_288_sample_id_57", "ds_18_sample_id_68", "ds_267_sample_id_12", "ds_180_sample_id_177", "ds_615_sample_id_91", "ds_86_sample_id_119", "ds_665_sample_id_82", "ds_265_sample_id_158", "ds_171_sample_id_170", "ds_24_sample_id_126", "ds_722_sample_id_84", "ds_560_sample_id_49", "ds_40_sample_id_132", "ds_88_sample_id_108", "ds_199_sample_id_73", "ds_57_sample_id_134", "ds_502_sample_id_50", "ds_671_sample_id_186", "ds_860_sample_id_9", "ds_598_sample_id_164", "ds_745_sample_id_109", "ds_669_sample_id_18", "ds_269_sample_id_101", "ds_139_sample_id_174", "ds_554_sample_id_172", "ds_739_sample_id_26", "ds_394_sample_id_168"], "group_14": ["ds_15_sample_id_66", "ds_481_sample_id_48", "ds_765_sample_id_197", "ds_153_sample_id_58", "ds_686_sample_id_112", "ds_690_sample_id_0", "ds_76_sample_id_146", "ds_678_sample_id_24", "ds_55_sample_id_25", "ds_237_sample_id_77", "ds_817_sample_id_29", "ds_773_sample_id_53", "ds_873_sample_id_96", "ds_80_sample_id_42", "ds_620_sample_id_187", "ds_847_sample_id_70", "ds_619_sample_id_191", "ds_758_sample_id_147", "ds_635_sample_id_31", "ds_583_sample_id_67", "ds_456_sample_id_189", "ds_824_sample_id_44", "ds_695_sample_id_72", "ds_139_sample_id_52", "ds_288_sample_id_57", "ds_665_sample_id_202", "ds_615_sample_id_91", "ds_265_sample_id_158", "ds_171_sample_id_170", "ds_709_sample_id_11", "ds_324_sample_id_7", "ds_799_sample_id_36", "ds_543_sample_id_63", "ds_237_sample_id_200", "ds_40_sample_id_132", "ds_548_sample_id_76", "ds_47_sample_id_145", "ds_591_sample_id_123", "ds_598_sample_id_164", "ds_266_sample_id_143", "ds_145_sample_id_99"], "group_12": ["ds_481_sample_id_48", "ds_458_sample_id_100", "ds_849_sample_id_22", "ds_646_sample_id_111", "ds_686_sample_id_112", "ds_114_sample_id_140", "ds_177_sample_id_159", "ds_616_sample_id_113", "ds_90_sample_id_185", "ds_717_sample_id_201", "ds_64_sample_id_20", "ds_448_sample_id_151", "ds_711_sample_id_16", "ds_26_sample_id_59", "ds_620_sample_id_187", "ds_321_sample_id_130", "ds_550_sample_id_124", "ds_182_sample_id_156", "ds_820_sample_id_19", "ds_707_sample_id_117", "ds_738_sample_id_64", "ds_132_sample_id_104", "ds_685_sample_id_74", "ds_108_sample_id_98", "ds_293_sample_id_88", "ds_139_sample_id_52", "ds_538_sample_id_110", "ds_487_sample_id_141", "ds_382_sample_id_4", "ds_758_sample_id_190", "ds_324_sample_id_7", "ds_738_sample_id_30", "ds_719_sample_id_139", "ds_24_sample_id_126", "ds_521_sample_id_160", "ds_199_sample_id_73", "ds_671_sample_id_186", "ds_669_sample_id_18", "ds_145_sample_id_99"], "group_6": ["ds_765_sample_id_197", "ds_306_sample_id_103", "ds_705_sample_id_35", "ds_650_sample_id_83", "ds_177_sample_id_159", "ds_678_sample_id_24", "ds_59_sample_id_195", "ds_237_sample_id_77", "ds_817_sample_id_29", "ds_521_sample_id_129", "ds_570_sample_id_51", "ds_717_sample_id_201", "ds_721_sample_id_115", "ds_422_sample_id_60", "ds_80_sample_id_42", "ds_26_sample_id_59", "ds_725_sample_id_61", "ds_340_sample_id_80", "ds_182_sample_id_156", "ds_276_sample_id_38", "ds_733_sample_id_182", "ds_267_sample_id_12", "ds_677_sample_id_69", "ds_382_sample_id_4", "ds_165_sample_id_89", "ds_286_sample_id_127", "ds_738_sample_id_30", "ds_237_sample_id_200", "ds_592_sample_id_144", "ds_548_sample_id_76", "ds_57_sample_id_134", "ds_847_sample_id_166", "ds_49_sample_id_43", "ds_567_sample_id_163", "ds_269_sample_id_101", "ds_554_sample_id_172", "ds_394_sample_id_168"], "group_10": ["ds_153_sample_id_58", "ds_469_sample_id_10", "ds_650_sample_id_83", "ds_76_sample_id_146", "ds_415_sample_id_198", "ds_656_sample_id_85", "ds_704_sample_id_184", "ds_40_sample_id_17", "ds_188_sample_id_183", "ds_132_sample_id_93", "ds_133_sample_id_95", "ds_550_sample_id_124", "ds_715_sample_id_125", "ds_223_sample_id_94", "ds_132_sample_id_104", "ds_695_sample_id_72", "ds_765_sample_id_203", "ds_515_sample_id_205", "ds_82_sample_id_118", "ds_171_sample_id_170", "ds_709_sample_id_11", "ds_629_sample_id_199", "ds_286_sample_id_127", "ds_560_sample_id_49", "ds_805_sample_id_196", "ds_317_sample_id_105", "ds_605_sample_id_55", "ds_591_sample_id_123", "ds_625_sample_id_14"], "group_0": ["ds_597_sample_id_33", "ds_646_sample_id_111", "ds_395_sample_id_155", "ds_686_sample_id_112", "ds_306_sample_id_103", "ds_705_sample_id_35", "ds_704_sample_id_184", "ds_541_sample_id_90", "ds_420_sample_id_162", "ds_90_sample_id_185", "ds_521_sample_id_129", "ds_773_sample_id_53", "ds_188_sample_id_183", "ds_648_sample_id_62", "ds_570_sample_id_51", "ds_717_sample_id_201", "ds_64_sample_id_20", "ds_873_sample_id_96", "ds_80_sample_id_42", "ds_800_sample_id_41", "ds_635_sample_id_31", "ds_725_sample_id_61", "ds_360_sample_id_21", "ds_516_sample_id_120", "ds_508_sample_id_56", "ds_158_sample_id_23", "ds_133_sample_id_95", "ds_538_sample_id_27", "ds_444_sample_id_148", "ds_695_sample_id_72", "ds_139_sample_id_52", "ds_733_sample_id_182", "ds_299_sample_id_116", "ds_665_sample_id_82", "ds_758_sample_id_190", "ds_291_sample_id_204", "ds_29_sample_id_75", "ds_738_sample_id_30", "ds_719_sample_id_139", "ds_647_sample_id_87", "ds_165_sample_id_137", "ds_548_sample_id_76", "ds_88_sample_id_108", "ds_47_sample_id_145", "ds_57_sample_id_134", "ds_598_sample_id_164", "ds_669_sample_id_18", "ds_49_sample_id_43", "ds_269_sample_id_101", "ds_145_sample_id_99"]}}