{"ds_202_sample_id_0": [], "ds_0_sample_id_1": [], "ds_135_sample_id_2": [], "ds_314_sample_id_3": [], "ds_17_sample_id_4": [], "ds_489_sample_id_5": [], "ds_109_sample_id_6": ["CREDIT_CARD"], "ds_519_sample_id_7": [], "ds_453_sample_id_8": [], "ds_312_sample_id_9": [], "ds_314_sample_id_10": [], "ds_466_sample_id_11": [], "ds_39_sample_id_12": [], "ds_186_sample_id_13": [], "ds_133_sample_id_14": [], "ds_396_sample_id_15": [], "ds_82_sample_id_16": ["IP_ADDRESS", "PERSON"], "ds_330_sample_id_17": [], "ds_455_sample_id_18": [], "ds_66_sample_id_19": ["DOMAIN_NAME", "IP_ADDRESS"], "ds_162_sample_id_20": [], "ds_380_sample_id_21": [], "ds_111_sample_id_22": ["DOMAIN_NAME", "IP_ADDRESS"], "ds_309_sample_id_23": [], "ds_369_sample_id_24": [], "ds_452_sample_id_25": [], "ds_106_sample_id_26": [], "ds_60_sample_id_27": [], "ds_32_sample_id_28": [], "ds_325_sample_id_29": [], "ds_427_sample_id_30": [], "ds_30_sample_id_31": [], "ds_153_sample_id_32": [], "ds_133_sample_id_33": [], "ds_168_sample_id_34": [], "ds_320_sample_id_35": [], "ds_278_sample_id_36": [], "ds_405_sample_id_37": [], "ds_161_sample_id_38": [], "ds_303_sample_id_39": [], "ds_518_sample_id_40": [], "ds_351_sample_id_41": [], "ds_284_sample_id_42": [], "ds_484_sample_id_43": [], "ds_428_sample_id_44": [], "ds_377_sample_id_45": [], "ds_365_sample_id_46": [], "ds_198_sample_id_47": [], "ds_355_sample_id_48": ["DOMAIN_NAME", "IP_ADDRESS", "LOCATION", "PERSON"], "ds_77_sample_id_49": ["DOMAIN_NAME", "IP_ADDRESS", "LOCATION", "PERSON", "US_DRIVER_LICENSE"], "ds_68_sample_id_50": [], "ds_495_sample_id_51": [], "ds_446_sample_id_52": [], "ds_259_sample_id_53": [], "ds_398_sample_id_54": [], "ds_504_sample_id_55": [], "ds_240_sample_id_56": [], "ds_161_sample_id_57": [], "ds_346_sample_id_58": [], "ds_208_sample_id_59": [], "ds_363_sample_id_60": [], "ds_23_sample_id_61": [], "ds_83_sample_id_62": [], "ds_109_sample_id_63": ["CREDIT_CARD"], "ds_306_sample_id_64": [], "ds_221_sample_id_65": [], "ds_185_sample_id_66": [], "ds_245_sample_id_67": [], "ds_327_sample_id_68": [], "ds_357_sample_id_69": [], "ds_434_sample_id_70": []}