{"user_group_edges": {"group_3": ["user_112_sample_id_11", "user_163_sample_id_13", "user_12_sample_id_79", "user_6_sample_id_16", "user_143_sample_id_78", "user_5_sample_id_49", "user_40_sample_id_80", "user_190_sample_id_1", "user_3_sample_id_42", "user_138_sample_id_14", "user_97_sample_id_7", "user_128_sample_id_19", "user_190_sample_id_52", "user_26_sample_id_2", "user_20_sample_id_56", "user_162_sample_id_54", "user_10_sample_id_73", "user_165_sample_id_36", "user_110_sample_id_23", "user_38_sample_id_28", "user_48_sample_id_76"], "group_4": ["user_112_sample_id_11", "user_6_sample_id_16", "user_29_sample_id_72", "user_100_sample_id_48", "user_3_sample_id_42", "user_68_sample_id_35", "user_32_sample_id_40", "user_170_sample_id_70", "user_134_sample_id_62", "user_48_sample_id_8", "user_26_sample_id_2", "user_10_sample_id_73", "user_1_sample_id_15", "user_64_sample_id_45", "user_141_sample_id_63", "user_195_sample_id_43", "user_106_sample_id_75", "user_148_sample_id_25", "user_16_sample_id_5", "user_59_sample_id_0"], "group_5": ["user_112_sample_id_11", "user_179_sample_id_6", "user_29_sample_id_72", "user_66_sample_id_26", "user_18_sample_id_29", "user_40_sample_id_80", "user_90_sample_id_47", "user_162_sample_id_30", "user_3_sample_id_42", "user_163_sample_id_68", "user_146_sample_id_20", "user_68_sample_id_77", "user_190_sample_id_52", "user_145_sample_id_33", "user_135_sample_id_53", "user_141_sample_id_63", "user_149_sample_id_34", "user_38_sample_id_28", "user_151_sample_id_59"], "group_7": ["user_112_sample_id_11", "user_123_sample_id_71", "user_99_sample_id_60", "user_66_sample_id_26", "user_97_sample_id_64", "user_90_sample_id_32", "user_138_sample_id_4", "user_61_sample_id_58", "user_3_sample_id_66", "user_20_sample_id_56", "user_162_sample_id_54", "user_1_sample_id_15", "user_59_sample_id_0", "user_120_sample_id_12", "user_173_sample_id_39"], "group_14": ["user_112_sample_id_11", "user_123_sample_id_71", "user_20_sample_id_37", "user_99_sample_id_60", "user_6_sample_id_18", "user_31_sample_id_51", "user_97_sample_id_7", "user_134_sample_id_62", "user_130_sample_id_21", "user_43_sample_id_10", "user_20_sample_id_56", "user_97_sample_id_9", "user_1_sample_id_15", "user_57_sample_id_46", "user_149_sample_id_34", "user_48_sample_id_76"], "group_6": ["user_163_sample_id_13", "user_51_sample_id_65", "user_20_sample_id_37", "user_102_sample_id_57", "user_90_sample_id_47", "user_75_sample_id_67", "user_3_sample_id_42", "user_32_sample_id_40", "user_31_sample_id_51", "user_187_sample_id_24", "user_97_sample_id_7", "user_104_sample_id_31", "user_182_sample_id_44", "user_64_sample_id_45", "user_165_sample_id_36", "user_110_sample_id_23", "user_148_sample_id_25", "user_16_sample_id_5", "user_120_sample_id_12", "user_7_sample_id_61", "user_173_sample_id_39"], "group_12": ["user_163_sample_id_13", "user_179_sample_id_6", "user_143_sample_id_78", "user_20_sample_id_37", "user_90_sample_id_47", "user_190_sample_id_1", "user_138_sample_id_4", "user_31_sample_id_51", "user_33_sample_id_38", "user_43_sample_id_10", "user_97_sample_id_9", "user_145_sample_id_33", "user_154_sample_id_3", "user_89_sample_id_41", "user_106_sample_id_75", "user_48_sample_id_76"], "group_11": ["user_12_sample_id_79", "user_6_sample_id_16", "user_100_sample_id_27", "user_51_sample_id_65", "user_100_sample_id_48", "user_90_sample_id_47", "user_3_sample_id_42", "user_68_sample_id_35", "user_61_sample_id_58", "user_32_sample_id_40", "user_31_sample_id_51", "user_110_sample_id_55", "user_3_sample_id_66", "user_48_sample_id_8", "user_68_sample_id_77", "user_104_sample_id_31", "user_190_sample_id_52", "user_20_sample_id_56", "user_162_sample_id_54", "user_1_sample_id_15", "user_154_sample_id_3", "user_135_sample_id_53", "user_110_sample_id_23", "user_149_sample_id_34", "user_38_sample_id_28"], "group_18": ["user_12_sample_id_79", "user_51_sample_id_65", "user_143_sample_id_78", "user_123_sample_id_71", "user_16_sample_id_69", "user_138_sample_id_4", "user_163_sample_id_68", "user_138_sample_id_14", "user_110_sample_id_55", "user_170_sample_id_70", "user_130_sample_id_21", "user_20_sample_id_56", "user_182_sample_id_44", "user_162_sample_id_54", "user_10_sample_id_73", "user_145_sample_id_33", "user_1_sample_id_74", "user_43_sample_id_17", "user_7_sample_id_61"], "group_10": ["user_6_sample_id_16", "user_100_sample_id_27", "user_51_sample_id_65", "user_29_sample_id_72", "user_16_sample_id_69", "user_190_sample_id_1", "user_162_sample_id_30", "user_146_sample_id_20", "user_68_sample_id_35", "user_32_sample_id_40", "user_110_sample_id_55", "user_128_sample_id_19", "user_26_sample_id_2", "user_89_sample_id_41", "user_135_sample_id_53", "user_1_sample_id_74", "user_195_sample_id_43", "user_16_sample_id_5", "user_59_sample_id_0"], "group_15": ["user_6_sample_id_16", "user_51_sample_id_65", "user_5_sample_id_49", "user_40_sample_id_80", "user_162_sample_id_30", "user_107_sample_id_50", "user_187_sample_id_24", "user_97_sample_id_7", "user_110_sample_id_55", "user_170_sample_id_70", "user_48_sample_id_8", "user_128_sample_id_19", "user_26_sample_id_2", "user_1_sample_id_15", "user_154_sample_id_3", "user_64_sample_id_45", "user_43_sample_id_17", "user_16_sample_id_5", "user_151_sample_id_59", "user_173_sample_id_39"], "group_0": ["user_100_sample_id_27", "user_186_sample_id_22", "user_18_sample_id_29", "user_97_sample_id_64", "user_90_sample_id_47", "user_16_sample_id_69", "user_75_sample_id_67", "user_97_sample_id_7", "user_110_sample_id_55", "user_170_sample_id_70", "user_97_sample_id_9", "user_162_sample_id_54", "user_1_sample_id_15", "user_106_sample_id_75", "user_7_sample_id_61"], "group_2": ["user_100_sample_id_27", "user_179_sample_id_6", "user_100_sample_id_48", "user_66_sample_id_26", "user_102_sample_id_57", "user_18_sample_id_29", "user_40_sample_id_80", "user_90_sample_id_47", "user_6_sample_id_18", "user_190_sample_id_1", "user_162_sample_id_30", "user_138_sample_id_14", "user_61_sample_id_58", "user_68_sample_id_77", "user_43_sample_id_10", "user_97_sample_id_9", "user_135_sample_id_53", "user_1_sample_id_74", "user_149_sample_id_34", "user_16_sample_id_5", "user_38_sample_id_28", "user_59_sample_id_0", "user_151_sample_id_59"], "group_19": ["user_100_sample_id_27", "user_20_sample_id_37", "user_90_sample_id_32", "user_6_sample_id_18", "user_31_sample_id_51", "user_187_sample_id_24", "user_33_sample_id_38", "user_68_sample_id_77", "user_1_sample_id_15", "user_89_sample_id_41", "user_165_sample_id_36", "user_57_sample_id_46", "user_141_sample_id_63", "user_38_sample_id_28", "user_120_sample_id_12"], "group_9": ["user_51_sample_id_65", "user_143_sample_id_78", "user_29_sample_id_72", "user_66_sample_id_26", "user_6_sample_id_18", "user_190_sample_id_1", "user_75_sample_id_67", "user_163_sample_id_68", "user_32_sample_id_40", "user_3_sample_id_66", "user_48_sample_id_8", "user_128_sample_id_19", "user_43_sample_id_10", "user_190_sample_id_52", "user_182_sample_id_44", "user_10_sample_id_73", "user_145_sample_id_33", "user_154_sample_id_3", "user_43_sample_id_17", "user_110_sample_id_23", "user_106_sample_id_75", "user_59_sample_id_0", "user_173_sample_id_39"], "group_8": ["user_186_sample_id_22", "user_100_sample_id_48", "user_18_sample_id_29", "user_107_sample_id_50", "user_68_sample_id_35", "user_170_sample_id_70", "user_134_sample_id_62", "user_68_sample_id_77", "user_64_sample_id_45", "user_43_sample_id_17", "user_148_sample_id_25", "user_48_sample_id_76", "user_151_sample_id_59", "user_173_sample_id_39"], "group_16": ["user_186_sample_id_22", "user_5_sample_id_49", "user_40_sample_id_80", "user_6_sample_id_18", "user_107_sample_id_50", "user_3_sample_id_66", "user_48_sample_id_8", "user_104_sample_id_31", "user_190_sample_id_52", "user_26_sample_id_2", "user_97_sample_id_9", "user_162_sample_id_54", "user_154_sample_id_3", "user_89_sample_id_41", "user_135_sample_id_53", "user_57_sample_id_46", "user_106_sample_id_75", "user_148_sample_id_25", "user_7_sample_id_61"], "group_17": ["user_186_sample_id_22", "user_179_sample_id_6", "user_29_sample_id_72", "user_5_sample_id_49", "user_99_sample_id_60", "user_102_sample_id_57", "user_97_sample_id_64", "user_90_sample_id_47", "user_6_sample_id_18", "user_146_sample_id_20", "user_138_sample_id_14", "user_134_sample_id_62", "user_33_sample_id_38", "user_165_sample_id_36", "user_43_sample_id_17", "user_149_sample_id_34", "user_120_sample_id_12"], "group_13": ["user_179_sample_id_6", "user_99_sample_id_60", "user_66_sample_id_26", "user_102_sample_id_57", "user_16_sample_id_69", "user_162_sample_id_30", "user_107_sample_id_50", "user_146_sample_id_20", "user_190_sample_id_52", "user_182_sample_id_44", "user_145_sample_id_33", "user_1_sample_id_74", "user_57_sample_id_46", "user_195_sample_id_43"], "group_1": ["user_143_sample_id_78", "user_20_sample_id_37", "user_97_sample_id_64", "user_16_sample_id_69", "user_3_sample_id_42", "user_163_sample_id_68", "user_138_sample_id_14", "user_61_sample_id_58", "user_128_sample_id_19", "user_43_sample_id_10", "user_104_sample_id_31", "user_182_sample_id_44", "user_10_sample_id_73", "user_43_sample_id_17", "user_59_sample_id_0", "user_151_sample_id_59", "user_120_sample_id_12"]}, "group_data_store_edges": {"group_4": ["ds_22_sample_id_31", "ds_86_sample_id_131", "ds_38_sample_id_46", "ds_9_sample_id_65", "ds_68_sample_id_60", "ds_63_sample_id_7", "ds_50_sample_id_183", "ds_27_sample_id_55", "ds_94_sample_id_39", "ds_93_sample_id_106", "ds_22_sample_id_132", "ds_51_sample_id_182", "ds_63_sample_id_69", "ds_90_sample_id_176", "ds_17_sample_id_133", "ds_20_sample_id_187", "ds_88_sample_id_32", "ds_53_sample_id_145", "ds_38_sample_id_97", "ds_27_sample_id_73", "ds_2_sample_id_126", "ds_96_sample_id_186", "ds_80_sample_id_43", "ds_38_sample_id_118", "ds_95_sample_id_142", "ds_19_sample_id_38", "ds_88_sample_id_53", "ds_28_sample_id_80", "ds_40_sample_id_152", "ds_102_sample_id_111", "ds_22_sample_id_164", "ds_81_sample_id_169", "ds_2_sample_id_16", "ds_22_sample_id_70", "ds_85_sample_id_99", "ds_29_sample_id_175", "ds_11_sample_id_37", "ds_18_sample_id_116", "ds_2_sample_id_149", "ds_5_sample_id_13", "ds_94_sample_id_95", "ds_85_sample_id_159", "ds_47_sample_id_110", "ds_47_sample_id_74", "ds_25_sample_id_154", "ds_37_sample_id_88", "ds_19_sample_id_42", "ds_89_sample_id_171", "ds_8_sample_id_63", "ds_79_sample_id_45", "ds_93_sample_id_6", "ds_51_sample_id_35", "ds_74_sample_id_85", "ds_25_sample_id_180", "ds_91_sample_id_141"], "group_5": ["ds_22_sample_id_31", "ds_71_sample_id_51", "ds_38_sample_id_46", "ds_17_sample_id_129", "ds_72_sample_id_170", "ds_9_sample_id_65", "ds_17_sample_id_28", "ds_87_sample_id_20", "ds_87_sample_id_40", "ds_50_sample_id_183", "ds_27_sample_id_55", "ds_47_sample_id_56", "ds_6_sample_id_9", "ds_74_sample_id_143", "ds_32_sample_id_112", "ds_51_sample_id_182", "ds_59_sample_id_66", "ds_20_sample_id_187", "ds_77_sample_id_167", "ds_72_sample_id_165", "ds_4_sample_id_14", "ds_74_sample_id_101", "ds_20_sample_id_36", "ds_90_sample_id_67", "ds_2_sample_id_121", "ds_89_sample_id_160", "ds_95_sample_id_142", "ds_64_sample_id_108", "ds_37_sample_id_153", "ds_102_sample_id_111", "ds_61_sample_id_98", "ds_75_sample_id_147", "ds_6_sample_id_134", "ds_91_sample_id_109", "ds_56_sample_id_130", "ds_14_sample_id_86", "ds_96_sample_id_15", "ds_2_sample_id_16", "ds_11_sample_id_127", "ds_78_sample_id_150", "ds_29_sample_id_175", "ds_46_sample_id_113", "ds_100_sample_id_82", "ds_11_sample_id_37", "ds_2_sample_id_149", "ds_65_sample_id_184", "ds_9_sample_id_115", "ds_94_sample_id_95", "ds_47_sample_id_110", "ds_71_sample_id_158", "ds_17_sample_id_107", "ds_8_sample_id_173", "ds_25_sample_id_154", "ds_39_sample_id_103", "ds_6_sample_id_90", "ds_67_sample_id_190", "ds_69_sample_id_71", "ds_47_sample_id_148", "ds_12_sample_id_48", "ds_60_sample_id_151", "ds_25_sample_id_180", "ds_28_sample_id_58"], "group_6": ["ds_22_sample_id_31", "ds_86_sample_id_131", "ds_59_sample_id_59", "ds_38_sample_id_46", "ds_88_sample_id_125", "ds_72_sample_id_170", "ds_56_sample_id_144", "ds_68_sample_id_60", "ds_14_sample_id_72", "ds_87_sample_id_20", "ds_27_sample_id_55", "ds_43_sample_id_84", "ds_59_sample_id_49", "ds_22_sample_id_132", "ds_6_sample_id_9", "ds_93_sample_id_83", "ds_74_sample_id_143", "ds_14_sample_id_161", "ds_51_sample_id_182", "ds_94_sample_id_27", "ds_27_sample_id_91", "ds_48_sample_id_122", "ds_88_sample_id_32", "ds_63_sample_id_172", "ds_27_sample_id_73", "ds_50_sample_id_96", "ds_26_sample_id_79", "ds_67_sample_id_168", "ds_47_sample_id_128", "ds_20_sample_id_24", "ds_62_sample_id_140", "ds_80_sample_id_43", "ds_36_sample_id_25", "ds_28_sample_id_80", "ds_102_sample_id_64", "ds_102_sample_id_111", "ds_61_sample_id_98", "ds_92_sample_id_62", "ds_6_sample_id_134", "ds_64_sample_id_100", "ds_14_sample_id_86", "ds_60_sample_id_102", "ds_18_sample_id_146", "ds_85_sample_id_99", "ds_46_sample_id_113", "ds_11_sample_id_37", "ds_58_sample_id_124", "ds_9_sample_id_115", "ds_94_sample_id_95", "ds_47_sample_id_110", "ds_100_sample_id_93", "ds_90_sample_id_157", "ds_71_sample_id_158", "ds_14_sample_id_3", "ds_79_sample_id_47", "ds_69_sample_id_177", "ds_47_sample_id_148", "ds_12_sample_id_48", "ds_56_sample_id_76", "ds_8_sample_id_63", "ds_74_sample_id_41", "ds_80_sample_id_123", "ds_74_sample_id_104", "ds_28_sample_id_58", "ds_91_sample_id_141", "ds_11_sample_id_136"], "group_16": ["ds_22_sample_id_31", "ds_59_sample_id_59", "ds_62_sample_id_50", "ds_17_sample_id_129", "ds_41_sample_id_61", "ds_87_sample_id_40", "ds_86_sample_id_87", "ds_47_sample_id_56", "ds_6_sample_id_75", "ds_10_sample_id_163", "ds_89_sample_id_22", "ds_42_sample_id_0", "ds_20_sample_id_24", "ds_72_sample_id_33", "ds_90_sample_id_67", "ds_72_sample_id_23", "ds_95_sample_id_142", "ds_19_sample_id_38", "ds_102_sample_id_111", "ds_92_sample_id_62", "ds_16_sample_id_29", "ds_81_sample_id_169", "ds_22_sample_id_70", "ds_46_sample_id_113", "ds_6_sample_id_114", "ds_63_sample_id_135", "ds_58_sample_id_124", "ds_61_sample_id_30", "ds_39_sample_id_103", "ds_93_sample_id_52", "ds_67_sample_id_190", "ds_19_sample_id_42", "ds_47_sample_id_148", "ds_56_sample_id_138", "ds_74_sample_id_41", "ds_57_sample_id_18", "ds_40_sample_id_81", "ds_60_sample_id_151", "ds_11_sample_id_136"], "group_18": ["ds_22_sample_id_31", "ds_71_sample_id_51", "ds_62_sample_id_50", "ds_1_sample_id_78", "ds_87_sample_id_40", "ds_27_sample_id_55", "ds_0_sample_id_8", "ds_94_sample_id_39", "ds_22_sample_id_132", "ds_6_sample_id_9", "ds_32_sample_id_112", "ds_49_sample_id_189", "ds_90_sample_id_176", "ds_17_sample_id_133", "ds_27_sample_id_91", "ds_96_sample_id_120", "ds_10_sample_id_163", "ds_48_sample_id_122", "ds_88_sample_id_117", "ds_63_sample_id_172", "ds_77_sample_id_167", "ds_6_sample_id_12", "ds_38_sample_id_97", "ds_25_sample_id_185", "ds_89_sample_id_22", "ds_96_sample_id_186", "ds_67_sample_id_168", "ds_47_sample_id_128", "ds_74_sample_id_101", "ds_80_sample_id_43", "ds_90_sample_id_67", "ds_89_sample_id_160", "ds_64_sample_id_108", "ds_13_sample_id_155", "ds_19_sample_id_38", "ds_37_sample_id_153", "ds_28_sample_id_80", "ds_75_sample_id_147", "ds_22_sample_id_164", "ds_91_sample_id_109", "ds_16_sample_id_29", "ds_96_sample_id_15", "ds_81_sample_id_169", "ds_22_sample_id_70", "ds_78_sample_id_150", "ds_63_sample_id_135", "ds_58_sample_id_124", "ds_1_sample_id_89", "ds_65_sample_id_10", "ds_24_sample_id_92", "ds_47_sample_id_74", "ds_8_sample_id_173", "ds_79_sample_id_47", "ds_73_sample_id_162", "ds_27_sample_id_1", "ds_19_sample_id_42", "ds_56_sample_id_76", "ds_83_sample_id_174", "ds_8_sample_id_63", "ds_56_sample_id_138", "ds_79_sample_id_45", "ds_74_sample_id_104", "ds_73_sample_id_57", "ds_60_sample_id_151", "ds_33_sample_id_94"], "group_3": ["ds_86_sample_id_131", "ds_56_sample_id_144", "ds_0_sample_id_105", "ds_27_sample_id_55", "ds_43_sample_id_84", "ds_94_sample_id_39", "ds_93_sample_id_83", "ds_74_sample_id_143", "ds_32_sample_id_112", "ds_49_sample_id_189", "ds_51_sample_id_182", "ds_6_sample_id_75", "ds_27_sample_id_91", "ds_20_sample_id_187", "ds_88_sample_id_32", "ds_9_sample_id_4", "ds_72_sample_id_165", "ds_38_sample_id_97", "ds_50_sample_id_96", "ds_4_sample_id_14", "ds_42_sample_id_0", "ds_42_sample_id_181", "ds_13_sample_id_155", "ds_19_sample_id_38", "ds_88_sample_id_53", "ds_37_sample_id_153", "ds_36_sample_id_25", "ds_55_sample_id_137", "ds_102_sample_id_64", "ds_96_sample_id_178", "ds_64_sample_id_100", "ds_56_sample_id_130", "ds_14_sample_id_86", "ds_11_sample_id_127", "ds_65_sample_id_184", "ds_1_sample_id_89", "ds_9_sample_id_115", "ds_65_sample_id_10", "ds_90_sample_id_157", "ds_25_sample_id_154", "ds_87_sample_id_179", "ds_73_sample_id_162", "ds_83_sample_id_174", "ds_51_sample_id_35", "ds_73_sample_id_57", "ds_74_sample_id_85", "ds_25_sample_id_180", "ds_11_sample_id_136"], "group_12": ["ds_86_sample_id_131", "ds_59_sample_id_59", "ds_62_sample_id_50", "ds_9_sample_id_65", "ds_56_sample_id_144", "ds_68_sample_id_60", "ds_4_sample_id_21", "ds_87_sample_id_40", "ds_86_sample_id_87", "ds_94_sample_id_39", "ds_14_sample_id_161", "ds_94_sample_id_27", "ds_6_sample_id_75", "ds_89_sample_id_19", "ds_27_sample_id_91", "ds_12_sample_id_2", "ds_88_sample_id_117", "ds_53_sample_id_145", "ds_23_sample_id_156", "ds_6_sample_id_12", "ds_25_sample_id_185", "ds_42_sample_id_0", "ds_74_sample_id_101", "ds_42_sample_id_181", "ds_62_sample_id_140", "ds_64_sample_id_108", "ds_88_sample_id_53", "ds_55_sample_id_137", "ds_40_sample_id_152", "ds_6_sample_id_134", "ds_16_sample_id_29", "ds_22_sample_id_70", "ds_11_sample_id_127", "ds_100_sample_id_82", "ds_6_sample_id_114", "ds_18_sample_id_116", "ds_1_sample_id_89", "ds_94_sample_id_95", "ds_85_sample_id_159", "ds_92_sample_id_44", "ds_100_sample_id_93", "ds_90_sample_id_157", "ds_24_sample_id_92", "ds_47_sample_id_74", "ds_71_sample_id_158", "ds_87_sample_id_179", "ds_79_sample_id_47", "ds_93_sample_id_52", "ds_56_sample_id_76", "ds_93_sample_id_6", "ds_78_sample_id_68", "ds_73_sample_id_57", "ds_25_sample_id_180", "ds_28_sample_id_58", "ds_11_sample_id_136"], "group_13": ["ds_86_sample_id_131", "ds_71_sample_id_51", "ds_88_sample_id_125", "ds_63_sample_id_7", "ds_4_sample_id_21", "ds_28_sample_id_188", "ds_47_sample_id_56", "ds_14_sample_id_161", "ds_59_sample_id_66", "ds_12_sample_id_2", "ds_20_sample_id_187", "ds_69_sample_id_54", "ds_48_sample_id_122", "ds_6_sample_id_12", "ds_38_sample_id_97", "ds_27_sample_id_73", "ds_26_sample_id_79", "ds_2_sample_id_126", "ds_67_sample_id_168", "ds_20_sample_id_24", "ds_42_sample_id_181", "ds_62_sample_id_140", "ds_20_sample_id_36", "ds_72_sample_id_23", "ds_2_sample_id_121", "ds_88_sample_id_53", "ds_75_sample_id_147", "ds_22_sample_id_164", "ds_6_sample_id_134", "ds_18_sample_id_146", "ds_100_sample_id_82", "ds_5_sample_id_11", "ds_9_sample_id_115", "ds_47_sample_id_34", "ds_17_sample_id_107", "ds_14_sample_id_3", "ds_27_sample_id_1", "ds_12_sample_id_48", "ds_8_sample_id_63", "ds_56_sample_id_138", "ds_79_sample_id_45", "ds_27_sample_id_17", "ds_93_sample_id_6", "ds_97_sample_id_119"], "group_19": ["ds_86_sample_id_131", "ds_59_sample_id_59", "ds_17_sample_id_129", "ds_72_sample_id_170", "ds_68_sample_id_60", "ds_17_sample_id_28", "ds_1_sample_id_78", "ds_86_sample_id_87", "ds_50_sample_id_183", "ds_59_sample_id_49", "ds_28_sample_id_188", "ds_6_sample_id_9", "ds_49_sample_id_189", "ds_51_sample_id_182", "ds_63_sample_id_69", "ds_90_sample_id_176", "ds_27_sample_id_91", "ds_96_sample_id_120", "ds_10_sample_id_163", "ds_48_sample_id_122", "ds_88_sample_id_32", "ds_88_sample_id_117", "ds_77_sample_id_167", "ds_23_sample_id_156", "ds_26_sample_id_79", "ds_25_sample_id_185", "ds_96_sample_id_186", "ds_67_sample_id_168", "ds_47_sample_id_128", "ds_72_sample_id_33", "ds_90_sample_id_67", "ds_89_sample_id_160", "ds_64_sample_id_108", "ds_36_sample_id_25", "ds_102_sample_id_64", "ds_96_sample_id_178", "ds_92_sample_id_62", "ds_22_sample_id_164", "ds_64_sample_id_100", "ds_16_sample_id_29", "ds_96_sample_id_15", "ds_22_sample_id_70", "ds_11_sample_id_127", "ds_78_sample_id_150", "ds_29_sample_id_175", "ds_6_sample_id_114", "ds_5_sample_id_11", "ds_65_sample_id_184", "ds_5_sample_id_13", "ds_63_sample_id_135", "ds_58_sample_id_124", "ds_59_sample_id_5", "ds_92_sample_id_44", "ds_47_sample_id_110", "ds_100_sample_id_93", "ds_47_sample_id_34", "ds_61_sample_id_30", "ds_17_sample_id_107", "ds_14_sample_id_3", "ds_6_sample_id_90", "ds_73_sample_id_162", "ds_27_sample_id_1", "ds_69_sample_id_71", "ds_19_sample_id_42", "ds_47_sample_id_148", "ds_89_sample_id_171", "ds_56_sample_id_76", "ds_56_sample_id_138", "ds_79_sample_id_45", "ds_93_sample_id_6", "ds_97_sample_id_119", "ds_73_sample_id_57", "ds_74_sample_id_85", "ds_11_sample_id_136", "ds_33_sample_id_94"], "group_0": ["ds_59_sample_id_59", "ds_17_sample_id_129", "ds_72_sample_id_170", "ds_14_sample_id_72", "ds_1_sample_id_78", "ds_86_sample_id_87", "ds_94_sample_id_39", "ds_47_sample_id_56", "ds_59_sample_id_66", "ds_88_sample_id_32", "ds_88_sample_id_117", "ds_63_sample_id_172", "ds_77_sample_id_167", "ds_23_sample_id_156", "ds_38_sample_id_97", "ds_27_sample_id_73", "ds_96_sample_id_186", "ds_20_sample_id_24", "ds_2_sample_id_121", "ds_36_sample_id_25", "ds_96_sample_id_178", "ds_61_sample_id_98", "ds_75_sample_id_147", "ds_92_sample_id_62", "ds_70_sample_id_77", "ds_91_sample_id_109", "ds_14_sample_id_86", "ds_60_sample_id_102", "ds_18_sample_id_146", "ds_29_sample_id_175", "ds_46_sample_id_113", "ds_11_sample_id_37", "ds_18_sample_id_116", "ds_5_sample_id_11", "ds_65_sample_id_184", "ds_59_sample_id_5", "ds_85_sample_id_159", "ds_65_sample_id_10", "ds_100_sample_id_93", "ds_24_sample_id_92", "ds_47_sample_id_34", "ds_25_sample_id_154", "ds_39_sample_id_103", "ds_93_sample_id_52", "ds_67_sample_id_190", "ds_56_sample_id_76", "ds_56_sample_id_138", "ds_27_sample_id_17", "ds_78_sample_id_68", "ds_51_sample_id_35", "ds_73_sample_id_57", "ds_28_sample_id_58", "ds_11_sample_id_136", "ds_3_sample_id_139"], "group_14": ["ds_59_sample_id_59", "ds_72_sample_id_170", "ds_56_sample_id_144", "ds_68_sample_id_60", "ds_14_sample_id_72", "ds_50_sample_id_183", "ds_0_sample_id_8", "ds_28_sample_id_188", "ds_47_sample_id_56", "ds_6_sample_id_9", "ds_93_sample_id_83", "ds_17_sample_id_133", "ds_89_sample_id_19", "ds_59_sample_id_66", "ds_12_sample_id_2", "ds_69_sample_id_54", "ds_48_sample_id_122", "ds_88_sample_id_117", "ds_23_sample_id_156", "ds_6_sample_id_12", "ds_72_sample_id_165", "ds_50_sample_id_96", "ds_74_sample_id_101", "ds_80_sample_id_43", "ds_20_sample_id_36", "ds_38_sample_id_118", "ds_72_sample_id_23", "ds_89_sample_id_160", "ds_96_sample_id_178", "ds_61_sample_id_98", "ds_92_sample_id_62", "ds_22_sample_id_164", "ds_64_sample_id_100", "ds_56_sample_id_130", "ds_60_sample_id_102", "ds_85_sample_id_99", "ds_46_sample_id_113", "ds_100_sample_id_82", "ds_18_sample_id_116", "ds_5_sample_id_11", "ds_2_sample_id_149", "ds_5_sample_id_13", "ds_92_sample_id_44", "ds_47_sample_id_34", "ds_17_sample_id_107", "ds_37_sample_id_88", "ds_6_sample_id_90", "ds_93_sample_id_52", "ds_73_sample_id_162", "ds_67_sample_id_190", "ds_12_sample_id_48", "ds_56_sample_id_76", "ds_74_sample_id_41", "ds_79_sample_id_45", "ds_80_sample_id_123", "ds_27_sample_id_17", "ds_78_sample_id_68", "ds_51_sample_id_35", "ds_97_sample_id_119", "ds_25_sample_id_180", "ds_91_sample_id_141"], "group_17": ["ds_71_sample_id_51", "ds_68_sample_id_60", "ds_0_sample_id_105", "ds_14_sample_id_72", "ds_41_sample_id_61", "ds_4_sample_id_21", "ds_86_sample_id_87", "ds_93_sample_id_106", "ds_28_sample_id_188", "ds_47_sample_id_56", "ds_22_sample_id_132", "ds_14_sample_id_161", "ds_20_sample_id_187", "ds_63_sample_id_172", "ds_53_sample_id_145", "ds_27_sample_id_73", "ds_50_sample_id_96", "ds_89_sample_id_22", "ds_20_sample_id_24", "ds_20_sample_id_36", "ds_38_sample_id_118", "ds_95_sample_id_142", "ds_37_sample_id_153", "ds_102_sample_id_111", "ds_6_sample_id_134", "ds_16_sample_id_29", "ds_81_sample_id_169", "ds_85_sample_id_99", "ds_6_sample_id_114", "ds_11_sample_id_37", "ds_18_sample_id_116", "ds_65_sample_id_184", "ds_59_sample_id_5", "ds_85_sample_id_159", "ds_90_sample_id_157", "ds_24_sample_id_92", "ds_47_sample_id_74", "ds_8_sample_id_173", "ds_37_sample_id_88", "ds_73_sample_id_162", "ds_56_sample_id_76", "ds_8_sample_id_63", "ds_74_sample_id_41", "ds_51_sample_id_35", "ds_40_sample_id_81", "ds_91_sample_id_141", "ds_33_sample_id_94"], "group_2": ["ds_62_sample_id_50", "ds_38_sample_id_46", "ds_56_sample_id_144", "ds_63_sample_id_7", "ds_3_sample_id_26", "ds_4_sample_id_21", "ds_87_sample_id_40", "ds_0_sample_id_8", "ds_22_sample_id_132", "ds_93_sample_id_83", "ds_14_sample_id_161", "ds_94_sample_id_27", "ds_89_sample_id_19", "ds_96_sample_id_120", "ds_20_sample_id_187", "ds_69_sample_id_54", "ds_48_sample_id_122", "ds_88_sample_id_32", "ds_63_sample_id_172", "ds_9_sample_id_4", "ds_50_sample_id_96", "ds_2_sample_id_126", "ds_67_sample_id_168", "ds_20_sample_id_24", "ds_20_sample_id_36", "ds_17_sample_id_166", "ds_36_sample_id_25", "ds_28_sample_id_80", "ds_102_sample_id_111", "ds_61_sample_id_98", "ds_75_sample_id_147", "ds_70_sample_id_77", "ds_2_sample_id_16", "ds_18_sample_id_146", "ds_78_sample_id_150", "ds_5_sample_id_13", "ds_1_sample_id_89", "ds_94_sample_id_95", "ds_47_sample_id_110", "ds_47_sample_id_34", "ds_87_sample_id_179", "ds_37_sample_id_88", "ds_79_sample_id_47", "ds_69_sample_id_177", "ds_27_sample_id_1", "ds_19_sample_id_42", "ds_89_sample_id_171", "ds_83_sample_id_174", "ds_74_sample_id_41", "ds_27_sample_id_17", "ds_40_sample_id_81", "ds_91_sample_id_141", "ds_33_sample_id_94"], "group_7": ["ds_38_sample_id_46", "ds_17_sample_id_129", "ds_9_sample_id_65", "ds_56_sample_id_144", "ds_17_sample_id_28", "ds_14_sample_id_72", "ds_87_sample_id_20", "ds_41_sample_id_61", "ds_4_sample_id_21", "ds_1_sample_id_78", "ds_27_sample_id_55", "ds_43_sample_id_84", "ds_49_sample_id_189", "ds_51_sample_id_182", "ds_63_sample_id_69", "ds_90_sample_id_176", "ds_94_sample_id_27", "ds_17_sample_id_133", "ds_59_sample_id_66", "ds_12_sample_id_2", "ds_9_sample_id_4", "ds_6_sample_id_12", "ds_27_sample_id_73", "ds_89_sample_id_22", "ds_42_sample_id_0", "ds_20_sample_id_24", "ds_72_sample_id_33", "ds_72_sample_id_23", "ds_89_sample_id_160", "ds_95_sample_id_142", "ds_37_sample_id_153", "ds_36_sample_id_25", "ds_40_sample_id_152", "ds_92_sample_id_62", "ds_64_sample_id_100", "ds_22_sample_id_70", "ds_11_sample_id_127", "ds_85_sample_id_99", "ds_29_sample_id_175", "ds_100_sample_id_82", "ds_5_sample_id_11", "ds_9_sample_id_115", "ds_65_sample_id_10", "ds_47_sample_id_110", "ds_17_sample_id_107", "ds_87_sample_id_179", "ds_79_sample_id_47", "ds_69_sample_id_177", "ds_27_sample_id_1", "ds_69_sample_id_71", "ds_19_sample_id_42", "ds_47_sample_id_148", "ds_83_sample_id_174", "ds_8_sample_id_63", "ds_27_sample_id_17", "ds_93_sample_id_6", "ds_97_sample_id_119", "ds_28_sample_id_58", "ds_91_sample_id_141"], "group_11": ["ds_17_sample_id_129", "ds_9_sample_id_65", "ds_17_sample_id_28", "ds_14_sample_id_72", "ds_41_sample_id_61", "ds_63_sample_id_7", "ds_4_sample_id_21", "ds_1_sample_id_78", "ds_43_sample_id_84", "ds_59_sample_id_49", "ds_93_sample_id_106", "ds_14_sample_id_161", "ds_17_sample_id_133", "ds_89_sample_id_19", "ds_10_sample_id_163", "ds_88_sample_id_117", "ds_23_sample_id_156", "ds_72_sample_id_165", "ds_67_sample_id_168", "ds_42_sample_id_0", "ds_47_sample_id_128", "ds_62_sample_id_140", "ds_38_sample_id_118", "ds_90_sample_id_67", "ds_17_sample_id_166", "ds_2_sample_id_121", "ds_102_sample_id_64", "ds_40_sample_id_152", "ds_102_sample_id_111", "ds_70_sample_id_77", "ds_56_sample_id_130", "ds_2_sample_id_16", "ds_78_sample_id_150", "ds_85_sample_id_99", "ds_100_sample_id_82", "ds_5_sample_id_11", "ds_2_sample_id_149", "ds_47_sample_id_34", "ds_71_sample_id_158", "ds_25_sample_id_154", "ds_14_sample_id_3", "ds_93_sample_id_52", "ds_73_sample_id_162", "ds_67_sample_id_190", "ds_89_sample_id_171", "ds_56_sample_id_76", "ds_79_sample_id_45", "ds_40_sample_id_81", "ds_60_sample_id_151", "ds_11_sample_id_136", "ds_33_sample_id_94"], "group_15": ["ds_17_sample_id_129", "ds_88_sample_id_125", "ds_17_sample_id_28", "ds_87_sample_id_20", "ds_41_sample_id_61", "ds_3_sample_id_26", "ds_50_sample_id_183", "ds_94_sample_id_39", "ds_59_sample_id_49", "ds_47_sample_id_56", "ds_74_sample_id_143", "ds_49_sample_id_189", "ds_63_sample_id_69", "ds_90_sample_id_176", "ds_96_sample_id_120", "ds_10_sample_id_163", "ds_12_sample_id_2", "ds_53_sample_id_145", "ds_9_sample_id_4", "ds_47_sample_id_128", "ds_74_sample_id_101", "ds_42_sample_id_181", "ds_90_sample_id_67", "ds_17_sample_id_166", "ds_89_sample_id_160", "ds_13_sample_id_155", "ds_88_sample_id_53", "ds_70_sample_id_77", "ds_22_sample_id_164", "ds_91_sample_id_109", "ds_16_sample_id_29", "ds_18_sample_id_146", "ds_100_sample_id_82", "ds_5_sample_id_13", "ds_58_sample_id_124", "ds_59_sample_id_5", "ds_65_sample_id_10", "ds_100_sample_id_93", "ds_47_sample_id_74", "ds_39_sample_id_103", "ds_73_sample_id_162", "ds_27_sample_id_1", "ds_69_sample_id_71", "ds_89_sample_id_171", "ds_12_sample_id_48", "ds_74_sample_id_41", "ds_27_sample_id_17", "ds_74_sample_id_104", "ds_51_sample_id_35", "ds_74_sample_id_85"], "group_8": ["ds_88_sample_id_125", "ds_56_sample_id_144", "ds_68_sample_id_60", "ds_87_sample_id_20", "ds_1_sample_id_78", "ds_94_sample_id_39", "ds_59_sample_id_49", "ds_28_sample_id_188", "ds_47_sample_id_56", "ds_32_sample_id_112", "ds_49_sample_id_189", "ds_63_sample_id_69", "ds_27_sample_id_91", "ds_59_sample_id_66", "ds_20_sample_id_187", "ds_88_sample_id_117", "ds_23_sample_id_156", "ds_72_sample_id_165", "ds_38_sample_id_97", "ds_50_sample_id_96", "ds_4_sample_id_14", "ds_47_sample_id_128", "ds_42_sample_id_181", "ds_62_sample_id_140", "ds_20_sample_id_36", "ds_90_sample_id_67", "ds_72_sample_id_23", "ds_88_sample_id_53", "ds_36_sample_id_25", "ds_55_sample_id_137", "ds_61_sample_id_98", "ds_75_sample_id_147", "ds_70_sample_id_77", "ds_91_sample_id_109", "ds_64_sample_id_100", "ds_56_sample_id_130", "ds_14_sample_id_86", "ds_96_sample_id_15", "ds_18_sample_id_146", "ds_11_sample_id_127", "ds_6_sample_id_114", "ds_63_sample_id_135", "ds_92_sample_id_44", "ds_65_sample_id_10", "ds_100_sample_id_93", "ds_24_sample_id_92", "ds_47_sample_id_74", "ds_17_sample_id_107", "ds_8_sample_id_173", "ds_6_sample_id_90", "ds_93_sample_id_52", "ds_69_sample_id_177", "ds_67_sample_id_190", "ds_19_sample_id_42", "ds_47_sample_id_148", "ds_83_sample_id_174", "ds_8_sample_id_63", "ds_56_sample_id_138", "ds_51_sample_id_35", "ds_73_sample_id_57", "ds_40_sample_id_81", "ds_28_sample_id_58"], "group_1": ["ds_72_sample_id_170", "ds_68_sample_id_60", "ds_50_sample_id_183", "ds_94_sample_id_39", "ds_22_sample_id_132", "ds_93_sample_id_83", "ds_17_sample_id_133", "ds_96_sample_id_120", "ds_63_sample_id_172", "ds_53_sample_id_145", "ds_27_sample_id_73", "ds_25_sample_id_185", "ds_96_sample_id_186", "ds_4_sample_id_14", "ds_74_sample_id_101", "ds_42_sample_id_181", "ds_72_sample_id_33", "ds_17_sample_id_166", "ds_2_sample_id_121", "ds_95_sample_id_142", "ds_19_sample_id_38", "ds_88_sample_id_53", "ds_40_sample_id_152", "ds_70_sample_id_77", "ds_96_sample_id_15", "ds_81_sample_id_169", "ds_2_sample_id_16", "ds_60_sample_id_102", "ds_18_sample_id_146", "ds_11_sample_id_127", "ds_85_sample_id_99", "ds_65_sample_id_184", "ds_63_sample_id_135", "ds_94_sample_id_95", "ds_85_sample_id_159", "ds_100_sample_id_93", "ds_90_sample_id_157", "ds_61_sample_id_30", "ds_87_sample_id_179", "ds_37_sample_id_88", "ds_6_sample_id_90", "ds_69_sample_id_71", "ds_12_sample_id_48", "ds_56_sample_id_138", "ds_80_sample_id_123", "ds_57_sample_id_18", "ds_40_sample_id_81", "ds_74_sample_id_85", "ds_25_sample_id_180", "ds_91_sample_id_141"], "group_10": ["ds_14_sample_id_72", "ds_87_sample_id_20", "ds_1_sample_id_78", "ds_86_sample_id_87", "ds_43_sample_id_84", "ds_32_sample_id_112", "ds_63_sample_id_69", "ds_94_sample_id_27", "ds_89_sample_id_19", "ds_27_sample_id_91", "ds_96_sample_id_120", "ds_10_sample_id_163", "ds_12_sample_id_2", "ds_9_sample_id_4", "ds_6_sample_id_12", "ds_26_sample_id_79", "ds_25_sample_id_185", "ds_89_sample_id_22", "ds_96_sample_id_186", "ds_4_sample_id_14", "ds_47_sample_id_128", "ds_72_sample_id_33", "ds_38_sample_id_118", "ds_89_sample_id_160", "ds_13_sample_id_155", "ds_55_sample_id_137", "ds_40_sample_id_152", "ds_75_sample_id_147", "ds_6_sample_id_134", "ds_60_sample_id_102", "ds_6_sample_id_114", "ds_18_sample_id_116", "ds_2_sample_id_149", "ds_92_sample_id_44", "ds_90_sample_id_157", "ds_8_sample_id_173", "ds_39_sample_id_103", "ds_69_sample_id_177", "ds_89_sample_id_171", "ds_80_sample_id_123", "ds_40_sample_id_81"], "group_9": ["ds_63_sample_id_7", "ds_50_sample_id_183", "ds_93_sample_id_106", "ds_28_sample_id_188", "ds_6_sample_id_75", "ds_69_sample_id_54", "ds_53_sample_id_145", "ds_77_sample_id_167", "ds_50_sample_id_96", "ds_25_sample_id_185", "ds_80_sample_id_43", "ds_20_sample_id_36", "ds_72_sample_id_23", "ds_17_sample_id_166", "ds_89_sample_id_160", "ds_64_sample_id_108", "ds_37_sample_id_153", "ds_55_sample_id_137", "ds_96_sample_id_178", "ds_92_sample_id_62", "ds_96_sample_id_15", "ds_22_sample_id_70", "ds_29_sample_id_175", "ds_18_sample_id_116", "ds_58_sample_id_124", "ds_9_sample_id_115", "ds_59_sample_id_5", "ds_92_sample_id_44", "ds_24_sample_id_92", "ds_61_sample_id_30", "ds_17_sample_id_107", "ds_8_sample_id_173", "ds_14_sample_id_3", "ds_80_sample_id_123", "ds_78_sample_id_68", "ds_97_sample_id_119", "ds_3_sample_id_139"]}}