{"user_group_edges": {"group_0": ["user_185_sample_id_25", "user_72_sample_id_30", "user_96_sample_id_37", "user_196_sample_id_28", "user_97_sample_id_35", "user_187_sample_id_31"], "group_2": ["user_185_sample_id_25", "user_84_sample_id_6", "user_53_sample_id_7", "user_187_sample_id_19", "user_199_sample_id_36", "user_96_sample_id_37", "user_9_sample_id_17"], "group_6": ["user_185_sample_id_25", "user_83_sample_id_29", "user_63_sample_id_27", "user_139_sample_id_21", "user_97_sample_id_35", "user_78_sample_id_16"], "group_8": ["user_83_sample_id_29", "user_187_sample_id_19", "user_111_sample_id_11", "user_130_sample_id_1"], "group_10": ["user_83_sample_id_29", "user_25_sample_id_23", "user_91_sample_id_18", "user_139_sample_id_21", "user_76_sample_id_2"], "group_7": ["user_190_sample_id_10", "user_20_sample_id_34", "user_196_sample_id_28", "user_146_sample_id_9", "user_97_sample_id_35", "user_34_sample_id_8", "user_130_sample_id_1", "user_76_sample_id_2"], "group_11": ["user_190_sample_id_10", "user_63_sample_id_27", "user_64_sample_id_24", "user_9_sample_id_17"], "group_14": ["user_190_sample_id_10", "user_29_sample_id_33", "user_199_sample_id_36", "user_29_sample_id_13", "user_139_sample_id_21", "user_55_sample_id_26", "user_48_sample_id_0", "user_187_sample_id_31"], "group_17": ["user_190_sample_id_10", "user_33_sample_id_14", "user_53_sample_id_7", "user_29_sample_id_13", "user_14_sample_id_20"], "group_18": ["user_33_sample_id_14", "user_72_sample_id_30", "user_180_sample_id_22", "user_76_sample_id_2"], "group_16": ["user_84_sample_id_6", "user_63_sample_id_27", "user_199_sample_id_36", "user_147_sample_id_12", "user_20_sample_id_34", "user_3_sample_id_5"], "group_1": ["user_53_sample_id_7", "user_105_sample_id_3", "user_147_sample_id_12", "user_14_sample_id_4", "user_55_sample_id_26", "user_34_sample_id_8", "user_187_sample_id_31"], "group_5": ["user_187_sample_id_19", "user_199_sample_id_36", "user_180_sample_id_22", "user_64_sample_id_24", "user_48_sample_id_0"], "group_19": ["user_29_sample_id_33", "user_96_sample_id_37", "user_196_sample_id_28", "user_55_sample_id_26", "user_111_sample_id_11"], "group_9": ["user_63_sample_id_27", "user_72_sample_id_30", "user_29_sample_id_13", "user_25_sample_id_23", "user_146_sample_id_9", "user_14_sample_id_20", "user_48_sample_id_0", "user_3_sample_id_5"], "group_13": ["user_199_sample_id_36", "user_20_sample_id_34", "user_14_sample_id_4", "user_91_sample_id_18", "user_146_sample_id_9"], "group_15": ["user_72_sample_id_30", "user_25_sample_id_23", "user_14_sample_id_20", "user_111_sample_id_11", "user_34_sample_id_8", "user_78_sample_id_16", "user_117_sample_id_15"], "group_3": ["user_105_sample_id_3", "user_147_sample_id_12", "user_55_sample_id_32", "user_139_sample_id_21", "user_111_sample_id_11", "user_9_sample_id_17"], "group_4": ["user_105_sample_id_3", "user_55_sample_id_32", "user_14_sample_id_4", "user_64_sample_id_24", "user_14_sample_id_20", "user_97_sample_id_35", "user_130_sample_id_1", "user_117_sample_id_15"], "group_12": ["user_55_sample_id_32", "user_48_sample_id_0", "user_3_sample_id_5", "user_34_sample_id_8", "user_187_sample_id_31", "user_78_sample_id_16"]}, "group_data_store_edges": {"group_0": ["ds_62_sample_id_50", "ds_83_sample_id_60", "ds_98_sample_id_3", "ds_49_sample_id_12", "ds_25_sample_id_65", "ds_82_sample_id_111", "ds_95_sample_id_76", "ds_3_sample_id_8", "ds_23_sample_id_78", "ds_77_sample_id_74", "ds_15_sample_id_48", "ds_82_sample_id_31", "ds_1_sample_id_10", "ds_24_sample_id_33", "ds_86_sample_id_36", "ds_100_sample_id_30", "ds_22_sample_id_87", "ds_83_sample_id_28", "ds_33_sample_id_102", "ds_4_sample_id_58", "ds_69_sample_id_106", "ds_33_sample_id_32", "ds_101_sample_id_113", "ds_80_sample_id_14", "ds_54_sample_id_85", "ds_30_sample_id_117", "ds_7_sample_id_81", "ds_37_sample_id_72", "ds_30_sample_id_109"], "group_1": ["ds_62_sample_id_50", "ds_22_sample_id_83", "ds_84_sample_id_24", "ds_27_sample_id_53", "ds_77_sample_id_74", "ds_80_sample_id_11", "ds_82_sample_id_31", "ds_100_sample_id_43", "ds_74_sample_id_91", "ds_36_sample_id_25", "ds_88_sample_id_98", "ds_27_sample_id_67", "ds_14_sample_id_96", "ds_33_sample_id_32", "ds_78_sample_id_13", "ds_39_sample_id_68", "ds_16_sample_id_6", "ds_49_sample_id_41", "ds_45_sample_id_71", "ds_31_sample_id_4", "ds_46_sample_id_26"], "group_2": ["ds_62_sample_id_50", "ds_75_sample_id_105", "ds_71_sample_id_69", "ds_55_sample_id_70", "ds_91_sample_id_77", "ds_61_sample_id_59", "ds_95_sample_id_76", "ds_27_sample_id_53", "ds_15_sample_id_94", "ds_88_sample_id_15", "ds_80_sample_id_11", "ds_38_sample_id_97", "ds_52_sample_id_52", "ds_1_sample_id_10", "ds_86_sample_id_36", "ds_19_sample_id_18", "ds_100_sample_id_30", "ds_30_sample_id_99", "ds_83_sample_id_19", "ds_54_sample_id_2", "ds_18_sample_id_51", "ds_80_sample_id_37", "ds_100_sample_id_1", "ds_10_sample_id_47", "ds_36_sample_id_61", "ds_55_sample_id_7", "ds_7_sample_id_81", "ds_69_sample_id_5", "ds_16_sample_id_38", "ds_46_sample_id_26"], "group_3": ["ds_62_sample_id_50", "ds_53_sample_id_64", "ds_13_sample_id_107", "ds_68_sample_id_45", "ds_54_sample_id_27", "ds_28_sample_id_114", "ds_24_sample_id_33", "ds_86_sample_id_36", "ds_22_sample_id_87", "ds_30_sample_id_99", "ds_83_sample_id_28", "ds_97_sample_id_9", "ds_89_sample_id_56", "ds_2_sample_id_42", "ds_27_sample_id_67", "ds_84_sample_id_29", "ds_9_sample_id_22", "ds_38_sample_id_95", "ds_49_sample_id_41", "ds_7_sample_id_81", "ds_23_sample_id_89"], "group_16": ["ds_62_sample_id_50", "ds_71_sample_id_69", "ds_23_sample_id_78", "ds_77_sample_id_74", "ds_15_sample_id_48", "ds_24_sample_id_33", "ds_86_sample_id_36", "ds_12_sample_id_103", "ds_22_sample_id_87", "ds_30_sample_id_99", "ds_89_sample_id_56", "ds_17_sample_id_93", "ds_54_sample_id_2", "ds_94_sample_id_0", "ds_63_sample_id_75", "ds_98_sample_id_115", "ds_80_sample_id_34", "ds_30_sample_id_23", "ds_23_sample_id_57", "ds_14_sample_id_96", "ds_95_sample_id_16", "ds_92_sample_id_116", "ds_54_sample_id_85", "ds_16_sample_id_6", "ds_29_sample_id_100", "ds_37_sample_id_72", "ds_87_sample_id_21", "ds_46_sample_id_26", "ds_23_sample_id_89", "ds_64_sample_id_35"], "group_19": ["ds_62_sample_id_50", "ds_100_sample_id_17", "ds_75_sample_id_105", "ds_71_sample_id_69", "ds_98_sample_id_3", "ds_55_sample_id_70", "ds_23_sample_id_78", "ds_96_sample_id_73", "ds_88_sample_id_15", "ds_77_sample_id_74", "ds_15_sample_id_48", "ds_54_sample_id_27", "ds_19_sample_id_18", "ds_100_sample_id_43", "ds_74_sample_id_91", "ds_36_sample_id_25", "ds_22_sample_id_87", "ds_27_sample_id_67", "ds_19_sample_id_84", "ds_94_sample_id_0", "ds_63_sample_id_75", "ds_84_sample_id_29", "ds_80_sample_id_37", "ds_2_sample_id_54", "ds_23_sample_id_57", "ds_38_sample_id_95", "ds_100_sample_id_1", "ds_33_sample_id_32", "ds_92_sample_id_116", "ds_80_sample_id_14", "ds_16_sample_id_6", "ds_55_sample_id_7", "ds_45_sample_id_71", "ds_63_sample_id_110", "ds_10_sample_id_92", "ds_18_sample_id_46", "ds_46_sample_id_26", "ds_23_sample_id_89", "ds_64_sample_id_35"], "group_5": ["ds_49_sample_id_39", "ds_24_sample_id_86", "ds_98_sample_id_3", "ds_55_sample_id_70", "ds_38_sample_id_104", "ds_36_sample_id_62", "ds_61_sample_id_59", "ds_82_sample_id_111", "ds_9_sample_id_88", "ds_19_sample_id_18", "ds_88_sample_id_98", "ds_30_sample_id_99", "ds_31_sample_id_44", "ds_80_sample_id_34", "ds_71_sample_id_79", "ds_9_sample_id_22", "ds_30_sample_id_23", "ds_101_sample_id_113", "ds_78_sample_id_13", "ds_39_sample_id_68", "ds_80_sample_id_14", "ds_10_sample_id_47", "ds_45_sample_id_71", "ds_63_sample_id_110", "ds_31_sample_id_4", "ds_37_sample_id_72", "ds_64_sample_id_35"], "group_8": ["ds_49_sample_id_39", "ds_22_sample_id_83", "ds_75_sample_id_105", "ds_71_sample_id_69", "ds_24_sample_id_86", "ds_38_sample_id_104", "ds_13_sample_id_107", "ds_5_sample_id_112", "ds_27_sample_id_53", "ds_3_sample_id_8", "ds_80_sample_id_11", "ds_1_sample_id_10", "ds_86_sample_id_36", "ds_100_sample_id_30", "ds_74_sample_id_91", "ds_36_sample_id_25", "ds_41_sample_id_49", "ds_83_sample_id_19", "ds_89_sample_id_56", "ds_18_sample_id_51", "ds_63_sample_id_75", "ds_98_sample_id_115", "ds_30_sample_id_23", "ds_60_sample_id_101", "ds_81_sample_id_80", "ds_100_sample_id_1", "ds_10_sample_id_108", "ds_33_sample_id_32", "ds_95_sample_id_16", "ds_39_sample_id_68", "ds_29_sample_id_100", "ds_10_sample_id_92", "ds_31_sample_id_4", "ds_16_sample_id_38", "ds_46_sample_id_26", "ds_23_sample_id_89"], "group_9": ["ds_49_sample_id_39", "ds_55_sample_id_66", "ds_84_sample_id_24", "ds_55_sample_id_70", "ds_53_sample_id_64", "ds_13_sample_id_107", "ds_82_sample_id_111", "ds_96_sample_id_73", "ds_15_sample_id_48", "ds_1_sample_id_10", "ds_24_sample_id_33", "ds_100_sample_id_30", "ds_83_sample_id_19", "ds_89_sample_id_56", "ds_54_sample_id_2", "ds_100_sample_id_40", "ds_78_sample_id_13", "ds_16_sample_id_6", "ds_30_sample_id_117", "ds_30_sample_id_109"], "group_17": ["ds_49_sample_id_39", "ds_22_sample_id_83", "ds_100_sample_id_17", "ds_84_sample_id_24", "ds_24_sample_id_86", "ds_38_sample_id_104", "ds_53_sample_id_64", "ds_13_sample_id_107", "ds_82_sample_id_111", "ds_15_sample_id_94", "ds_96_sample_id_73", "ds_80_sample_id_11", "ds_68_sample_id_45", "ds_15_sample_id_48", "ds_62_sample_id_20", "ds_86_sample_id_36", "ds_100_sample_id_43", "ds_88_sample_id_98", "ds_41_sample_id_49", "ds_83_sample_id_19", "ds_33_sample_id_102", "ds_4_sample_id_58", "ds_89_sample_id_56", "ds_17_sample_id_93", "ds_69_sample_id_106", "ds_54_sample_id_2", "ds_80_sample_id_34", "ds_30_sample_id_23", "ds_60_sample_id_101", "ds_38_sample_id_95", "ds_10_sample_id_108", "ds_14_sample_id_96", "ds_80_sample_id_14", "ds_29_sample_id_100", "ds_49_sample_id_41", "ds_55_sample_id_7", "ds_7_sample_id_81", "ds_87_sample_id_21", "ds_46_sample_id_26"], "group_10": ["ds_22_sample_id_83", "ds_25_sample_id_65", "ds_15_sample_id_94", "ds_96_sample_id_73", "ds_54_sample_id_27", "ds_1_sample_id_10", "ds_24_sample_id_33", "ds_86_sample_id_36", "ds_19_sample_id_18", "ds_74_sample_id_91", "ds_30_sample_id_99", "ds_2_sample_id_42", "ds_18_sample_id_51", "ds_19_sample_id_84", "ds_98_sample_id_115", "ds_80_sample_id_37", "ds_10_sample_id_108", "ds_10_sample_id_55", "ds_101_sample_id_113", "ds_54_sample_id_85", "ds_30_sample_id_117", "ds_63_sample_id_110", "ds_69_sample_id_5", "ds_64_sample_id_35", "ds_28_sample_id_90"], "group_12": ["ds_22_sample_id_83", "ds_75_sample_id_105", "ds_24_sample_id_86", "ds_38_sample_id_104", "ds_53_sample_id_64", "ds_82_sample_id_111", "ds_3_sample_id_8", "ds_80_sample_id_11", "ds_68_sample_id_45", "ds_38_sample_id_97", "ds_28_sample_id_114", "ds_19_sample_id_18", "ds_100_sample_id_30", "ds_74_sample_id_91", "ds_36_sample_id_25", "ds_83_sample_id_28", "ds_4_sample_id_58", "ds_89_sample_id_56", "ds_17_sample_id_93", "ds_48_sample_id_63", "ds_19_sample_id_84", "ds_98_sample_id_115", "ds_9_sample_id_22", "ds_81_sample_id_80", "ds_33_sample_id_32", "ds_101_sample_id_113", "ds_92_sample_id_116", "ds_80_sample_id_14", "ds_54_sample_id_85", "ds_10_sample_id_47", "ds_37_sample_id_72", "ds_16_sample_id_38"], "group_6": ["ds_100_sample_id_17", "ds_83_sample_id_60", "ds_49_sample_id_12", "ds_86_sample_id_36", "ds_12_sample_id_103", "ds_30_sample_id_99", "ds_69_sample_id_106", "ds_54_sample_id_2", "ds_31_sample_id_44", "ds_2_sample_id_54", "ds_38_sample_id_95", "ds_81_sample_id_80", "ds_10_sample_id_108", "ds_14_sample_id_96", "ds_29_sample_id_100", "ds_10_sample_id_92", "ds_30_sample_id_109", "ds_23_sample_id_89"], "group_13": ["ds_100_sample_id_17", "ds_55_sample_id_66", "ds_83_sample_id_60", "ds_24_sample_id_86", "ds_55_sample_id_70", "ds_38_sample_id_104", "ds_13_sample_id_107", "ds_91_sample_id_77", "ds_61_sample_id_59", "ds_25_sample_id_65", "ds_15_sample_id_94", "ds_80_sample_id_11", "ds_9_sample_id_88", "ds_54_sample_id_27", "ds_82_sample_id_31", "ds_28_sample_id_114", "ds_30_sample_id_99", "ds_33_sample_id_102", "ds_97_sample_id_9", "ds_17_sample_id_93", "ds_48_sample_id_63", "ds_19_sample_id_84", "ds_100_sample_id_40", "ds_71_sample_id_79", "ds_9_sample_id_22", "ds_100_sample_id_1", "ds_10_sample_id_55", "ds_78_sample_id_13", "ds_95_sample_id_16", "ds_16_sample_id_6", "ds_45_sample_id_71", "ds_10_sample_id_92", "ds_31_sample_id_4", "ds_37_sample_id_72", "ds_16_sample_id_38", "ds_18_sample_id_46", "ds_46_sample_id_26"], "group_18": ["ds_100_sample_id_17", "ds_84_sample_id_24", "ds_71_sample_id_69", "ds_55_sample_id_70", "ds_91_sample_id_77", "ds_61_sample_id_59", "ds_82_sample_id_111", "ds_27_sample_id_53", "ds_15_sample_id_94", "ds_23_sample_id_78", "ds_77_sample_id_74", "ds_62_sample_id_20", "ds_25_sample_id_82", "ds_28_sample_id_114", "ds_24_sample_id_33", "ds_83_sample_id_28", "ds_97_sample_id_9", "ds_4_sample_id_58", "ds_48_sample_id_63", "ds_98_sample_id_115", "ds_71_sample_id_79", "ds_84_sample_id_29", "ds_80_sample_id_37", "ds_60_sample_id_101", "ds_100_sample_id_1", "ds_101_sample_id_113", "ds_54_sample_id_85", "ds_45_sample_id_71", "ds_7_sample_id_81", "ds_10_sample_id_92", "ds_37_sample_id_72", "ds_87_sample_id_21"], "group_11": ["ds_55_sample_id_66", "ds_83_sample_id_60", "ds_98_sample_id_3", "ds_38_sample_id_104", "ds_13_sample_id_107", "ds_61_sample_id_59", "ds_96_sample_id_73", "ds_88_sample_id_15", "ds_52_sample_id_52", "ds_54_sample_id_27", "ds_19_sample_id_18", "ds_33_sample_id_102", "ds_48_sample_id_63", "ds_94_sample_id_0", "ds_84_sample_id_29", "ds_9_sample_id_22", "ds_80_sample_id_37", "ds_2_sample_id_54", "ds_30_sample_id_23", "ds_60_sample_id_101", "ds_10_sample_id_108", "ds_10_sample_id_55", "ds_14_sample_id_96", "ds_95_sample_id_16", "ds_30_sample_id_117", "ds_36_sample_id_61", "ds_55_sample_id_7", "ds_37_sample_id_72", "ds_87_sample_id_21", "ds_30_sample_id_109"], "group_14": ["ds_55_sample_id_66", "ds_38_sample_id_104", "ds_36_sample_id_62", "ds_25_sample_id_65", "ds_9_sample_id_88", "ds_38_sample_id_97", "ds_41_sample_id_49", "ds_33_sample_id_102", "ds_4_sample_id_58", "ds_89_sample_id_56", "ds_48_sample_id_63", "ds_27_sample_id_67", "ds_30_sample_id_23", "ds_81_sample_id_80", "ds_10_sample_id_55", "ds_78_sample_id_13", "ds_80_sample_id_14", "ds_69_sample_id_5", "ds_18_sample_id_46"], "group_15": ["ds_75_sample_id_105", "ds_98_sample_id_3", "ds_91_sample_id_77", "ds_5_sample_id_112", "ds_23_sample_id_78", "ds_88_sample_id_15", "ds_80_sample_id_11", "ds_38_sample_id_97", "ds_62_sample_id_20", "ds_19_sample_id_18", "ds_100_sample_id_43", "ds_12_sample_id_103", "ds_88_sample_id_98", "ds_2_sample_id_42", "ds_17_sample_id_93", "ds_69_sample_id_106", "ds_54_sample_id_2", "ds_18_sample_id_51", "ds_19_sample_id_84", "ds_31_sample_id_44", "ds_84_sample_id_29", "ds_2_sample_id_54", "ds_10_sample_id_47", "ds_29_sample_id_100", "ds_36_sample_id_61", "ds_45_sample_id_71", "ds_7_sample_id_81", "ds_87_sample_id_21", "ds_64_sample_id_35"], "group_4": ["ds_84_sample_id_24", "ds_36_sample_id_62", "ds_5_sample_id_112", "ds_95_sample_id_76", "ds_9_sample_id_88", "ds_52_sample_id_52", "ds_62_sample_id_20", "ds_25_sample_id_82", "ds_24_sample_id_33", "ds_100_sample_id_43", "ds_88_sample_id_98", "ds_22_sample_id_87", "ds_31_sample_id_44", "ds_100_sample_id_40", "ds_63_sample_id_75", "ds_84_sample_id_29", "ds_23_sample_id_57", "ds_10_sample_id_108", "ds_92_sample_id_116", "ds_30_sample_id_117", "ds_55_sample_id_7", "ds_45_sample_id_71", "ds_31_sample_id_4", "ds_23_sample_id_89", "ds_28_sample_id_90"], "group_7": ["ds_25_sample_id_65", "ds_5_sample_id_112", "ds_27_sample_id_53", "ds_88_sample_id_15", "ds_68_sample_id_45", "ds_82_sample_id_31", "ds_25_sample_id_82", "ds_28_sample_id_114", "ds_33_sample_id_102", "ds_97_sample_id_9", "ds_27_sample_id_67", "ds_69_sample_id_106", "ds_100_sample_id_40", "ds_63_sample_id_75", "ds_38_sample_id_95", "ds_92_sample_id_116", "ds_69_sample_id_5", "ds_31_sample_id_4", "ds_16_sample_id_38", "ds_87_sample_id_21"]}}