{"ds_26_sample_id_0": [], "ds_92_sample_id_1": [], "ds_19_sample_id_2": [], "ds_18_sample_id_3": [], "ds_173_sample_id_4": [], "ds_236_sample_id_5": [], "ds_303_sample_id_6": [], "ds_229_sample_id_7": [], "ds_33_sample_id_8": ["DOMAIN_NAME", "LOCATION", "PERSON"], "ds_389_sample_id_9": ["DOMAIN_NAME", "EMAIL_ADDRESS"], "ds_262_sample_id_10": [], "ds_226_sample_id_11": [], "ds_261_sample_id_12": [], "ds_356_sample_id_13": ["EMAIL_ADDRESS", "PERSON"], "ds_220_sample_id_14": [], "ds_249_sample_id_15": [], "ds_190_sample_id_16": [], "ds_259_sample_id_17": [], "ds_120_sample_id_18": [], "ds_133_sample_id_19": ["DOMAIN_NAME", "IP_ADDRESS", "LOCATION"], "ds_338_sample_id_20": [], "ds_102_sample_id_21": [], "ds_326_sample_id_22": [], "ds_10_sample_id_23": [], "ds_33_sample_id_24": ["DOMAIN_NAME", "LOCATION", "PERSON"], "ds_143_sample_id_25": [], "ds_23_sample_id_26": [], "ds_4_sample_id_27": [], "ds_245_sample_id_28": [], "ds_229_sample_id_29": [], "ds_29_sample_id_30": [], "ds_183_sample_id_31": [], "ds_152_sample_id_32": ["LOCATION"], "ds_166_sample_id_33": [], "ds_233_sample_id_34": [], "ds_18_sample_id_35": [], "ds_135_sample_id_36": [], "ds_41_sample_id_37": ["CREDIT_CARD", "DOMAIN_NAME", "EMAIL_ADDRESS", "IP_ADDRESS", "LOCATION", "PERSON", "PHONE_NUMBER"], "ds_329_sample_id_38": [], "ds_156_sample_id_39": [], "ds_206_sample_id_40": [], "ds_69_sample_id_41": [], "ds_133_sample_id_42": ["DOMAIN_NAME", "IP_ADDRESS", "LOCATION"], "ds_126_sample_id_43": [], "ds_64_sample_id_44": [], "ds_388_sample_id_45": ["DOMAIN_NAME", "LOCATION", "PHONE_NUMBER"], "ds_342_sample_id_46": [], "ds_333_sample_id_47": [], "ds_254_sample_id_48": [], "ds_49_sample_id_49": [], "ds_222_sample_id_50": [], "ds_389_sample_id_51": ["DOMAIN_NAME", "EMAIL_ADDRESS"], "ds_53_sample_id_52": [], "ds_238_sample_id_53": [], "ds_0_sample_id_54": [], "ds_350_sample_id_55": ["LOCATION"], "ds_157_sample_id_56": [], "ds_362_sample_id_57": ["DOMAIN_NAME", "LOCATION"], "ds_134_sample_id_58": ["DOMAIN_NAME", "IP_ADDRESS", "LOCATION"], "ds_321_sample_id_59": [], "ds_3_sample_id_60": [], "ds_56_sample_id_61": [], "ds_211_sample_id_62": [], "ds_28_sample_id_63": [], "ds_334_sample_id_64": [], "ds_328_sample_id_65": [], "ds_158_sample_id_66": [], "ds_348_sample_id_67": ["DOMAIN_NAME", "EMAIL_ADDRESS", "LOCATION", "PERSON", "PHONE_NUMBER", "US_DRIVER_LICENSE"], "ds_66_sample_id_68": [], "ds_77_sample_id_69": [], "ds_73_sample_id_70": [], "ds_88_sample_id_71": [], "ds_386_sample_id_72": ["EMAIL_ADDRESS", "IP_ADDRESS", "LOCATION", "PERSON", "US_DRIVER_LICENSE"], "ds_307_sample_id_73": [], "ds_48_sample_id_74": [], "ds_229_sample_id_75": [], "ds_267_sample_id_76": [], "ds_12_sample_id_77": ["DOMAIN_NAME", "EMAIL_ADDRESS", "IP_ADDRESS", "LOCATION", "PERSON"], "ds_121_sample_id_78": [], "ds_232_sample_id_79": [], "ds_394_sample_id_80": ["CREDIT_CARD", "DOMAIN_NAME", "LOCATION"], "ds_79_sample_id_81": [], "ds_300_sample_id_82": [], "ds_15_sample_id_83": [], "ds_129_sample_id_84": [], "ds_261_sample_id_85": [], "ds_256_sample_id_86": [], "ds_199_sample_id_87": [], "ds_68_sample_id_88": [], "ds_331_sample_id_89": [], "ds_157_sample_id_90": [], "ds_359_sample_id_91": ["CREDIT_CARD", "IP_ADDRESS", "LOCATION", "PERSON", "US_DRIVER_LICENSE"], "ds_261_sample_id_92": [], "ds_253_sample_id_93": [], "ds_232_sample_id_94": [], "ds_6_sample_id_95": [], "ds_339_sample_id_96": [], "ds_56_sample_id_97": [], "ds_357_sample_id_98": ["CREDIT_CARD", "IP_ADDRESS", "LOCATION", "PERSON", "PHONE_NUMBER", "US_DRIVER_LICENSE"], "ds_236_sample_id_99": [], "ds_159_sample_id_100": [], "ds_396_sample_id_101": ["DOMAIN_NAME"], "ds_142_sample_id_102": ["DOMAIN_NAME", "LOCATION", "PERSON", "PHONE_NUMBER"], "ds_114_sample_id_103": [], "ds_175_sample_id_104": [], "ds_35_sample_id_105": [], "ds_327_sample_id_106": [], "ds_96_sample_id_107": [], "ds_36_sample_id_108": [], "ds_162_sample_id_109": [], "ds_162_sample_id_110": [], "ds_299_sample_id_111": [], "ds_7_sample_id_112": ["LOCATION"], "ds_222_sample_id_113": [], "ds_356_sample_id_114": ["EMAIL_ADDRESS", "PERSON"], "ds_89_sample_id_115": [], "ds_122_sample_id_116": [], "ds_326_sample_id_117": [], "ds_63_sample_id_118": [], "ds_175_sample_id_119": [], "ds_304_sample_id_120": [], "ds_138_sample_id_121": [], "ds_171_sample_id_122": [], "ds_206_sample_id_123": [], "ds_219_sample_id_124": [], "ds_336_sample_id_125": [], "ds_187_sample_id_126": [], "ds_94_sample_id_127": [], "ds_109_sample_id_128": [], "ds_39_sample_id_129": [], "ds_141_sample_id_130": [], "ds_187_sample_id_131": [], "ds_11_sample_id_132": [], "ds_182_sample_id_133": [], "ds_217_sample_id_134": [], "ds_196_sample_id_135": [], "ds_281_sample_id_136": [], "ds_173_sample_id_137": [], "ds_108_sample_id_138": [], "ds_191_sample_id_139": [], "ds_41_sample_id_140": ["CREDIT_CARD", "DOMAIN_NAME", "EMAIL_ADDRESS", "IP_ADDRESS", "LOCATION", "PERSON", "PHONE_NUMBER"], "ds_359_sample_id_141": ["CREDIT_CARD", "IP_ADDRESS", "LOCATION", "PERSON", "US_DRIVER_LICENSE"], "ds_160_sample_id_142": [], "ds_81_sample_id_143": [], "ds_194_sample_id_144": [], "ds_107_sample_id_145": [], "ds_120_sample_id_146": [], "ds_116_sample_id_147": [], "ds_216_sample_id_148": [], "ds_183_sample_id_149": [], "ds_349_sample_id_150": ["CREDIT_CARD", "DOMAIN_NAME", "EMAIL_ADDRESS", "IP_ADDRESS", "LOCATION", "PERSON", "PHONE_NUMBER", "US_DRIVER_LICENSE"], "ds_138_sample_id_151": [], "ds_180_sample_id_152": [], "ds_365_sample_id_153": ["DOMAIN_NAME", "EMAIL_ADDRESS", "LOCATION", "US_DRIVER_LICENSE"], "ds_387_sample_id_154": ["DOMAIN_NAME", "IP_ADDRESS", "LOCATION"], "ds_43_sample_id_155": ["DOMAIN_NAME", "EMAIL_ADDRESS", "LOCATION", "PERSON"], "ds_186_sample_id_156": [], "ds_322_sample_id_157": [], "ds_207_sample_id_158": [], "ds_52_sample_id_159": [], "ds_245_sample_id_160": [], "ds_332_sample_id_161": [], "ds_268_sample_id_162": [], "ds_204_sample_id_163": [], "ds_276_sample_id_164": [], "ds_285_sample_id_165": [], "ds_361_sample_id_166": ["DOMAIN_NAME", "EMAIL_ADDRESS", "LOCATION", "PERSON", "PHONE_NUMBER"], "ds_214_sample_id_167": [], "ds_50_sample_id_168": [], "ds_321_sample_id_169": [], "ds_387_sample_id_170": ["DOMAIN_NAME", "IP_ADDRESS", "LOCATION"], "ds_375_sample_id_171": ["LOCATION", "US_DRIVER_LICENSE"], "ds_395_sample_id_172": ["DOMAIN_NAME", "LOCATION", "PERSON", "US_DRIVER_LICENSE"], "ds_279_sample_id_173": [], "ds_394_sample_id_174": ["CREDIT_CARD", "DOMAIN_NAME", "LOCATION"], "ds_171_sample_id_175": [], "ds_56_sample_id_176": [], "ds_288_sample_id_177": [], "ds_38_sample_id_178": [], "ds_35_sample_id_179": [], "ds_138_sample_id_180": [], "ds_30_sample_id_181": [], "ds_53_sample_id_182": [], "ds_257_sample_id_183": [], "ds_324_sample_id_184": [], "ds_209_sample_id_185": [], "ds_160_sample_id_186": [], "ds_305_sample_id_187": [], "ds_365_sample_id_188": ["DOMAIN_NAME", "EMAIL_ADDRESS", "LOCATION", "US_DRIVER_LICENSE"], "ds_245_sample_id_189": [], "ds_270_sample_id_190": [], "ds_239_sample_id_191": [], "ds_183_sample_id_192": [], "ds_30_sample_id_193": [], "ds_323_sample_id_194": [], "ds_272_sample_id_195": [], "ds_363_sample_id_196": ["CREDIT_CARD", "DOMAIN_NAME", "EMAIL_ADDRESS", "IP_ADDRESS", "LOCATION", "PERSON", "PHONE_NUMBER", "US_DRIVER_LICENSE"], "ds_389_sample_id_197": ["DOMAIN_NAME", "EMAIL_ADDRESS"], "ds_251_sample_id_198": [], "ds_395_sample_id_199": ["DOMAIN_NAME", "LOCATION", "PERSON", "US_DRIVER_LICENSE"], "ds_352_sample_id_200": ["EMAIL_ADDRESS", "US_DRIVER_LICENSE"], "ds_389_sample_id_201": ["DOMAIN_NAME", "EMAIL_ADDRESS"], "ds_254_sample_id_202": [], "ds_175_sample_id_203": [], "ds_3_sample_id_204": [], "ds_292_sample_id_205": [], "ds_331_sample_id_206": [], "ds_185_sample_id_207": [], "ds_68_sample_id_208": [], "ds_179_sample_id_209": [], "ds_130_sample_id_210": [], "ds_370_sample_id_211": ["DOMAIN_NAME", "EMAIL_ADDRESS", "LOCATION", "US_DRIVER_LICENSE"], "ds_193_sample_id_212": [], "ds_10_sample_id_213": [], "ds_1_sample_id_214": ["DOMAIN_NAME", "IP_ADDRESS", "PERSON"], "ds_21_sample_id_215": [], "ds_68_sample_id_216": [], "ds_184_sample_id_217": [], "ds_15_sample_id_218": [], "ds_45_sample_id_219": [], "ds_292_sample_id_220": [], "ds_118_sample_id_221": [], "ds_311_sample_id_222": [], "ds_6_sample_id_223": [], "ds_16_sample_id_224": [], "ds_3_sample_id_225": [], "ds_257_sample_id_226": [], "ds_392_sample_id_227": ["DOMAIN_NAME", "IP_ADDRESS", "LOCATION", "PERSON", "US_DRIVER_LICENSE"], "ds_167_sample_id_228": [], "ds_184_sample_id_229": [], "ds_186_sample_id_230": [], "ds_211_sample_id_231": [], "ds_187_sample_id_232": [], "ds_261_sample_id_233": [], "ds_286_sample_id_234": [], "ds_354_sample_id_235": ["CREDIT_CARD", "PHONE_NUMBER"], "ds_173_sample_id_236": [], "ds_235_sample_id_237": [], "ds_173_sample_id_238": [], "ds_203_sample_id_239": [], "ds_109_sample_id_240": [], "ds_325_sample_id_241": [], "ds_350_sample_id_242": ["LOCATION"], "ds_357_sample_id_243": ["CREDIT_CARD", "IP_ADDRESS", "LOCATION", "PERSON", "PHONE_NUMBER", "US_DRIVER_LICENSE"], "ds_239_sample_id_244": [], "ds_77_sample_id_245": [], "ds_35_sample_id_246": [], "ds_232_sample_id_247": [], "ds_25_sample_id_248": [], "ds_73_sample_id_249": [], "ds_153_sample_id_250": ["DOMAIN_NAME", "LOCATION", "PERSON"], "ds_292_sample_id_251": [], "ds_97_sample_id_252": [], "ds_292_sample_id_253": [], "ds_326_sample_id_254": [], "ds_385_sample_id_255": ["LOCATION", "PERSON", "PHONE_NUMBER", "US_DRIVER_LICENSE"], "ds_64_sample_id_256": [], "ds_178_sample_id_257": [], "ds_356_sample_id_258": ["EMAIL_ADDRESS", "PERSON"], "ds_51_sample_id_259": [], "ds_85_sample_id_260": [], "ds_382_sample_id_261": [], "ds_45_sample_id_262": [], "ds_207_sample_id_263": [], "ds_53_sample_id_264": [], "ds_135_sample_id_265": [], "ds_325_sample_id_266": [], "ds_91_sample_id_267": [], "ds_33_sample_id_268": ["DOMAIN_NAME", "LOCATION", "PERSON"], "ds_321_sample_id_269": [], "ds_77_sample_id_270": [], "ds_38_sample_id_271": [], "ds_303_sample_id_272": [], "ds_92_sample_id_273": [], "ds_231_sample_id_274": [], "ds_93_sample_id_275": [], "ds_387_sample_id_276": ["DOMAIN_NAME", "IP_ADDRESS", "LOCATION"], "ds_268_sample_id_277": [], "ds_35_sample_id_278": [], "ds_292_sample_id_279": [], "ds_268_sample_id_280": [], "ds_219_sample_id_281": [], "ds_128_sample_id_282": [], "ds_295_sample_id_283": [], "ds_130_sample_id_284": [], "ds_19_sample_id_285": [], "ds_184_sample_id_286": [], "ds_224_sample_id_287": [], "ds_19_sample_id_288": [], "ds_206_sample_id_289": [], "ds_240_sample_id_290": [], "ds_69_sample_id_291": [], "ds_290_sample_id_292": [], "ds_241_sample_id_293": [], "ds_213_sample_id_294": [], "ds_294_sample_id_295": [], "ds_253_sample_id_296": [], "ds_185_sample_id_297": [], "ds_58_sample_id_298": [], "ds_315_sample_id_299": [], "ds_72_sample_id_300": [], "ds_389_sample_id_301": ["DOMAIN_NAME", "EMAIL_ADDRESS"], "ds_292_sample_id_302": [], "ds_378_sample_id_303": ["DOMAIN_NAME", "EMAIL_ADDRESS", "LOCATION", "PERSON", "PHONE_NUMBER", "US_DRIVER_LICENSE"], "ds_197_sample_id_304": [], "ds_255_sample_id_305": [], "ds_384_sample_id_306": ["CREDIT_CARD", "DOMAIN_NAME", "EMAIL_ADDRESS", "LOCATION", "PERSON", "PHONE_NUMBER", "US_DRIVER_LICENSE"], "ds_31_sample_id_307": [], "ds_205_sample_id_308": [], "ds_93_sample_id_309": [], "ds_114_sample_id_310": [], "ds_75_sample_id_311": [], "ds_49_sample_id_312": [], "ds_94_sample_id_313": [], "ds_341_sample_id_314": [], "ds_177_sample_id_315": [], "ds_221_sample_id_316": [], "ds_279_sample_id_317": [], "ds_376_sample_id_318": ["CREDIT_CARD", "DOMAIN_NAME", "EMAIL_ADDRESS", "IP_ADDRESS", "LOCATION", "PERSON", "PHONE_NUMBER", "US_DRIVER_LICENSE"], "ds_78_sample_id_319": [], "ds_287_sample_id_320": [], "ds_156_sample_id_321": [], "ds_231_sample_id_322": [], "ds_291_sample_id_323": [], "ds_251_sample_id_324": [], "ds_178_sample_id_325": [], "ds_169_sample_id_326": [], "ds_325_sample_id_327": [], "ds_68_sample_id_328": [], "ds_151_sample_id_329": [], "ds_49_sample_id_330": [], "ds_95_sample_id_331": [], "ds_32_sample_id_332": [], "ds_203_sample_id_333": [], "ds_25_sample_id_334": [], "ds_157_sample_id_335": [], "ds_273_sample_id_336": [], "ds_340_sample_id_337": [], "ds_355_sample_id_338": ["DOMAIN_NAME", "EMAIL_ADDRESS", "IP_ADDRESS", "LOCATION", "PERSON", "US_DRIVER_LICENSE"], "ds_247_sample_id_339": [], "ds_57_sample_id_340": [], "ds_109_sample_id_341": [], "ds_75_sample_id_342": [], "ds_246_sample_id_343": [], "ds_311_sample_id_344": [], "ds_69_sample_id_345": [], "ds_151_sample_id_346": [], "ds_157_sample_id_347": [], "ds_254_sample_id_348": [], "ds_93_sample_id_349": [], "ds_137_sample_id_350": [], "ds_112_sample_id_351": [], "ds_329_sample_id_352": [], "ds_311_sample_id_353": [], "ds_39_sample_id_354": [], "ds_154_sample_id_355": ["DOMAIN_NAME", "EMAIL_ADDRESS", "IP_ADDRESS", "LOCATION", "PERSON"], "ds_247_sample_id_356": [], "ds_293_sample_id_357": [], "ds_183_sample_id_358": [], "ds_181_sample_id_359": [], "ds_120_sample_id_360": [], "ds_23_sample_id_361": [], "ds_66_sample_id_362": [], "ds_217_sample_id_363": [], "ds_245_sample_id_364": [], "ds_344_sample_id_365": [], "ds_275_sample_id_366": [], "ds_192_sample_id_367": [], "ds_263_sample_id_368": [], "ds_164_sample_id_369": [], "ds_19_sample_id_370": [], "ds_119_sample_id_371": [], "ds_343_sample_id_372": [], "ds_192_sample_id_373": [], "ds_291_sample_id_374": [], "ds_172_sample_id_375": [], "ds_346_sample_id_376": [], "ds_131_sample_id_377": [], "ds_38_sample_id_378": [], "ds_17_sample_id_379": [], "ds_315_sample_id_380": [], "ds_50_sample_id_381": [], "ds_150_sample_id_382": [], "ds_303_sample_id_383": [], "ds_95_sample_id_384": [], "ds_107_sample_id_385": [], "ds_249_sample_id_386": [], "ds_203_sample_id_387": [], "ds_194_sample_id_388": [], "ds_349_sample_id_389": ["CREDIT_CARD", "DOMAIN_NAME", "EMAIL_ADDRESS", "IP_ADDRESS", "LOCATION", "PERSON", "PHONE_NUMBER", "US_DRIVER_LICENSE"], "ds_378_sample_id_390": ["DOMAIN_NAME", "EMAIL_ADDRESS", "LOCATION", "PERSON", "PHONE_NUMBER", "US_DRIVER_LICENSE"], "ds_339_sample_id_391": [], "ds_259_sample_id_392": [], "ds_198_sample_id_393": [], "ds_154_sample_id_394": ["DOMAIN_NAME", "EMAIL_ADDRESS", "IP_ADDRESS", "LOCATION", "PERSON"], "ds_320_sample_id_395": [], "ds_340_sample_id_396": [], "ds_302_sample_id_397": [], "ds_182_sample_id_398": [], "ds_157_sample_id_399": [], "ds_25_sample_id_400": [], "ds_66_sample_id_401": [], "ds_353_sample_id_402": ["DOMAIN_NAME", "EMAIL_ADDRESS", "LOCATION", "PERSON", "US_DRIVER_LICENSE"], "ds_354_sample_id_403": ["CREDIT_CARD", "PHONE_NUMBER"], "ds_218_sample_id_404": [], "ds_288_sample_id_405": [], "ds_35_sample_id_406": [], "ds_348_sample_id_407": ["DOMAIN_NAME", "EMAIL_ADDRESS", "LOCATION", "PERSON", "PHONE_NUMBER", "US_DRIVER_LICENSE"], "ds_228_sample_id_408": [], "ds_84_sample_id_409": [], "ds_380_sample_id_410": ["CREDIT_CARD", "DOMAIN_NAME", "EMAIL_ADDRESS", "IP_ADDRESS", "LOCATION", "PERSON", "PHONE_NUMBER", "US_DRIVER_LICENSE"], "ds_180_sample_id_411": [], "ds_269_sample_id_412": [], "ds_317_sample_id_413": [], "ds_328_sample_id_414": [], "ds_164_sample_id_415": [], "ds_213_sample_id_416": [], "ds_292_sample_id_417": [], "ds_88_sample_id_418": [], "ds_256_sample_id_419": [], "ds_35_sample_id_420": [], "ds_132_sample_id_421": ["CREDIT_CARD", "DOMAIN_NAME", "EMAIL_ADDRESS", "LOCATION", "PERSON", "PHONE_NUMBER"], "ds_122_sample_id_422": [], "ds_381_sample_id_423": ["CREDIT_CARD", "DOMAIN_NAME", "EMAIL_ADDRESS", "IP_ADDRESS", "LOCATION", "PERSON", "PHONE_NUMBER", "US_DRIVER_LICENSE"], "ds_220_sample_id_424": [], "ds_200_sample_id_425": [], "ds_316_sample_id_426": [], "ds_21_sample_id_427": [], "ds_262_sample_id_428": [], "ds_228_sample_id_429": [], "ds_182_sample_id_430": [], "ds_280_sample_id_431": [], "ds_94_sample_id_432": [], "ds_66_sample_id_433": [], "ds_145_sample_id_434": [], "ds_239_sample_id_435": [], "ds_209_sample_id_436": [], "ds_13_sample_id_437": [], "ds_85_sample_id_438": [], "ds_30_sample_id_439": [], "ds_204_sample_id_440": [], "ds_69_sample_id_441": [], "ds_163_sample_id_442": [], "ds_374_sample_id_443": ["DOMAIN_NAME", "EMAIL_ADDRESS", "IP_ADDRESS", "LOCATION", "PERSON", "US_DRIVER_LICENSE"], "ds_92_sample_id_444": [], "ds_146_sample_id_445": [], "ds_396_sample_id_446": ["DOMAIN_NAME"], "ds_170_sample_id_447": [], "ds_178_sample_id_448": [], "ds_356_sample_id_449": ["EMAIL_ADDRESS", "PERSON"], "ds_375_sample_id_450": ["LOCATION", "US_DRIVER_LICENSE"], "ds_325_sample_id_451": [], "ds_264_sample_id_452": [], "ds_198_sample_id_453": [], "ds_287_sample_id_454": [], "ds_215_sample_id_455": [], "ds_214_sample_id_456": [], "ds_47_sample_id_457": [], "ds_265_sample_id_458": [], "ds_264_sample_id_459": [], "ds_10_sample_id_460": [], "ds_127_sample_id_461": [], "ds_292_sample_id_462": [], "ds_214_sample_id_463": [], "ds_252_sample_id_464": [], "ds_295_sample_id_465": [], "ds_55_sample_id_466": [], "ds_312_sample_id_467": [], "ds_208_sample_id_468": [], "ds_390_sample_id_469": ["DOMAIN_NAME", "LOCATION", "US_DRIVER_LICENSE"], "ds_57_sample_id_470": [], "ds_219_sample_id_471": [], "ds_16_sample_id_472": [], "ds_19_sample_id_473": [], "ds_181_sample_id_474": [], "ds_326_sample_id_475": [], "ds_166_sample_id_476": [], "ds_195_sample_id_477": [], "ds_46_sample_id_478": [], "ds_366_sample_id_479": ["DOMAIN_NAME", "EMAIL_ADDRESS", "LOCATION", "PERSON", "PHONE_NUMBER", "US_DRIVER_LICENSE"], "ds_111_sample_id_480": [], "ds_28_sample_id_481": [], "ds_55_sample_id_482": [], "ds_195_sample_id_483": [], "ds_83_sample_id_484": [], "ds_47_sample_id_485": [], "ds_225_sample_id_486": [], "ds_317_sample_id_487": [], "ds_345_sample_id_488": [], "ds_199_sample_id_489": [], "ds_279_sample_id_490": [], "ds_224_sample_id_491": [], "ds_1_sample_id_492": ["DOMAIN_NAME", "IP_ADDRESS", "PERSON"], "ds_34_sample_id_493": [], "ds_142_sample_id_494": ["DOMAIN_NAME", "LOCATION", "PERSON", "PHONE_NUMBER"], "ds_66_sample_id_495": [], "ds_17_sample_id_496": [], "ds_64_sample_id_497": [], "ds_143_sample_id_498": [], "ds_341_sample_id_499": [], "ds_335_sample_id_500": [], "ds_145_sample_id_501": [], "ds_358_sample_id_502": ["DOMAIN_NAME", "IP_ADDRESS", "LOCATION", "US_DRIVER_LICENSE"], "ds_130_sample_id_503": [], "ds_249_sample_id_504": [], "ds_254_sample_id_505": [], "ds_376_sample_id_506": ["CREDIT_CARD", "DOMAIN_NAME", "EMAIL_ADDRESS", "IP_ADDRESS", "LOCATION", "PERSON", "PHONE_NUMBER", "US_DRIVER_LICENSE"], "ds_213_sample_id_507": [], "ds_362_sample_id_508": ["DOMAIN_NAME", "LOCATION"], "ds_5_sample_id_509": ["CREDIT_CARD", "DOMAIN_NAME", "IP_ADDRESS", "LOCATION", "PERSON"], "ds_280_sample_id_510": [], "ds_175_sample_id_511": [], "ds_247_sample_id_512": [], "ds_302_sample_id_513": [], "ds_320_sample_id_514": [], "ds_191_sample_id_515": [], "ds_178_sample_id_516": [], "ds_230_sample_id_517": [], "ds_231_sample_id_518": [], "ds_323_sample_id_519": [], "ds_205_sample_id_520": [], "ds_136_sample_id_521": [], "ds_215_sample_id_522": [], "ds_359_sample_id_523": ["CREDIT_CARD", "IP_ADDRESS", "LOCATION", "PERSON", "US_DRIVER_LICENSE"], "ds_234_sample_id_524": [], "ds_361_sample_id_525": ["DOMAIN_NAME", "EMAIL_ADDRESS", "LOCATION", "PERSON", "PHONE_NUMBER"], "ds_33_sample_id_526": ["DOMAIN_NAME", "LOCATION", "PERSON"], "ds_109_sample_id_527": [], "ds_253_sample_id_528": [], "ds_65_sample_id_529": [], "ds_68_sample_id_530": [], "ds_139_sample_id_531": [], "ds_343_sample_id_532": [], "ds_340_sample_id_533": [], "ds_67_sample_id_534": [], "ds_371_sample_id_535": ["CREDIT_CARD", "DOMAIN_NAME", "EMAIL_ADDRESS", "IP_ADDRESS", "LOCATION", "PERSON", "PHONE_NUMBER", "US_DRIVER_LICENSE"], "ds_51_sample_id_536": [], "ds_33_sample_id_537": ["DOMAIN_NAME", "LOCATION", "PERSON"], "ds_158_sample_id_538": [], "ds_17_sample_id_539": [], "ds_315_sample_id_540": [], "ds_119_sample_id_541": [], "ds_288_sample_id_542": [], "ds_152_sample_id_543": ["LOCATION"], "ds_333_sample_id_544": [], "ds_50_sample_id_545": [], "ds_25_sample_id_546": [], "ds_306_sample_id_547": ["CREDIT_CARD", "DOMAIN_NAME", "EMAIL_ADDRESS", "IP_ADDRESS", "LOCATION", "PERSON", "PHONE_NUMBER"], "ds_70_sample_id_548": [], "ds_277_sample_id_549": [], "ds_245_sample_id_550": [], "ds_350_sample_id_551": ["LOCATION"], "ds_362_sample_id_552": ["DOMAIN_NAME", "LOCATION"], "ds_12_sample_id_553": ["DOMAIN_NAME", "EMAIL_ADDRESS", "IP_ADDRESS", "LOCATION", "PERSON"], "ds_368_sample_id_554": ["CREDIT_CARD", "DOMAIN_NAME", "EMAIL_ADDRESS", "IP_ADDRESS", "LOCATION", "PERSON", "PHONE_NUMBER", "US_DRIVER_LICENSE"], "ds_191_sample_id_555": [], "ds_338_sample_id_556": [], "ds_3_sample_id_557": [], "ds_125_sample_id_558": [], "ds_226_sample_id_559": [], "ds_229_sample_id_560": [], "ds_166_sample_id_561": [], "ds_58_sample_id_562": [], "ds_7_sample_id_563": ["LOCATION"], "ds_27_sample_id_564": [], "ds_331_sample_id_565": [], "ds_105_sample_id_566": [], "ds_77_sample_id_567": [], "ds_35_sample_id_568": [], "ds_291_sample_id_569": [], "ds_236_sample_id_570": [], "ds_225_sample_id_571": [], "ds_34_sample_id_572": [], "ds_337_sample_id_573": [], "ds_349_sample_id_574": ["CREDIT_CARD", "DOMAIN_NAME", "EMAIL_ADDRESS", "IP_ADDRESS", "LOCATION", "PERSON", "PHONE_NUMBER", "US_DRIVER_LICENSE"], "ds_93_sample_id_575": [], "ds_62_sample_id_576": [], "ds_90_sample_id_577": [], "ds_316_sample_id_578": [], "ds_117_sample_id_579": [], "ds_396_sample_id_580": ["DOMAIN_NAME"], "ds_67_sample_id_581": [], "ds_260_sample_id_582": [], "ds_38_sample_id_583": [], "ds_61_sample_id_584": [], "ds_199_sample_id_585": [], "ds_224_sample_id_586": [], "ds_119_sample_id_587": [], "ds_30_sample_id_588": [], "ds_49_sample_id_589": [], "ds_54_sample_id_590": [], "ds_196_sample_id_591": [], "ds_11_sample_id_592": [], "ds_233_sample_id_593": [], "ds_35_sample_id_594": [], "ds_239_sample_id_595": [], "ds_393_sample_id_596": ["DOMAIN_NAME", "LOCATION", "PERSON", "US_DRIVER_LICENSE"], "ds_73_sample_id_597": [], "ds_302_sample_id_598": [], "ds_153_sample_id_599": ["DOMAIN_NAME", "LOCATION", "PERSON"], "ds_198_sample_id_600": [], "ds_48_sample_id_601": [], "ds_343_sample_id_602": [], "ds_194_sample_id_603": [], "ds_383_sample_id_604": ["IP_ADDRESS", "LOCATION", "PHONE_NUMBER", "US_DRIVER_LICENSE"], "ds_48_sample_id_605": [], "ds_197_sample_id_606": [], "ds_286_sample_id_607": [], "ds_318_sample_id_608": [], "ds_219_sample_id_609": [], "ds_242_sample_id_610": [], "ds_398_sample_id_611": ["DOMAIN_NAME", "EMAIL_ADDRESS", "LOCATION", "PERSON", "US_DRIVER_LICENSE"], "ds_79_sample_id_612": [], "ds_52_sample_id_613": [], "ds_212_sample_id_614": [], "ds_175_sample_id_615": [], "ds_293_sample_id_616": [], "ds_108_sample_id_617": [], "ds_290_sample_id_618": [], "ds_344_sample_id_619": [], "ds_97_sample_id_620": [], "ds_126_sample_id_621": [], "ds_233_sample_id_622": [], "ds_154_sample_id_623": ["DOMAIN_NAME", "EMAIL_ADDRESS", "IP_ADDRESS", "LOCATION", "PERSON"], "ds_17_sample_id_624": [], "ds_328_sample_id_625": [], "ds_153_sample_id_626": ["DOMAIN_NAME", "LOCATION", "PERSON"], "ds_31_sample_id_627": [], "ds_187_sample_id_628": [], "ds_97_sample_id_629": [], "ds_391_sample_id_630": ["DOMAIN_NAME", "EMAIL_ADDRESS", "IP_ADDRESS", "LOCATION", "PERSON", "US_DRIVER_LICENSE"], "ds_170_sample_id_631": [], "ds_108_sample_id_632": [], "ds_287_sample_id_633": [], "ds_40_sample_id_634": [], "ds_136_sample_id_635": [], "ds_41_sample_id_636": ["CREDIT_CARD", "DOMAIN_NAME", "EMAIL_ADDRESS", "IP_ADDRESS", "LOCATION", "PERSON", "PHONE_NUMBER"], "ds_198_sample_id_637": [], "ds_26_sample_id_638": [], "ds_255_sample_id_639": [], "ds_278_sample_id_640": [], "ds_326_sample_id_641": [], "ds_14_sample_id_642": ["DOMAIN_NAME", "LOCATION"], "ds_43_sample_id_643": ["DOMAIN_NAME", "EMAIL_ADDRESS", "LOCATION", "PERSON"], "ds_166_sample_id_644": [], "ds_324_sample_id_645": [], "ds_310_sample_id_646": [], "ds_139_sample_id_647": [], "ds_230_sample_id_648": [], "ds_124_sample_id_649": [], "ds_254_sample_id_650": [], "ds_322_sample_id_651": [], "ds_156_sample_id_652": [], "ds_267_sample_id_653": [], "ds_219_sample_id_654": [], "ds_180_sample_id_655": [], "ds_58_sample_id_656": [], "ds_37_sample_id_657": ["CREDIT_CARD", "DOMAIN_NAME", "EMAIL_ADDRESS", "LOCATION", "PERSON", "PHONE_NUMBER"], "ds_317_sample_id_658": [], "ds_234_sample_id_659": [], "ds_324_sample_id_660": [], "ds_312_sample_id_661": [], "ds_2_sample_id_662": ["DOMAIN_NAME", "EMAIL_ADDRESS", "IP_ADDRESS", "LOCATION", "PERSON"], "ds_238_sample_id_663": [], "ds_350_sample_id_664": ["LOCATION"], "ds_61_sample_id_665": [], "ds_369_sample_id_666": ["DOMAIN_NAME", "LOCATION"], "ds_225_sample_id_667": [], "ds_339_sample_id_668": [], "ds_248_sample_id_669": [], "ds_243_sample_id_670": [], "ds_143_sample_id_671": [], "ds_232_sample_id_672": [], "ds_1_sample_id_673": ["DOMAIN_NAME", "IP_ADDRESS", "PERSON"], "ds_46_sample_id_674": [], "ds_146_sample_id_675": [], "ds_171_sample_id_676": [], "ds_282_sample_id_677": [], "ds_71_sample_id_678": [], "ds_104_sample_id_679": [], "ds_143_sample_id_680": [], "ds_65_sample_id_681": [], "ds_8_sample_id_682": [], "ds_275_sample_id_683": [], "ds_289_sample_id_684": [], "ds_50_sample_id_685": [], "ds_314_sample_id_686": [], "ds_134_sample_id_687": ["DOMAIN_NAME", "IP_ADDRESS", "LOCATION"], "ds_9_sample_id_688": [], "ds_69_sample_id_689": [], "ds_22_sample_id_690": [], "ds_97_sample_id_691": [], "ds_349_sample_id_692": ["CREDIT_CARD", "DOMAIN_NAME", "EMAIL_ADDRESS", "IP_ADDRESS", "LOCATION", "PERSON", "PHONE_NUMBER", "US_DRIVER_LICENSE"], "ds_311_sample_id_693": [], "ds_10_sample_id_694": [], "ds_292_sample_id_695": [], "ds_346_sample_id_696": [], "ds_86_sample_id_697": [], "ds_232_sample_id_698": [], "ds_398_sample_id_699": ["DOMAIN_NAME", "EMAIL_ADDRESS", "LOCATION", "PERSON", "US_DRIVER_LICENSE"], "ds_291_sample_id_700": [], "ds_292_sample_id_701": [], "ds_45_sample_id_702": [], "ds_344_sample_id_703": [], "ds_389_sample_id_704": ["DOMAIN_NAME", "EMAIL_ADDRESS"], "ds_345_sample_id_705": [], "ds_336_sample_id_706": [], "ds_113_sample_id_707": [], "ds_302_sample_id_708": [], "ds_151_sample_id_709": [], "ds_198_sample_id_710": [], "ds_133_sample_id_711": ["DOMAIN_NAME", "IP_ADDRESS", "LOCATION"], "ds_101_sample_id_712": [], "ds_336_sample_id_713": [], "ds_11_sample_id_714": [], "ds_160_sample_id_715": [], "ds_277_sample_id_716": [], "ds_56_sample_id_717": [], "ds_147_sample_id_718": [], "ds_120_sample_id_719": [], "ds_336_sample_id_720": [], "ds_196_sample_id_721": [], "ds_364_sample_id_722": ["DOMAIN_NAME", "LOCATION", "PERSON", "PHONE_NUMBER"], "ds_295_sample_id_723": [], "ds_160_sample_id_724": [], "ds_91_sample_id_725": [], "ds_201_sample_id_726": [], "ds_79_sample_id_727": [], "ds_207_sample_id_728": [], "ds_197_sample_id_729": [], "ds_119_sample_id_730": [], "ds_184_sample_id_731": [], "ds_201_sample_id_732": [], "ds_3_sample_id_733": [], "ds_44_sample_id_734": [], "ds_120_sample_id_735": [], "ds_242_sample_id_736": [], "ds_391_sample_id_737": ["DOMAIN_NAME", "EMAIL_ADDRESS", "IP_ADDRESS", "LOCATION", "PERSON", "US_DRIVER_LICENSE"], "ds_136_sample_id_738": [], "ds_173_sample_id_739": [], "ds_222_sample_id_740": [], "ds_330_sample_id_741": [], "ds_132_sample_id_742": ["CREDIT_CARD", "DOMAIN_NAME", "EMAIL_ADDRESS", "LOCATION", "PERSON", "PHONE_NUMBER"], "ds_227_sample_id_743": [], "ds_390_sample_id_744": ["DOMAIN_NAME", "LOCATION", "US_DRIVER_LICENSE"], "ds_275_sample_id_745": [], "ds_211_sample_id_746": [], "ds_49_sample_id_747": [], "ds_196_sample_id_748": [], "ds_78_sample_id_749": [], "ds_187_sample_id_750": [], "ds_170_sample_id_751": [], "ds_73_sample_id_752": [], "ds_146_sample_id_753": [], "ds_220_sample_id_754": [], "ds_90_sample_id_755": [], "ds_231_sample_id_756": [], "ds_150_sample_id_757": [], "ds_208_sample_id_758": [], "ds_196_sample_id_759": [], "ds_272_sample_id_760": [], "ds_144_sample_id_761": ["DOMAIN_NAME", "EMAIL_ADDRESS", "IP_ADDRESS", "LOCATION", "PERSON"], "ds_190_sample_id_762": [], "ds_78_sample_id_763": [], "ds_71_sample_id_764": [], "ds_74_sample_id_765": [], "ds_232_sample_id_766": [], "ds_349_sample_id_767": ["CREDIT_CARD", "DOMAIN_NAME", "EMAIL_ADDRESS", "IP_ADDRESS", "LOCATION", "PERSON", "PHONE_NUMBER", "US_DRIVER_LICENSE"], "ds_15_sample_id_768": [], "ds_290_sample_id_769": [], "ds_391_sample_id_770": ["DOMAIN_NAME", "EMAIL_ADDRESS", "IP_ADDRESS", "LOCATION", "PERSON", "US_DRIVER_LICENSE"], "ds_8_sample_id_771": [], "ds_151_sample_id_772": [], "ds_222_sample_id_773": [], "ds_277_sample_id_774": [], "ds_307_sample_id_775": [], "ds_174_sample_id_776": [], "ds_92_sample_id_777": [], "ds_337_sample_id_778": [], "ds_12_sample_id_779": ["DOMAIN_NAME", "EMAIL_ADDRESS", "IP_ADDRESS", "LOCATION", "PERSON"], "ds_249_sample_id_780": [], "ds_173_sample_id_781": [], "ds_145_sample_id_782": [], "ds_236_sample_id_783": [], "ds_44_sample_id_784": [], "ds_220_sample_id_785": [], "ds_16_sample_id_786": [], "ds_222_sample_id_787": [], "ds_116_sample_id_788": [], "ds_223_sample_id_789": [], "ds_163_sample_id_790": [], "ds_79_sample_id_791": [], "ds_310_sample_id_792": [], "ds_229_sample_id_793": [], "ds_177_sample_id_794": [], "ds_271_sample_id_795": []}