{"ds_307_sample_id_0": [], "ds_231_sample_id_1": [], "ds_765_sample_id_2": [], "ds_39_sample_id_3": [], "ds_736_sample_id_4": [], "ds_182_sample_id_5": [], "ds_348_sample_id_6": [], "ds_111_sample_id_7": [], "ds_791_sample_id_8": [], "ds_631_sample_id_9": [], "ds_53_sample_id_10": [], "ds_722_sample_id_11": [], "ds_762_sample_id_12": [], "ds_730_sample_id_13": [], "ds_291_sample_id_14": [], "ds_24_sample_id_15": [], "ds_652_sample_id_16": [], "ds_296_sample_id_17": [], "ds_741_sample_id_18": [], "ds_407_sample_id_19": [], "ds_652_sample_id_20": [], "ds_853_sample_id_21": [], "ds_90_sample_id_22": ["CREDIT_CARD", "DOMAIN_NAME", "EMAIL_ADDRESS", "IP_ADDRESS"], "ds_735_sample_id_23": [], "ds_524_sample_id_24": [], "ds_302_sample_id_25": [], "ds_829_sample_id_26": [], "ds_362_sample_id_27": [], "ds_103_sample_id_28": [], "ds_584_sample_id_29": [], "ds_584_sample_id_30": [], "ds_49_sample_id_31": [], "ds_37_sample_id_32": [], "ds_245_sample_id_33": [], "ds_581_sample_id_34": [], "ds_188_sample_id_35": [], "ds_739_sample_id_36": [], "ds_526_sample_id_37": [], "ds_329_sample_id_38": [], "ds_654_sample_id_39": [], "ds_264_sample_id_40": [], "ds_332_sample_id_41": [], "ds_739_sample_id_42": [], "ds_613_sample_id_43": [], "ds_577_sample_id_44": [], "ds_348_sample_id_45": [], "ds_552_sample_id_46": [], "ds_201_sample_id_47": [], "ds_289_sample_id_48": [], "ds_711_sample_id_49": [], "ds_708_sample_id_50": [], "ds_654_sample_id_51": [], "ds_807_sample_id_52": [], "ds_754_sample_id_53": [], "ds_200_sample_id_54": [], "ds_29_sample_id_55": [], "ds_269_sample_id_56": [], "ds_379_sample_id_57": [], "ds_48_sample_id_58": [], "ds_521_sample_id_59": [], "ds_133_sample_id_60": [], "ds_843_sample_id_61": [], "ds_606_sample_id_62": [], "ds_30_sample_id_63": [], "ds_863_sample_id_64": [], "ds_247_sample_id_65": [], "ds_256_sample_id_66": [], "ds_812_sample_id_67": [], "ds_200_sample_id_68": [], "ds_658_sample_id_69": [], "ds_642_sample_id_70": [], "ds_287_sample_id_71": [], "ds_410_sample_id_72": [], "ds_257_sample_id_73": [], "ds_94_sample_id_74": [], "ds_456_sample_id_75": [], "ds_709_sample_id_76": [], "ds_60_sample_id_77": [], "ds_395_sample_id_78": [], "ds_11_sample_id_79": [], "ds_550_sample_id_80": [], "ds_480_sample_id_81": [], "ds_219_sample_id_82": [], "ds_231_sample_id_83": [], "ds_361_sample_id_84": [], "ds_652_sample_id_85": [], "ds_615_sample_id_86": [], "ds_664_sample_id_87": [], "ds_620_sample_id_88": [], "ds_97_sample_id_89": [], "ds_580_sample_id_90": [], "ds_62_sample_id_91": [], "ds_114_sample_id_92": [], "ds_437_sample_id_93": [], "ds_317_sample_id_94": [], "ds_561_sample_id_95": [], "ds_225_sample_id_96": [], "ds_671_sample_id_97": [], "ds_131_sample_id_98": ["DOMAIN_NAME", "EMAIL_ADDRESS", "IP_ADDRESS", "PERSON"], "ds_261_sample_id_99": [], "ds_378_sample_id_100": [], "ds_111_sample_id_101": [], "ds_272_sample_id_102": [], "ds_521_sample_id_103": [], "ds_790_sample_id_104": [], "ds_404_sample_id_105": [], "ds_357_sample_id_106": [], "ds_779_sample_id_107": [], "ds_415_sample_id_108": [], "ds_861_sample_id_109": [], "ds_844_sample_id_110": [], "ds_651_sample_id_111": [], "ds_168_sample_id_112": [], "ds_484_sample_id_113": [], "ds_662_sample_id_114": [], "ds_455_sample_id_115": [], "ds_615_sample_id_116": [], "ds_110_sample_id_117": [], "ds_207_sample_id_118": [], "ds_399_sample_id_119": [], "ds_75_sample_id_120": [], "ds_724_sample_id_121": [], "ds_331_sample_id_122": [], "ds_783_sample_id_123": [], "ds_460_sample_id_124": [], "ds_863_sample_id_125": [], "ds_273_sample_id_126": ["DOMAIN_NAME", "EMAIL_ADDRESS"], "ds_250_sample_id_127": [], "ds_71_sample_id_128": [], "ds_727_sample_id_129": [], "ds_582_sample_id_130": [], "ds_401_sample_id_131": [], "ds_240_sample_id_132": [], "ds_66_sample_id_133": [], "ds_63_sample_id_134": [], "ds_836_sample_id_135": [], "ds_801_sample_id_136": [], "ds_776_sample_id_137": [], "ds_803_sample_id_138": [], "ds_754_sample_id_139": [], "ds_328_sample_id_140": [], "ds_757_sample_id_141": [], "ds_827_sample_id_142": [], "ds_453_sample_id_143": [], "ds_202_sample_id_144": [], "ds_400_sample_id_145": [], "ds_345_sample_id_146": [], "ds_551_sample_id_147": [], "ds_437_sample_id_148": [], "ds_436_sample_id_149": [], "ds_843_sample_id_150": [], "ds_345_sample_id_151": [], "ds_359_sample_id_152": [], "ds_865_sample_id_153": [], "ds_626_sample_id_154": [], "ds_808_sample_id_155": [], "ds_356_sample_id_156": [], "ds_622_sample_id_157": [], "ds_663_sample_id_158": [], "ds_639_sample_id_159": [], "ds_220_sample_id_160": [], "ds_789_sample_id_161": [], "ds_662_sample_id_162": [], "ds_79_sample_id_163": ["DOMAIN_NAME", "EMAIL_ADDRESS", "PHONE_NUMBER"], "ds_609_sample_id_164": [], "ds_332_sample_id_165": [], "ds_391_sample_id_166": [], "ds_330_sample_id_167": [], "ds_620_sample_id_168": [], "ds_193_sample_id_169": [], "ds_855_sample_id_170": [], "ds_291_sample_id_171": [], "ds_91_sample_id_172": [], "ds_732_sample_id_173": [], "ds_628_sample_id_174": [], "ds_382_sample_id_175": [], "ds_322_sample_id_176": [], "ds_180_sample_id_177": [], "ds_831_sample_id_178": [], "ds_627_sample_id_179": [], "ds_280_sample_id_180": [], "ds_43_sample_id_181": [], "ds_268_sample_id_182": [], "ds_540_sample_id_183": [], "ds_354_sample_id_184": [], "ds_293_sample_id_185": [], "ds_626_sample_id_186": [], "ds_193_sample_id_187": [], "ds_51_sample_id_188": [], "ds_277_sample_id_189": [], "ds_51_sample_id_190": [], "ds_131_sample_id_191": ["DOMAIN_NAME", "EMAIL_ADDRESS", "IP_ADDRESS", "PERSON"], "ds_260_sample_id_192": [], "ds_804_sample_id_193": [], "ds_145_sample_id_194": [], "ds_216_sample_id_195": [], "ds_141_sample_id_196": [], "ds_318_sample_id_197": [], "ds_808_sample_id_198": [], "ds_805_sample_id_199": [], "ds_605_sample_id_200": [], "ds_388_sample_id_201": [], "ds_826_sample_id_202": [], "ds_494_sample_id_203": [], "ds_357_sample_id_204": [], "ds_240_sample_id_205": [], "ds_141_sample_id_206": [], "ds_385_sample_id_207": [], "ds_133_sample_id_208": [], "ds_669_sample_id_209": [], "ds_252_sample_id_210": [], "ds_527_sample_id_211": [], "ds_564_sample_id_212": [], "ds_248_sample_id_213": [], "ds_570_sample_id_214": [], "ds_466_sample_id_215": [], "ds_263_sample_id_216": [], "ds_749_sample_id_217": [], "ds_331_sample_id_218": [], "ds_559_sample_id_219": [], "ds_420_sample_id_220": [], "ds_678_sample_id_221": [], "ds_471_sample_id_222": [], "ds_235_sample_id_223": [], "ds_103_sample_id_224": [], "ds_836_sample_id_225": [], "ds_757_sample_id_226": [], "ds_282_sample_id_227": [], "ds_648_sample_id_228": [], "ds_655_sample_id_229": [], "ds_778_sample_id_230": [], "ds_767_sample_id_231": [], "ds_99_sample_id_232": [], "ds_749_sample_id_233": [], "ds_312_sample_id_234": [], "ds_584_sample_id_235": [], "ds_357_sample_id_236": [], "ds_448_sample_id_237": [], "ds_519_sample_id_238": [], "ds_57_sample_id_239": [], "ds_349_sample_id_240": [], "ds_166_sample_id_241": [], "ds_769_sample_id_242": [], "ds_75_sample_id_243": [], "ds_7_sample_id_244": [], "ds_431_sample_id_245": []}