{"ds_83_sample_id_0": ["IP_ADDRESS"], "ds_73_sample_id_1": [], "ds_46_sample_id_2": [], "ds_110_sample_id_3": [], "ds_103_sample_id_4": [], "ds_98_sample_id_5": [], "ds_86_sample_id_6": ["GENOME"], "ds_77_sample_id_7": ["GENOME"], "ds_70_sample_id_8": [], "ds_101_sample_id_9": [], "ds_59_sample_id_10": [], "ds_0_sample_id_11": [], "ds_100_sample_id_12": [], "ds_24_sample_id_13": [], "ds_45_sample_id_14": [], "ds_88_sample_id_15": [], "ds_28_sample_id_16": [], "ds_30_sample_id_17": ["GENOME"], "ds_49_sample_id_18": [], "ds_80_sample_id_19": [], "ds_6_sample_id_20": [], "ds_45_sample_id_21": [], "ds_25_sample_id_22": [], "ds_114_sample_id_23": [], "ds_49_sample_id_24": [], "ds_111_sample_id_25": [], "ds_81_sample_id_26": [], "ds_96_sample_id_27": [], "ds_118_sample_id_28": [], "ds_103_sample_id_29": [], "ds_113_sample_id_30": [], "ds_105_sample_id_31": [], "ds_91_sample_id_32": [], "ds_91_sample_id_33": [], "ds_43_sample_id_34": [], "ds_3_sample_id_35": ["EMAIL_ADDRESS", "GENOME", "IP_ADDRESS"], "ds_21_sample_id_36": [], "ds_86_sample_id_37": ["GENOME"], "ds_84_sample_id_38": [], "ds_56_sample_id_39": [], "ds_108_sample_id_40": [], "ds_65_sample_id_41": [], "ds_9_sample_id_42": [], "ds_47_sample_id_43": [], "ds_100_sample_id_44": [], "ds_27_sample_id_45": [], "ds_24_sample_id_46": [], "ds_18_sample_id_47": [], "ds_7_sample_id_48": [], "ds_110_sample_id_49": [], "ds_69_sample_id_50": ["GENOME", "IP_ADDRESS"], "ds_94_sample_id_51": ["GENOME"], "ds_23_sample_id_52": [], "ds_73_sample_id_53": [], "ds_24_sample_id_54": [], "ds_2_sample_id_55": [], "ds_36_sample_id_56": [], "ds_69_sample_id_57": ["GENOME", "IP_ADDRESS"], "ds_112_sample_id_58": [], "ds_96_sample_id_59": [], "ds_40_sample_id_60": [], "ds_105_sample_id_61": [], "ds_80_sample_id_62": [], "ds_66_sample_id_63": [], "ds_7_sample_id_64": [], "ds_39_sample_id_65": [], "ds_69_sample_id_66": ["GENOME", "IP_ADDRESS"], "ds_1_sample_id_67": [], "ds_58_sample_id_68": [], "ds_45_sample_id_69": [], "ds_83_sample_id_70": ["IP_ADDRESS"], "ds_75_sample_id_71": [], "ds_24_sample_id_72": [], "ds_29_sample_id_73": [], "ds_2_sample_id_74": [], "ds_27_sample_id_75": [], "ds_1_sample_id_76": [], "ds_5_sample_id_77": ["GENOME"], "ds_84_sample_id_78": [], "ds_75_sample_id_79": [], "ds_66_sample_id_80": [], "ds_38_sample_id_81": ["GENOME"], "ds_117_sample_id_82": [], "ds_28_sample_id_83": [], "ds_20_sample_id_84": [], "ds_36_sample_id_85": [], "ds_75_sample_id_86": [], "ds_47_sample_id_87": [], "ds_26_sample_id_88": [], "ds_55_sample_id_89": ["GENOME"], "ds_117_sample_id_90": [], "ds_4_sample_id_91": ["GENOME"], "ds_65_sample_id_92": [], "ds_87_sample_id_93": [], "ds_38_sample_id_94": ["GENOME"], "ds_22_sample_id_95": [], "ds_9_sample_id_96": [], "ds_73_sample_id_97": [], "ds_55_sample_id_98": ["GENOME"], "ds_30_sample_id_99": ["GENOME"], "ds_83_sample_id_100": ["IP_ADDRESS"], "ds_63_sample_id_101": [], "ds_102_sample_id_102": [], "ds_25_sample_id_103": [], "ds_69_sample_id_104": ["GENOME", "IP_ADDRESS"], "ds_23_sample_id_105": [], "ds_117_sample_id_106": [], "ds_1_sample_id_107": [], "ds_5_sample_id_108": ["GENOME"], "ds_103_sample_id_109": [], "ds_20_sample_id_110": [], "ds_73_sample_id_111": [], "ds_88_sample_id_112": [], "ds_99_sample_id_113": [], "ds_79_sample_id_114": [], "ds_102_sample_id_115": [], "ds_97_sample_id_116": [], "ds_17_sample_id_117": [], "ds_54_sample_id_118": [], "ds_11_sample_id_119": [], "ds_8_sample_id_120": ["IP_ADDRESS"], "ds_89_sample_id_121": [], "ds_104_sample_id_122": [], "ds_9_sample_id_123": [], "ds_85_sample_id_124": ["EMAIL_ADDRESS", "GENOME"], "ds_6_sample_id_125": [], "ds_14_sample_id_126": [], "ds_58_sample_id_127": [], "ds_67_sample_id_128": [], "ds_113_sample_id_129": [], "ds_55_sample_id_130": ["GENOME"], "ds_41_sample_id_131": [], "ds_88_sample_id_132": [], "ds_114_sample_id_133": [], "ds_97_sample_id_134": [], "ds_9_sample_id_135": [], "ds_80_sample_id_136": [], "ds_41_sample_id_137": [], "ds_49_sample_id_138": [], "ds_33_sample_id_139": [], "ds_26_sample_id_140": [], "ds_6_sample_id_141": [], "ds_99_sample_id_142": [], "ds_41_sample_id_143": [], "ds_85_sample_id_144": ["EMAIL_ADDRESS", "GENOME"], "ds_98_sample_id_145": [], "ds_72_sample_id_146": [], "ds_84_sample_id_147": [], "ds_11_sample_id_148": [], "ds_39_sample_id_149": [], "ds_27_sample_id_150": [], "ds_79_sample_id_151": [], "ds_105_sample_id_152": []}