{"ds_47_sample_id_0": [], "ds_89_sample_id_1": [], "ds_46_sample_id_2": [], "ds_37_sample_id_3": [], "ds_37_sample_id_4": [], "ds_105_sample_id_5": [], "ds_22_sample_id_6": [], "ds_106_sample_id_7": [], "ds_107_sample_id_8": [], "ds_30_sample_id_9": ["GENOME"], "ds_56_sample_id_10": [], "ds_80_sample_id_11": [], "ds_0_sample_id_12": [], "ds_73_sample_id_13": [], "ds_19_sample_id_14": [], "ds_104_sample_id_15": [], "ds_115_sample_id_16": [], "ds_108_sample_id_17": [], "ds_27_sample_id_18": [], "ds_14_sample_id_19": [], "ds_7_sample_id_20": [], "ds_27_sample_id_21": [], "ds_31_sample_id_22": [], "ds_92_sample_id_23": [], "ds_93_sample_id_24": [], "ds_94_sample_id_25": ["GENOME"], "ds_31_sample_id_26": [], "ds_71_sample_id_27": ["GENOME", "IP_ADDRESS"], "ds_74_sample_id_28": [], "ds_48_sample_id_29": [], "ds_55_sample_id_30": ["GENOME"], "ds_106_sample_id_31": [], "ds_111_sample_id_32": [], "ds_6_sample_id_33": [], "ds_78_sample_id_34": [], "ds_40_sample_id_35": [], "ds_47_sample_id_36": [], "ds_105_sample_id_37": [], "ds_41_sample_id_38": [], "ds_61_sample_id_39": ["GENOME"], "ds_92_sample_id_40": [], "ds_8_sample_id_41": ["IP_ADDRESS"], "ds_92_sample_id_42": [], "ds_1_sample_id_43": [], "ds_41_sample_id_44": [], "ds_0_sample_id_45": [], "ds_60_sample_id_46": [], "ds_18_sample_id_47": [], "ds_108_sample_id_48": [], "ds_60_sample_id_49": [], "ds_67_sample_id_50": [], "ds_103_sample_id_51": [], "ds_61_sample_id_52": ["GENOME"], "ds_19_sample_id_53": [], "ds_80_sample_id_54": [], "ds_88_sample_id_55": [], "ds_104_sample_id_56": [], "ds_93_sample_id_57": [], "ds_0_sample_id_58": [], "ds_1_sample_id_59": [], "ds_50_sample_id_60": [], "ds_10_sample_id_61": ["GENOME"], "ds_100_sample_id_62": [], "ds_2_sample_id_63": [], "ds_51_sample_id_64": [], "ds_96_sample_id_65": [], "ds_10_sample_id_66": ["GENOME"], "ds_8_sample_id_67": ["IP_ADDRESS"], "ds_44_sample_id_68": ["GENOME"], "ds_90_sample_id_69": [], "ds_116_sample_id_70": [], "ds_91_sample_id_71": [], "ds_116_sample_id_72": [], "ds_31_sample_id_73": [], "ds_53_sample_id_74": [], "ds_91_sample_id_75": [], "ds_55_sample_id_76": ["GENOME"], "ds_82_sample_id_77": [], "ds_3_sample_id_78": ["EMAIL_ADDRESS", "GENOME", "IP_ADDRESS"], "ds_29_sample_id_79": [], "ds_83_sample_id_80": ["IP_ADDRESS"], "ds_73_sample_id_81": [], "ds_50_sample_id_82": [], "ds_83_sample_id_83": ["IP_ADDRESS"], "ds_19_sample_id_84": [], "ds_94_sample_id_85": ["GENOME"], "ds_113_sample_id_86": [], "ds_103_sample_id_87": [], "ds_46_sample_id_88": [], "ds_26_sample_id_89": [], "ds_116_sample_id_90": [], "ds_67_sample_id_91": [], "ds_57_sample_id_92": [], "ds_69_sample_id_93": ["GENOME", "IP_ADDRESS"], "ds_12_sample_id_94": [], "ds_39_sample_id_95": [], "ds_25_sample_id_96": [], "ds_93_sample_id_97": [], "ds_5_sample_id_98": ["GENOME"], "ds_4_sample_id_99": ["GENOME"], "ds_94_sample_id_100": ["GENOME"], "ds_80_sample_id_101": [], "ds_13_sample_id_102": [], "ds_72_sample_id_103": [], "ds_73_sample_id_104": [], "ds_40_sample_id_105": [], "ds_86_sample_id_106": ["GENOME"], "ds_56_sample_id_107": [], "ds_117_sample_id_108": [], "ds_68_sample_id_109": [], "ds_46_sample_id_110": [], "ds_89_sample_id_111": [], "ds_61_sample_id_112": ["GENOME"], "ds_47_sample_id_113": [], "ds_107_sample_id_114": [], "ds_11_sample_id_115": [], "ds_58_sample_id_116": [], "ds_103_sample_id_117": [], "ds_23_sample_id_118": [], "ds_17_sample_id_119": [], "ds_19_sample_id_120": [], "ds_109_sample_id_121": [], "ds_68_sample_id_122": [], "ds_114_sample_id_123": [], "ds_100_sample_id_124": [], "ds_6_sample_id_125": [], "ds_108_sample_id_126": [], "ds_26_sample_id_127": [], "ds_107_sample_id_128": [], "ds_84_sample_id_129": [], "ds_75_sample_id_130": [], "ds_29_sample_id_131": [], "ds_109_sample_id_132": [], "ds_91_sample_id_133": [], "ds_8_sample_id_134": ["IP_ADDRESS"], "ds_10_sample_id_135": ["GENOME"], "ds_14_sample_id_136": [], "ds_59_sample_id_137": [], "ds_65_sample_id_138": [], "ds_110_sample_id_139": [], "ds_36_sample_id_140": [], "ds_66_sample_id_141": [], "ds_105_sample_id_142": [], "ds_72_sample_id_143": [], "ds_69_sample_id_144": ["GENOME", "IP_ADDRESS"], "ds_39_sample_id_145": [], "ds_70_sample_id_146": [], "ds_56_sample_id_147": [], "ds_62_sample_id_148": [], "ds_28_sample_id_149": [], "ds_10_sample_id_150": ["GENOME"], "ds_103_sample_id_151": [], "ds_87_sample_id_152": [], "ds_77_sample_id_153": ["GENOME"], "ds_40_sample_id_154": [], "ds_88_sample_id_155": [], "ds_63_sample_id_156": [], "ds_77_sample_id_157": ["GENOME"], "ds_5_sample_id_158": ["GENOME"], "ds_81_sample_id_159": [], "ds_27_sample_id_160": [], "ds_22_sample_id_161": [], "ds_59_sample_id_162": [], "ds_83_sample_id_163": ["IP_ADDRESS"], "ds_12_sample_id_164": [], "ds_97_sample_id_165": [], "ds_111_sample_id_166": [], "ds_118_sample_id_167": [], "ds_15_sample_id_168": [], "ds_76_sample_id_169": [], "ds_40_sample_id_170": []}