{"ds_59_sample_id_0": [], "ds_0_sample_id_1": ["DOMAIN_NAME", "EMAIL_ADDRESS"], "ds_34_sample_id_2": [], "ds_13_sample_id_3": [], "ds_45_sample_id_4": [], "ds_40_sample_id_5": [], "ds_46_sample_id_6": [], "ds_97_sample_id_7": [], "ds_60_sample_id_8": [], "ds_88_sample_id_9": [], "ds_87_sample_id_10": [], "ds_94_sample_id_11": [], "ds_6_sample_id_12": [], "ds_79_sample_id_13": [], "ds_20_sample_id_14": [], "ds_98_sample_id_15": [], "ds_61_sample_id_16": [], "ds_52_sample_id_17": [], "ds_100_sample_id_18": [], "ds_56_sample_id_19": [], "ds_100_sample_id_20": [], "ds_36_sample_id_21": [], "ds_95_sample_id_22": [], "ds_33_sample_id_23": [], "ds_37_sample_id_24": [], "ds_82_sample_id_25": [], "ds_47_sample_id_26": [], "ds_98_sample_id_27": [], "ds_32_sample_id_28": [], "ds_67_sample_id_29": [], "ds_78_sample_id_30": [], "ds_64_sample_id_31": [], "ds_27_sample_id_32": [], "ds_17_sample_id_33": [], "ds_92_sample_id_34": [], "ds_7_sample_id_35": [], "ds_36_sample_id_36": [], "ds_86_sample_id_37": [], "ds_62_sample_id_38": [], "ds_59_sample_id_39": [], "ds_58_sample_id_40": [], "ds_41_sample_id_41": [], "ds_51_sample_id_42": [], "ds_63_sample_id_43": [], "ds_94_sample_id_44": [], "ds_54_sample_id_45": [], "ds_24_sample_id_46": [], "ds_37_sample_id_47": [], "ds_99_sample_id_48": [], "ds_51_sample_id_49": [], "ds_88_sample_id_50": [], "ds_90_sample_id_51": [], "ds_4_sample_id_52": [], "ds_23_sample_id_53": [], "ds_28_sample_id_54": [], "ds_70_sample_id_55": [], "ds_66_sample_id_56": [], "ds_36_sample_id_57": [], "ds_74_sample_id_58": [], "ds_51_sample_id_59": [], "ds_19_sample_id_60": [], "ds_76_sample_id_61": [], "ds_65_sample_id_62": [], "ds_0_sample_id_63": ["DOMAIN_NAME", "EMAIL_ADDRESS"], "ds_76_sample_id_64": [], "ds_103_sample_id_65": [], "ds_89_sample_id_66": [], "ds_103_sample_id_67": [], "ds_102_sample_id_68": [], "ds_43_sample_id_69": [], "ds_19_sample_id_70": [], "ds_8_sample_id_71": [], "ds_92_sample_id_72": [], "ds_25_sample_id_73": [], "ds_29_sample_id_74": [], "ds_38_sample_id_75": [], "ds_50_sample_id_76": [], "ds_97_sample_id_77": [], "ds_28_sample_id_78": [], "ds_1_sample_id_79": [], "ds_97_sample_id_80": [], "ds_101_sample_id_81": [], "ds_92_sample_id_82": [], "ds_11_sample_id_83": [], "ds_86_sample_id_84": [], "ds_46_sample_id_85": [], "ds_96_sample_id_86": []}