{"ds_10671_sample_id_0": [], "ds_10561_sample_id_1": [], "ds_7804_sample_id_2": [], "ds_9950_sample_id_3": [], "ds_9126_sample_id_4": [], "ds_9389_sample_id_5": [], "ds_4850_sample_id_6": [], "ds_6632_sample_id_7": [], "ds_4307_sample_id_8": [], "ds_5886_sample_id_9": [], "ds_1095_sample_id_10": [], "ds_6243_sample_id_11": [], "ds_299_sample_id_12": [], "ds_11429_sample_id_13": [], "ds_3378_sample_id_14": [], "ds_10202_sample_id_15": [], "ds_4077_sample_id_16": [], "ds_7974_sample_id_17": [], "ds_6629_sample_id_18": [], "ds_1242_sample_id_19": [], "ds_10342_sample_id_20": [], "ds_1467_sample_id_21": [], "ds_3617_sample_id_22": [], "ds_277_sample_id_23": [], "ds_4695_sample_id_24": [], "ds_7495_sample_id_25": [], "ds_8628_sample_id_26": [], "ds_10265_sample_id_27": [], "ds_8747_sample_id_28": [], "ds_6008_sample_id_29": [], "ds_2135_sample_id_30": [], "ds_8762_sample_id_31": [], "ds_4795_sample_id_32": [], "ds_3913_sample_id_33": [], "ds_799_sample_id_34": [], "ds_1114_sample_id_35": [], "ds_3533_sample_id_36": [], "ds_1549_sample_id_37": [], "ds_1730_sample_id_38": [], "ds_7118_sample_id_39": [], "ds_8008_sample_id_40": [], "ds_8829_sample_id_41": [], "ds_8277_sample_id_42": [], "ds_8430_sample_id_43": [], "ds_5093_sample_id_44": [], "ds_4752_sample_id_45": [], "ds_7669_sample_id_46": [], "ds_6164_sample_id_47": [], "ds_6399_sample_id_48": [], "ds_336_sample_id_49": [], "ds_8783_sample_id_50": [], "ds_4736_sample_id_51": [], "ds_8257_sample_id_52": [], "ds_6460_sample_id_53": [], "ds_3048_sample_id_54": [], "ds_2409_sample_id_55": [], "ds_6000_sample_id_56": [], "ds_6738_sample_id_57": [], "ds_9221_sample_id_58": [], "ds_9011_sample_id_59": [], "ds_731_sample_id_60": [], "ds_2378_sample_id_61": [], "ds_5481_sample_id_62": [], "ds_4612_sample_id_63": [], "ds_8122_sample_id_64": [], "ds_5114_sample_id_65": [], "ds_1992_sample_id_66": [], "ds_9431_sample_id_67": [], "ds_3412_sample_id_68": [], "ds_8429_sample_id_69": [], "ds_5420_sample_id_70": [], "ds_3072_sample_id_71": [], "ds_5252_sample_id_72": [], "ds_8173_sample_id_73": [], "ds_2249_sample_id_74": [], "ds_2132_sample_id_75": [], "ds_8602_sample_id_76": [], "ds_11364_sample_id_77": [], "ds_171_sample_id_78": [], "ds_3730_sample_id_79": [], "ds_6741_sample_id_80": [], "ds_9145_sample_id_81": [], "ds_11462_sample_id_82": [], "ds_9267_sample_id_83": [], "ds_11072_sample_id_84": [], "ds_5680_sample_id_85": [], "ds_3928_sample_id_86": [], "ds_8054_sample_id_87": [], "ds_11497_sample_id_88": [], "ds_10191_sample_id_89": [], "ds_8773_sample_id_90": [], "ds_3367_sample_id_91": [], "ds_5956_sample_id_92": [], "ds_2139_sample_id_93": [], "ds_1956_sample_id_94": [], "ds_2373_sample_id_95": [], "ds_1469_sample_id_96": [], "ds_2217_sample_id_97": [], "ds_4398_sample_id_98": [], "ds_9601_sample_id_99": [], "ds_1308_sample_id_100": [], "ds_2656_sample_id_101": [], "ds_401_sample_id_102": [], "ds_920_sample_id_103": [], "ds_7879_sample_id_104": [], "ds_7176_sample_id_105": [], "ds_5420_sample_id_106": [], "ds_1457_sample_id_107": [], "ds_4142_sample_id_108": [], "ds_3043_sample_id_109": [], "ds_8312_sample_id_110": [], "ds_2239_sample_id_111": [], "ds_3029_sample_id_112": [], "ds_6637_sample_id_113": [], "ds_8408_sample_id_114": [], "ds_10602_sample_id_115": [], "ds_3729_sample_id_116": [], "ds_7385_sample_id_117": [], "ds_8675_sample_id_118": [], "ds_6890_sample_id_119": [], "ds_5240_sample_id_120": [], "ds_2627_sample_id_121": [], "ds_10577_sample_id_122": [], "ds_9750_sample_id_123": [], "ds_1956_sample_id_124": [], "ds_919_sample_id_125": [], "ds_3775_sample_id_126": [], "ds_5782_sample_id_127": [], "ds_5866_sample_id_128": [], "ds_8734_sample_id_129": [], "ds_8743_sample_id_130": [], "ds_4406_sample_id_131": [], "ds_2719_sample_id_132": [], "ds_9969_sample_id_133": [], "ds_2019_sample_id_134": [], "ds_5792_sample_id_135": [], "ds_8695_sample_id_136": [], "ds_9434_sample_id_137": [], "ds_8951_sample_id_138": [], "ds_687_sample_id_139": [], "ds_10491_sample_id_140": [], "ds_4678_sample_id_141": [], "ds_1269_sample_id_142": [], "ds_10421_sample_id_143": [], "ds_10400_sample_id_144": [], "ds_7179_sample_id_145": [], "ds_1567_sample_id_146": [], "ds_10011_sample_id_147": [], "ds_3871_sample_id_148": [], "ds_502_sample_id_149": [], "ds_6850_sample_id_150": [], "ds_3608_sample_id_151": [], "ds_11495_sample_id_152": [], "ds_4285_sample_id_153": [], "ds_6570_sample_id_154": [], "ds_6632_sample_id_155": [], "ds_11087_sample_id_156": [], "ds_5324_sample_id_157": [], "ds_5007_sample_id_158": [], "ds_5187_sample_id_159": [], "ds_7069_sample_id_160": [], "ds_4244_sample_id_161": [], "ds_5067_sample_id_162": [], "ds_4149_sample_id_163": [], "ds_6765_sample_id_164": [], "ds_9161_sample_id_165": [], "ds_8707_sample_id_166": [], "ds_5804_sample_id_167": [], "ds_3988_sample_id_168": [], "ds_8585_sample_id_169": [], "ds_5245_sample_id_170": [], "ds_2428_sample_id_171": [], "ds_6663_sample_id_172": [], "ds_4524_sample_id_173": [], "ds_10340_sample_id_174": [], "ds_2713_sample_id_175": [], "ds_11237_sample_id_176": [], "ds_4102_sample_id_177": [], "ds_8349_sample_id_178": [], "ds_38_sample_id_179": [], "ds_8686_sample_id_180": [], "ds_673_sample_id_181": [], "ds_7148_sample_id_182": [], "ds_2887_sample_id_183": [], "ds_6874_sample_id_184": [], "ds_2645_sample_id_185": [], "ds_657_sample_id_186": [], "ds_11025_sample_id_187": [], "ds_3193_sample_id_188": [], "ds_5753_sample_id_189": [], "ds_6276_sample_id_190": [], "ds_8806_sample_id_191": [], "ds_3507_sample_id_192": [], "ds_2031_sample_id_193": [], "ds_4675_sample_id_194": [], "ds_11453_sample_id_195": [], "ds_5081_sample_id_196": [], "ds_1069_sample_id_197": [], "ds_11422_sample_id_198": [], "ds_6754_sample_id_199": [], "ds_6253_sample_id_200": [], "ds_4596_sample_id_201": [], "ds_7969_sample_id_202": [], "ds_219_sample_id_203": [], "ds_4740_sample_id_204": [], "ds_2500_sample_id_205": [], "ds_2640_sample_id_206": [], "ds_2107_sample_id_207": [], "ds_10224_sample_id_208": [], "ds_2675_sample_id_209": [], "ds_393_sample_id_210": [], "ds_10308_sample_id_211": [], "ds_2627_sample_id_212": [], "ds_6154_sample_id_213": [], "ds_9861_sample_id_214": [], "ds_1199_sample_id_215": [], "ds_3183_sample_id_216": [], "ds_8548_sample_id_217": [], "ds_10197_sample_id_218": [], "ds_7754_sample_id_219": [], "ds_11421_sample_id_220": [], "ds_3580_sample_id_221": [], "ds_11090_sample_id_222": [], "ds_5072_sample_id_223": [], "ds_6153_sample_id_224": [], "ds_5420_sample_id_225": [], "ds_1339_sample_id_226": [], "ds_535_sample_id_227": [], "ds_629_sample_id_228": [], "ds_5707_sample_id_229": [], "ds_2775_sample_id_230": [], "ds_5686_sample_id_231": [], "ds_11172_sample_id_232": [], "ds_5988_sample_id_233": [], "ds_3230_sample_id_234": [], "ds_2065_sample_id_235": [], "ds_5916_sample_id_236": [], "ds_2182_sample_id_237": [], "ds_9879_sample_id_238": [], "ds_2400_sample_id_239": [], "ds_6884_sample_id_240": [], "ds_3320_sample_id_241": [], "ds_1425_sample_id_242": [], "ds_2255_sample_id_243": [], "ds_10339_sample_id_244": [], "ds_10461_sample_id_245": [], "ds_733_sample_id_246": [], "ds_11054_sample_id_247": []}