{"ds_553_sample_id_0": [], "ds_696_sample_id_1": [], "ds_640_sample_id_2": [], "ds_158_sample_id_3": [], "ds_764_sample_id_4": [], "ds_395_sample_id_5": [], "ds_805_sample_id_6": [], "ds_675_sample_id_7": [], "ds_853_sample_id_8": [], "ds_594_sample_id_9": [], "ds_85_sample_id_10": [], "ds_655_sample_id_11": [], "ds_586_sample_id_12": [], "ds_351_sample_id_13": [], "ds_234_sample_id_14": [], "ds_694_sample_id_15": [], "ds_355_sample_id_16": [], "ds_174_sample_id_17": [], "ds_700_sample_id_18": [], "ds_461_sample_id_19": [], "ds_695_sample_id_20": [], "ds_408_sample_id_21": [], "ds_302_sample_id_22": [], "ds_567_sample_id_23": [], "ds_8_sample_id_24": ["DOMAIN_NAME", "EMAIL_ADDRESS", "IP_ADDRESS", "PERSON"], "ds_184_sample_id_25": [], "ds_242_sample_id_26": [], "ds_408_sample_id_27": [], "ds_744_sample_id_28": [], "ds_717_sample_id_29": [], "ds_485_sample_id_30": [], "ds_791_sample_id_31": [], "ds_87_sample_id_32": [], "ds_617_sample_id_33": [], "ds_30_sample_id_34": [], "ds_720_sample_id_35": [], "ds_569_sample_id_36": [], "ds_616_sample_id_37": [], "ds_9_sample_id_38": [], "ds_760_sample_id_39": [], "ds_59_sample_id_40": [], "ds_478_sample_id_41": [], "ds_370_sample_id_42": [], "ds_816_sample_id_43": [], "ds_302_sample_id_44": [], "ds_137_sample_id_45": [], "ds_691_sample_id_46": [], "ds_340_sample_id_47": [], "ds_596_sample_id_48": [], "ds_834_sample_id_49": [], "ds_561_sample_id_50": [], "ds_775_sample_id_51": [], "ds_253_sample_id_52": [], "ds_807_sample_id_53": [], "ds_309_sample_id_54": [], "ds_579_sample_id_55": [], "ds_771_sample_id_56": [], "ds_846_sample_id_57": [], "ds_838_sample_id_58": [], "ds_716_sample_id_59": [], "ds_235_sample_id_60": [], "ds_730_sample_id_61": [], "ds_732_sample_id_62": [], "ds_466_sample_id_63": [], "ds_597_sample_id_64": [], "ds_30_sample_id_65": [], "ds_769_sample_id_66": [], "ds_62_sample_id_67": [], "ds_308_sample_id_68": [], "ds_243_sample_id_69": [], "ds_538_sample_id_70": [], "ds_785_sample_id_71": [], "ds_697_sample_id_72": [], "ds_169_sample_id_73": [], "ds_768_sample_id_74": [], "ds_463_sample_id_75": [], "ds_517_sample_id_76": [], "ds_137_sample_id_77": [], "ds_618_sample_id_78": [], "ds_585_sample_id_79": [], "ds_12_sample_id_80": [], "ds_445_sample_id_81": [], "ds_777_sample_id_82": [], "ds_163_sample_id_83": [], "ds_771_sample_id_84": [], "ds_317_sample_id_85": [], "ds_688_sample_id_86": [], "ds_424_sample_id_87": [], "ds_242_sample_id_88": [], "ds_683_sample_id_89": [], "ds_738_sample_id_90": [], "ds_749_sample_id_91": [], "ds_474_sample_id_92": [], "ds_197_sample_id_93": ["DOMAIN_NAME", "IP_ADDRESS", "PERSON"], "ds_694_sample_id_94": [], "ds_455_sample_id_95": [], "ds_877_sample_id_96": [], "ds_419_sample_id_97": [], "ds_10_sample_id_98": [], "ds_668_sample_id_99": [], "ds_356_sample_id_100": [], "ds_856_sample_id_101": [], "ds_375_sample_id_102": [], "ds_412_sample_id_103": [], "ds_861_sample_id_104": [], "ds_714_sample_id_105": [], "ds_638_sample_id_106": [], "ds_266_sample_id_107": [], "ds_7_sample_id_108": [], "ds_152_sample_id_109": [], "ds_46_sample_id_110": ["DOMAIN_NAME", "IP_ADDRESS", "PERSON"], "ds_877_sample_id_111": [], "ds_492_sample_id_112": [], "ds_550_sample_id_113": [], "ds_752_sample_id_114": [], "ds_761_sample_id_115": [], "ds_273_sample_id_116": ["DOMAIN_NAME", "EMAIL_ADDRESS"], "ds_381_sample_id_117": [], "ds_412_sample_id_118": [], "ds_303_sample_id_119": [], "ds_400_sample_id_120": [], "ds_237_sample_id_121": [], "ds_766_sample_id_122": [], "ds_276_sample_id_123": [], "ds_393_sample_id_124": [], "ds_389_sample_id_125": [], "ds_861_sample_id_126": [], "ds_675_sample_id_127": [], "ds_756_sample_id_128": [], "ds_629_sample_id_129": [], "ds_527_sample_id_130": [], "ds_508_sample_id_131": [], "ds_722_sample_id_132": [], "ds_461_sample_id_133": [], "ds_218_sample_id_134": [], "ds_385_sample_id_135": [], "ds_718_sample_id_136": [], "ds_208_sample_id_137": [], "ds_424_sample_id_138": [], "ds_184_sample_id_139": [], "ds_457_sample_id_140": [], "ds_153_sample_id_141": [], "ds_754_sample_id_142": [], "ds_857_sample_id_143": [], "ds_731_sample_id_144": [], "ds_380_sample_id_145": [], "ds_328_sample_id_146": [], "ds_718_sample_id_147": [], "ds_185_sample_id_148": [], "ds_792_sample_id_149": [], "ds_253_sample_id_150": [], "ds_396_sample_id_151": [], "ds_752_sample_id_152": [], "ds_252_sample_id_153": [], "ds_660_sample_id_154": [], "ds_541_sample_id_155": [], "ds_864_sample_id_156": [], "ds_335_sample_id_157": [], "ds_575_sample_id_158": [], "ds_785_sample_id_159": [], "ds_757_sample_id_160": [], "ds_842_sample_id_161": [], "ds_428_sample_id_162": [], "ds_781_sample_id_163": [], "ds_744_sample_id_164": [], "ds_235_sample_id_165": [], "ds_296_sample_id_166": [], "ds_128_sample_id_167": [], "ds_666_sample_id_168": [], "ds_123_sample_id_169": [], "ds_684_sample_id_170": [], "ds_734_sample_id_171": [], "ds_792_sample_id_172": [], "ds_771_sample_id_173": [], "ds_819_sample_id_174": [], "ds_74_sample_id_175": ["DOMAIN_NAME", "EMAIL_ADDRESS"], "ds_630_sample_id_176": [], "ds_373_sample_id_177": [], "ds_105_sample_id_178": [], "ds_33_sample_id_179": [], "ds_820_sample_id_180": [], "ds_280_sample_id_181": [], "ds_779_sample_id_182": [], "ds_244_sample_id_183": [], "ds_359_sample_id_184": [], "ds_59_sample_id_185": [], "ds_521_sample_id_186": [], "ds_756_sample_id_187": [], "ds_738_sample_id_188": [], "ds_445_sample_id_189": [], "ds_129_sample_id_190": ["DOMAIN_NAME", "EMAIL_ADDRESS", "IP_ADDRESS", "PERSON"], "ds_735_sample_id_191": [], "ds_318_sample_id_192": [], "ds_191_sample_id_193": [], "ds_384_sample_id_194": [], "ds_457_sample_id_195": [], "ds_757_sample_id_196": [], "ds_243_sample_id_197": [], "ds_265_sample_id_198": [], "ds_819_sample_id_199": [], "ds_376_sample_id_200": [], "ds_619_sample_id_201": [], "ds_397_sample_id_202": [], "ds_208_sample_id_203": [], "ds_753_sample_id_204": [], "ds_48_sample_id_205": [], "ds_299_sample_id_206": [], "ds_592_sample_id_207": [], "ds_679_sample_id_208": [], "ds_753_sample_id_209": [], "ds_557_sample_id_210": [], "ds_403_sample_id_211": [], "ds_112_sample_id_212": [], "ds_542_sample_id_213": [], "ds_173_sample_id_214": [], "ds_518_sample_id_215": [], "ds_19_sample_id_216": [], "ds_435_sample_id_217": [], "ds_605_sample_id_218": [], "ds_581_sample_id_219": [], "ds_742_sample_id_220": [], "ds_746_sample_id_221": [], "ds_813_sample_id_222": [], "ds_489_sample_id_223": [], "ds_766_sample_id_224": [], "ds_261_sample_id_225": [], "ds_420_sample_id_226": [], "ds_32_sample_id_227": [], "ds_195_sample_id_228": [], "ds_811_sample_id_229": [], "ds_18_sample_id_230": [], "ds_719_sample_id_231": [], "ds_462_sample_id_232": [], "ds_609_sample_id_233": [], "ds_1_sample_id_234": [], "ds_857_sample_id_235": [], "ds_167_sample_id_236": [], "ds_519_sample_id_237": [], "ds_794_sample_id_238": [], "ds_457_sample_id_239": [], "ds_406_sample_id_240": [], "ds_533_sample_id_241": [], "ds_493_sample_id_242": [], "ds_198_sample_id_243": [], "ds_341_sample_id_244": [], "ds_656_sample_id_245": [], "ds_9_sample_id_246": [], "ds_57_sample_id_247": [], "ds_680_sample_id_248": [], "ds_407_sample_id_249": [], "ds_357_sample_id_250": [], "ds_231_sample_id_251": [], "ds_514_sample_id_252": [], "ds_176_sample_id_253": [], "ds_69_sample_id_254": [], "ds_387_sample_id_255": [], "ds_798_sample_id_256": [], "ds_809_sample_id_257": [], "ds_655_sample_id_258": [], "ds_344_sample_id_259": [], "ds_298_sample_id_260": [], "ds_559_sample_id_261": [], "ds_37_sample_id_262": [], "ds_202_sample_id_263": [], "ds_86_sample_id_264": [], "ds_426_sample_id_265": [], "ds_736_sample_id_266": [], "ds_583_sample_id_267": [], "ds_311_sample_id_268": [], "ds_646_sample_id_269": [], "ds_838_sample_id_270": [], "ds_183_sample_id_271": [], "ds_204_sample_id_272": [], "ds_431_sample_id_273": [], "ds_783_sample_id_274": [], "ds_486_sample_id_275": [], "ds_198_sample_id_276": [], "ds_663_sample_id_277": [], "ds_192_sample_id_278": [], "ds_228_sample_id_279": [], "ds_820_sample_id_280": [], "ds_509_sample_id_281": [], "ds_106_sample_id_282": [], "ds_43_sample_id_283": [], "ds_388_sample_id_284": [], "ds_135_sample_id_285": []}