{"ds_73_sample_id_0": [], "ds_38_sample_id_1": ["GENOME"], "ds_97_sample_id_2": [], "ds_108_sample_id_3": [], "ds_11_sample_id_4": [], "ds_73_sample_id_5": [], "ds_12_sample_id_6": [], "ds_111_sample_id_7": [], "ds_62_sample_id_8": [], "ds_112_sample_id_9": [], "ds_70_sample_id_10": [], "ds_70_sample_id_11": [], "ds_63_sample_id_12": [], "ds_49_sample_id_13": [], "ds_67_sample_id_14": [], "ds_80_sample_id_15": [], "ds_12_sample_id_16": [], "ds_62_sample_id_17": [], "ds_69_sample_id_18": ["GENOME", "IP_ADDRESS"], "ds_63_sample_id_19": [], "ds_62_sample_id_20": [], "ds_28_sample_id_21": [], "ds_76_sample_id_22": [], "ds_91_sample_id_23": [], "ds_102_sample_id_24": [], "ds_115_sample_id_25": [], "ds_53_sample_id_26": [], "ds_8_sample_id_27": ["IP_ADDRESS"], "ds_85_sample_id_28": ["EMAIL_ADDRESS", "GENOME"], "ds_101_sample_id_29": [], "ds_59_sample_id_30": [], "ds_22_sample_id_31": [], "ds_10_sample_id_32": ["GENOME"], "ds_39_sample_id_33": [], "ds_78_sample_id_34": [], "ds_102_sample_id_35": [], "ds_66_sample_id_36": [], "ds_99_sample_id_37": [], "ds_35_sample_id_38": ["GENOME"], "ds_26_sample_id_39": [], "ds_98_sample_id_40": [], "ds_103_sample_id_41": [], "ds_68_sample_id_42": [], "ds_28_sample_id_43": [], "ds_100_sample_id_44": [], "ds_118_sample_id_45": [], "ds_57_sample_id_46": [], "ds_44_sample_id_47": ["GENOME"], "ds_53_sample_id_48": [], "ds_93_sample_id_49": [], "ds_103_sample_id_50": [], "ds_41_sample_id_51": [], "ds_64_sample_id_52": [], "ds_53_sample_id_53": [], "ds_29_sample_id_54": [], "ds_81_sample_id_55": [], "ds_113_sample_id_56": [], "ds_48_sample_id_57": [], "ds_48_sample_id_58": [], "ds_17_sample_id_59": [], "ds_108_sample_id_60": [], "ds_46_sample_id_61": [], "ds_116_sample_id_62": [], "ds_73_sample_id_63": [], "ds_34_sample_id_64": [], "ds_47_sample_id_65": [], "ds_45_sample_id_66": [], "ds_56_sample_id_67": [], "ds_77_sample_id_68": ["GENOME"], "ds_11_sample_id_69": [], "ds_39_sample_id_70": [], "ds_37_sample_id_71": [], "ds_16_sample_id_72": ["GENOME", "IP_ADDRESS"], "ds_84_sample_id_73": [], "ds_97_sample_id_74": [], "ds_19_sample_id_75": [], "ds_27_sample_id_76": [], "ds_70_sample_id_77": [], "ds_109_sample_id_78": [], "ds_81_sample_id_79": [], "ds_111_sample_id_80": [], "ds_58_sample_id_81": [], "ds_117_sample_id_82": [], "ds_9_sample_id_83": [], "ds_16_sample_id_84": ["GENOME", "IP_ADDRESS"], "ds_109_sample_id_85": [], "ds_90_sample_id_86": [], "ds_8_sample_id_87": ["IP_ADDRESS"], "ds_94_sample_id_88": ["GENOME"], "ds_110_sample_id_89": [], "ds_71_sample_id_90": ["GENOME", "IP_ADDRESS"], "ds_97_sample_id_91": [], "ds_81_sample_id_92": [], "ds_48_sample_id_93": [], "ds_94_sample_id_94": ["GENOME"], "ds_85_sample_id_95": ["EMAIL_ADDRESS", "GENOME"], "ds_5_sample_id_96": ["GENOME"], "ds_61_sample_id_97": ["GENOME"], "ds_48_sample_id_98": [], "ds_72_sample_id_99": [], "ds_118_sample_id_100": [], "ds_107_sample_id_101": [], "ds_50_sample_id_102": [], "ds_88_sample_id_103": [], "ds_68_sample_id_104": [], "ds_88_sample_id_105": [], "ds_13_sample_id_106": [], "ds_78_sample_id_107": [], "ds_20_sample_id_108": [], "ds_64_sample_id_109": [], "ds_65_sample_id_110": [], "ds_28_sample_id_111": [], "ds_22_sample_id_112": [], "ds_19_sample_id_113": [], "ds_15_sample_id_114": [], "ds_22_sample_id_115": [], "ds_45_sample_id_116": [], "ds_1_sample_id_117": [], "ds_104_sample_id_118": [], "ds_118_sample_id_119": [], "ds_6_sample_id_120": [], "ds_51_sample_id_121": [], "ds_111_sample_id_122": [], "ds_81_sample_id_123": [], "ds_114_sample_id_124": [], "ds_107_sample_id_125": [], "ds_10_sample_id_126": ["GENOME"], "ds_9_sample_id_127": [], "ds_61_sample_id_128": ["GENOME"], "ds_89_sample_id_129": [], "ds_30_sample_id_130": ["GENOME"], "ds_114_sample_id_131": [], "ds_106_sample_id_132": [], "ds_9_sample_id_133": [], "ds_95_sample_id_134": [], "ds_84_sample_id_135": [], "ds_116_sample_id_136": [], "ds_10_sample_id_137": ["GENOME"], "ds_13_sample_id_138": [], "ds_35_sample_id_139": ["GENOME"], "ds_112_sample_id_140": [], "ds_47_sample_id_141": [], "ds_105_sample_id_142": [], "ds_113_sample_id_143": [], "ds_43_sample_id_144": [], "ds_29_sample_id_145": [], "ds_20_sample_id_146": [], "ds_14_sample_id_147": [], "ds_62_sample_id_148": [], "ds_37_sample_id_149": [], "ds_90_sample_id_150": []}