{"ds_166_sample_id_0": [], "ds_141_sample_id_1": [], "ds_152_sample_id_2": [], "ds_11_sample_id_3": [], "ds_56_sample_id_4": [], "ds_116_sample_id_5": [], "ds_24_sample_id_6": [], "ds_104_sample_id_7": [], "ds_126_sample_id_8": [], "ds_151_sample_id_9": [], "ds_186_sample_id_10": [], "ds_75_sample_id_11": [], "ds_105_sample_id_12": [], "ds_123_sample_id_13": [], "ds_124_sample_id_14": [], "ds_94_sample_id_15": [], "ds_150_sample_id_16": [], "ds_79_sample_id_17": [], "ds_129_sample_id_18": [], "ds_48_sample_id_19": [], "ds_185_sample_id_20": [], "ds_161_sample_id_21": [], "ds_6_sample_id_22": [], "ds_192_sample_id_23": [], "ds_34_sample_id_24": [], "ds_174_sample_id_25": [], "ds_177_sample_id_26": [], "ds_181_sample_id_27": [], "ds_93_sample_id_28": [], "ds_137_sample_id_29": [], "ds_1_sample_id_30": [], "ds_146_sample_id_31": [], "ds_196_sample_id_32": [], "ds_187_sample_id_33": [], "ds_175_sample_id_34": [], "ds_22_sample_id_35": [], "ds_68_sample_id_36": [], "ds_30_sample_id_37": [], "ds_116_sample_id_38": [], "ds_21_sample_id_39": [], "ds_119_sample_id_40": [], "ds_129_sample_id_41": [], "ds_70_sample_id_42": [], "ds_145_sample_id_43": [], "ds_155_sample_id_44": [], "ds_10_sample_id_45": [], "ds_103_sample_id_46": [], "ds_197_sample_id_47": [], "ds_41_sample_id_48": [], "ds_16_sample_id_49": [], "ds_41_sample_id_50": [], "ds_186_sample_id_51": [], "ds_76_sample_id_52": [], "ds_168_sample_id_53": [], "ds_75_sample_id_54": [], "ds_46_sample_id_55": [], "ds_52_sample_id_56": [], "ds_10_sample_id_57": [], "ds_190_sample_id_58": [], "ds_132_sample_id_59": [], "ds_155_sample_id_60": [], "ds_80_sample_id_61": [], "ds_46_sample_id_62": [], "ds_166_sample_id_63": [], "ds_48_sample_id_64": [], "ds_2_sample_id_65": [], "ds_29_sample_id_66": [], "ds_98_sample_id_67": [], "ds_131_sample_id_68": [], "ds_132_sample_id_69": [], "ds_2_sample_id_70": [], "ds_11_sample_id_71": [], "ds_22_sample_id_72": [], "ds_47_sample_id_73": [], "ds_154_sample_id_74": [], "ds_139_sample_id_75": [], "ds_16_sample_id_76": [], "ds_191_sample_id_77": [], "ds_9_sample_id_78": [], "ds_136_sample_id_79": [], "ds_195_sample_id_80": [], "ds_18_sample_id_81": [], "ds_23_sample_id_82": [], "ds_15_sample_id_83": [], "ds_181_sample_id_84": [], "ds_120_sample_id_85": [], "ds_152_sample_id_86": [], "ds_172_sample_id_87": [], "ds_131_sample_id_88": [], "ds_169_sample_id_89": [], "ds_182_sample_id_90": [], "ds_163_sample_id_91": [], "ds_145_sample_id_92": [], "ds_39_sample_id_93": [], "ds_48_sample_id_94": [], "ds_96_sample_id_95": [], "ds_113_sample_id_96": [], "ds_41_sample_id_97": [], "ds_189_sample_id_98": [], "ds_154_sample_id_99": [], "ds_137_sample_id_100": [], "ds_21_sample_id_101": [], "ds_74_sample_id_102": [], "ds_98_sample_id_103": [], "ds_45_sample_id_104": [], "ds_72_sample_id_105": [], "ds_26_sample_id_106": [], "ds_5_sample_id_107": [], "ds_143_sample_id_108": [], "ds_194_sample_id_109": [], "ds_168_sample_id_110": [], "ds_21_sample_id_111": [], "ds_196_sample_id_112": [], "ds_52_sample_id_113": [], "ds_74_sample_id_114": [], "ds_112_sample_id_115": [], "ds_64_sample_id_116": [], "ds_174_sample_id_117": [], "ds_109_sample_id_118": [], "ds_1_sample_id_119": [], "ds_122_sample_id_120": [], "ds_148_sample_id_121": [], "ds_153_sample_id_122": [], "ds_79_sample_id_123": [], "ds_185_sample_id_124": [], "ds_108_sample_id_125": [], "ds_132_sample_id_126": [], "ds_5_sample_id_127": [], "ds_5_sample_id_128": [], "ds_85_sample_id_129": [], "ds_22_sample_id_130": [], "ds_135_sample_id_131": [], "ds_131_sample_id_132": [], "ds_6_sample_id_133": [], "ds_40_sample_id_134": [], "ds_133_sample_id_135": [], "ds_27_sample_id_136": [], "ds_132_sample_id_137": [], "ds_124_sample_id_138": [], "ds_14_sample_id_139": [], "ds_59_sample_id_140": [], "ds_173_sample_id_141": [], "ds_22_sample_id_142": [], "ds_20_sample_id_143": [], "ds_75_sample_id_144": [], "ds_181_sample_id_145": [], "ds_71_sample_id_146": [], "ds_195_sample_id_147": [], "ds_155_sample_id_148": [], "ds_140_sample_id_149": [], "ds_42_sample_id_150": [], "ds_193_sample_id_151": [], "ds_172_sample_id_152": [], "ds_178_sample_id_153": [], "ds_146_sample_id_154": [], "ds_97_sample_id_155": [], "ds_143_sample_id_156": [], "ds_190_sample_id_157": [], "ds_14_sample_id_158": [], "ds_24_sample_id_159": [], "ds_200_sample_id_160": [], "ds_14_sample_id_161": [], "ds_193_sample_id_162": [], "ds_47_sample_id_163": [], "ds_64_sample_id_164": [], "ds_189_sample_id_165": [], "ds_140_sample_id_166": [], "ds_188_sample_id_167": [], "ds_193_sample_id_168": [], "ds_118_sample_id_169": [], "ds_72_sample_id_170": [], "ds_166_sample_id_171": [], "ds_57_sample_id_172": [], "ds_121_sample_id_173": [], "ds_31_sample_id_174": [], "ds_165_sample_id_175": [], "ds_98_sample_id_176": [], "ds_77_sample_id_177": [], "ds_104_sample_id_178": [], "ds_96_sample_id_179": [], "ds_45_sample_id_180": [], "ds_23_sample_id_181": [], "ds_76_sample_id_182": [], "ds_24_sample_id_183": [], "ds_200_sample_id_184": [], "ds_79_sample_id_185": [], "ds_78_sample_id_186": [], "ds_188_sample_id_187": [], "ds_69_sample_id_188": [], "ds_145_sample_id_189": [], "ds_143_sample_id_190": [], "ds_70_sample_id_191": [], "ds_124_sample_id_192": [], "ds_50_sample_id_193": [], "ds_115_sample_id_194": [], "ds_130_sample_id_195": [], "ds_57_sample_id_196": [], "ds_58_sample_id_197": [], "ds_180_sample_id_198": [], "ds_73_sample_id_199": [], "ds_67_sample_id_200": [], "ds_24_sample_id_201": [], "ds_125_sample_id_202": [], "ds_155_sample_id_203": [], "ds_69_sample_id_204": [], "ds_50_sample_id_205": [], "ds_93_sample_id_206": [], "ds_37_sample_id_207": [], "ds_71_sample_id_208": [], "ds_39_sample_id_209": [], "ds_82_sample_id_210": [], "ds_196_sample_id_211": [], "ds_94_sample_id_212": [], "ds_16_sample_id_213": [], "ds_168_sample_id_214": [], "ds_16_sample_id_215": [], "ds_171_sample_id_216": [], "ds_47_sample_id_217": [], "ds_119_sample_id_218": [], "ds_39_sample_id_219": [], "ds_172_sample_id_220": [], "ds_123_sample_id_221": [], "ds_179_sample_id_222": [], "ds_171_sample_id_223": [], "ds_20_sample_id_224": [], "ds_108_sample_id_225": [], "ds_97_sample_id_226": [], "ds_3_sample_id_227": [], "ds_176_sample_id_228": [], "ds_5_sample_id_229": [], "ds_196_sample_id_230": [], "ds_31_sample_id_231": [], "ds_99_sample_id_232": [], "ds_128_sample_id_233": [], "ds_101_sample_id_234": [], "ds_145_sample_id_235": [], "ds_37_sample_id_236": [], "ds_189_sample_id_237": [], "ds_103_sample_id_238": [], "ds_27_sample_id_239": [], "ds_8_sample_id_240": [], "ds_46_sample_id_241": [], "ds_161_sample_id_242": [], "ds_133_sample_id_243": [], "ds_7_sample_id_244": [], "ds_146_sample_id_245": [], "ds_192_sample_id_246": [], "ds_180_sample_id_247": [], "ds_175_sample_id_248": [], "ds_130_sample_id_249": [], "ds_184_sample_id_250": [], "ds_55_sample_id_251": [], "ds_14_sample_id_252": [], "ds_98_sample_id_253": [], "ds_49_sample_id_254": [], "ds_99_sample_id_255": [], "ds_9_sample_id_256": [], "ds_98_sample_id_257": [], "ds_197_sample_id_258": [], "ds_194_sample_id_259": [], "ds_69_sample_id_260": []}