{"ds_187_sample_id_0": [], "ds_48_sample_id_1": [], "ds_2_sample_id_2": [], "ds_34_sample_id_3": [], "ds_139_sample_id_4": [], "ds_108_sample_id_5": [], "ds_5_sample_id_6": [], "ds_68_sample_id_7": [], "ds_132_sample_id_8": [], "ds_82_sample_id_9": [], "ds_9_sample_id_10": [], "ds_53_sample_id_11": [], "ds_105_sample_id_12": [], "ds_17_sample_id_13": [], "ds_71_sample_id_14": [], "ds_83_sample_id_15": [], "ds_192_sample_id_16": [], "ds_19_sample_id_17": [], "ds_175_sample_id_18": [], "ds_134_sample_id_19": [], "ds_86_sample_id_20": [], "ds_173_sample_id_21": [], "ds_62_sample_id_22": [], "ds_14_sample_id_23": [], "ds_196_sample_id_24": [], "ds_63_sample_id_25": [], "ds_120_sample_id_26": [], "ds_89_sample_id_27": [], "ds_184_sample_id_28": [], "ds_111_sample_id_29": [], "ds_15_sample_id_30": [], "ds_106_sample_id_31": [], "ds_67_sample_id_32": [], "ds_151_sample_id_33": [], "ds_51_sample_id_34": [], "ds_109_sample_id_35": [], "ds_149_sample_id_36": [], "ds_165_sample_id_37": [], "ds_56_sample_id_38": [], "ds_185_sample_id_39": [], "ds_123_sample_id_40": [], "ds_184_sample_id_41": [], "ds_1_sample_id_42": [], "ds_35_sample_id_43": [], "ds_25_sample_id_44": [], "ds_151_sample_id_45": [], "ds_186_sample_id_46": [], "ds_74_sample_id_47": [], "ds_85_sample_id_48": [], "ds_113_sample_id_49": [], "ds_59_sample_id_50": [], "ds_110_sample_id_51": [], "ds_69_sample_id_52": [], "ds_165_sample_id_53": [], "ds_78_sample_id_54": [], "ds_188_sample_id_55": [], "ds_143_sample_id_56": [], "ds_78_sample_id_57": [], "ds_129_sample_id_58": [], "ds_138_sample_id_59": [], "ds_148_sample_id_60": [], "ds_168_sample_id_61": [], "ds_12_sample_id_62": [], "ds_32_sample_id_63": [], "ds_156_sample_id_64": [], "ds_26_sample_id_65": [], "ds_178_sample_id_66": [], "ds_148_sample_id_67": [], "ds_171_sample_id_68": [], "ds_180_sample_id_69": [], "ds_46_sample_id_70": [], "ds_118_sample_id_71": [], "ds_66_sample_id_72": [], "ds_180_sample_id_73": [], "ds_183_sample_id_74": [], "ds_29_sample_id_75": [], "ds_56_sample_id_76": [], "ds_10_sample_id_77": [], "ds_51_sample_id_78": [], "ds_93_sample_id_79": [], "ds_70_sample_id_80": [], "ds_83_sample_id_81": [], "ds_61_sample_id_82": [], "ds_155_sample_id_83": [], "ds_74_sample_id_84": [], "ds_30_sample_id_85": [], "ds_177_sample_id_86": [], "ds_16_sample_id_87": [], "ds_104_sample_id_88": [], "ds_48_sample_id_89": [], "ds_127_sample_id_90": [], "ds_92_sample_id_91": [], "ds_93_sample_id_92": [], "ds_82_sample_id_93": [], "ds_67_sample_id_94": [], "ds_72_sample_id_95": [], "ds_22_sample_id_96": [], "ds_1_sample_id_97": [], "ds_41_sample_id_98": [], "ds_30_sample_id_99": [], "ds_145_sample_id_100": [], "ds_143_sample_id_101": [], "ds_104_sample_id_102": [], "ds_35_sample_id_103": [], "ds_125_sample_id_104": [], "ds_29_sample_id_105": [], "ds_116_sample_id_106": [], "ds_170_sample_id_107": [], "ds_120_sample_id_108": [], "ds_14_sample_id_109": [], "ds_121_sample_id_110": [], "ds_6_sample_id_111": [], "ds_5_sample_id_112": [], "ds_8_sample_id_113": [], "ds_100_sample_id_114": [], "ds_161_sample_id_115": [], "ds_7_sample_id_116": [], "ds_18_sample_id_117": [], "ds_111_sample_id_118": [], "ds_192_sample_id_119": [], "ds_0_sample_id_120": [], "ds_8_sample_id_121": [], "ds_105_sample_id_122": [], "ds_70_sample_id_123": [], "ds_66_sample_id_124": [], "ds_36_sample_id_125": [], "ds_126_sample_id_126": [], "ds_57_sample_id_127": [], "ds_41_sample_id_128": [], "ds_75_sample_id_129": [], "ds_75_sample_id_130": [], "ds_172_sample_id_131": [], "ds_199_sample_id_132": [], "ds_32_sample_id_133": [], "ds_160_sample_id_134": [], "ds_157_sample_id_135": [], "ds_42_sample_id_136": [], "ds_162_sample_id_137": [], "ds_185_sample_id_138": [], "ds_168_sample_id_139": [], "ds_32_sample_id_140": [], "ds_157_sample_id_141": [], "ds_81_sample_id_142": [], "ds_155_sample_id_143": [], "ds_112_sample_id_144": [], "ds_67_sample_id_145": [], "ds_185_sample_id_146": [], "ds_90_sample_id_147": [], "ds_98_sample_id_148": [], "ds_163_sample_id_149": [], "ds_197_sample_id_150": [], "ds_65_sample_id_151": [], "ds_71_sample_id_152": [], "ds_87_sample_id_153": [], "ds_185_sample_id_154": [], "ds_43_sample_id_155": [], "ds_86_sample_id_156": [], "ds_152_sample_id_157": [], "ds_44_sample_id_158": [], "ds_2_sample_id_159": [], "ds_37_sample_id_160": [], "ds_59_sample_id_161": [], "ds_154_sample_id_162": [], "ds_38_sample_id_163": [], "ds_66_sample_id_164": [], "ds_103_sample_id_165": [], "ds_134_sample_id_166": [], "ds_200_sample_id_167": [], "ds_89_sample_id_168": [], "ds_124_sample_id_169": [], "ds_106_sample_id_170": [], "ds_40_sample_id_171": [], "ds_81_sample_id_172": [], "ds_182_sample_id_173": [], "ds_110_sample_id_174": [], "ds_168_sample_id_175": [], "ds_80_sample_id_176": [], "ds_77_sample_id_177": [], "ds_197_sample_id_178": [], "ds_168_sample_id_179": [], "ds_130_sample_id_180": [], "ds_52_sample_id_181": [], "ds_25_sample_id_182": [], "ds_124_sample_id_183": [], "ds_177_sample_id_184": [], "ds_121_sample_id_185": [], "ds_58_sample_id_186": [], "ds_174_sample_id_187": [], "ds_186_sample_id_188": [], "ds_138_sample_id_189": [], "ds_37_sample_id_190": [], "ds_128_sample_id_191": [], "ds_46_sample_id_192": [], "ds_7_sample_id_193": [], "ds_194_sample_id_194": [], "ds_36_sample_id_195": [], "ds_11_sample_id_196": [], "ds_13_sample_id_197": [], "ds_157_sample_id_198": [], "ds_40_sample_id_199": [], "ds_45_sample_id_200": [], "ds_7_sample_id_201": [], "ds_171_sample_id_202": [], "ds_45_sample_id_203": [], "ds_46_sample_id_204": [], "ds_192_sample_id_205": [], "ds_179_sample_id_206": [], "ds_35_sample_id_207": [], "ds_59_sample_id_208": [], "ds_130_sample_id_209": [], "ds_196_sample_id_210": [], "ds_22_sample_id_211": [], "ds_24_sample_id_212": [], "ds_6_sample_id_213": [], "ds_13_sample_id_214": [], "ds_175_sample_id_215": [], "ds_200_sample_id_216": [], "ds_63_sample_id_217": [], "ds_176_sample_id_218": [], "ds_194_sample_id_219": [], "ds_187_sample_id_220": [], "ds_198_sample_id_221": [], "ds_61_sample_id_222": [], "ds_41_sample_id_223": [], "ds_52_sample_id_224": [], "ds_52_sample_id_225": [], "ds_100_sample_id_226": [], "ds_182_sample_id_227": [], "ds_41_sample_id_228": [], "ds_146_sample_id_229": [], "ds_12_sample_id_230": [], "ds_41_sample_id_231": [], "ds_198_sample_id_232": [], "ds_153_sample_id_233": [], "ds_168_sample_id_234": [], "ds_48_sample_id_235": [], "ds_114_sample_id_236": [], "ds_156_sample_id_237": [], "ds_129_sample_id_238": [], "ds_105_sample_id_239": [], "ds_14_sample_id_240": [], "ds_156_sample_id_241": [], "ds_106_sample_id_242": [], "ds_113_sample_id_243": [], "ds_162_sample_id_244": [], "ds_104_sample_id_245": [], "ds_5_sample_id_246": [], "ds_9_sample_id_247": [], "ds_62_sample_id_248": [], "ds_144_sample_id_249": [], "ds_190_sample_id_250": [], "ds_126_sample_id_251": [], "ds_64_sample_id_252": [], "ds_67_sample_id_253": [], "ds_2_sample_id_254": [], "ds_28_sample_id_255": [], "ds_4_sample_id_256": [], "ds_26_sample_id_257": [], "ds_162_sample_id_258": [], "ds_195_sample_id_259": [], "ds_183_sample_id_260": [], "ds_166_sample_id_261": [], "ds_69_sample_id_262": [], "ds_179_sample_id_263": [], "ds_12_sample_id_264": [], "ds_11_sample_id_265": [], "ds_188_sample_id_266": [], "ds_156_sample_id_267": [], "ds_80_sample_id_268": [], "ds_113_sample_id_269": [], "ds_191_sample_id_270": [], "ds_35_sample_id_271": [], "ds_86_sample_id_272": [], "ds_152_sample_id_273": [], "ds_13_sample_id_274": [], "ds_93_sample_id_275": [], "ds_159_sample_id_276": [], "ds_110_sample_id_277": [], "ds_73_sample_id_278": [], "ds_78_sample_id_279": [], "ds_55_sample_id_280": [], "ds_91_sample_id_281": [], "ds_54_sample_id_282": [], "ds_182_sample_id_283": [], "ds_10_sample_id_284": [], "ds_172_sample_id_285": [], "ds_181_sample_id_286": [], "ds_132_sample_id_287": [], "ds_27_sample_id_288": [], "ds_113_sample_id_289": [], "ds_30_sample_id_290": [], "ds_139_sample_id_291": [], "ds_107_sample_id_292": [], "ds_61_sample_id_293": [], "ds_18_sample_id_294": [], "ds_80_sample_id_295": [], "ds_191_sample_id_296": [], "ds_31_sample_id_297": [], "ds_147_sample_id_298": [], "ds_48_sample_id_299": [], "ds_136_sample_id_300": [], "ds_92_sample_id_301": [], "ds_148_sample_id_302": [], "ds_10_sample_id_303": [], "ds_129_sample_id_304": [], "ds_35_sample_id_305": [], "ds_26_sample_id_306": [], "ds_49_sample_id_307": [], "ds_7_sample_id_308": [], "ds_3_sample_id_309": [], "ds_31_sample_id_310": [], "ds_42_sample_id_311": [], "ds_130_sample_id_312": [], "ds_32_sample_id_313": [], "ds_28_sample_id_314": [], "ds_90_sample_id_315": [], "ds_170_sample_id_316": [], "ds_162_sample_id_317": [], "ds_63_sample_id_318": [], "ds_46_sample_id_319": [], "ds_63_sample_id_320": [], "ds_6_sample_id_321": [], "ds_180_sample_id_322": [], "ds_26_sample_id_323": [], "ds_14_sample_id_324": [], "ds_105_sample_id_325": [], "ds_80_sample_id_326": [], "ds_33_sample_id_327": [], "ds_101_sample_id_328": [], "ds_179_sample_id_329": [], "ds_110_sample_id_330": [], "ds_141_sample_id_331": [], "ds_177_sample_id_332": [], "ds_93_sample_id_333": [], "ds_194_sample_id_334": [], "ds_178_sample_id_335": [], "ds_64_sample_id_336": [], "ds_51_sample_id_337": [], "ds_137_sample_id_338": [], "ds_138_sample_id_339": [], "ds_192_sample_id_340": [], "ds_108_sample_id_341": [], "ds_12_sample_id_342": [], "ds_156_sample_id_343": [], "ds_142_sample_id_344": [], "ds_192_sample_id_345": [], "ds_123_sample_id_346": [], "ds_61_sample_id_347": [], "ds_123_sample_id_348": [], "ds_191_sample_id_349": [], "ds_60_sample_id_350": [], "ds_166_sample_id_351": [], "ds_178_sample_id_352": [], "ds_28_sample_id_353": [], "ds_39_sample_id_354": [], "ds_110_sample_id_355": [], "ds_158_sample_id_356": [], "ds_80_sample_id_357": [], "ds_21_sample_id_358": [], "ds_126_sample_id_359": [], "ds_176_sample_id_360": [], "ds_1_sample_id_361": [], "ds_172_sample_id_362": [], "ds_91_sample_id_363": [], "ds_187_sample_id_364": [], "ds_54_sample_id_365": [], "ds_11_sample_id_366": [], "ds_74_sample_id_367": [], "ds_35_sample_id_368": [], "ds_178_sample_id_369": [], "ds_194_sample_id_370": [], "ds_90_sample_id_371": [], "ds_81_sample_id_372": [], "ds_36_sample_id_373": [], "ds_60_sample_id_374": [], "ds_33_sample_id_375": [], "ds_166_sample_id_376": [], "ds_198_sample_id_377": [], "ds_175_sample_id_378": [], "ds_45_sample_id_379": [], "ds_152_sample_id_380": [], "ds_154_sample_id_381": [], "ds_51_sample_id_382": [], "ds_187_sample_id_383": [], "ds_182_sample_id_384": [], "ds_68_sample_id_385": [], "ds_113_sample_id_386": [], "ds_112_sample_id_387": [], "ds_118_sample_id_388": [], "ds_58_sample_id_389": [], "ds_73_sample_id_390": [], "ds_58_sample_id_391": [], "ds_118_sample_id_392": [], "ds_63_sample_id_393": [], "ds_153_sample_id_394": [], "ds_19_sample_id_395": [], "ds_107_sample_id_396": [], "ds_51_sample_id_397": [], "ds_33_sample_id_398": [], "ds_155_sample_id_399": [], "ds_9_sample_id_400": [], "ds_197_sample_id_401": [], "ds_149_sample_id_402": [], "ds_166_sample_id_403": [], "ds_183_sample_id_404": [], "ds_22_sample_id_405": [], "ds_180_sample_id_406": [], "ds_191_sample_id_407": [], "ds_128_sample_id_408": [], "ds_90_sample_id_409": [], "ds_164_sample_id_410": [], "ds_141_sample_id_411": [], "ds_117_sample_id_412": [], "ds_21_sample_id_413": [], "ds_104_sample_id_414": [], "ds_147_sample_id_415": [], "ds_106_sample_id_416": [], "ds_146_sample_id_417": [], "ds_143_sample_id_418": [], "ds_113_sample_id_419": [], "ds_143_sample_id_420": [], "ds_17_sample_id_421": [], "ds_40_sample_id_422": [], "ds_1_sample_id_423": [], "ds_17_sample_id_424": [], "ds_166_sample_id_425": [], "ds_65_sample_id_426": [], "ds_43_sample_id_427": [], "ds_64_sample_id_428": [], "ds_144_sample_id_429": [], "ds_79_sample_id_430": [], "ds_106_sample_id_431": [], "ds_110_sample_id_432": [], "ds_20_sample_id_433": [], "ds_84_sample_id_434": [], "ds_117_sample_id_435": [], "ds_100_sample_id_436": [], "ds_108_sample_id_437": [], "ds_157_sample_id_438": [], "ds_179_sample_id_439": [], "ds_125_sample_id_440": [], "ds_28_sample_id_441": [], "ds_150_sample_id_442": [], "ds_38_sample_id_443": [], "ds_33_sample_id_444": [], "ds_159_sample_id_445": [], "ds_119_sample_id_446": [], "ds_37_sample_id_447": [], "ds_119_sample_id_448": [], "ds_99_sample_id_449": [], "ds_20_sample_id_450": [], "ds_108_sample_id_451": [], "ds_53_sample_id_452": [], "ds_50_sample_id_453": [], "ds_135_sample_id_454": [], "ds_76_sample_id_455": [], "ds_71_sample_id_456": [], "ds_79_sample_id_457": [], "ds_198_sample_id_458": [], "ds_113_sample_id_459": [], "ds_138_sample_id_460": [], "ds_197_sample_id_461": [], "ds_132_sample_id_462": [], "ds_174_sample_id_463": [], "ds_149_sample_id_464": [], "ds_37_sample_id_465": [], "ds_1_sample_id_466": [], "ds_143_sample_id_467": [], "ds_33_sample_id_468": [], "ds_31_sample_id_469": [], "ds_88_sample_id_470": [], "ds_113_sample_id_471": [], "ds_44_sample_id_472": [], "ds_119_sample_id_473": [], "ds_171_sample_id_474": [], "ds_74_sample_id_475": [], "ds_187_sample_id_476": [], "ds_64_sample_id_477": [], "ds_109_sample_id_478": [], "ds_148_sample_id_479": [], "ds_23_sample_id_480": [], "ds_125_sample_id_481": [], "ds_21_sample_id_482": [], "ds_80_sample_id_483": [], "ds_63_sample_id_484": [], "ds_79_sample_id_485": [], "ds_60_sample_id_486": [], "ds_188_sample_id_487": [], "ds_129_sample_id_488": [], "ds_173_sample_id_489": [], "ds_161_sample_id_490": [], "ds_111_sample_id_491": [], "ds_111_sample_id_492": [], "ds_147_sample_id_493": [], "ds_89_sample_id_494": [], "ds_127_sample_id_495": [], "ds_70_sample_id_496": [], "ds_95_sample_id_497": [], "ds_17_sample_id_498": [], "ds_50_sample_id_499": [], "ds_20_sample_id_500": [], "ds_62_sample_id_501": [], "ds_69_sample_id_502": [], "ds_12_sample_id_503": [], "ds_196_sample_id_504": [], "ds_76_sample_id_505": [], "ds_121_sample_id_506": [], "ds_101_sample_id_507": [], "ds_126_sample_id_508": [], "ds_91_sample_id_509": [], "ds_160_sample_id_510": [], "ds_147_sample_id_511": [], "ds_62_sample_id_512": [], "ds_34_sample_id_513": [], "ds_51_sample_id_514": [], "ds_12_sample_id_515": [], "ds_129_sample_id_516": [], "ds_55_sample_id_517": [], "ds_48_sample_id_518": [], "ds_52_sample_id_519": [], "ds_114_sample_id_520": [], "ds_70_sample_id_521": [], "ds_129_sample_id_522": [], "ds_159_sample_id_523": [], "ds_111_sample_id_524": [], "ds_156_sample_id_525": [], "ds_195_sample_id_526": [], "ds_89_sample_id_527": [], "ds_70_sample_id_528": [], "ds_152_sample_id_529": [], "ds_92_sample_id_530": [], "ds_109_sample_id_531": [], "ds_63_sample_id_532": [], "ds_73_sample_id_533": [], "ds_118_sample_id_534": [], "ds_167_sample_id_535": [], "ds_65_sample_id_536": [], "ds_171_sample_id_537": [], "ds_125_sample_id_538": [], "ds_119_sample_id_539": [], "ds_28_sample_id_540": [], "ds_88_sample_id_541": [], "ds_181_sample_id_542": [], "ds_195_sample_id_543": [], "ds_177_sample_id_544": [], "ds_113_sample_id_545": [], "ds_123_sample_id_546": [], "ds_8_sample_id_547": [], "ds_143_sample_id_548": [], "ds_148_sample_id_549": [], "ds_2_sample_id_550": [], "ds_146_sample_id_551": [], "ds_133_sample_id_552": [], "ds_18_sample_id_553": [], "ds_101_sample_id_554": [], "ds_69_sample_id_555": [], "ds_66_sample_id_556": [], "ds_131_sample_id_557": [], "ds_164_sample_id_558": [], "ds_123_sample_id_559": [], "ds_160_sample_id_560": [], "ds_131_sample_id_561": [], "ds_21_sample_id_562": [], "ds_108_sample_id_563": [], "ds_55_sample_id_564": [], "ds_158_sample_id_565": [], "ds_32_sample_id_566": [], "ds_1_sample_id_567": [], "ds_138_sample_id_568": [], "ds_187_sample_id_569": [], "ds_13_sample_id_570": [], "ds_1_sample_id_571": [], "ds_63_sample_id_572": [], "ds_69_sample_id_573": [], "ds_97_sample_id_574": [], "ds_29_sample_id_575": [], "ds_101_sample_id_576": [], "ds_26_sample_id_577": [], "ds_199_sample_id_578": [], "ds_89_sample_id_579": [], "ds_136_sample_id_580": [], "ds_50_sample_id_581": [], "ds_136_sample_id_582": [], "ds_93_sample_id_583": [], "ds_155_sample_id_584": [], "ds_82_sample_id_585": [], "ds_47_sample_id_586": [], "ds_93_sample_id_587": [], "ds_89_sample_id_588": [], "ds_144_sample_id_589": [], "ds_197_sample_id_590": [], "ds_75_sample_id_591": [], "ds_108_sample_id_592": [], "ds_68_sample_id_593": [], "ds_83_sample_id_594": [], "ds_35_sample_id_595": [], "ds_190_sample_id_596": [], "ds_195_sample_id_597": [], "ds_43_sample_id_598": [], "ds_39_sample_id_599": [], "ds_127_sample_id_600": [], "ds_113_sample_id_601": [], "ds_160_sample_id_602": [], "ds_194_sample_id_603": [], "ds_77_sample_id_604": [], "ds_164_sample_id_605": [], "ds_161_sample_id_606": [], "ds_156_sample_id_607": [], "ds_103_sample_id_608": [], "ds_55_sample_id_609": [], "ds_187_sample_id_610": [], "ds_169_sample_id_611": [], "ds_177_sample_id_612": [], "ds_84_sample_id_613": [], "ds_52_sample_id_614": [], "ds_152_sample_id_615": [], "ds_76_sample_id_616": [], "ds_78_sample_id_617": [], "ds_75_sample_id_618": [], "ds_123_sample_id_619": [], "ds_83_sample_id_620": [], "ds_167_sample_id_621": [], "ds_126_sample_id_622": [], "ds_110_sample_id_623": [], "ds_5_sample_id_624": [], "ds_156_sample_id_625": [], "ds_43_sample_id_626": [], "ds_138_sample_id_627": [], "ds_44_sample_id_628": [], "ds_109_sample_id_629": [], "ds_138_sample_id_630": [], "ds_153_sample_id_631": [], "ds_82_sample_id_632": [], "ds_192_sample_id_633": [], "ds_23_sample_id_634": [], "ds_187_sample_id_635": [], "ds_168_sample_id_636": [], "ds_35_sample_id_637": [], "ds_146_sample_id_638": [], "ds_193_sample_id_639": [], "ds_121_sample_id_640": [], "ds_163_sample_id_641": [], "ds_168_sample_id_642": [], "ds_189_sample_id_643": [], "ds_145_sample_id_644": [], "ds_138_sample_id_645": [], "ds_27_sample_id_646": [], "ds_180_sample_id_647": [], "ds_69_sample_id_648": [], "ds_100_sample_id_649": [], "ds_141_sample_id_650": [], "ds_38_sample_id_651": [], "ds_21_sample_id_652": [], "ds_71_sample_id_653": [], "ds_114_sample_id_654": [], "ds_106_sample_id_655": [], "ds_139_sample_id_656": [], "ds_117_sample_id_657": [], "ds_16_sample_id_658": [], "ds_68_sample_id_659": [], "ds_103_sample_id_660": [], "ds_140_sample_id_661": [], "ds_80_sample_id_662": [], "ds_81_sample_id_663": [], "ds_163_sample_id_664": [], "ds_111_sample_id_665": [], "ds_61_sample_id_666": [], "ds_31_sample_id_667": [], "ds_46_sample_id_668": [], "ds_130_sample_id_669": [], "ds_127_sample_id_670": [], "ds_33_sample_id_671": [], "ds_147_sample_id_672": [], "ds_107_sample_id_673": [], "ds_193_sample_id_674": [], "ds_24_sample_id_675": [], "ds_54_sample_id_676": [], "ds_182_sample_id_677": [], "ds_20_sample_id_678": [], "ds_142_sample_id_679": [], "ds_106_sample_id_680": [], "ds_47_sample_id_681": [], "ds_72_sample_id_682": [], "ds_162_sample_id_683": [], "ds_88_sample_id_684": [], "ds_157_sample_id_685": [], "ds_59_sample_id_686": [], "ds_68_sample_id_687": [], "ds_6_sample_id_688": [], "ds_132_sample_id_689": [], "ds_64_sample_id_690": [], "ds_171_sample_id_691": [], "ds_18_sample_id_692": [], "ds_68_sample_id_693": [], "ds_77_sample_id_694": [], "ds_64_sample_id_695": [], "ds_57_sample_id_696": [], "ds_10_sample_id_697": [], "ds_182_sample_id_698": [], "ds_126_sample_id_699": [], "ds_161_sample_id_700": [], "ds_63_sample_id_701": [], "ds_93_sample_id_702": [], "ds_97_sample_id_703": [], "ds_155_sample_id_704": [], "ds_10_sample_id_705": [], "ds_55_sample_id_706": [], "ds_99_sample_id_707": [], "ds_134_sample_id_708": [], "ds_177_sample_id_709": [], "ds_157_sample_id_710": [], "ds_200_sample_id_711": [], "ds_164_sample_id_712": [], "ds_101_sample_id_713": [], "ds_51_sample_id_714": [], "ds_103_sample_id_715": [], "ds_187_sample_id_716": [], "ds_90_sample_id_717": [], "ds_47_sample_id_718": [], "ds_97_sample_id_719": [], "ds_25_sample_id_720": [], "ds_44_sample_id_721": [], "ds_55_sample_id_722": [], "ds_78_sample_id_723": [], "ds_87_sample_id_724": [], "ds_17_sample_id_725": [], "ds_115_sample_id_726": [], "ds_70_sample_id_727": [], "ds_93_sample_id_728": [], "ds_115_sample_id_729": [], "ds_29_sample_id_730": [], "ds_125_sample_id_731": [], "ds_19_sample_id_732": [], "ds_79_sample_id_733": [], "ds_15_sample_id_734": [], "ds_52_sample_id_735": [], "ds_116_sample_id_736": [], "ds_125_sample_id_737": [], "ds_79_sample_id_738": [], "ds_39_sample_id_739": [], "ds_143_sample_id_740": [], "ds_148_sample_id_741": [], "ds_22_sample_id_742": [], "ds_99_sample_id_743": [], "ds_106_sample_id_744": [], "ds_113_sample_id_745": [], "ds_107_sample_id_746": [], "ds_89_sample_id_747": [], "ds_81_sample_id_748": [], "ds_116_sample_id_749": [], "ds_63_sample_id_750": [], "ds_159_sample_id_751": [], "ds_95_sample_id_752": [], "ds_6_sample_id_753": [], "ds_79_sample_id_754": [], "ds_68_sample_id_755": [], "ds_19_sample_id_756": [], "ds_87_sample_id_757": [], "ds_13_sample_id_758": [], "ds_120_sample_id_759": [], "ds_179_sample_id_760": [], "ds_22_sample_id_761": [], "ds_21_sample_id_762": [], "ds_187_sample_id_763": [], "ds_104_sample_id_764": [], "ds_147_sample_id_765": [], "ds_65_sample_id_766": [], "ds_71_sample_id_767": [], "ds_131_sample_id_768": [], "ds_47_sample_id_769": [], "ds_25_sample_id_770": [], "ds_64_sample_id_771": [], "ds_33_sample_id_772": [], "ds_192_sample_id_773": [], "ds_133_sample_id_774": [], "ds_72_sample_id_775": [], "ds_80_sample_id_776": [], "ds_56_sample_id_777": [], "ds_106_sample_id_778": [], "ds_97_sample_id_779": [], "ds_136_sample_id_780": [], "ds_48_sample_id_781": [], "ds_46_sample_id_782": [], "ds_192_sample_id_783": [], "ds_151_sample_id_784": [], "ds_67_sample_id_785": [], "ds_182_sample_id_786": [], "ds_195_sample_id_787": [], "ds_150_sample_id_788": [], "ds_49_sample_id_789": [], "ds_99_sample_id_790": [], "ds_171_sample_id_791": [], "ds_43_sample_id_792": [], "ds_53_sample_id_793": [], "ds_195_sample_id_794": [], "ds_117_sample_id_795": [], "ds_12_sample_id_796": [], "ds_196_sample_id_797": [], "ds_48_sample_id_798": [], "ds_35_sample_id_799": [], "ds_199_sample_id_800": [], "ds_0_sample_id_801": [], "ds_102_sample_id_802": [], "ds_84_sample_id_803": [], "ds_129_sample_id_804": [], "ds_73_sample_id_805": [], "ds_48_sample_id_806": [], "ds_189_sample_id_807": [], "ds_195_sample_id_808": [], "ds_37_sample_id_809": [], "ds_168_sample_id_810": [], "ds_29_sample_id_811": [], "ds_25_sample_id_812": [], "ds_199_sample_id_813": [], "ds_162_sample_id_814": [], "ds_1_sample_id_815": [], "ds_73_sample_id_816": [], "ds_120_sample_id_817": [], "ds_155_sample_id_818": [], "ds_184_sample_id_819": [], "ds_144_sample_id_820": [], "ds_182_sample_id_821": [], "ds_186_sample_id_822": [], "ds_131_sample_id_823": [], "ds_12_sample_id_824": [], "ds_1_sample_id_825": [], "ds_180_sample_id_826": [], "ds_56_sample_id_827": [], "ds_57_sample_id_828": [], "ds_104_sample_id_829": [], "ds_11_sample_id_830": [], "ds_16_sample_id_831": [], "ds_4_sample_id_832": [], "ds_52_sample_id_833": [], "ds_47_sample_id_834": [], "ds_56_sample_id_835": [], "ds_102_sample_id_836": [], "ds_175_sample_id_837": [], "ds_108_sample_id_838": [], "ds_129_sample_id_839": [], "ds_76_sample_id_840": [], "ds_123_sample_id_841": [], "ds_98_sample_id_842": [], "ds_127_sample_id_843": [], "ds_127_sample_id_844": [], "ds_46_sample_id_845": [], "ds_138_sample_id_846": [], "ds_122_sample_id_847": [], "ds_121_sample_id_848": [], "ds_111_sample_id_849": [], "ds_110_sample_id_850": [], "ds_139_sample_id_851": [], "ds_114_sample_id_852": [], "ds_154_sample_id_853": [], "ds_85_sample_id_854": [], "ds_51_sample_id_855": [], "ds_4_sample_id_856": [], "ds_7_sample_id_857": [], "ds_15_sample_id_858": [], "ds_38_sample_id_859": [], "ds_142_sample_id_860": [], "ds_117_sample_id_861": [], "ds_107_sample_id_862": [], "ds_68_sample_id_863": [], "ds_25_sample_id_864": [], "ds_81_sample_id_865": [], "ds_30_sample_id_866": [], "ds_11_sample_id_867": [], "ds_157_sample_id_868": [], "ds_187_sample_id_869": [], "ds_116_sample_id_870": [], "ds_79_sample_id_871": [], "ds_27_sample_id_872": [], "ds_66_sample_id_873": [], "ds_186_sample_id_874": [], "ds_113_sample_id_875": [], "ds_110_sample_id_876": [], "ds_172_sample_id_877": [], "ds_103_sample_id_878": [], "ds_193_sample_id_879": [], "ds_92_sample_id_880": [], "ds_190_sample_id_881": [], "ds_0_sample_id_882": [], "ds_151_sample_id_883": [], "ds_19_sample_id_884": [], "ds_8_sample_id_885": [], "ds_103_sample_id_886": [], "ds_147_sample_id_887": [], "ds_45_sample_id_888": [], "ds_18_sample_id_889": [], "ds_165_sample_id_890": [], "ds_120_sample_id_891": [], "ds_187_sample_id_892": [], "ds_182_sample_id_893": [], "ds_115_sample_id_894": [], "ds_52_sample_id_895": [], "ds_30_sample_id_896": [], "ds_68_sample_id_897": [], "ds_118_sample_id_898": [], "ds_15_sample_id_899": [], "ds_6_sample_id_900": [], "ds_184_sample_id_901": [], "ds_44_sample_id_902": [], "ds_13_sample_id_903": [], "ds_58_sample_id_904": [], "ds_73_sample_id_905": [], "ds_105_sample_id_906": [], "ds_148_sample_id_907": [], "ds_177_sample_id_908": [], "ds_12_sample_id_909": [], "ds_51_sample_id_910": [], "ds_111_sample_id_911": [], "ds_62_sample_id_912": [], "ds_112_sample_id_913": [], "ds_55_sample_id_914": [], "ds_51_sample_id_915": [], "ds_168_sample_id_916": [], "ds_5_sample_id_917": [], "ds_167_sample_id_918": [], "ds_57_sample_id_919": [], "ds_61_sample_id_920": [], "ds_4_sample_id_921": [], "ds_195_sample_id_922": [], "ds_139_sample_id_923": [], "ds_143_sample_id_924": [], "ds_52_sample_id_925": [], "ds_34_sample_id_926": [], "ds_10_sample_id_927": [], "ds_1_sample_id_928": [], "ds_0_sample_id_929": [], "ds_32_sample_id_930": [], "ds_32_sample_id_931": [], "ds_59_sample_id_932": [], "ds_103_sample_id_933": [], "ds_169_sample_id_934": [], "ds_13_sample_id_935": [], "ds_69_sample_id_936": [], "ds_22_sample_id_937": [], "ds_188_sample_id_938": [], "ds_19_sample_id_939": [], "ds_86_sample_id_940": [], "ds_3_sample_id_941": [], "ds_190_sample_id_942": [], "ds_90_sample_id_943": [], "ds_58_sample_id_944": [], "ds_106_sample_id_945": [], "ds_161_sample_id_946": [], "ds_141_sample_id_947": [], "ds_33_sample_id_948": [], "ds_132_sample_id_949": [], "ds_47_sample_id_950": [], "ds_98_sample_id_951": [], "ds_44_sample_id_952": [], "ds_47_sample_id_953": [], "ds_82_sample_id_954": [], "ds_36_sample_id_955": [], "ds_153_sample_id_956": [], "ds_182_sample_id_957": [], "ds_109_sample_id_958": [], "ds_192_sample_id_959": [], "ds_28_sample_id_960": [], "ds_136_sample_id_961": [], "ds_67_sample_id_962": [], "ds_193_sample_id_963": [], "ds_50_sample_id_964": [], "ds_161_sample_id_965": [], "ds_61_sample_id_966": [], "ds_117_sample_id_967": [], "ds_156_sample_id_968": []}