{"ds_58_sample_id_0": [], "ds_49_sample_id_1": [], "ds_76_sample_id_2": [], "ds_38_sample_id_3": [], "ds_81_sample_id_4": [], "ds_51_sample_id_5": [], "ds_101_sample_id_6": [], "ds_33_sample_id_7": [], "ds_79_sample_id_8": [], "ds_39_sample_id_9": [], "ds_33_sample_id_10": [], "ds_66_sample_id_11": [], "ds_25_sample_id_12": [], "ds_49_sample_id_13": [], "ds_33_sample_id_14": [], "ds_68_sample_id_15": [], "ds_81_sample_id_16": [], "ds_95_sample_id_17": [], "ds_61_sample_id_18": [], "ds_77_sample_id_19": [], "ds_79_sample_id_20": [], "ds_7_sample_id_21": [], "ds_89_sample_id_22": [], "ds_25_sample_id_23": [], "ds_65_sample_id_24": [], "ds_43_sample_id_25": [], "ds_48_sample_id_26": [], "ds_60_sample_id_27": [], "ds_22_sample_id_28": [], "ds_82_sample_id_29": [], "ds_23_sample_id_30": [], "ds_60_sample_id_31": [], "ds_47_sample_id_32": [], "ds_93_sample_id_33": [], "ds_22_sample_id_34": [], "ds_40_sample_id_35": [], "ds_98_sample_id_36": [], "ds_52_sample_id_37": [], "ds_82_sample_id_38": [], "ds_63_sample_id_39": [], "ds_84_sample_id_40": [], "ds_24_sample_id_41": [], "ds_92_sample_id_42": [], "ds_71_sample_id_43": [], "ds_36_sample_id_44": [], "ds_78_sample_id_45": [], "ds_59_sample_id_46": [], "ds_68_sample_id_47": [], "ds_27_sample_id_48": [], "ds_65_sample_id_49": [], "ds_54_sample_id_50": [], "ds_61_sample_id_51": [], "ds_14_sample_id_52": [], "ds_89_sample_id_53": [], "ds_96_sample_id_54": [], "ds_0_sample_id_55": ["DOMAIN_NAME", "EMAIL_ADDRESS"], "ds_54_sample_id_56": [], "ds_0_sample_id_57": ["DOMAIN_NAME", "EMAIL_ADDRESS"], "ds_52_sample_id_58": [], "ds_55_sample_id_59": [], "ds_13_sample_id_60": [], "ds_93_sample_id_61": [], "ds_1_sample_id_62": [], "ds_29_sample_id_63": [], "ds_32_sample_id_64": [], "ds_10_sample_id_65": [], "ds_3_sample_id_66": ["CREDIT_CARD", "DOMAIN_NAME", "EMAIL_ADDRESS", "PHONE_NUMBER"], "ds_25_sample_id_67": [], "ds_23_sample_id_68": [], "ds_15_sample_id_69": [], "ds_51_sample_id_70": [], "ds_77_sample_id_71": [], "ds_18_sample_id_72": [], "ds_59_sample_id_73": [], "ds_58_sample_id_74": [], "ds_18_sample_id_75": [], "ds_40_sample_id_76": [], "ds_83_sample_id_77": [], "ds_22_sample_id_78": [], "ds_43_sample_id_79": [], "ds_34_sample_id_80": [], "ds_29_sample_id_81": [], "ds_103_sample_id_82": [], "ds_90_sample_id_83": [], "ds_7_sample_id_84": [], "ds_35_sample_id_85": [], "ds_44_sample_id_86": [], "ds_95_sample_id_87": [], "ds_0_sample_id_88": ["DOMAIN_NAME", "EMAIL_ADDRESS"], "ds_85_sample_id_89": [], "ds_22_sample_id_90": [], "ds_66_sample_id_91": [], "ds_101_sample_id_92": [], "ds_90_sample_id_93": [], "ds_65_sample_id_94": [], "ds_87_sample_id_95": [], "ds_44_sample_id_96": [], "ds_36_sample_id_97": [], "ds_30_sample_id_98": [], "ds_37_sample_id_99": [], "ds_32_sample_id_100": [], "ds_15_sample_id_101": [], "ds_24_sample_id_102": [], "ds_78_sample_id_103": [], "ds_60_sample_id_104": [], "ds_88_sample_id_105": [], "ds_13_sample_id_106": [], "ds_78_sample_id_107": [], "ds_96_sample_id_108": [], "ds_50_sample_id_109": [], "ds_85_sample_id_110": [], "ds_30_sample_id_111": [], "ds_81_sample_id_112": [], "ds_22_sample_id_113": [], "ds_73_sample_id_114": [], "ds_50_sample_id_115": [], "ds_36_sample_id_116": [], "ds_89_sample_id_117": [], "ds_13_sample_id_118": [], "ds_69_sample_id_119": [], "ds_33_sample_id_120": [], "ds_39_sample_id_121": [], "ds_51_sample_id_122": [], "ds_15_sample_id_123": [], "ds_102_sample_id_124": [], "ds_84_sample_id_125": [], "ds_35_sample_id_126": [], "ds_12_sample_id_127": [], "ds_11_sample_id_128": [], "ds_2_sample_id_129": ["DOMAIN_NAME"], "ds_68_sample_id_130": [], "ds_93_sample_id_131": [], "ds_17_sample_id_132": [], "ds_49_sample_id_133": [], "ds_96_sample_id_134": [], "ds_103_sample_id_135": [], "ds_98_sample_id_136": [], "ds_86_sample_id_137": [], "ds_69_sample_id_138": [], "ds_37_sample_id_139": [], "ds_8_sample_id_140": [], "ds_52_sample_id_141": [], "ds_16_sample_id_142": [], "ds_60_sample_id_143": [], "ds_83_sample_id_144": [], "ds_10_sample_id_145": [], "ds_64_sample_id_146": [], "ds_102_sample_id_147": [], "ds_42_sample_id_148": [], "ds_56_sample_id_149": [], "ds_69_sample_id_150": [], "ds_33_sample_id_151": [], "ds_42_sample_id_152": [], "ds_32_sample_id_153": [], "ds_96_sample_id_154": [], "ds_3_sample_id_155": ["CREDIT_CARD", "DOMAIN_NAME", "EMAIL_ADDRESS", "PHONE_NUMBER"], "ds_37_sample_id_156": [], "ds_71_sample_id_157": [], "ds_87_sample_id_158": [], "ds_15_sample_id_159": [], "ds_28_sample_id_160": [], "ds_92_sample_id_161": [], "ds_47_sample_id_162": [], "ds_71_sample_id_163": [], "ds_74_sample_id_164": [], "ds_83_sample_id_165": [], "ds_91_sample_id_166": [], "ds_71_sample_id_167": [], "ds_48_sample_id_168": [], "ds_26_sample_id_169": [], "ds_75_sample_id_170": [], "ds_45_sample_id_171": [], "ds_99_sample_id_172": [], "ds_102_sample_id_173": [], "ds_67_sample_id_174": [], "ds_65_sample_id_175": [], "ds_74_sample_id_176": [], "ds_21_sample_id_177": [], "ds_35_sample_id_178": [], "ds_93_sample_id_179": [], "ds_54_sample_id_180": [], "ds_93_sample_id_181": [], "ds_8_sample_id_182": [], "ds_103_sample_id_183": [], "ds_0_sample_id_184": ["DOMAIN_NAME", "EMAIL_ADDRESS"], "ds_79_sample_id_185": [], "ds_88_sample_id_186": [], "ds_66_sample_id_187": [], "ds_101_sample_id_188": [], "ds_69_sample_id_189": [], "ds_64_sample_id_190": [], "ds_20_sample_id_191": [], "ds_64_sample_id_192": [], "ds_93_sample_id_193": [], "ds_37_sample_id_194": [], "ds_47_sample_id_195": [], "ds_34_sample_id_196": [], "ds_71_sample_id_197": [], "ds_29_sample_id_198": [], "ds_18_sample_id_199": [], "ds_67_sample_id_200": [], "ds_20_sample_id_201": [], "ds_54_sample_id_202": [], "ds_84_sample_id_203": [], "ds_13_sample_id_204": [], "ds_27_sample_id_205": [], "ds_45_sample_id_206": [], "ds_79_sample_id_207": [], "ds_90_sample_id_208": [], "ds_97_sample_id_209": [], "ds_90_sample_id_210": [], "ds_48_sample_id_211": [], "ds_27_sample_id_212": [], "ds_96_sample_id_213": [], "ds_29_sample_id_214": [], "ds_20_sample_id_215": [], "ds_78_sample_id_216": [], "ds_20_sample_id_217": [], "ds_26_sample_id_218": [], "ds_31_sample_id_219": [], "ds_102_sample_id_220": [], "ds_70_sample_id_221": [], "ds_14_sample_id_222": [], "ds_17_sample_id_223": [], "ds_61_sample_id_224": [], "ds_65_sample_id_225": [], "ds_33_sample_id_226": [], "ds_12_sample_id_227": [], "ds_27_sample_id_228": [], "ds_59_sample_id_229": [], "ds_35_sample_id_230": [], "ds_93_sample_id_231": [], "ds_48_sample_id_232": [], "ds_98_sample_id_233": [], "ds_6_sample_id_234": [], "ds_37_sample_id_235": [], "ds_7_sample_id_236": [], "ds_56_sample_id_237": [], "ds_34_sample_id_238": [], "ds_18_sample_id_239": []}