{"user_group_edges": {"group_1": ["user_34_sample_id_30", "user_325_sample_id_9", "user_1_sample_id_1", "user_494_sample_id_4", "user_408_sample_id_40"], "group_15": ["user_34_sample_id_30", "user_279_sample_id_14", "user_191_sample_id_0", "user_78_sample_id_17", "user_396_sample_id_6", "user_471_sample_id_23", "user_128_sample_id_29"], "group_18": ["user_34_sample_id_30", "user_131_sample_id_15", "user_498_sample_id_8", "user_102_sample_id_28", "user_15_sample_id_20", "user_56_sample_id_36"], "group_3": ["user_494_sample_id_26", "user_279_sample_id_14", "user_211_sample_id_10", "user_285_sample_id_43", "user_417_sample_id_31", "user_15_sample_id_20", "user_56_sample_id_36", "user_408_sample_id_40", "user_288_sample_id_32"], "group_13": ["user_494_sample_id_26", "user_264_sample_id_24", "user_498_sample_id_8", "user_285_sample_id_43", "user_161_sample_id_38", "user_471_sample_id_23"], "group_16": ["user_494_sample_id_26", "user_11_sample_id_34", "user_15_sample_id_20", "user_464_sample_id_41", "user_464_sample_id_37", "user_306_sample_id_21", "user_388_sample_id_25", "user_396_sample_id_6", "user_509_sample_id_12", "user_288_sample_id_32"], "group_5": ["user_264_sample_id_24", "user_130_sample_id_18", "user_1_sample_id_1", "user_306_sample_id_21", "user_24_sample_id_7", "user_408_sample_id_40", "user_119_sample_id_16", "user_128_sample_id_29"], "group_8": ["user_264_sample_id_24", "user_380_sample_id_3", "user_191_sample_id_0", "user_464_sample_id_37", "user_161_sample_id_38", "user_494_sample_id_4", "user_288_sample_id_32"], "group_10": ["user_264_sample_id_24", "user_380_sample_id_3", "user_189_sample_id_19", "user_211_sample_id_10", "user_285_sample_id_43", "user_11_sample_id_34", "user_130_sample_id_18", "user_464_sample_id_41", "user_175_sample_id_5", "user_1_sample_id_1", "user_184_sample_id_11"], "group_6": ["user_380_sample_id_3", "user_72_sample_id_22", "user_191_sample_id_0", "user_417_sample_id_31", "user_306_sample_id_21", "user_396_sample_id_6", "user_493_sample_id_39"], "group_12": ["user_380_sample_id_3", "user_189_sample_id_19", "user_403_sample_id_35", "user_498_sample_id_8", "user_359_sample_id_42", "user_175_sample_id_5", "user_78_sample_id_17", "user_306_sample_id_21", "user_494_sample_id_4", "user_24_sample_id_7", "user_119_sample_id_16"], "group_19": ["user_380_sample_id_3", "user_252_sample_id_2", "user_191_sample_id_0", "user_131_sample_id_27", "user_58_sample_id_44", "user_509_sample_id_12", "user_243_sample_id_13", "user_128_sample_id_29"], "group_2": ["user_252_sample_id_2", "user_131_sample_id_15", "user_403_sample_id_35", "user_285_sample_id_43", "user_175_sample_id_5", "user_1_sample_id_1", "user_493_sample_id_39", "user_107_sample_id_33", "user_243_sample_id_13", "user_119_sample_id_16"], "group_14": ["user_252_sample_id_2", "user_403_sample_id_35", "user_498_sample_id_8", "user_325_sample_id_9", "user_359_sample_id_42", "user_509_sample_id_12"], "group_7": ["user_189_sample_id_19", "user_211_sample_id_10", "user_131_sample_id_15", "user_15_sample_id_20", "user_464_sample_id_37", "user_396_sample_id_6", "user_24_sample_id_7", "user_408_sample_id_40", "user_58_sample_id_44", "user_509_sample_id_12", "user_107_sample_id_33"], "group_4": ["user_279_sample_id_14", "user_131_sample_id_15", "user_72_sample_id_22", "user_325_sample_id_9", "user_131_sample_id_27", "user_58_sample_id_44", "user_107_sample_id_33"], "group_11": ["user_403_sample_id_35", "user_102_sample_id_28", "user_359_sample_id_42", "user_493_sample_id_39", "user_184_sample_id_11", "user_471_sample_id_23", "user_288_sample_id_32"], "group_17": ["user_11_sample_id_34", "user_102_sample_id_28", "user_417_sample_id_31", "user_131_sample_id_27", "user_56_sample_id_36", "user_243_sample_id_13", "user_119_sample_id_16"], "group_0": ["user_130_sample_id_18", "user_78_sample_id_17", "user_161_sample_id_38", "user_388_sample_id_25", "user_184_sample_id_11", "user_107_sample_id_33"], "group_9": ["user_464_sample_id_41", "user_359_sample_id_42", "user_131_sample_id_27", "user_388_sample_id_25", "user_493_sample_id_39"]}, "group_data_store_edges": {"group_0": ["ds_107_sample_id_192", "ds_71_sample_id_95", "ds_200_sample_id_57", "ds_135_sample_id_220", "ds_81_sample_id_40", "ds_188_sample_id_19", "ds_113_sample_id_185", "ds_12_sample_id_87", "ds_12_sample_id_276", "ds_165_sample_id_194", "ds_99_sample_id_138", "ds_183_sample_id_168", "ds_151_sample_id_96", "ds_78_sample_id_37", "ds_157_sample_id_186", "ds_101_sample_id_174", "ds_76_sample_id_207", "ds_84_sample_id_234", "ds_193_sample_id_88", "ds_175_sample_id_187", "ds_7_sample_id_123", "ds_139_sample_id_269", "ds_79_sample_id_253", "ds_18_sample_id_209", "ds_175_sample_id_145", "ds_15_sample_id_158", "ds_42_sample_id_109", "ds_60_sample_id_257", "ds_16_sample_id_167", "ds_98_sample_id_91", "ds_103_sample_id_160", "ds_113_sample_id_3", "ds_112_sample_id_60", "ds_81_sample_id_143", "ds_150_sample_id_161", "ds_184_sample_id_177", "ds_105_sample_id_92", "ds_88_sample_id_44", "ds_85_sample_id_11", "ds_28_sample_id_35", "ds_168_sample_id_125", "ds_70_sample_id_202", "ds_104_sample_id_25", "ds_100_sample_id_140", "ds_176_sample_id_30", "ds_199_sample_id_45", "ds_12_sample_id_254", "ds_175_sample_id_67", "ds_115_sample_id_94", "ds_198_sample_id_80", "ds_1_sample_id_72", "ds_88_sample_id_165", "ds_27_sample_id_189", "ds_13_sample_id_103", "ds_138_sample_id_0", "ds_106_sample_id_263", "ds_107_sample_id_159", "ds_55_sample_id_255", "ds_80_sample_id_248", "ds_111_sample_id_99", "ds_36_sample_id_55", "ds_112_sample_id_107", "ds_138_sample_id_215", "ds_6_sample_id_33", "ds_12_sample_id_86", "ds_89_sample_id_183", "ds_76_sample_id_198", "ds_136_sample_id_271", "ds_45_sample_id_204", "ds_131_sample_id_128", "ds_101_sample_id_275", "ds_17_sample_id_153", "ds_34_sample_id_184", "ds_98_sample_id_227", "ds_128_sample_id_208", "ds_37_sample_id_193", "ds_144_sample_id_10", "ds_49_sample_id_111", "ds_94_sample_id_146", "ds_4_sample_id_102", "ds_157_sample_id_203", "ds_176_sample_id_68", "ds_78_sample_id_252", "ds_189_sample_id_156", "ds_75_sample_id_69", "ds_122_sample_id_74", "ds_126_sample_id_200", "ds_72_sample_id_233", "ds_53_sample_id_75", "ds_44_sample_id_41", "ds_159_sample_id_46", "ds_118_sample_id_240", "ds_139_sample_id_20", "ds_72_sample_id_251", "ds_197_sample_id_162", "ds_21_sample_id_43", "ds_198_sample_id_77", "ds_177_sample_id_79", "ds_19_sample_id_15", "ds_87_sample_id_28", "ds_193_sample_id_76", "ds_167_sample_id_196", "ds_185_sample_id_188", "ds_15_sample_id_26", "ds_196_sample_id_166", "ds_6_sample_id_63", "ds_96_sample_id_42", "ds_51_sample_id_21", "ds_120_sample_id_223", "ds_82_sample_id_122", "ds_48_sample_id_81", "ds_155_sample_id_9", "ds_142_sample_id_61", "ds_5_sample_id_273", "ds_117_sample_id_164", "ds_64_sample_id_38", "ds_47_sample_id_154", "ds_6_sample_id_199"], "group_4": ["ds_107_sample_id_192", "ds_79_sample_id_191", "ds_135_sample_id_220", "ds_39_sample_id_195", "ds_113_sample_id_185", "ds_44_sample_id_65", "ds_12_sample_id_87", "ds_22_sample_id_53", "ds_185_sample_id_171", "ds_63_sample_id_142", "ds_106_sample_id_24", "ds_99_sample_id_138", "ds_183_sample_id_168", "ds_135_sample_id_115", "ds_131_sample_id_93", "ds_35_sample_id_89", "ds_157_sample_id_186", "ds_101_sample_id_73", "ds_101_sample_id_174", "ds_178_sample_id_221", "ds_49_sample_id_232", "ds_7_sample_id_123", "ds_139_sample_id_179", "ds_18_sample_id_209", "ds_175_sample_id_145", "ds_71_sample_id_100", "ds_15_sample_id_158", "ds_60_sample_id_257", "ds_16_sample_id_167", "ds_85_sample_id_56", "ds_92_sample_id_243", "ds_113_sample_id_3", "ds_151_sample_id_274", "ds_193_sample_id_241", "ds_24_sample_id_113", "ds_168_sample_id_125", "ds_70_sample_id_202", "ds_104_sample_id_25", "ds_100_sample_id_140", "ds_176_sample_id_30", "ds_199_sample_id_45", "ds_173_sample_id_131", "ds_115_sample_id_94", "ds_198_sample_id_80", "ds_23_sample_id_39", "ds_106_sample_id_263", "ds_164_sample_id_22", "ds_197_sample_id_144", "ds_156_sample_id_82", "ds_107_sample_id_159", "ds_130_sample_id_34", "ds_80_sample_id_248", "ds_111_sample_id_99", "ds_94_sample_id_222", "ds_135_sample_id_239", "ds_5_sample_id_278", "ds_123_sample_id_78", "ds_112_sample_id_107", "ds_138_sample_id_215", "ds_59_sample_id_242", "ds_6_sample_id_33", "ds_19_sample_id_264", "ds_89_sample_id_183", "ds_53_sample_id_265", "ds_184_sample_id_218", "ds_169_sample_id_127", "ds_33_sample_id_206", "ds_101_sample_id_275", "ds_133_sample_id_180", "ds_164_sample_id_270", "ds_144_sample_id_10", "ds_49_sample_id_111", "ds_71_sample_id_137", "ds_94_sample_id_146", "ds_56_sample_id_58", "ds_4_sample_id_102", "ds_159_sample_id_170", "ds_32_sample_id_163", "ds_157_sample_id_203", "ds_176_sample_id_68", "ds_75_sample_id_69", "ds_122_sample_id_74", "ds_44_sample_id_41", "ds_151_sample_id_197", "ds_5_sample_id_47", "ds_140_sample_id_238", "ds_139_sample_id_20", "ds_197_sample_id_162", "ds_50_sample_id_216", "ds_177_sample_id_79", "ds_114_sample_id_106", "ds_19_sample_id_15", "ds_180_sample_id_262", "ds_193_sample_id_76", "ds_167_sample_id_196", "ds_185_sample_id_188", "ds_35_sample_id_71", "ds_147_sample_id_217", "ds_23_sample_id_267", "ds_57_sample_id_126", "ds_121_sample_id_29", "ds_41_sample_id_114", "ds_44_sample_id_172", "ds_140_sample_id_226", "ds_120_sample_id_223", "ds_177_sample_id_236", "ds_82_sample_id_122", "ds_48_sample_id_81", "ds_155_sample_id_9", "ds_178_sample_id_212", "ds_50_sample_id_18", "ds_5_sample_id_23", "ds_163_sample_id_190", "ds_197_sample_id_214", "ds_65_sample_id_83", "ds_117_sample_id_164", "ds_155_sample_id_182", "ds_122_sample_id_244", "ds_1_sample_id_228"], "group_7": ["ds_107_sample_id_192", "ds_71_sample_id_95", "ds_200_sample_id_57", "ds_79_sample_id_191", "ds_81_sample_id_40", "ds_44_sample_id_65", "ds_12_sample_id_87", "ds_58_sample_id_136", "ds_22_sample_id_53", "ds_191_sample_id_124", "ds_126_sample_id_64", "ds_183_sample_id_168", "ds_78_sample_id_37", "ds_131_sample_id_93", "ds_35_sample_id_89", "ds_175_sample_id_187", "ds_139_sample_id_269", "ds_139_sample_id_179", "ds_15_sample_id_129", "ds_175_sample_id_145", "ds_71_sample_id_100", "ds_42_sample_id_109", "ds_60_sample_id_257", "ds_16_sample_id_167", "ds_85_sample_id_56", "ds_65_sample_id_210", "ds_11_sample_id_48", "ds_112_sample_id_60", "ds_81_sample_id_143", "ds_162_sample_id_205", "ds_184_sample_id_177", "ds_105_sample_id_92", "ds_28_sample_id_35", "ds_24_sample_id_113", "ds_168_sample_id_125", "ds_100_sample_id_140", "ds_12_sample_id_254", "ds_115_sample_id_94", "ds_186_sample_id_36", "ds_198_sample_id_80", "ds_1_sample_id_72", "ds_44_sample_id_245", "ds_114_sample_id_90", "ds_27_sample_id_189", "ds_19_sample_id_250", "ds_166_sample_id_120", "ds_131_sample_id_147", "ds_130_sample_id_34", "ds_80_sample_id_248", "ds_189_sample_id_84", "ds_33_sample_id_7", "ds_65_sample_id_150", "ds_127_sample_id_201", "ds_94_sample_id_222", "ds_149_sample_id_85", "ds_135_sample_id_239", "ds_112_sample_id_107", "ds_151_sample_id_155", "ds_59_sample_id_242", "ds_183_sample_id_151", "ds_89_sample_id_183", "ds_136_sample_id_271", "ds_45_sample_id_204", "ds_22_sample_id_118", "ds_82_sample_id_32", "ds_98_sample_id_227", "ds_119_sample_id_16", "ds_19_sample_id_246", "ds_74_sample_id_130", "ds_37_sample_id_193", "ds_49_sample_id_111", "ds_71_sample_id_137", "ds_131_sample_id_141", "ds_42_sample_id_110", "ds_9_sample_id_49", "ds_81_sample_id_260", "ds_176_sample_id_68", "ds_126_sample_id_200", "ds_151_sample_id_197", "ds_140_sample_id_238", "ds_139_sample_id_20", "ds_72_sample_id_251", "ds_21_sample_id_43", "ds_180_sample_id_117", "ds_137_sample_id_249", "ds_177_sample_id_79", "ds_180_sample_id_262", "ds_42_sample_id_175", "ds_170_sample_id_231", "ds_185_sample_id_188", "ds_136_sample_id_70", "ds_147_sample_id_217", "ds_23_sample_id_267", "ds_91_sample_id_219", "ds_196_sample_id_166", "ds_41_sample_id_114", "ds_44_sample_id_172", "ds_140_sample_id_226", "ds_82_sample_id_122", "ds_48_sample_id_81", "ds_155_sample_id_9", "ds_50_sample_id_18", "ds_5_sample_id_273", "ds_175_sample_id_31", "ds_65_sample_id_83", "ds_48_sample_id_27", "ds_80_sample_id_266", "ds_47_sample_id_154", "ds_155_sample_id_182", "ds_1_sample_id_228", "ds_6_sample_id_199"], "group_9": ["ds_107_sample_id_192", "ds_136_sample_id_1", "ds_135_sample_id_220", "ds_39_sample_id_195", "ds_24_sample_id_178", "ds_113_sample_id_185", "ds_185_sample_id_171", "ds_57_sample_id_152", "ds_12_sample_id_276", "ds_191_sample_id_124", "ds_87_sample_id_98", "ds_165_sample_id_194", "ds_106_sample_id_24", "ds_126_sample_id_64", "ds_183_sample_id_168", "ds_151_sample_id_96", "ds_78_sample_id_37", "ds_35_sample_id_89", "ds_157_sample_id_186", "ds_125_sample_id_258", "ds_175_sample_id_187", "ds_15_sample_id_129", "ds_195_sample_id_105", "ds_18_sample_id_209", "ds_3_sample_id_4", "ds_16_sample_id_167", "ds_98_sample_id_91", "ds_85_sample_id_56", "ds_44_sample_id_112", "ds_92_sample_id_243", "ds_112_sample_id_60", "ds_151_sample_id_274", "ds_81_sample_id_143", "ds_193_sample_id_241", "ds_32_sample_id_224", "ds_88_sample_id_44", "ds_133_sample_id_272", "ds_168_sample_id_125", "ds_104_sample_id_25", "ds_100_sample_id_140", "ds_168_sample_id_104", "ds_115_sample_id_94", "ds_26_sample_id_211", "ds_1_sample_id_72", "ds_44_sample_id_245", "ds_138_sample_id_0", "ds_19_sample_id_250", "ds_164_sample_id_22", "ds_156_sample_id_82", "ds_107_sample_id_159", "ds_75_sample_id_169", "ds_130_sample_id_34", "ds_80_sample_id_248", "ds_33_sample_id_7", "ds_65_sample_id_150", "ds_151_sample_id_259", "ds_120_sample_id_101", "ds_135_sample_id_239", "ds_5_sample_id_278", "ds_59_sample_id_242", "ds_6_sample_id_33", "ds_12_sample_id_86", "ds_161_sample_id_134", "ds_45_sample_id_204", "ds_22_sample_id_118", "ds_131_sample_id_128", "ds_133_sample_id_180", "ds_185_sample_id_116", "ds_82_sample_id_32", "ds_189_sample_id_213", "ds_37_sample_id_193", "ds_83_sample_id_62", "ds_144_sample_id_10", "ds_49_sample_id_111", "ds_71_sample_id_137", "ds_94_sample_id_146", "ds_47_sample_id_17", "ds_131_sample_id_141", "ds_9_sample_id_49", "ds_78_sample_id_252", "ds_189_sample_id_156", "ds_159_sample_id_46", "ds_118_sample_id_240", "ds_50_sample_id_216", "ds_112_sample_id_97", "ds_180_sample_id_117", "ds_137_sample_id_249", "ds_177_sample_id_79", "ds_94_sample_id_157", "ds_114_sample_id_106", "ds_87_sample_id_28", "ds_40_sample_id_52", "ds_35_sample_id_71", "ds_15_sample_id_26", "ds_136_sample_id_70", "ds_147_sample_id_217", "ds_91_sample_id_219", "ds_196_sample_id_166", "ds_6_sample_id_63", "ds_41_sample_id_114", "ds_96_sample_id_42", "ds_44_sample_id_172", "ds_140_sample_id_226", "ds_51_sample_id_21", "ds_28_sample_id_6", "ds_120_sample_id_223", "ds_82_sample_id_122", "ds_178_sample_id_212", "ds_142_sample_id_61", "ds_5_sample_id_23", "ds_117_sample_id_164", "ds_80_sample_id_266", "ds_89_sample_id_237", "ds_122_sample_id_244", "ds_6_sample_id_199"], "group_12": ["ds_107_sample_id_192", "ds_79_sample_id_191", "ds_50_sample_id_181", "ds_24_sample_id_178", "ds_113_sample_id_185", "ds_58_sample_id_136", "ds_22_sample_id_53", "ds_57_sample_id_152", "ds_165_sample_id_194", "ds_126_sample_id_64", "ds_99_sample_id_138", "ds_122_sample_id_135", "ds_35_sample_id_89", "ds_157_sample_id_186", "ds_101_sample_id_73", "ds_125_sample_id_258", "ds_178_sample_id_221", "ds_49_sample_id_232", "ds_175_sample_id_187", "ds_139_sample_id_269", "ds_108_sample_id_268", "ds_71_sample_id_100", "ds_3_sample_id_4", "ds_42_sample_id_109", "ds_60_sample_id_257", "ds_44_sample_id_112", "ds_151_sample_id_274", "ds_193_sample_id_241", "ds_32_sample_id_224", "ds_150_sample_id_161", "ds_28_sample_id_35", "ds_59_sample_id_50", "ds_104_sample_id_25", "ds_198_sample_id_5", "ds_83_sample_id_108", "ds_186_sample_id_36", "ds_198_sample_id_80", "ds_26_sample_id_211", "ds_44_sample_id_245", "ds_23_sample_id_39", "ds_88_sample_id_165", "ds_184_sample_id_148", "ds_106_sample_id_263", "ds_164_sample_id_22", "ds_197_sample_id_144", "ds_156_sample_id_82", "ds_55_sample_id_255", "ds_90_sample_id_132", "ds_111_sample_id_99", "ds_33_sample_id_7", "ds_65_sample_id_150", "ds_135_sample_id_239", "ds_36_sample_id_55", "ds_123_sample_id_78", "ds_112_sample_id_107", "ds_183_sample_id_151", "ds_19_sample_id_264", "ds_89_sample_id_183", "ds_184_sample_id_218", "ds_136_sample_id_271", "ds_93_sample_id_2", "ds_45_sample_id_204", "ds_131_sample_id_128", "ds_34_sample_id_184", "ds_185_sample_id_116", "ds_82_sample_id_32", "ds_128_sample_id_208", "ds_87_sample_id_230", "ds_119_sample_id_16", "ds_19_sample_id_246", "ds_189_sample_id_213", "ds_144_sample_id_10", "ds_49_sample_id_111", "ds_94_sample_id_146", "ds_131_sample_id_141", "ds_32_sample_id_163", "ds_176_sample_id_68", "ds_78_sample_id_252", "ds_157_sample_id_12", "ds_122_sample_id_74", "ds_126_sample_id_200", "ds_84_sample_id_59", "ds_118_sample_id_240", "ds_72_sample_id_251", "ds_50_sample_id_216", "ds_112_sample_id_97", "ds_21_sample_id_43", "ds_180_sample_id_117", "ds_198_sample_id_77", "ds_189_sample_id_277", "ds_137_sample_id_249", "ds_94_sample_id_157", "ds_19_sample_id_15", "ds_180_sample_id_262", "ds_42_sample_id_175", "ds_170_sample_id_231", "ds_40_sample_id_52", "ds_15_sample_id_26", "ds_136_sample_id_70", "ds_22_sample_id_14", "ds_23_sample_id_267", "ds_57_sample_id_126", "ds_121_sample_id_29", "ds_6_sample_id_63", "ds_96_sample_id_42", "ds_177_sample_id_236", "ds_82_sample_id_122", "ds_178_sample_id_212", "ds_50_sample_id_18", "ds_5_sample_id_23", "ds_163_sample_id_190", "ds_167_sample_id_51", "ds_48_sample_id_27", "ds_117_sample_id_164", "ds_64_sample_id_38", "ds_27_sample_id_149"], "group_14": ["ds_107_sample_id_192", "ds_71_sample_id_95", "ds_50_sample_id_181", "ds_39_sample_id_195", "ds_24_sample_id_178", "ds_113_sample_id_185", "ds_44_sample_id_65", "ds_58_sample_id_136", "ds_22_sample_id_53", "ds_12_sample_id_276", "ds_87_sample_id_98", "ds_165_sample_id_194", "ds_106_sample_id_24", "ds_126_sample_id_64", "ds_122_sample_id_135", "ds_183_sample_id_168", "ds_151_sample_id_96", "ds_135_sample_id_115", "ds_131_sample_id_93", "ds_35_sample_id_89", "ds_101_sample_id_73", "ds_125_sample_id_258", "ds_76_sample_id_207", "ds_178_sample_id_221", "ds_84_sample_id_234", "ds_49_sample_id_232", "ds_7_sample_id_123", "ds_175_sample_id_247", "ds_139_sample_id_179", "ds_195_sample_id_105", "ds_175_sample_id_145", "ds_3_sample_id_4", "ds_15_sample_id_158", "ds_42_sample_id_109", "ds_60_sample_id_257", "ds_98_sample_id_91", "ds_85_sample_id_56", "ds_44_sample_id_112", "ds_65_sample_id_210", "ds_151_sample_id_274", "ds_162_sample_id_205", "ds_32_sample_id_224", "ds_150_sample_id_161", "ds_88_sample_id_44", "ds_133_sample_id_272", "ds_85_sample_id_11", "ds_59_sample_id_50", "ds_168_sample_id_125", "ds_70_sample_id_202", "ds_12_sample_id_254", "ds_186_sample_id_36", "ds_198_sample_id_80", "ds_26_sample_id_211", "ds_1_sample_id_72", "ds_44_sample_id_245", "ds_114_sample_id_90", "ds_23_sample_id_39", "ds_175_sample_id_256", "ds_27_sample_id_189", "ds_138_sample_id_0", "ds_106_sample_id_263", "ds_164_sample_id_22", "ds_197_sample_id_144", "ds_131_sample_id_147", "ds_107_sample_id_159", "ds_55_sample_id_255", "ds_90_sample_id_132", "ds_75_sample_id_169", "ds_80_sample_id_248", "ds_111_sample_id_99", "ds_189_sample_id_84", "ds_33_sample_id_7", "ds_151_sample_id_259", "ds_135_sample_id_239", "ds_135_sample_id_261", "ds_112_sample_id_107", "ds_138_sample_id_215", "ds_151_sample_id_155", "ds_136_sample_id_271", "ds_33_sample_id_206", "ds_17_sample_id_153", "ds_87_sample_id_230", "ds_19_sample_id_246", "ds_189_sample_id_213", "ds_37_sample_id_193", "ds_83_sample_id_62", "ds_143_sample_id_139", "ds_71_sample_id_137", "ds_56_sample_id_58", "ds_4_sample_id_102", "ds_131_sample_id_141", "ds_159_sample_id_170", "ds_42_sample_id_110", "ds_81_sample_id_260", "ds_122_sample_id_74", "ds_72_sample_id_233", "ds_151_sample_id_197", "ds_140_sample_id_238", "ds_118_sample_id_240", "ds_197_sample_id_162", "ds_50_sample_id_216", "ds_112_sample_id_97", "ds_180_sample_id_117", "ds_198_sample_id_77", "ds_189_sample_id_277", "ds_177_sample_id_79", "ds_114_sample_id_106", "ds_19_sample_id_15", "ds_42_sample_id_175", "ds_15_sample_id_26", "ds_136_sample_id_70", "ds_147_sample_id_217", "ds_57_sample_id_126", "ds_91_sample_id_219", "ds_121_sample_id_29", "ds_196_sample_id_166", "ds_159_sample_id_13", "ds_96_sample_id_42", "ds_51_sample_id_21", "ds_177_sample_id_236", "ds_82_sample_id_122", "ds_155_sample_id_9", "ds_178_sample_id_212", "ds_50_sample_id_18", "ds_5_sample_id_273", "ds_197_sample_id_214", "ds_48_sample_id_27", "ds_64_sample_id_38", "ds_27_sample_id_149", "ds_89_sample_id_237", "ds_47_sample_id_154", "ds_155_sample_id_182", "ds_122_sample_id_244", "ds_1_sample_id_228", "ds_6_sample_id_199"], "group_15": ["ds_107_sample_id_192", "ds_136_sample_id_1", "ds_50_sample_id_181", "ds_39_sample_id_195", "ds_188_sample_id_19", "ds_113_sample_id_185", "ds_44_sample_id_65", "ds_57_sample_id_152", "ds_99_sample_id_138", "ds_183_sample_id_168", "ds_78_sample_id_37", "ds_131_sample_id_93", "ds_35_sample_id_89", "ds_101_sample_id_73", "ds_101_sample_id_174", "ds_175_sample_id_247", "ds_139_sample_id_179", "ds_79_sample_id_253", "ds_108_sample_id_268", "ds_175_sample_id_145", "ds_85_sample_id_56", "ds_44_sample_id_112", "ds_103_sample_id_160", "ds_113_sample_id_3", "ds_155_sample_id_8", "ds_24_sample_id_113", "ds_70_sample_id_202", "ds_104_sample_id_25", "ds_100_sample_id_140", "ds_199_sample_id_45", "ds_175_sample_id_67", "ds_115_sample_id_94", "ds_198_sample_id_80", "ds_44_sample_id_245", "ds_23_sample_id_39", "ds_88_sample_id_165", "ds_175_sample_id_256", "ds_106_sample_id_263", "ds_197_sample_id_144", "ds_156_sample_id_82", "ds_55_sample_id_255", "ds_90_sample_id_132", "ds_189_sample_id_84", "ds_65_sample_id_150", "ds_120_sample_id_101", "ds_149_sample_id_85", "ds_36_sample_id_55", "ds_135_sample_id_261", "ds_123_sample_id_78", "ds_138_sample_id_215", "ds_151_sample_id_155", "ds_6_sample_id_33", "ds_12_sample_id_86", "ds_161_sample_id_134", "ds_183_sample_id_151", "ds_89_sample_id_183", "ds_53_sample_id_265", "ds_76_sample_id_198", "ds_22_sample_id_118", "ds_169_sample_id_127", "ds_33_sample_id_206", "ds_101_sample_id_275", "ds_34_sample_id_184", "ds_185_sample_id_116", "ds_147_sample_id_66", "ds_87_sample_id_230", "ds_189_sample_id_213", "ds_164_sample_id_270", "ds_37_sample_id_193", "ds_143_sample_id_139", "ds_94_sample_id_146", "ds_42_sample_id_110", "ds_81_sample_id_260", "ds_32_sample_id_163", "ds_157_sample_id_203", "ds_75_sample_id_69", "ds_122_sample_id_74", "ds_44_sample_id_41", "ds_159_sample_id_46", "ds_84_sample_id_59", "ds_5_sample_id_47", "ds_118_sample_id_240", "ds_72_sample_id_251", "ds_112_sample_id_97", "ds_94_sample_id_157", "ds_114_sample_id_106", "ds_170_sample_id_231", "ds_35_sample_id_71", "ds_22_sample_id_14", "ds_147_sample_id_217", "ds_91_sample_id_219", "ds_121_sample_id_29", "ds_6_sample_id_63", "ds_159_sample_id_13", "ds_41_sample_id_114", "ds_98_sample_id_119", "ds_120_sample_id_223", "ds_48_sample_id_81", "ds_12_sample_id_173", "ds_178_sample_id_212", "ds_50_sample_id_18", "ds_163_sample_id_190", "ds_197_sample_id_214", "ds_175_sample_id_31", "ds_167_sample_id_51", "ds_48_sample_id_27", "ds_80_sample_id_266", "ds_27_sample_id_149", "ds_155_sample_id_182", "ds_1_sample_id_228", "ds_6_sample_id_199"], "group_17": ["ds_107_sample_id_192", "ds_136_sample_id_1", "ds_50_sample_id_181", "ds_135_sample_id_220", "ds_77_sample_id_54", "ds_57_sample_id_152", "ds_191_sample_id_124", "ds_63_sample_id_142", "ds_165_sample_id_194", "ds_78_sample_id_37", "ds_39_sample_id_229", "ds_135_sample_id_115", "ds_35_sample_id_89", "ds_157_sample_id_186", "ds_101_sample_id_174", "ds_76_sample_id_207", "ds_178_sample_id_221", "ds_7_sample_id_123", "ds_139_sample_id_179", "ds_79_sample_id_253", "ds_108_sample_id_268", "ds_195_sample_id_105", "ds_18_sample_id_209", "ds_175_sample_id_145", "ds_60_sample_id_257", "ds_16_sample_id_167", "ds_98_sample_id_91", "ds_85_sample_id_56", "ds_44_sample_id_112", "ds_103_sample_id_160", "ds_113_sample_id_3", "ds_112_sample_id_60", "ds_151_sample_id_274", "ds_81_sample_id_143", "ds_162_sample_id_205", "ds_193_sample_id_241", "ds_105_sample_id_92", "ds_28_sample_id_35", "ds_24_sample_id_113", "ds_168_sample_id_125", "ds_70_sample_id_202", "ds_198_sample_id_5", "ds_199_sample_id_45", "ds_12_sample_id_254", "ds_173_sample_id_131", "ds_175_sample_id_67", "ds_115_sample_id_94", "ds_1_sample_id_72", "ds_44_sample_id_245", "ds_23_sample_id_39", "ds_114_sample_id_133", "ds_175_sample_id_256", "ds_13_sample_id_103", "ds_138_sample_id_0", "ds_117_sample_id_235", "ds_166_sample_id_120", "ds_184_sample_id_148", "ds_106_sample_id_263", "ds_164_sample_id_22", "ds_107_sample_id_159", "ds_55_sample_id_255", "ds_72_sample_id_176", "ds_90_sample_id_132", "ds_111_sample_id_99", "ds_33_sample_id_7", "ds_127_sample_id_201", "ds_149_sample_id_85", "ds_138_sample_id_215", "ds_6_sample_id_33", "ds_12_sample_id_86", "ds_89_sample_id_183", "ds_53_sample_id_265", "ds_76_sample_id_198", "ds_22_sample_id_118", "ds_131_sample_id_128", "ds_33_sample_id_206", "ds_101_sample_id_275", "ds_17_sample_id_153", "ds_147_sample_id_66", "ds_98_sample_id_227", "ds_19_sample_id_246", "ds_83_sample_id_62", "ds_143_sample_id_139", "ds_49_sample_id_111", "ds_71_sample_id_137", "ds_9_sample_id_49", "ds_81_sample_id_260", "ds_78_sample_id_252", "ds_189_sample_id_156", "ds_157_sample_id_12", "ds_75_sample_id_69", "ds_122_sample_id_74", "ds_53_sample_id_75", "ds_5_sample_id_47", "ds_140_sample_id_238", "ds_139_sample_id_20", "ds_72_sample_id_251", "ds_21_sample_id_43", "ds_137_sample_id_249", "ds_177_sample_id_79", "ds_114_sample_id_106", "ds_19_sample_id_15", "ds_87_sample_id_28", "ds_59_sample_id_121", "ds_185_sample_id_188", "ds_15_sample_id_26", "ds_136_sample_id_70", "ds_23_sample_id_267", "ds_57_sample_id_126", "ds_121_sample_id_29", "ds_196_sample_id_166", "ds_6_sample_id_63", "ds_159_sample_id_13", "ds_41_sample_id_114", "ds_44_sample_id_172", "ds_140_sample_id_226", "ds_120_sample_id_223", "ds_82_sample_id_122", "ds_48_sample_id_81", "ds_155_sample_id_9", "ds_142_sample_id_61", "ds_50_sample_id_18", "ds_5_sample_id_23", "ds_5_sample_id_273", "ds_197_sample_id_214", "ds_175_sample_id_31", "ds_48_sample_id_27", "ds_89_sample_id_237", "ds_155_sample_id_182"], "group_18": ["ds_107_sample_id_192", "ds_136_sample_id_1", "ds_188_sample_id_19", "ds_77_sample_id_54", "ds_185_sample_id_171", "ds_63_sample_id_142", "ds_87_sample_id_98", "ds_106_sample_id_24", "ds_126_sample_id_64", "ds_122_sample_id_135", "ds_39_sample_id_229", "ds_131_sample_id_93", "ds_157_sample_id_186", "ds_84_sample_id_234", "ds_193_sample_id_88", "ds_175_sample_id_247", "ds_79_sample_id_253", "ds_175_sample_id_145", "ds_3_sample_id_4", "ds_98_sample_id_91", "ds_44_sample_id_112", "ds_92_sample_id_243", "ds_65_sample_id_210", "ds_113_sample_id_3", "ds_112_sample_id_60", "ds_81_sample_id_143", "ds_155_sample_id_8", "ds_193_sample_id_241", "ds_105_sample_id_92", "ds_59_sample_id_50", "ds_24_sample_id_113", "ds_168_sample_id_125", "ds_70_sample_id_202", "ds_100_sample_id_140", "ds_176_sample_id_30", "ds_168_sample_id_104", "ds_12_sample_id_254", "ds_1_sample_id_72", "ds_114_sample_id_133", "ds_27_sample_id_189", "ds_13_sample_id_103", "ds_166_sample_id_120", "ds_197_sample_id_144", "ds_156_sample_id_82", "ds_131_sample_id_147", "ds_55_sample_id_255", "ds_72_sample_id_176", "ds_90_sample_id_132", "ds_130_sample_id_34", "ds_189_sample_id_84", "ds_33_sample_id_7", "ds_65_sample_id_150", "ds_127_sample_id_201", "ds_151_sample_id_259", "ds_94_sample_id_222", "ds_135_sample_id_239", "ds_135_sample_id_261", "ds_112_sample_id_107", "ds_12_sample_id_86", "ds_183_sample_id_151", "ds_53_sample_id_265", "ds_169_sample_id_127", "ds_101_sample_id_275", "ds_185_sample_id_116", "ds_98_sample_id_227", "ds_189_sample_id_213", "ds_74_sample_id_130", "ds_83_sample_id_62", "ds_144_sample_id_10", "ds_49_sample_id_111", "ds_42_sample_id_110", "ds_32_sample_id_163", "ds_157_sample_id_203", "ds_176_sample_id_68", "ds_189_sample_id_156", "ds_157_sample_id_12", "ds_75_sample_id_69", "ds_53_sample_id_75", "ds_44_sample_id_41", "ds_84_sample_id_59", "ds_5_sample_id_47", "ds_140_sample_id_238", "ds_118_sample_id_240", "ds_197_sample_id_162", "ds_94_sample_id_157", "ds_19_sample_id_15", "ds_180_sample_id_262", "ds_59_sample_id_121", "ds_193_sample_id_76", "ds_170_sample_id_231", "ds_167_sample_id_196", "ds_185_sample_id_188", "ds_22_sample_id_14", "ds_147_sample_id_217", "ds_57_sample_id_126", "ds_91_sample_id_219", "ds_121_sample_id_29", "ds_196_sample_id_166", "ds_6_sample_id_63", "ds_159_sample_id_13", "ds_41_sample_id_114", "ds_140_sample_id_226", "ds_51_sample_id_21", "ds_28_sample_id_6", "ds_48_sample_id_81", "ds_155_sample_id_9", "ds_196_sample_id_225", "ds_50_sample_id_18", "ds_197_sample_id_214", "ds_175_sample_id_31", "ds_27_sample_id_149", "ds_89_sample_id_237", "ds_47_sample_id_154", "ds_155_sample_id_182"], "group_19": ["ds_107_sample_id_192", "ds_136_sample_id_1", "ds_200_sample_id_57", "ds_135_sample_id_220", "ds_81_sample_id_40", "ds_113_sample_id_185", "ds_44_sample_id_65", "ds_12_sample_id_87", "ds_22_sample_id_53", "ds_185_sample_id_171", "ds_57_sample_id_152", "ds_12_sample_id_276", "ds_191_sample_id_124", "ds_87_sample_id_98", "ds_165_sample_id_194", "ds_126_sample_id_64", "ds_151_sample_id_96", "ds_78_sample_id_37", "ds_39_sample_id_229", "ds_131_sample_id_93", "ds_101_sample_id_73", "ds_178_sample_id_221", "ds_84_sample_id_234", "ds_49_sample_id_232", "ds_175_sample_id_187", "ds_7_sample_id_123", "ds_108_sample_id_268", "ds_18_sample_id_209", "ds_71_sample_id_100", "ds_3_sample_id_4", "ds_60_sample_id_257", "ds_151_sample_id_274", "ds_162_sample_id_205", "ds_155_sample_id_8", "ds_32_sample_id_224", "ds_184_sample_id_177", "ds_88_sample_id_44", "ds_24_sample_id_113", "ds_168_sample_id_125", "ds_104_sample_id_25", "ds_100_sample_id_140", "ds_168_sample_id_104", "ds_173_sample_id_131", "ds_115_sample_id_94", "ds_198_sample_id_80", "ds_1_sample_id_72", "ds_44_sample_id_245", "ds_23_sample_id_39", "ds_88_sample_id_165", "ds_114_sample_id_133", "ds_13_sample_id_103", "ds_117_sample_id_235", "ds_19_sample_id_250", "ds_184_sample_id_148", "ds_106_sample_id_263", "ds_164_sample_id_22", "ds_197_sample_id_144", "ds_131_sample_id_147", "ds_107_sample_id_159", "ds_189_sample_id_84", "ds_149_sample_id_85", "ds_135_sample_id_239", "ds_112_sample_id_107", "ds_138_sample_id_215", "ds_6_sample_id_33", "ds_12_sample_id_86", "ds_89_sample_id_183", "ds_76_sample_id_198", "ds_136_sample_id_271", "ds_131_sample_id_128", "ds_101_sample_id_275", "ds_185_sample_id_116", "ds_98_sample_id_227", "ds_87_sample_id_230", "ds_19_sample_id_246", "ds_144_sample_id_10", "ds_49_sample_id_111", "ds_94_sample_id_146", "ds_56_sample_id_58", "ds_159_sample_id_170", "ds_81_sample_id_260", "ds_157_sample_id_203", "ds_176_sample_id_68", "ds_78_sample_id_252", "ds_157_sample_id_12", "ds_75_sample_id_69", "ds_44_sample_id_41", "ds_139_sample_id_20", "ds_50_sample_id_216", "ds_198_sample_id_77", "ds_193_sample_id_76", "ds_170_sample_id_231", "ds_167_sample_id_196", "ds_23_sample_id_267", "ds_57_sample_id_126", "ds_41_sample_id_114", "ds_44_sample_id_172", "ds_140_sample_id_226", "ds_28_sample_id_6", "ds_120_sample_id_223", "ds_155_sample_id_9", "ds_5_sample_id_23", "ds_163_sample_id_190", "ds_197_sample_id_214", "ds_175_sample_id_31", "ds_117_sample_id_164", "ds_89_sample_id_237", "ds_47_sample_id_154", "ds_155_sample_id_182", "ds_122_sample_id_244", "ds_6_sample_id_199"], "group_1": ["ds_71_sample_id_95", "ds_79_sample_id_191", "ds_50_sample_id_181", "ds_39_sample_id_195", "ds_81_sample_id_40", "ds_44_sample_id_65", "ds_58_sample_id_136", "ds_22_sample_id_53", "ds_12_sample_id_276", "ds_63_sample_id_142", "ds_99_sample_id_138", "ds_122_sample_id_135", "ds_78_sample_id_37", "ds_135_sample_id_115", "ds_35_sample_id_89", "ds_101_sample_id_174", "ds_76_sample_id_207", "ds_49_sample_id_232", "ds_193_sample_id_88", "ds_7_sample_id_123", "ds_175_sample_id_247", "ds_139_sample_id_179", "ds_79_sample_id_253", "ds_71_sample_id_100", "ds_42_sample_id_109", "ds_60_sample_id_257", "ds_98_sample_id_91", "ds_44_sample_id_112", "ds_11_sample_id_48", "ds_151_sample_id_274", "ds_162_sample_id_205", "ds_155_sample_id_8", "ds_32_sample_id_224", "ds_150_sample_id_161", "ds_184_sample_id_177", "ds_88_sample_id_44", "ds_133_sample_id_272", "ds_85_sample_id_11", "ds_28_sample_id_35", "ds_100_sample_id_140", "ds_173_sample_id_131", "ds_175_sample_id_67", "ds_115_sample_id_94", "ds_186_sample_id_36", "ds_198_sample_id_80", "ds_26_sample_id_211", "ds_44_sample_id_245", "ds_175_sample_id_256", "ds_27_sample_id_189", "ds_138_sample_id_0", "ds_166_sample_id_120", "ds_184_sample_id_148", "ds_106_sample_id_263", "ds_72_sample_id_176", "ds_80_sample_id_248", "ds_189_sample_id_84", "ds_33_sample_id_7", "ds_151_sample_id_259", "ds_120_sample_id_101", "ds_135_sample_id_239", "ds_135_sample_id_261", "ds_59_sample_id_242", "ds_161_sample_id_134", "ds_183_sample_id_151", "ds_19_sample_id_264", "ds_76_sample_id_198", "ds_136_sample_id_271", "ds_22_sample_id_118", "ds_131_sample_id_128", "ds_33_sample_id_206", "ds_133_sample_id_180", "ds_147_sample_id_66", "ds_98_sample_id_227", "ds_128_sample_id_208", "ds_19_sample_id_246", "ds_189_sample_id_213", "ds_74_sample_id_130", "ds_164_sample_id_270", "ds_83_sample_id_62", "ds_144_sample_id_10", "ds_49_sample_id_111", "ds_56_sample_id_58", "ds_4_sample_id_102", "ds_47_sample_id_17", "ds_42_sample_id_110", "ds_9_sample_id_49", "ds_81_sample_id_260", "ds_32_sample_id_163", "ds_157_sample_id_203", "ds_78_sample_id_252", "ds_126_sample_id_200", "ds_72_sample_id_233", "ds_53_sample_id_75", "ds_44_sample_id_41", "ds_159_sample_id_46", "ds_151_sample_id_197", "ds_84_sample_id_59", "ds_5_sample_id_47", "ds_118_sample_id_240", "ds_139_sample_id_20", "ds_197_sample_id_162", "ds_177_sample_id_79", "ds_19_sample_id_15", "ds_87_sample_id_28", "ds_193_sample_id_76", "ds_40_sample_id_52", "ds_15_sample_id_26", "ds_22_sample_id_14", "ds_147_sample_id_217", "ds_57_sample_id_126", "ds_91_sample_id_219", "ds_121_sample_id_29", "ds_6_sample_id_63", "ds_41_sample_id_114", "ds_96_sample_id_42", "ds_44_sample_id_172", "ds_140_sample_id_226", "ds_51_sample_id_21", "ds_98_sample_id_119", "ds_120_sample_id_223", "ds_177_sample_id_236", "ds_82_sample_id_122", "ds_48_sample_id_81", "ds_155_sample_id_9", "ds_178_sample_id_212", "ds_142_sample_id_61", "ds_50_sample_id_18", "ds_163_sample_id_190", "ds_197_sample_id_214", "ds_65_sample_id_83", "ds_117_sample_id_164", "ds_64_sample_id_38", "ds_27_sample_id_149", "ds_47_sample_id_154", "ds_1_sample_id_228"], "group_2": ["ds_71_sample_id_95", "ds_200_sample_id_57", "ds_79_sample_id_191", "ds_39_sample_id_195", "ds_24_sample_id_178", "ds_188_sample_id_19", "ds_12_sample_id_276", "ds_106_sample_id_24", "ds_122_sample_id_135", "ds_78_sample_id_37", "ds_39_sample_id_229", "ds_135_sample_id_115", "ds_35_sample_id_89", "ds_101_sample_id_73", "ds_76_sample_id_207", "ds_175_sample_id_187", "ds_139_sample_id_179", "ds_175_sample_id_145", "ds_3_sample_id_4", "ds_42_sample_id_109", "ds_98_sample_id_91", "ds_85_sample_id_56", "ds_44_sample_id_112", "ds_92_sample_id_243", "ds_65_sample_id_210", "ds_81_sample_id_143", "ds_162_sample_id_205", "ds_155_sample_id_8", "ds_193_sample_id_241", "ds_150_sample_id_161", "ds_184_sample_id_177", "ds_28_sample_id_35", "ds_24_sample_id_113", "ds_70_sample_id_202", "ds_104_sample_id_25", "ds_198_sample_id_5", "ds_199_sample_id_45", "ds_12_sample_id_254", "ds_198_sample_id_80", "ds_114_sample_id_133", "ds_175_sample_id_256", "ds_19_sample_id_250", "ds_166_sample_id_120", "ds_197_sample_id_144", "ds_156_sample_id_82", "ds_107_sample_id_159", "ds_55_sample_id_255", "ds_90_sample_id_132", "ds_75_sample_id_169", "ds_130_sample_id_34", "ds_80_sample_id_248", "ds_151_sample_id_259", "ds_94_sample_id_222", "ds_135_sample_id_239", "ds_138_sample_id_215", "ds_151_sample_id_155", "ds_59_sample_id_242", "ds_183_sample_id_151", "ds_89_sample_id_183", "ds_93_sample_id_2", "ds_131_sample_id_128", "ds_33_sample_id_206", "ds_17_sample_id_153", "ds_133_sample_id_180", "ds_119_sample_id_16", "ds_37_sample_id_193", "ds_83_sample_id_62", "ds_49_sample_id_111", "ds_71_sample_id_137", "ds_94_sample_id_146", "ds_56_sample_id_58", "ds_159_sample_id_170", "ds_32_sample_id_163", "ds_157_sample_id_203", "ds_78_sample_id_252", "ds_189_sample_id_156", "ds_122_sample_id_74", "ds_126_sample_id_200", "ds_44_sample_id_41", "ds_159_sample_id_46", "ds_5_sample_id_47", "ds_140_sample_id_238", "ds_139_sample_id_20", "ds_72_sample_id_251", "ds_50_sample_id_216", "ds_198_sample_id_77", "ds_137_sample_id_249", "ds_177_sample_id_79", "ds_94_sample_id_157", "ds_180_sample_id_262", "ds_59_sample_id_121", "ds_193_sample_id_76", "ds_40_sample_id_52", "ds_35_sample_id_71", "ds_136_sample_id_70", "ds_22_sample_id_14", "ds_147_sample_id_217", "ds_6_sample_id_63", "ds_96_sample_id_42", "ds_44_sample_id_172", "ds_51_sample_id_21", "ds_98_sample_id_119", "ds_120_sample_id_223", "ds_196_sample_id_225", "ds_178_sample_id_212", "ds_142_sample_id_61", "ds_5_sample_id_273", "ds_65_sample_id_83", "ds_167_sample_id_51", "ds_117_sample_id_164", "ds_64_sample_id_38", "ds_27_sample_id_149", "ds_89_sample_id_237", "ds_155_sample_id_182"], "group_5": ["ds_71_sample_id_95", "ds_12_sample_id_87", "ds_58_sample_id_136", "ds_22_sample_id_53", "ds_57_sample_id_152", "ds_63_sample_id_142", "ds_87_sample_id_98", "ds_165_sample_id_194", "ds_106_sample_id_24", "ds_99_sample_id_138", "ds_122_sample_id_135", "ds_78_sample_id_37", "ds_39_sample_id_229", "ds_131_sample_id_93", "ds_35_sample_id_89", "ds_101_sample_id_73", "ds_49_sample_id_232", "ds_193_sample_id_88", "ds_108_sample_id_268", "ds_15_sample_id_129", "ds_195_sample_id_105", "ds_15_sample_id_158", "ds_44_sample_id_112", "ds_92_sample_id_243", "ds_155_sample_id_8", "ds_150_sample_id_161", "ds_184_sample_id_177", "ds_133_sample_id_272", "ds_70_sample_id_202", "ds_198_sample_id_5", "ds_83_sample_id_108", "ds_199_sample_id_45", "ds_12_sample_id_254", "ds_26_sample_id_211", "ds_114_sample_id_90", "ds_114_sample_id_133", "ds_13_sample_id_103", "ds_138_sample_id_0", "ds_19_sample_id_250", "ds_106_sample_id_263", "ds_164_sample_id_22", "ds_197_sample_id_144", "ds_156_sample_id_82", "ds_75_sample_id_169", "ds_111_sample_id_99", "ds_189_sample_id_84", "ds_33_sample_id_7", "ds_151_sample_id_259", "ds_94_sample_id_222", "ds_120_sample_id_101", "ds_135_sample_id_239", "ds_5_sample_id_278", "ds_135_sample_id_261", "ds_123_sample_id_78", "ds_112_sample_id_107", "ds_138_sample_id_215", "ds_151_sample_id_155", "ds_12_sample_id_86", "ds_183_sample_id_151", "ds_76_sample_id_198", "ds_22_sample_id_118", "ds_131_sample_id_128", "ds_101_sample_id_275", "ds_34_sample_id_184", "ds_82_sample_id_32", "ds_128_sample_id_208", "ds_119_sample_id_16", "ds_37_sample_id_193", "ds_49_sample_id_111", "ds_56_sample_id_58", "ds_47_sample_id_17", "ds_32_sample_id_163", "ds_176_sample_id_68", "ds_44_sample_id_41", "ds_159_sample_id_46", "ds_151_sample_id_197", "ds_84_sample_id_59", "ds_139_sample_id_20", "ds_72_sample_id_251", "ds_180_sample_id_117", "ds_94_sample_id_157", "ds_114_sample_id_106", "ds_19_sample_id_15", "ds_59_sample_id_121", "ds_193_sample_id_76", "ds_40_sample_id_52", "ds_185_sample_id_188", "ds_35_sample_id_71", "ds_15_sample_id_26", "ds_136_sample_id_70", "ds_57_sample_id_126", "ds_91_sample_id_219", "ds_121_sample_id_29", "ds_196_sample_id_166", "ds_159_sample_id_13", "ds_41_sample_id_114", "ds_140_sample_id_226", "ds_51_sample_id_21", "ds_98_sample_id_119", "ds_177_sample_id_236", "ds_155_sample_id_9", "ds_196_sample_id_225", "ds_178_sample_id_212", "ds_5_sample_id_23", "ds_163_sample_id_190", "ds_197_sample_id_214", "ds_167_sample_id_51", "ds_48_sample_id_27", "ds_80_sample_id_266", "ds_27_sample_id_149", "ds_89_sample_id_237", "ds_6_sample_id_199"], "group_8": ["ds_71_sample_id_95", "ds_136_sample_id_1", "ds_50_sample_id_181", "ds_135_sample_id_220", "ds_39_sample_id_195", "ds_188_sample_id_19", "ds_113_sample_id_185", "ds_12_sample_id_87", "ds_185_sample_id_171", "ds_57_sample_id_152", "ds_126_sample_id_64", "ds_122_sample_id_135", "ds_183_sample_id_168", "ds_78_sample_id_37", "ds_35_sample_id_89", "ds_125_sample_id_258", "ds_101_sample_id_174", "ds_76_sample_id_207", "ds_193_sample_id_88", "ds_79_sample_id_253", "ds_108_sample_id_268", "ds_15_sample_id_129", "ds_195_sample_id_105", "ds_18_sample_id_209", "ds_15_sample_id_158", "ds_16_sample_id_167", "ds_44_sample_id_112", "ds_92_sample_id_243", "ds_65_sample_id_210", "ds_11_sample_id_48", "ds_113_sample_id_3", "ds_81_sample_id_143", "ds_155_sample_id_8", "ds_193_sample_id_241", "ds_32_sample_id_224", "ds_105_sample_id_92", "ds_85_sample_id_11", "ds_24_sample_id_113", "ds_168_sample_id_125", "ds_70_sample_id_202", "ds_176_sample_id_30", "ds_12_sample_id_254", "ds_173_sample_id_131", "ds_175_sample_id_67", "ds_186_sample_id_36", "ds_44_sample_id_245", "ds_23_sample_id_39", "ds_88_sample_id_165", "ds_27_sample_id_189", "ds_13_sample_id_103", "ds_117_sample_id_235", "ds_166_sample_id_120", "ds_106_sample_id_263", "ds_164_sample_id_22", "ds_55_sample_id_255", "ds_72_sample_id_176", "ds_130_sample_id_34", "ds_80_sample_id_248", "ds_33_sample_id_7", "ds_65_sample_id_150", "ds_151_sample_id_259", "ds_120_sample_id_101", "ds_36_sample_id_55", "ds_112_sample_id_107", "ds_59_sample_id_242", "ds_12_sample_id_86", "ds_89_sample_id_183", "ds_76_sample_id_198", "ds_184_sample_id_218", "ds_93_sample_id_2", "ds_34_sample_id_184", "ds_185_sample_id_116", "ds_98_sample_id_227", "ds_87_sample_id_230", "ds_74_sample_id_130", "ds_144_sample_id_10", "ds_143_sample_id_139", "ds_49_sample_id_111", "ds_94_sample_id_146", "ds_56_sample_id_58", "ds_159_sample_id_170", "ds_42_sample_id_110", "ds_9_sample_id_49", "ds_157_sample_id_203", "ds_176_sample_id_68", "ds_78_sample_id_252", "ds_189_sample_id_156", "ds_122_sample_id_74", "ds_139_sample_id_20", "ds_72_sample_id_251", "ds_112_sample_id_97", "ds_21_sample_id_43", "ds_94_sample_id_157", "ds_193_sample_id_76", "ds_42_sample_id_175", "ds_40_sample_id_52", "ds_136_sample_id_70", "ds_23_sample_id_267", "ds_91_sample_id_219", "ds_196_sample_id_166", "ds_159_sample_id_13", "ds_44_sample_id_172", "ds_120_sample_id_223", "ds_177_sample_id_236", "ds_82_sample_id_122", "ds_12_sample_id_173", "ds_5_sample_id_23", "ds_5_sample_id_273", "ds_197_sample_id_214", "ds_175_sample_id_31", "ds_117_sample_id_164", "ds_64_sample_id_38", "ds_47_sample_id_154", "ds_1_sample_id_228", "ds_6_sample_id_199"], "group_3": ["ds_136_sample_id_1", "ds_135_sample_id_220", "ds_24_sample_id_178", "ds_81_sample_id_40", "ds_188_sample_id_19", "ds_77_sample_id_54", "ds_57_sample_id_152", "ds_191_sample_id_124", "ds_63_sample_id_142", "ds_87_sample_id_98", "ds_106_sample_id_24", "ds_126_sample_id_64", "ds_122_sample_id_135", "ds_131_sample_id_93", "ds_35_sample_id_89", "ds_101_sample_id_73", "ds_125_sample_id_258", "ds_76_sample_id_207", "ds_178_sample_id_221", "ds_193_sample_id_88", "ds_175_sample_id_187", "ds_175_sample_id_247", "ds_15_sample_id_129", "ds_18_sample_id_209", "ds_71_sample_id_100", "ds_15_sample_id_158", "ds_60_sample_id_257", "ds_16_sample_id_167", "ds_85_sample_id_56", "ds_92_sample_id_243", "ds_81_sample_id_143", "ds_162_sample_id_205", "ds_193_sample_id_241", "ds_32_sample_id_224", "ds_184_sample_id_177", "ds_105_sample_id_92", "ds_133_sample_id_272", "ds_24_sample_id_113", "ds_168_sample_id_125", "ds_83_sample_id_108", "ds_168_sample_id_104", "ds_173_sample_id_131", "ds_115_sample_id_94", "ds_198_sample_id_80", "ds_26_sample_id_211", "ds_114_sample_id_90", "ds_114_sample_id_133", "ds_27_sample_id_189", "ds_13_sample_id_103", "ds_19_sample_id_250", "ds_106_sample_id_263", "ds_164_sample_id_22", "ds_107_sample_id_159", "ds_55_sample_id_255", "ds_72_sample_id_176", "ds_75_sample_id_169", "ds_189_sample_id_84", "ds_65_sample_id_150", "ds_151_sample_id_259", "ds_94_sample_id_222", "ds_36_sample_id_55", "ds_112_sample_id_107", "ds_59_sample_id_242", "ds_6_sample_id_33", "ds_12_sample_id_86", "ds_161_sample_id_134", "ds_183_sample_id_151", "ds_53_sample_id_265", "ds_17_sample_id_153", "ds_34_sample_id_184", "ds_185_sample_id_116", "ds_147_sample_id_66", "ds_82_sample_id_32", "ds_98_sample_id_227", "ds_128_sample_id_208", "ds_74_sample_id_130", "ds_37_sample_id_193", "ds_143_sample_id_139", "ds_49_sample_id_111", "ds_94_sample_id_146", "ds_47_sample_id_17", "ds_42_sample_id_110", "ds_9_sample_id_49", "ds_81_sample_id_260", "ds_157_sample_id_203", "ds_176_sample_id_68", "ds_189_sample_id_156", "ds_157_sample_id_12", "ds_75_sample_id_69", "ds_126_sample_id_200", "ds_72_sample_id_233", "ds_53_sample_id_75", "ds_159_sample_id_46", "ds_151_sample_id_197", "ds_118_sample_id_240", "ds_139_sample_id_20", "ds_197_sample_id_162", "ds_112_sample_id_97", "ds_21_sample_id_43", "ds_180_sample_id_117", "ds_198_sample_id_77", "ds_189_sample_id_277", "ds_177_sample_id_79", "ds_19_sample_id_15", "ds_180_sample_id_262", "ds_87_sample_id_28", "ds_193_sample_id_76", "ds_170_sample_id_231", "ds_40_sample_id_52", "ds_35_sample_id_71", "ds_15_sample_id_26", "ds_136_sample_id_70", "ds_22_sample_id_14", "ds_23_sample_id_267", "ds_121_sample_id_29", "ds_6_sample_id_63", "ds_142_sample_id_61", "ds_163_sample_id_190", "ds_48_sample_id_27", "ds_80_sample_id_266", "ds_27_sample_id_149", "ds_47_sample_id_154", "ds_122_sample_id_244", "ds_6_sample_id_199"], "group_6": ["ds_136_sample_id_1", "ds_200_sample_id_57", "ds_24_sample_id_178", "ds_81_sample_id_40", "ds_188_sample_id_19", "ds_77_sample_id_54", "ds_57_sample_id_152", "ds_63_sample_id_142", "ds_87_sample_id_98", "ds_106_sample_id_24", "ds_126_sample_id_64", "ds_78_sample_id_37", "ds_39_sample_id_229", "ds_135_sample_id_115", "ds_131_sample_id_93", "ds_35_sample_id_89", "ds_157_sample_id_186", "ds_101_sample_id_73", "ds_125_sample_id_258", "ds_76_sample_id_207", "ds_178_sample_id_221", "ds_49_sample_id_232", "ds_193_sample_id_88", "ds_175_sample_id_187", "ds_175_sample_id_247", "ds_79_sample_id_253", "ds_108_sample_id_268", "ds_195_sample_id_105", "ds_18_sample_id_209", "ds_71_sample_id_100", "ds_42_sample_id_109", "ds_60_sample_id_257", "ds_16_sample_id_167", "ds_98_sample_id_91", "ds_85_sample_id_56", "ds_44_sample_id_112", "ds_103_sample_id_160", "ds_92_sample_id_243", "ds_65_sample_id_210", "ds_113_sample_id_3", "ds_151_sample_id_274", "ds_162_sample_id_205", "ds_193_sample_id_241", "ds_32_sample_id_224", "ds_184_sample_id_177", "ds_105_sample_id_92", "ds_88_sample_id_44", "ds_133_sample_id_272", "ds_85_sample_id_11", "ds_24_sample_id_113", "ds_104_sample_id_25", "ds_173_sample_id_131", "ds_175_sample_id_67", "ds_115_sample_id_94", "ds_26_sample_id_211", "ds_1_sample_id_72", "ds_44_sample_id_245", "ds_114_sample_id_133", "ds_19_sample_id_250", "ds_156_sample_id_82", "ds_55_sample_id_255", "ds_72_sample_id_176", "ds_65_sample_id_150", "ds_94_sample_id_222", "ds_120_sample_id_101", "ds_36_sample_id_55", "ds_135_sample_id_261", "ds_123_sample_id_78", "ds_6_sample_id_33", "ds_12_sample_id_86", "ds_161_sample_id_134", "ds_19_sample_id_264", "ds_184_sample_id_218", "ds_45_sample_id_204", "ds_169_sample_id_127", "ds_131_sample_id_128", "ds_185_sample_id_116", "ds_147_sample_id_66", "ds_98_sample_id_227", "ds_87_sample_id_230", "ds_189_sample_id_213", "ds_74_sample_id_130", "ds_164_sample_id_270", "ds_144_sample_id_10", "ds_49_sample_id_111", "ds_71_sample_id_137", "ds_56_sample_id_58", "ds_47_sample_id_17", "ds_159_sample_id_170", "ds_81_sample_id_260", "ds_157_sample_id_203", "ds_78_sample_id_252", "ds_189_sample_id_156", "ds_157_sample_id_12", "ds_72_sample_id_233", "ds_84_sample_id_59", "ds_5_sample_id_47", "ds_139_sample_id_20", "ds_50_sample_id_216", "ds_112_sample_id_97", "ds_189_sample_id_277", "ds_94_sample_id_157", "ds_42_sample_id_175", "ds_170_sample_id_231", "ds_40_sample_id_52", "ds_136_sample_id_70", "ds_22_sample_id_14", "ds_159_sample_id_13", "ds_44_sample_id_172", "ds_140_sample_id_226", "ds_51_sample_id_21", "ds_28_sample_id_6", "ds_120_sample_id_223", "ds_155_sample_id_9", "ds_178_sample_id_212", "ds_142_sample_id_61", "ds_5_sample_id_273", "ds_167_sample_id_51", "ds_48_sample_id_27", "ds_117_sample_id_164", "ds_80_sample_id_266", "ds_155_sample_id_182", "ds_1_sample_id_228"], "group_11": ["ds_136_sample_id_1", "ds_200_sample_id_57", "ds_79_sample_id_191", "ds_39_sample_id_195", "ds_24_sample_id_178", "ds_188_sample_id_19", "ds_44_sample_id_65", "ds_12_sample_id_87", "ds_57_sample_id_152", "ds_12_sample_id_276", "ds_63_sample_id_142", "ds_87_sample_id_98", "ds_165_sample_id_194", "ds_99_sample_id_138", "ds_135_sample_id_115", "ds_157_sample_id_186", "ds_84_sample_id_234", "ds_49_sample_id_232", "ds_7_sample_id_123", "ds_139_sample_id_269", "ds_175_sample_id_247", "ds_79_sample_id_253", "ds_15_sample_id_129", "ds_18_sample_id_209", "ds_42_sample_id_109", "ds_65_sample_id_210", "ds_11_sample_id_48", "ds_151_sample_id_274", "ds_162_sample_id_205", "ds_184_sample_id_177", "ds_88_sample_id_44", "ds_85_sample_id_11", "ds_59_sample_id_50", "ds_70_sample_id_202", "ds_104_sample_id_25", "ds_176_sample_id_30", "ds_83_sample_id_108", "ds_199_sample_id_45", "ds_175_sample_id_67", "ds_198_sample_id_80", "ds_26_sample_id_211", "ds_1_sample_id_72", "ds_44_sample_id_245", "ds_114_sample_id_90", "ds_23_sample_id_39", "ds_88_sample_id_165", "ds_27_sample_id_189", "ds_19_sample_id_250", "ds_184_sample_id_148", "ds_164_sample_id_22", "ds_197_sample_id_144", "ds_107_sample_id_159", "ds_55_sample_id_255", "ds_111_sample_id_99", "ds_33_sample_id_7", "ds_127_sample_id_201", "ds_151_sample_id_259", "ds_94_sample_id_222", "ds_149_sample_id_85", "ds_36_sample_id_55", "ds_123_sample_id_78", "ds_112_sample_id_107", "ds_161_sample_id_134", "ds_183_sample_id_151", "ds_19_sample_id_264", "ds_89_sample_id_183", "ds_53_sample_id_265", "ds_184_sample_id_218", "ds_22_sample_id_118", "ds_169_sample_id_127", "ds_131_sample_id_128", "ds_133_sample_id_180", "ds_147_sample_id_66", "ds_128_sample_id_208", "ds_87_sample_id_230", "ds_119_sample_id_16", "ds_164_sample_id_270", "ds_37_sample_id_193", "ds_144_sample_id_10", "ds_143_sample_id_139", "ds_94_sample_id_146", "ds_47_sample_id_17", "ds_32_sample_id_163", "ds_197_sample_id_162", "ds_198_sample_id_77", "ds_189_sample_id_277", "ds_94_sample_id_157", "ds_180_sample_id_262", "ds_42_sample_id_175", "ds_170_sample_id_231", "ds_167_sample_id_196", "ds_15_sample_id_26", "ds_22_sample_id_14", "ds_23_sample_id_267", "ds_196_sample_id_166", "ds_159_sample_id_13", "ds_96_sample_id_42", "ds_51_sample_id_21", "ds_177_sample_id_236", "ds_82_sample_id_122", "ds_48_sample_id_81", "ds_12_sample_id_173", "ds_178_sample_id_212", "ds_142_sample_id_61", "ds_5_sample_id_273", "ds_163_sample_id_190", "ds_197_sample_id_214", "ds_175_sample_id_31", "ds_48_sample_id_27", "ds_117_sample_id_164", "ds_64_sample_id_38", "ds_27_sample_id_149", "ds_89_sample_id_237", "ds_155_sample_id_182", "ds_6_sample_id_199"], "group_13": ["ds_136_sample_id_1", "ds_39_sample_id_195", "ds_113_sample_id_185", "ds_191_sample_id_124", "ds_183_sample_id_168", "ds_35_sample_id_89", "ds_157_sample_id_186", "ds_101_sample_id_73", "ds_101_sample_id_174", "ds_76_sample_id_207", "ds_178_sample_id_221", "ds_84_sample_id_234", "ds_49_sample_id_232", "ds_193_sample_id_88", "ds_175_sample_id_247", "ds_139_sample_id_179", "ds_15_sample_id_129", "ds_195_sample_id_105", "ds_15_sample_id_158", "ds_44_sample_id_112", "ds_155_sample_id_8", "ds_32_sample_id_224", "ds_150_sample_id_161", "ds_184_sample_id_177", "ds_105_sample_id_92", "ds_133_sample_id_272", "ds_104_sample_id_25", "ds_100_sample_id_140", "ds_198_sample_id_5", "ds_83_sample_id_108", "ds_186_sample_id_36", "ds_26_sample_id_211", "ds_114_sample_id_133", "ds_175_sample_id_256", "ds_138_sample_id_0", "ds_117_sample_id_235", "ds_166_sample_id_120", "ds_106_sample_id_263", "ds_164_sample_id_22", "ds_131_sample_id_147", "ds_107_sample_id_159", "ds_72_sample_id_176", "ds_111_sample_id_99", "ds_65_sample_id_150", "ds_151_sample_id_259", "ds_94_sample_id_222", "ds_120_sample_id_101", "ds_5_sample_id_278", "ds_135_sample_id_261", "ds_183_sample_id_151", "ds_45_sample_id_204", "ds_22_sample_id_118", "ds_131_sample_id_128", "ds_17_sample_id_153", "ds_34_sample_id_184", "ds_98_sample_id_227", "ds_119_sample_id_16", "ds_143_sample_id_139", "ds_94_sample_id_146", "ds_47_sample_id_17", "ds_159_sample_id_170", "ds_157_sample_id_203", "ds_75_sample_id_69", "ds_122_sample_id_74", "ds_72_sample_id_233", "ds_159_sample_id_46", "ds_151_sample_id_197", "ds_84_sample_id_59", "ds_197_sample_id_162", "ds_112_sample_id_97", "ds_177_sample_id_79", "ds_94_sample_id_157", "ds_180_sample_id_262", "ds_40_sample_id_52", "ds_15_sample_id_26", "ds_57_sample_id_126", "ds_91_sample_id_219", "ds_121_sample_id_29", "ds_196_sample_id_166", "ds_6_sample_id_63", "ds_140_sample_id_226", "ds_28_sample_id_6", "ds_177_sample_id_236", "ds_82_sample_id_122", "ds_196_sample_id_225", "ds_12_sample_id_173", "ds_142_sample_id_61", "ds_50_sample_id_18", "ds_163_sample_id_190", "ds_197_sample_id_214", "ds_175_sample_id_31", "ds_117_sample_id_164", "ds_80_sample_id_266", "ds_27_sample_id_149", "ds_47_sample_id_154", "ds_122_sample_id_244"], "group_16": ["ds_79_sample_id_191", "ds_135_sample_id_220", "ds_81_sample_id_40", "ds_188_sample_id_19", "ds_113_sample_id_185", "ds_58_sample_id_136", "ds_191_sample_id_124", "ds_106_sample_id_24", "ds_126_sample_id_64", "ds_183_sample_id_168", "ds_78_sample_id_37", "ds_39_sample_id_229", "ds_135_sample_id_115", "ds_35_sample_id_89", "ds_101_sample_id_73", "ds_125_sample_id_258", "ds_76_sample_id_207", "ds_84_sample_id_234", "ds_193_sample_id_88", "ds_175_sample_id_187", "ds_42_sample_id_109", "ds_60_sample_id_257", "ds_16_sample_id_167", "ds_85_sample_id_56", "ds_44_sample_id_112", "ds_103_sample_id_160", "ds_65_sample_id_210", "ds_162_sample_id_205", "ds_32_sample_id_224", "ds_150_sample_id_161", "ds_184_sample_id_177", "ds_105_sample_id_92", "ds_88_sample_id_44", "ds_59_sample_id_50", "ds_24_sample_id_113", "ds_70_sample_id_202", "ds_176_sample_id_30", "ds_173_sample_id_131", "ds_175_sample_id_67", "ds_115_sample_id_94", "ds_198_sample_id_80", "ds_26_sample_id_211", "ds_1_sample_id_72", "ds_114_sample_id_90", "ds_138_sample_id_0", "ds_19_sample_id_250", "ds_131_sample_id_147", "ds_107_sample_id_159", "ds_72_sample_id_176", "ds_75_sample_id_169", "ds_65_sample_id_150", "ds_127_sample_id_201", "ds_94_sample_id_222", "ds_149_sample_id_85", "ds_135_sample_id_239", "ds_5_sample_id_278", "ds_6_sample_id_33", "ds_12_sample_id_86", "ds_19_sample_id_264", "ds_136_sample_id_271", "ds_45_sample_id_204", "ds_22_sample_id_118", "ds_33_sample_id_206", "ds_17_sample_id_153", "ds_133_sample_id_180", "ds_19_sample_id_246", "ds_189_sample_id_213", "ds_164_sample_id_270", "ds_49_sample_id_111", "ds_56_sample_id_58", "ds_4_sample_id_102", "ds_47_sample_id_17", "ds_131_sample_id_141", "ds_159_sample_id_170", "ds_9_sample_id_49", "ds_157_sample_id_203", "ds_176_sample_id_68", "ds_189_sample_id_156", "ds_126_sample_id_200", "ds_72_sample_id_233", "ds_53_sample_id_75", "ds_151_sample_id_197", "ds_84_sample_id_59", "ds_5_sample_id_47", "ds_140_sample_id_238", "ds_139_sample_id_20", "ds_197_sample_id_162", "ds_50_sample_id_216", "ds_112_sample_id_97", "ds_189_sample_id_277", "ds_137_sample_id_249", "ds_94_sample_id_157", "ds_180_sample_id_262", "ds_193_sample_id_76", "ds_167_sample_id_196", "ds_23_sample_id_267", "ds_159_sample_id_13", "ds_96_sample_id_42", "ds_140_sample_id_226", "ds_28_sample_id_6", "ds_98_sample_id_119", "ds_12_sample_id_173", "ds_178_sample_id_212", "ds_50_sample_id_18", "ds_163_sample_id_190", "ds_64_sample_id_38", "ds_47_sample_id_154", "ds_122_sample_id_244", "ds_6_sample_id_199"], "group_10": ["ds_50_sample_id_181", "ds_135_sample_id_220", "ds_24_sample_id_178", "ds_113_sample_id_185", "ds_22_sample_id_53", "ds_185_sample_id_171", "ds_12_sample_id_276", "ds_99_sample_id_138", "ds_183_sample_id_168", "ds_151_sample_id_96", "ds_39_sample_id_229", "ds_35_sample_id_89", "ds_125_sample_id_258", "ds_101_sample_id_174", "ds_84_sample_id_234", "ds_193_sample_id_88", "ds_175_sample_id_187", "ds_7_sample_id_123", "ds_139_sample_id_269", "ds_175_sample_id_247", "ds_108_sample_id_268", "ds_18_sample_id_209", "ds_71_sample_id_100", "ds_3_sample_id_4", "ds_42_sample_id_109", "ds_44_sample_id_112", "ds_81_sample_id_143", "ds_184_sample_id_177", "ds_105_sample_id_92", "ds_88_sample_id_44", "ds_24_sample_id_113", "ds_70_sample_id_202", "ds_198_sample_id_5", "ds_168_sample_id_104", "ds_12_sample_id_254", "ds_173_sample_id_131", "ds_115_sample_id_94", "ds_44_sample_id_245", "ds_114_sample_id_90", "ds_23_sample_id_39", "ds_114_sample_id_133", "ds_175_sample_id_256", "ds_27_sample_id_189", "ds_138_sample_id_0", "ds_117_sample_id_235", "ds_19_sample_id_250", "ds_131_sample_id_147", "ds_90_sample_id_132", "ds_111_sample_id_99", "ds_33_sample_id_7", "ds_127_sample_id_201", "ds_151_sample_id_259", "ds_120_sample_id_101", "ds_135_sample_id_239", "ds_5_sample_id_278", "ds_135_sample_id_261", "ds_123_sample_id_78", "ds_138_sample_id_215", "ds_161_sample_id_134", "ds_89_sample_id_183", "ds_76_sample_id_198", "ds_184_sample_id_218", "ds_45_sample_id_204", "ds_169_sample_id_127", "ds_131_sample_id_128", "ds_101_sample_id_275", "ds_34_sample_id_184", "ds_82_sample_id_32", "ds_128_sample_id_208", "ds_119_sample_id_16", "ds_164_sample_id_270", "ds_83_sample_id_62", "ds_143_sample_id_139", "ds_49_sample_id_111", "ds_71_sample_id_137", "ds_94_sample_id_146", "ds_47_sample_id_17", "ds_131_sample_id_141", "ds_42_sample_id_110", "ds_81_sample_id_260", "ds_157_sample_id_203", "ds_176_sample_id_68", "ds_75_sample_id_69", "ds_126_sample_id_200", "ds_72_sample_id_233", "ds_151_sample_id_197", "ds_139_sample_id_20", "ds_72_sample_id_251", "ds_198_sample_id_77", "ds_94_sample_id_157", "ds_19_sample_id_15", "ds_180_sample_id_262", "ds_59_sample_id_121", "ds_193_sample_id_76", "ds_42_sample_id_175", "ds_170_sample_id_231", "ds_185_sample_id_188", "ds_35_sample_id_71", "ds_22_sample_id_14", "ds_121_sample_id_29", "ds_6_sample_id_63", "ds_159_sample_id_13", "ds_41_sample_id_114", "ds_96_sample_id_42", "ds_140_sample_id_226", "ds_177_sample_id_236", "ds_82_sample_id_122", "ds_155_sample_id_9", "ds_178_sample_id_212", "ds_5_sample_id_23", "ds_5_sample_id_273", "ds_163_sample_id_190", "ds_167_sample_id_51", "ds_48_sample_id_27", "ds_64_sample_id_38", "ds_27_sample_id_149", "ds_47_sample_id_154"]}}