{"ds_181_sample_id_0": [], "ds_94_sample_id_1": [], "ds_20_sample_id_2": [], "ds_102_sample_id_3": [], "ds_344_sample_id_4": [], "ds_81_sample_id_5": [], "ds_195_sample_id_6": [], "ds_159_sample_id_7": [], "ds_27_sample_id_8": [], "ds_69_sample_id_9": [], "ds_155_sample_id_10": [], "ds_313_sample_id_11": [], "ds_198_sample_id_12": [], "ds_199_sample_id_13": [], "ds_384_sample_id_14": ["CREDIT_CARD", "DOMAIN_NAME", "EMAIL_ADDRESS", "LOCATION", "PERSON", "PHONE_NUMBER", "US_DRIVER_LICENSE"], "ds_145_sample_id_15": [], "ds_88_sample_id_16": [], "ds_70_sample_id_17": [], "ds_132_sample_id_18": ["CREDIT_CARD", "DOMAIN_NAME", "EMAIL_ADDRESS", "LOCATION", "PERSON", "PHONE_NUMBER"], "ds_376_sample_id_19": ["CREDIT_CARD", "DOMAIN_NAME", "EMAIL_ADDRESS", "IP_ADDRESS", "LOCATION", "PERSON", "PHONE_NUMBER", "US_DRIVER_LICENSE"], "ds_52_sample_id_20": [], "ds_159_sample_id_21": [], "ds_321_sample_id_22": [], "ds_35_sample_id_23": [], "ds_58_sample_id_24": [], "ds_274_sample_id_25": [], "ds_220_sample_id_26": [], "ds_113_sample_id_27": [], "ds_107_sample_id_28": [], "ds_20_sample_id_29": [], "ds_316_sample_id_30": [], "ds_65_sample_id_31": [], "ds_302_sample_id_32": [], "ds_118_sample_id_33": [], "ds_132_sample_id_34": ["CREDIT_CARD", "DOMAIN_NAME", "EMAIL_ADDRESS", "LOCATION", "PERSON", "PHONE_NUMBER"], "ds_25_sample_id_35": [], "ds_186_sample_id_36": [], "ds_229_sample_id_37": [], "ds_109_sample_id_38": [], "ds_135_sample_id_39": [], "ds_29_sample_id_40": [], "ds_271_sample_id_41": [], "ds_50_sample_id_42": [], "ds_120_sample_id_43": [], "ds_258_sample_id_44": [], "ds_177_sample_id_45": [], "ds_212_sample_id_46": [], "ds_174_sample_id_47": [], "ds_83_sample_id_48": [], "ds_68_sample_id_49": [], "ds_70_sample_id_50": [], "ds_23_sample_id_51": [], "ds_194_sample_id_52": [], "ds_291_sample_id_53": [], "ds_231_sample_id_54": [], "ds_14_sample_id_55": ["DOMAIN_NAME", "LOCATION"], "ds_158_sample_id_56": [], "ds_5_sample_id_57": ["CREDIT_CARD", "DOMAIN_NAME", "IP_ADDRESS", "LOCATION", "PERSON"], "ds_196_sample_id_58": [], "ds_292_sample_id_59": [], "ds_264_sample_id_60": [], "ds_40_sample_id_61": [], "ds_284_sample_id_62": [], "ds_134_sample_id_63": ["DOMAIN_NAME", "IP_ADDRESS", "LOCATION"], "ds_159_sample_id_64": [], "ds_326_sample_id_65": [], "ds_388_sample_id_66": ["DOMAIN_NAME", "LOCATION", "PHONE_NUMBER"], "ds_118_sample_id_67": [], "ds_77_sample_id_68": [], "ds_214_sample_id_69": [], "ds_44_sample_id_70": [], "ds_268_sample_id_71": [], "ds_98_sample_id_72": [], "ds_32_sample_id_73": [], "ds_225_sample_id_74": [], "ds_41_sample_id_75": ["CREDIT_CARD", "DOMAIN_NAME", "EMAIL_ADDRESS", "IP_ADDRESS", "LOCATION", "PERSON", "PHONE_NUMBER"], "ds_52_sample_id_76": [], "ds_72_sample_id_77": [], "ds_353_sample_id_78": ["DOMAIN_NAME", "EMAIL_ADDRESS", "LOCATION", "PERSON", "US_DRIVER_LICENSE"], "ds_149_sample_id_79": [], "ds_146_sample_id_80": [], "ds_54_sample_id_81": [], "ds_230_sample_id_82": [], "ds_20_sample_id_83": [], "ds_30_sample_id_84": [], "ds_47_sample_id_85": [], "ds_131_sample_id_86": [], "ds_279_sample_id_87": [], "ds_337_sample_id_88": [], "ds_378_sample_id_89": ["DOMAIN_NAME", "EMAIL_ADDRESS", "LOCATION", "PERSON", "PHONE_NUMBER", "US_DRIVER_LICENSE"], "ds_294_sample_id_90": [], "ds_134_sample_id_91": ["DOMAIN_NAME", "IP_ADDRESS", "LOCATION"], "ds_327_sample_id_92": [], "ds_19_sample_id_93": [], "ds_284_sample_id_94": [], "ds_129_sample_id_95": [], "ds_12_sample_id_96": ["DOMAIN_NAME", "EMAIL_ADDRESS", "IP_ADDRESS", "LOCATION", "PERSON"], "ds_325_sample_id_97": [], "ds_232_sample_id_98": [], "ds_315_sample_id_99": [], "ds_244_sample_id_100": [], "ds_374_sample_id_101": ["DOMAIN_NAME", "EMAIL_ADDRESS", "IP_ADDRESS", "LOCATION", "PERSON", "US_DRIVER_LICENSE"], "ds_285_sample_id_102": [], "ds_101_sample_id_103": [], "ds_284_sample_id_104": [], "ds_106_sample_id_105": [], "ds_335_sample_id_106": [], "ds_114_sample_id_107": [], "ds_246_sample_id_108": [], "ds_312_sample_id_109": [], "ds_173_sample_id_110": [], "ds_341_sample_id_111": [], "ds_27_sample_id_112": [], "ds_305_sample_id_113": [], "ds_331_sample_id_114": [], "ds_121_sample_id_115": [], "ds_181_sample_id_116": [], "ds_98_sample_id_117": [], "ds_67_sample_id_118": [], "ds_187_sample_id_119": [], "ds_292_sample_id_120": [], "ds_153_sample_id_121": ["DOMAIN_NAME", "LOCATION", "PERSON"], "ds_245_sample_id_122": [], "ds_351_sample_id_123": ["LOCATION", "PERSON"], "ds_136_sample_id_124": [], "ds_397_sample_id_125": ["DOMAIN_NAME", "PERSON", "PHONE_NUMBER"], "ds_88_sample_id_126": [], "ds_192_sample_id_127": [], "ds_183_sample_id_128": [], "ds_120_sample_id_129": [], "ds_122_sample_id_130": [], "ds_232_sample_id_131": [], "ds_164_sample_id_132": [], "ds_178_sample_id_133": [], "ds_47_sample_id_134": [], "ds_72_sample_id_135": [], "ds_361_sample_id_136": ["DOMAIN_NAME", "EMAIL_ADDRESS", "LOCATION", "PERSON", "PHONE_NUMBER"], "ds_210_sample_id_137": [], "ds_103_sample_id_138": [], "ds_61_sample_id_139": [], "ds_71_sample_id_140": [], "ds_255_sample_id_141": [], "ds_123_sample_id_142": [], "ds_185_sample_id_143": [], "ds_64_sample_id_144": [], "ds_308_sample_id_145": [], "ds_110_sample_id_146": [], "ds_153_sample_id_147": ["DOMAIN_NAME", "LOCATION", "PERSON"], "ds_103_sample_id_148": [], "ds_272_sample_id_149": [], "ds_209_sample_id_150": [], "ds_327_sample_id_151": [], "ds_229_sample_id_152": [], "ds_339_sample_id_153": [], "ds_243_sample_id_154": [], "ds_60_sample_id_155": [], "ds_366_sample_id_156": ["DOMAIN_NAME", "EMAIL_ADDRESS", "LOCATION", "PERSON", "PHONE_NUMBER", "US_DRIVER_LICENSE"], "ds_34_sample_id_157": [], "ds_3_sample_id_158": [], "ds_224_sample_id_159": [], "ds_174_sample_id_160": [], "ds_316_sample_id_161": [], "ds_7_sample_id_162": ["LOCATION"], "ds_264_sample_id_163": []}