{"ds_9805_sample_id_0": [], "ds_6953_sample_id_1": [], "ds_4436_sample_id_2": [], "ds_10666_sample_id_3": [], "ds_472_sample_id_4": [], "ds_10036_sample_id_5": [], "ds_7871_sample_id_6": [], "ds_3864_sample_id_7": [], "ds_11081_sample_id_8": [], "ds_267_sample_id_9": [], "ds_6878_sample_id_10": [], "ds_7321_sample_id_11": [], "ds_7720_sample_id_12": [], "ds_4600_sample_id_13": [], "ds_1234_sample_id_14": [], "ds_8969_sample_id_15": [], "ds_10304_sample_id_16": [], "ds_5358_sample_id_17": [], "ds_2796_sample_id_18": [], "ds_4357_sample_id_19": [], "ds_2631_sample_id_20": [], "ds_5236_sample_id_21": [], "ds_2565_sample_id_22": [], "ds_8884_sample_id_23": [], "ds_5932_sample_id_24": [], "ds_8521_sample_id_25": [], "ds_10037_sample_id_26": [], "ds_629_sample_id_27": [], "ds_10265_sample_id_28": [], "ds_9051_sample_id_29": [], "ds_5286_sample_id_30": [], "ds_3651_sample_id_31": [], "ds_5169_sample_id_32": [], "ds_8904_sample_id_33": [], "ds_7407_sample_id_34": [], "ds_650_sample_id_35": [], "ds_181_sample_id_36": [], "ds_7018_sample_id_37": [], "ds_1089_sample_id_38": [], "ds_7161_sample_id_39": [], "ds_6171_sample_id_40": [], "ds_9504_sample_id_41": [], "ds_638_sample_id_42": [], "ds_3885_sample_id_43": [], "ds_7587_sample_id_44": [], "ds_7612_sample_id_45": [], "ds_2878_sample_id_46": [], "ds_1787_sample_id_47": [], "ds_7981_sample_id_48": [], "ds_11355_sample_id_49": [], "ds_2430_sample_id_50": [], "ds_5813_sample_id_51": [], "ds_382_sample_id_52": [], "ds_9978_sample_id_53": [], "ds_4952_sample_id_54": [], "ds_11478_sample_id_55": [], "ds_1301_sample_id_56": [], "ds_1533_sample_id_57": [], "ds_8471_sample_id_58": [], "ds_9008_sample_id_59": [], "ds_9665_sample_id_60": [], "ds_2831_sample_id_61": [], "ds_6479_sample_id_62": [], "ds_9488_sample_id_63": [], "ds_5565_sample_id_64": [], "ds_4282_sample_id_65": [], "ds_8544_sample_id_66": [], "ds_8725_sample_id_67": [], "ds_9666_sample_id_68": [], "ds_8739_sample_id_69": [], "ds_2997_sample_id_70": [], "ds_9059_sample_id_71": [], "ds_181_sample_id_72": [], "ds_2970_sample_id_73": [], "ds_6802_sample_id_74": [], "ds_6944_sample_id_75": [], "ds_2741_sample_id_76": [], "ds_1161_sample_id_77": [], "ds_1530_sample_id_78": [], "ds_4417_sample_id_79": [], "ds_11332_sample_id_80": [], "ds_8902_sample_id_81": [], "ds_3224_sample_id_82": [], "ds_9961_sample_id_83": [], "ds_3521_sample_id_84": [], "ds_1726_sample_id_85": [], "ds_3843_sample_id_86": [], "ds_9960_sample_id_87": [], "ds_6453_sample_id_88": [], "ds_6079_sample_id_89": [], "ds_5303_sample_id_90": [], "ds_4006_sample_id_91": [], "ds_3790_sample_id_92": [], "ds_7647_sample_id_93": [], "ds_8474_sample_id_94": [], "ds_10437_sample_id_95": [], "ds_6910_sample_id_96": [], "ds_9668_sample_id_97": [], "ds_4301_sample_id_98": [], "ds_11506_sample_id_99": [], "ds_2270_sample_id_100": [], "ds_8892_sample_id_101": [], "ds_11185_sample_id_102": [], "ds_6989_sample_id_103": [], "ds_10842_sample_id_104": [], "ds_8251_sample_id_105": [], "ds_9462_sample_id_106": [], "ds_10156_sample_id_107": [], "ds_10863_sample_id_108": [], "ds_10080_sample_id_109": [], "ds_6383_sample_id_110": [], "ds_2815_sample_id_111": [], "ds_6502_sample_id_112": [], "ds_2487_sample_id_113": [], "ds_1843_sample_id_114": [], "ds_9542_sample_id_115": [], "ds_5303_sample_id_116": [], "ds_10170_sample_id_117": [], "ds_9788_sample_id_118": [], "ds_1316_sample_id_119": [], "ds_1233_sample_id_120": [], "ds_8334_sample_id_121": [], "ds_10521_sample_id_122": [], "ds_11091_sample_id_123": [], "ds_8126_sample_id_124": [], "ds_9016_sample_id_125": [], "ds_7830_sample_id_126": [], "ds_2821_sample_id_127": [], "ds_3549_sample_id_128": [], "ds_863_sample_id_129": [], "ds_3003_sample_id_130": [], "ds_5786_sample_id_131": [], "ds_1806_sample_id_132": [], "ds_1265_sample_id_133": [], "ds_10705_sample_id_134": [], "ds_2697_sample_id_135": [], "ds_9689_sample_id_136": [], "ds_3154_sample_id_137": [], "ds_10543_sample_id_138": [], "ds_9809_sample_id_139": [], "ds_11099_sample_id_140": [], "ds_2883_sample_id_141": [], "ds_9850_sample_id_142": [], "ds_8146_sample_id_143": [], "ds_9115_sample_id_144": [], "ds_9445_sample_id_145": [], "ds_11476_sample_id_146": [], "ds_9247_sample_id_147": [], "ds_8165_sample_id_148": [], "ds_6292_sample_id_149": [], "ds_1766_sample_id_150": [], "ds_5534_sample_id_151": [], "ds_4594_sample_id_152": [], "ds_284_sample_id_153": [], "ds_4802_sample_id_154": [], "ds_8401_sample_id_155": [], "ds_7719_sample_id_156": [], "ds_534_sample_id_157": [], "ds_1436_sample_id_158": [], "ds_1331_sample_id_159": [], "ds_1707_sample_id_160": [], "ds_4288_sample_id_161": [], "ds_2200_sample_id_162": [], "ds_4813_sample_id_163": [], "ds_3743_sample_id_164": [], "ds_3177_sample_id_165": [], "ds_520_sample_id_166": [], "ds_2102_sample_id_167": [], "ds_10312_sample_id_168": [], "ds_7903_sample_id_169": [], "ds_2638_sample_id_170": [], "ds_3901_sample_id_171": [], "ds_7850_sample_id_172": [], "ds_733_sample_id_173": [], "ds_3074_sample_id_174": [], "ds_10901_sample_id_175": [], "ds_10630_sample_id_176": [], "ds_3648_sample_id_177": [], "ds_8776_sample_id_178": [], "ds_9617_sample_id_179": [], "ds_8361_sample_id_180": [], "ds_7691_sample_id_181": [], "ds_725_sample_id_182": [], "ds_1982_sample_id_183": [], "ds_4633_sample_id_184": [], "ds_789_sample_id_185": [], "ds_921_sample_id_186": [], "ds_2617_sample_id_187": [], "ds_7583_sample_id_188": [], "ds_3994_sample_id_189": [], "ds_7163_sample_id_190": [], "ds_9318_sample_id_191": [], "ds_194_sample_id_192": [], "ds_7210_sample_id_193": [], "ds_649_sample_id_194": [], "ds_3386_sample_id_195": [], "ds_4019_sample_id_196": [], "ds_8385_sample_id_197": [], "ds_7333_sample_id_198": [], "ds_1935_sample_id_199": [], "ds_1741_sample_id_200": [], "ds_6780_sample_id_201": [], "ds_10944_sample_id_202": [], "ds_715_sample_id_203": [], "ds_8722_sample_id_204": [], "ds_5464_sample_id_205": [], "ds_4818_sample_id_206": [], "ds_3676_sample_id_207": [], "ds_2691_sample_id_208": [], "ds_10410_sample_id_209": [], "ds_10196_sample_id_210": [], "ds_2123_sample_id_211": [], "ds_2497_sample_id_212": [], "ds_8886_sample_id_213": [], "ds_934_sample_id_214": [], "ds_7230_sample_id_215": [], "ds_376_sample_id_216": [], "ds_5430_sample_id_217": [], "ds_8057_sample_id_218": [], "ds_350_sample_id_219": [], "ds_9171_sample_id_220": [], "ds_7495_sample_id_221": [], "ds_11206_sample_id_222": [], "ds_1123_sample_id_223": [], "ds_11075_sample_id_224": [], "ds_6773_sample_id_225": [], "ds_3298_sample_id_226": [], "ds_5046_sample_id_227": [], "ds_6402_sample_id_228": [], "ds_10493_sample_id_229": [], "ds_8181_sample_id_230": [], "ds_7581_sample_id_231": [], "ds_7203_sample_id_232": [], "ds_1963_sample_id_233": [], "ds_6441_sample_id_234": [], "ds_3927_sample_id_235": [], "ds_7725_sample_id_236": [], "ds_6633_sample_id_237": [], "ds_2284_sample_id_238": [], "ds_6050_sample_id_239": [], "ds_5666_sample_id_240": [], "ds_687_sample_id_241": [], "ds_8876_sample_id_242": [], "ds_6018_sample_id_243": [], "ds_10079_sample_id_244": [], "ds_6493_sample_id_245": [], "ds_9732_sample_id_246": [], "ds_1742_sample_id_247": [], "ds_2682_sample_id_248": [], "ds_11315_sample_id_249": [], "ds_3374_sample_id_250": [], "ds_268_sample_id_251": [], "ds_819_sample_id_252": [], "ds_4978_sample_id_253": [], "ds_2265_sample_id_254": [], "ds_6110_sample_id_255": [], "ds_8613_sample_id_256": [], "ds_4210_sample_id_257": [], "ds_1482_sample_id_258": [], "ds_2154_sample_id_259": [], "ds_5884_sample_id_260": [], "ds_11100_sample_id_261": [], "ds_10986_sample_id_262": [], "ds_9188_sample_id_263": [], "ds_7543_sample_id_264": [], "ds_5174_sample_id_265": [], "ds_10147_sample_id_266": [], "ds_5580_sample_id_267": [], "ds_628_sample_id_268": [], "ds_3370_sample_id_269": [], "ds_2059_sample_id_270": [], "ds_6056_sample_id_271": [], "ds_2174_sample_id_272": [], "ds_156_sample_id_273": [], "ds_339_sample_id_274": [], "ds_8424_sample_id_275": [], "ds_5245_sample_id_276": [], "ds_7393_sample_id_277": [], "ds_5115_sample_id_278": [], "ds_8983_sample_id_279": [], "ds_943_sample_id_280": [], "ds_10638_sample_id_281": [], "ds_1813_sample_id_282": []}