{"user_group_edges": {"group_0": ["user_39_sample_id_60", "user_586_sample_id_39", "user_231_sample_id_61", "user_190_sample_id_16", "user_119_sample_id_82", "user_492_sample_id_43", "user_477_sample_id_88", "user_455_sample_id_62", "user_147_sample_id_2", "user_1006_sample_id_21", "user_280_sample_id_91", "user_130_sample_id_71", "user_908_sample_id_12", "user_621_sample_id_55", "user_993_sample_id_14", "user_723_sample_id_0", "user_278_sample_id_80", "user_630_sample_id_34", "user_444_sample_id_98", "user_625_sample_id_53", "user_279_sample_id_76", "user_631_sample_id_64", "user_709_sample_id_35"], "group_3": ["user_39_sample_id_60", "user_728_sample_id_77", "user_331_sample_id_18", "user_830_sample_id_37", "user_119_sample_id_82", "user_245_sample_id_86", "user_477_sample_id_88", "user_629_sample_id_84", "user_463_sample_id_36", "user_130_sample_id_71", "user_171_sample_id_78", "user_415_sample_id_7", "user_983_sample_id_92", "user_352_sample_id_8", "user_191_sample_id_33", "user_544_sample_id_28", "user_638_sample_id_22", "user_513_sample_id_17", "user_331_sample_id_87"], "group_11": ["user_39_sample_id_60", "user_349_sample_id_73", "user_166_sample_id_90", "user_1013_sample_id_1", "user_830_sample_id_37", "user_515_sample_id_42", "user_432_sample_id_68", "user_356_sample_id_4", "user_222_sample_id_23", "user_908_sample_id_12", "user_990_sample_id_83", "user_280_sample_id_63", "user_587_sample_id_48", "user_993_sample_id_14", "user_750_sample_id_67", "user_481_sample_id_70", "user_278_sample_id_80", "user_191_sample_id_33", "user_737_sample_id_97", "user_544_sample_id_28", "user_1002_sample_id_11", "user_631_sample_id_64", "user_513_sample_id_17", "user_1023_sample_id_44", "user_927_sample_id_47"], "group_13": ["user_39_sample_id_60", "user_349_sample_id_73", "user_166_sample_id_90", "user_1013_sample_id_1", "user_584_sample_id_29", "user_528_sample_id_26", "user_190_sample_id_16", "user_830_sample_id_37", "user_885_sample_id_38", "user_515_sample_id_42", "user_218_sample_id_10", "user_354_sample_id_27", "user_322_sample_id_81", "user_383_sample_id_20", "user_577_sample_id_6", "user_271_sample_id_52", "user_291_sample_id_49", "user_587_sample_id_48", "user_283_sample_id_25", "user_630_sample_id_34", "user_262_sample_id_74", "user_625_sample_id_53", "user_631_sample_id_64", "user_109_sample_id_94", "user_1020_sample_id_15", "user_1023_sample_id_44", "user_927_sample_id_47", "user_574_sample_id_96"], "group_19": ["user_39_sample_id_60", "user_166_sample_id_90", "user_268_sample_id_19", "user_276_sample_id_3", "user_433_sample_id_46", "user_356_sample_id_4", "user_218_sample_id_10", "user_126_sample_id_51", "user_130_sample_id_71", "user_981_sample_id_58", "user_577_sample_id_6", "user_280_sample_id_63", "user_283_sample_id_25", "user_876_sample_id_66", "user_191_sample_id_33", "user_544_sample_id_28", "user_773_sample_id_13", "user_772_sample_id_79", "user_574_sample_id_96"], "group_5": ["user_349_sample_id_73", "user_166_sample_id_90", "user_484_sample_id_75", "user_528_sample_id_26", "user_119_sample_id_82", "user_515_sample_id_42", "user_51_sample_id_85", "user_629_sample_id_84", "user_433_sample_id_46", "user_432_sample_id_68", "user_218_sample_id_10", "user_463_sample_id_36", "user_415_sample_id_7", "user_153_sample_id_50", "user_271_sample_id_52", "user_436_sample_id_5", "user_283_sample_id_25", "user_879_sample_id_65", "user_912_sample_id_56", "user_544_sample_id_28", "user_444_sample_id_98", "user_279_sample_id_76", "user_1020_sample_id_15", "user_772_sample_id_79", "user_513_sample_id_17", "user_709_sample_id_35", "user_574_sample_id_96"], "group_8": ["user_349_sample_id_73", "user_586_sample_id_39", "user_222_sample_id_23", "user_322_sample_id_81", "user_621_sample_id_55", "user_552_sample_id_30", "user_879_sample_id_65", "user_116_sample_id_72", "user_481_sample_id_70", "user_39_sample_id_69", "user_596_sample_id_41", "user_1002_sample_id_11", "user_625_sample_id_53", "user_631_sample_id_64", "user_638_sample_id_22", "user_109_sample_id_94"], "group_9": ["user_349_sample_id_73", "user_268_sample_id_19", "user_492_sample_id_43", "user_477_sample_id_88", "user_629_sample_id_84", "user_433_sample_id_46", "user_87_sample_id_45", "user_908_sample_id_12", "user_271_sample_id_52", "user_552_sample_id_30", "user_637_sample_id_99", "user_879_sample_id_65", "user_595_sample_id_89", "user_116_sample_id_72", "user_630_sample_id_34", "user_625_sample_id_53", "user_772_sample_id_79", "user_1023_sample_id_44"], "group_2": ["user_166_sample_id_90", "user_231_sample_id_61", "user_331_sample_id_18", "user_190_sample_id_16", "user_119_sample_id_82", "user_985_sample_id_59", "user_238_sample_id_93", "user_629_sample_id_84", "user_455_sample_id_62", "user_218_sample_id_10", "user_1006_sample_id_21", "user_354_sample_id_27", "user_153_sample_id_50", "user_981_sample_id_58", "user_577_sample_id_6", "user_595_sample_id_89", "user_481_sample_id_70", "user_262_sample_id_74", "user_452_sample_id_24", "user_1020_sample_id_15", "user_331_sample_id_87", "user_574_sample_id_96"], "group_4": ["user_646_sample_id_54", "user_190_sample_id_16", "user_276_sample_id_3", "user_245_sample_id_86", "user_492_sample_id_43", "user_51_sample_id_85", "user_130_sample_id_71", "user_383_sample_id_20", "user_415_sample_id_7", "user_153_sample_id_50", "user_280_sample_id_63", "user_283_sample_id_25", "user_789_sample_id_95", "user_596_sample_id_41", "user_234_sample_id_32", "user_575_sample_id_57", "user_772_sample_id_79", "user_331_sample_id_87", "user_574_sample_id_96"], "group_7": ["user_646_sample_id_54", "user_586_sample_id_39", "user_51_sample_id_85", "user_477_sample_id_88", "user_455_sample_id_62", "user_222_sample_id_23", "user_463_sample_id_36", "user_153_sample_id_50", "user_983_sample_id_92", "user_587_sample_id_48", "user_912_sample_id_56", "user_116_sample_id_72", "user_876_sample_id_66", "user_596_sample_id_41", "user_444_sample_id_98", "user_452_sample_id_24", "user_773_sample_id_13", "user_234_sample_id_32", "user_772_sample_id_79", "user_513_sample_id_17", "user_709_sample_id_35"], "group_14": ["user_646_sample_id_54", "user_586_sample_id_39", "user_484_sample_id_75", "user_1013_sample_id_1", "user_331_sample_id_18", "user_584_sample_id_29", "user_119_sample_id_82", "user_238_sample_id_93", "user_1006_sample_id_21", "user_126_sample_id_51", "user_354_sample_id_27", "user_322_sample_id_81", "user_662_sample_id_9", "user_383_sample_id_20", "user_908_sample_id_12", "user_990_sample_id_83", "user_844_sample_id_31", "user_352_sample_id_8", "user_39_sample_id_69", "user_596_sample_id_41", "user_191_sample_id_33", "user_444_sample_id_98", "user_1020_sample_id_15", "user_1023_sample_id_44", "user_331_sample_id_87"], "group_17": ["user_646_sample_id_54", "user_1013_sample_id_1", "user_268_sample_id_19", "user_584_sample_id_29", "user_885_sample_id_38", "user_245_sample_id_86", "user_515_sample_id_42", "user_280_sample_id_91", "user_354_sample_id_27", "user_171_sample_id_78", "user_271_sample_id_52", "user_291_sample_id_49", "user_280_sample_id_63", "user_879_sample_id_65", "user_789_sample_id_95", "user_750_sample_id_67", "user_352_sample_id_8", "user_481_sample_id_70", "user_262_sample_id_74", "user_1002_sample_id_11", "user_709_sample_id_35", "user_455_sample_id_40"], "group_1": ["user_586_sample_id_39", "user_484_sample_id_75", "user_231_sample_id_61", "user_728_sample_id_77", "user_492_sample_id_43", "user_432_sample_id_68", "user_87_sample_id_45", "user_383_sample_id_20", "user_577_sample_id_6", "user_587_sample_id_48", "user_283_sample_id_25", "user_844_sample_id_31", "user_750_sample_id_67", "user_39_sample_id_69", "user_737_sample_id_97", "user_452_sample_id_24", "user_234_sample_id_32", "user_331_sample_id_87", "user_455_sample_id_40"], "group_18": ["user_586_sample_id_39", "user_830_sample_id_37", "user_885_sample_id_38", "user_985_sample_id_59", "user_245_sample_id_86", "user_492_sample_id_43", "user_87_sample_id_45", "user_147_sample_id_2", "user_354_sample_id_27", "user_577_sample_id_6", "user_291_sample_id_49", "user_637_sample_id_99", "user_789_sample_id_95", "user_993_sample_id_14", "user_912_sample_id_56", "user_876_sample_id_66"], "group_15": ["user_484_sample_id_75", "user_331_sample_id_18", "user_528_sample_id_26", "user_119_sample_id_82", "user_276_sample_id_3", "user_245_sample_id_86", "user_629_sample_id_84", "user_433_sample_id_46", "user_432_sample_id_68", "user_222_sample_id_23", "user_1006_sample_id_21", "user_130_sample_id_71", "user_415_sample_id_7", "user_981_sample_id_58", "user_436_sample_id_5", "user_621_sample_id_55", "user_844_sample_id_31", "user_352_sample_id_8", "user_723_sample_id_0", "user_39_sample_id_69", "user_596_sample_id_41", "user_191_sample_id_33", "user_444_sample_id_98", "user_279_sample_id_76", "user_109_sample_id_94", "user_455_sample_id_40"], "group_6": ["user_231_sample_id_61", "user_276_sample_id_3", "user_238_sample_id_93", "user_455_sample_id_62", "user_87_sample_id_45", "user_218_sample_id_10", "user_1006_sample_id_21", "user_280_sample_id_91", "user_463_sample_id_36", "user_981_sample_id_58", "user_577_sample_id_6", "user_291_sample_id_49", "user_280_sample_id_63", "user_621_sample_id_55", "user_993_sample_id_14", "user_750_sample_id_67", "user_278_sample_id_80", "user_737_sample_id_97", "user_544_sample_id_28", "user_575_sample_id_57"], "group_12": ["user_231_sample_id_61", "user_331_sample_id_18", "user_885_sample_id_38", "user_492_sample_id_43", "user_238_sample_id_93", "user_356_sample_id_4", "user_280_sample_id_91", "user_126_sample_id_51", "user_354_sample_id_27", "user_171_sample_id_78", "user_983_sample_id_92", "user_271_sample_id_52", "user_280_sample_id_63", "user_621_sample_id_55", "user_789_sample_id_95", "user_750_sample_id_67", "user_723_sample_id_0", "user_278_sample_id_80", "user_234_sample_id_32", "user_625_sample_id_53", "user_279_sample_id_76", "user_109_sample_id_94", "user_574_sample_id_96"], "group_10": ["user_268_sample_id_19", "user_584_sample_id_29", "user_528_sample_id_26", "user_276_sample_id_3", "user_238_sample_id_93", "user_322_sample_id_81", "user_662_sample_id_9", "user_415_sample_id_7", "user_153_sample_id_50", "user_271_sample_id_52", "user_436_sample_id_5", "user_587_sample_id_48", "user_844_sample_id_31", "user_750_sample_id_67", "user_352_sample_id_8", "user_723_sample_id_0", "user_278_sample_id_80", "user_630_sample_id_34", "user_737_sample_id_97", "user_773_sample_id_13", "user_1023_sample_id_44", "user_927_sample_id_47"], "group_16": ["user_477_sample_id_88", "user_432_sample_id_68", "user_87_sample_id_45", "user_126_sample_id_51", "user_463_sample_id_36", "user_171_sample_id_78", "user_153_sample_id_50", "user_983_sample_id_92", "user_577_sample_id_6", "user_436_sample_id_5", "user_280_sample_id_63", "user_283_sample_id_25", "user_789_sample_id_95", "user_912_sample_id_56", "user_116_sample_id_72", "user_262_sample_id_74", "user_452_sample_id_24", "user_234_sample_id_32", "user_927_sample_id_47", "user_331_sample_id_87"]}, "group_data_store_edges": {"group_7": ["ds_34_sample_id_226", "ds_329_sample_id_48", "ds_265_sample_id_258", "ds_59_sample_id_18", "ds_89_sample_id_128", "ds_289_sample_id_40", "ds_272_sample_id_109", "ds_291_sample_id_164", "ds_139_sample_id_73", "ds_375_sample_id_22", "ds_383_sample_id_223", "ds_164_sample_id_1", "ds_33_sample_id_115", "ds_275_sample_id_14", "ds_200_sample_id_231", "ds_372_sample_id_261", "ds_44_sample_id_240", "ds_71_sample_id_32", "ds_368_sample_id_196", "ds_56_sample_id_181", "ds_277_sample_id_2", "ds_61_sample_id_63", "ds_49_sample_id_112", "ds_65_sample_id_188", "ds_292_sample_id_85", "ds_261_sample_id_140", "ds_290_sample_id_172", "ds_36_sample_id_176", "ds_353_sample_id_233", "ds_140_sample_id_170", "ds_41_sample_id_159", "ds_355_sample_id_166", "ds_198_sample_id_64", "ds_196_sample_id_262", "ds_141_sample_id_211", "ds_214_sample_id_175", "ds_200_sample_id_95", "ds_62_sample_id_214", "ds_122_sample_id_253", "ds_49_sample_id_33", "ds_28_sample_id_155", "ds_218_sample_id_186", "ds_168_sample_id_177", "ds_31_sample_id_6", "ds_29_sample_id_11", "ds_312_sample_id_103", "ds_375_sample_id_198", "ds_293_sample_id_81", "ds_194_sample_id_197", "ds_382_sample_id_118", "ds_108_sample_id_13", "ds_388_sample_id_106", "ds_40_sample_id_131", "ds_363_sample_id_120", "ds_274_sample_id_80", "ds_140_sample_id_96", "ds_383_sample_id_209", "ds_285_sample_id_224", "ds_229_sample_id_187", "ds_143_sample_id_4", "ds_20_sample_id_90", "ds_195_sample_id_31", "ds_99_sample_id_168", "ds_151_sample_id_34", "ds_168_sample_id_69", "ds_205_sample_id_152", "ds_174_sample_id_104", "ds_138_sample_id_47", "ds_316_sample_id_207", "ds_128_sample_id_202", "ds_51_sample_id_238", "ds_89_sample_id_162", "ds_194_sample_id_263", "ds_181_sample_id_77", "ds_369_sample_id_247", "ds_181_sample_id_236", "ds_205_sample_id_252", "ds_309_sample_id_221", "ds_357_sample_id_25", "ds_341_sample_id_86", "ds_365_sample_id_35", "ds_379_sample_id_56", "ds_20_sample_id_222", "ds_50_sample_id_130"], "group_8": ["ds_34_sample_id_226", "ds_265_sample_id_258", "ds_289_sample_id_40", "ds_291_sample_id_164", "ds_139_sample_id_73", "ds_375_sample_id_22", "ds_175_sample_id_225", "ds_264_sample_id_82", "ds_296_sample_id_146", "ds_162_sample_id_220", "ds_358_sample_id_110", "ds_164_sample_id_1", "ds_157_sample_id_183", "ds_33_sample_id_115", "ds_120_sample_id_235", "ds_275_sample_id_14", "ds_341_sample_id_97", "ds_372_sample_id_261", "ds_306_sample_id_157", "ds_217_sample_id_185", "ds_62_sample_id_150", "ds_120_sample_id_158", "ds_370_sample_id_36", "ds_328_sample_id_129", "ds_114_sample_id_100", "ds_171_sample_id_248", "ds_393_sample_id_245", "ds_235_sample_id_94", "ds_25_sample_id_200", "ds_318_sample_id_153", "ds_178_sample_id_59", "ds_296_sample_id_45", "ds_65_sample_id_188", "ds_123_sample_id_93", "ds_292_sample_id_85", "ds_240_sample_id_264", "ds_294_sample_id_79", "ds_198_sample_id_64", "ds_392_sample_id_24", "ds_196_sample_id_262", "ds_141_sample_id_211", "ds_118_sample_id_230", "ds_290_sample_id_43", "ds_49_sample_id_33", "ds_166_sample_id_178", "ds_168_sample_id_177", "ds_201_sample_id_62", "ds_293_sample_id_81", "ds_65_sample_id_39", "ds_382_sample_id_118", "ds_172_sample_id_70", "ds_67_sample_id_169", "ds_88_sample_id_127", "ds_331_sample_id_108", "ds_9_sample_id_98", "ds_238_sample_id_46", "ds_249_sample_id_201", "ds_147_sample_id_61", "ds_297_sample_id_57", "ds_229_sample_id_187", "ds_261_sample_id_42", "ds_151_sample_id_34", "ds_80_sample_id_257", "ds_94_sample_id_137", "ds_174_sample_id_104", "ds_270_sample_id_227", "ds_59_sample_id_184", "ds_89_sample_id_5", "ds_64_sample_id_145", "ds_194_sample_id_263", "ds_189_sample_id_135", "ds_47_sample_id_174", "ds_369_sample_id_247", "ds_205_sample_id_252", "ds_309_sample_id_221", "ds_250_sample_id_244", "ds_50_sample_id_130", "ds_247_sample_id_65", "ds_302_sample_id_132", "ds_161_sample_id_149"], "group_10": ["ds_34_sample_id_226", "ds_240_sample_id_52", "ds_291_sample_id_164", "ds_351_sample_id_99", "ds_175_sample_id_225", "ds_296_sample_id_146", "ds_383_sample_id_223", "ds_162_sample_id_220", "ds_275_sample_id_234", "ds_206_sample_id_208", "ds_200_sample_id_231", "ds_372_sample_id_261", "ds_228_sample_id_92", "ds_306_sample_id_157", "ds_219_sample_id_54", "ds_62_sample_id_150", "ds_261_sample_id_87", "ds_103_sample_id_83", "ds_397_sample_id_12", "ds_203_sample_id_78", "ds_171_sample_id_248", "ds_318_sample_id_153", "ds_277_sample_id_2", "ds_49_sample_id_112", "ds_137_sample_id_237", "ds_182_sample_id_254", "ds_365_sample_id_91", "ds_290_sample_id_172", "ds_353_sample_id_233", "ds_41_sample_id_159", "ds_294_sample_id_79", "ds_392_sample_id_24", "ds_1_sample_id_256", "ds_294_sample_id_68", "ds_290_sample_id_43", "ds_389_sample_id_7", "ds_288_sample_id_199", "ds_20_sample_id_67", "ds_298_sample_id_160", "ds_172_sample_id_70", "ds_375_sample_id_136", "ds_9_sample_id_98", "ds_238_sample_id_46", "ds_249_sample_id_201", "ds_147_sample_id_61", "ds_229_sample_id_187", "ds_330_sample_id_10", "ds_96_sample_id_217", "ds_287_sample_id_219", "ds_89_sample_id_5", "ds_257_sample_id_58", "ds_282_sample_id_228", "ds_33_sample_id_0", "ds_315_sample_id_216", "ds_378_sample_id_213", "ds_85_sample_id_49", "ds_238_sample_id_16", "ds_307_sample_id_89", "ds_365_sample_id_35", "ds_120_sample_id_74", "ds_250_sample_id_244", "ds_69_sample_id_265"], "group_15": ["ds_34_sample_id_226", "ds_329_sample_id_48", "ds_394_sample_id_255", "ds_319_sample_id_154", "ds_240_sample_id_52", "ds_272_sample_id_109", "ds_157_sample_id_142", "ds_177_sample_id_206", "ds_264_sample_id_82", "ds_383_sample_id_223", "ds_387_sample_id_167", "ds_30_sample_id_243", "ds_337_sample_id_212", "ds_157_sample_id_183", "ds_33_sample_id_115", "ds_275_sample_id_14", "ds_87_sample_id_72", "ds_224_sample_id_147", "ds_386_sample_id_76", "ds_372_sample_id_261", "ds_338_sample_id_266", "ds_228_sample_id_92", "ds_217_sample_id_185", "ds_44_sample_id_240", "ds_245_sample_id_232", "ds_378_sample_id_241", "ds_103_sample_id_83", "ds_397_sample_id_12", "ds_250_sample_id_20", "ds_71_sample_id_32", "ds_197_sample_id_242", "ds_164_sample_id_192", "ds_368_sample_id_196", "ds_235_sample_id_94", "ds_49_sample_id_112", "ds_345_sample_id_28", "ds_137_sample_id_237", "ds_182_sample_id_254", "ds_79_sample_id_113", "ds_318_sample_id_218", "ds_290_sample_id_172", "ds_36_sample_id_176", "ds_355_sample_id_166", "ds_392_sample_id_24", "ds_1_sample_id_256", "ds_118_sample_id_230", "ds_64_sample_id_173", "ds_200_sample_id_95", "ds_365_sample_id_191", "ds_32_sample_id_41", "ds_114_sample_id_8", "ds_122_sample_id_253", "ds_173_sample_id_84", "ds_49_sample_id_33", "ds_371_sample_id_126", "ds_288_sample_id_199", "ds_280_sample_id_124", "ds_167_sample_id_3", "ds_61_sample_id_195", "ds_312_sample_id_103", "ds_201_sample_id_62", "ds_65_sample_id_39", "ds_318_sample_id_15", "ds_21_sample_id_141", "ds_388_sample_id_106", "ds_363_sample_id_120", "ds_274_sample_id_80", "ds_330_sample_id_10", "ds_351_sample_id_251", "ds_292_sample_id_30", "ds_80_sample_id_257", "ds_205_sample_id_152", "ds_128_sample_id_202", "ds_354_sample_id_239", "ds_181_sample_id_77", "ds_47_sample_id_174", "ds_378_sample_id_213", "ds_181_sample_id_236", "ds_212_sample_id_249", "ds_306_sample_id_125", "ds_5_sample_id_148", "ds_357_sample_id_25", "ds_341_sample_id_86", "ds_236_sample_id_60", "ds_144_sample_id_55", "ds_174_sample_id_51", "ds_50_sample_id_130", "ds_302_sample_id_132", "ds_116_sample_id_114", "ds_367_sample_id_122"], "group_16": ["ds_34_sample_id_226", "ds_394_sample_id_255", "ds_319_sample_id_154", "ds_291_sample_id_164", "ds_351_sample_id_99", "ds_383_sample_id_223", "ds_162_sample_id_220", "ds_387_sample_id_167", "ds_354_sample_id_37", "ds_103_sample_id_83", "ds_185_sample_id_71", "ds_395_sample_id_111", "ds_25_sample_id_200", "ds_317_sample_id_123", "ds_345_sample_id_28", "ds_182_sample_id_254", "ds_46_sample_id_75", "ds_292_sample_id_85", "ds_357_sample_id_182", "ds_240_sample_id_264", "ds_60_sample_id_179", "ds_294_sample_id_79", "ds_1_sample_id_256", "ds_196_sample_id_262", "ds_237_sample_id_143", "ds_365_sample_id_191", "ds_32_sample_id_41", "ds_61_sample_id_195", "ds_31_sample_id_6", "ds_29_sample_id_11", "ds_293_sample_id_81", "ds_298_sample_id_160", "ds_318_sample_id_15", "ds_67_sample_id_169", "ds_92_sample_id_259", "ds_140_sample_id_96", "ds_297_sample_id_57", "ds_163_sample_id_116", "ds_351_sample_id_251", "ds_261_sample_id_42", "ds_292_sample_id_30", "ds_80_sample_id_257", "ds_94_sample_id_137", "ds_270_sample_id_227", "ds_59_sample_id_184", "ds_51_sample_id_238", "ds_89_sample_id_162", "ds_80_sample_id_29", "ds_269_sample_id_21", "ds_194_sample_id_263", "ds_384_sample_id_267", "ds_47_sample_id_174", "ds_378_sample_id_213", "ds_205_sample_id_252", "ds_306_sample_id_125", "ds_5_sample_id_148", "ds_27_sample_id_260", "ds_341_sample_id_86", "ds_180_sample_id_134", "ds_222_sample_id_139", "ds_144_sample_id_55", "ds_247_sample_id_65"], "group_18": ["ds_34_sample_id_226", "ds_265_sample_id_258", "ds_89_sample_id_128", "ds_272_sample_id_109", "ds_157_sample_id_142", "ds_177_sample_id_206", "ds_73_sample_id_165", "ds_139_sample_id_73", "ds_264_sample_id_82", "ds_296_sample_id_146", "ds_321_sample_id_102", "ds_164_sample_id_1", "ds_108_sample_id_53", "ds_275_sample_id_14", "ds_341_sample_id_97", "ds_87_sample_id_72", "ds_224_sample_id_147", "ds_200_sample_id_231", "ds_338_sample_id_266", "ds_217_sample_id_185", "ds_44_sample_id_240", "ds_245_sample_id_232", "ds_62_sample_id_150", "ds_120_sample_id_158", "ds_197_sample_id_242", "ds_164_sample_id_192", "ds_328_sample_id_129", "ds_393_sample_id_245", "ds_235_sample_id_94", "ds_235_sample_id_246", "ds_32_sample_id_215", "ds_79_sample_id_113", "ds_292_sample_id_85", "ds_98_sample_id_105", "ds_353_sample_id_233", "ds_240_sample_id_264", "ds_60_sample_id_179", "ds_4_sample_id_161", "ds_198_sample_id_64", "ds_196_sample_id_262", "ds_294_sample_id_68", "ds_365_sample_id_191", "ds_290_sample_id_43", "ds_106_sample_id_210", "ds_114_sample_id_8", "ds_173_sample_id_84", "ds_28_sample_id_155", "ds_174_sample_id_171", "ds_166_sample_id_178", "ds_83_sample_id_121", "ds_61_sample_id_195", "ds_168_sample_id_177", "ds_31_sample_id_6", "ds_67_sample_id_169", "ds_55_sample_id_38", "ds_92_sample_id_259", "ds_388_sample_id_106", "ds_238_sample_id_46", "ds_147_sample_id_61", "ds_195_sample_id_31", "ds_151_sample_id_34", "ds_292_sample_id_30", "ds_205_sample_id_152", "ds_287_sample_id_219", "ds_64_sample_id_145", "ds_89_sample_id_162", "ds_74_sample_id_17", "ds_378_sample_id_213", "ds_205_sample_id_252", "ds_85_sample_id_49", "ds_238_sample_id_16", "ds_307_sample_id_89", "ds_120_sample_id_74", "ds_180_sample_id_134", "ds_44_sample_id_156", "ds_144_sample_id_55", "ds_302_sample_id_132", "ds_161_sample_id_149"], "group_19": ["ds_34_sample_id_226", "ds_89_sample_id_128", "ds_240_sample_id_52", "ds_291_sample_id_164", "ds_139_sample_id_73", "ds_383_sample_id_223", "ds_30_sample_id_243", "ds_157_sample_id_183", "ds_120_sample_id_235", "ds_87_sample_id_72", "ds_186_sample_id_189", "ds_217_sample_id_185", "ds_245_sample_id_232", "ds_378_sample_id_241", "ds_354_sample_id_37", "ds_103_sample_id_83", "ds_250_sample_id_20", "ds_370_sample_id_36", "ds_328_sample_id_129", "ds_114_sample_id_100", "ds_368_sample_id_196", "ds_232_sample_id_44", "ds_25_sample_id_200", "ds_277_sample_id_2", "ds_317_sample_id_123", "ds_363_sample_id_107", "ds_98_sample_id_105", "ds_290_sample_id_172", "ds_140_sample_id_170", "ds_240_sample_id_264", "ds_198_sample_id_64", "ds_392_sample_id_24", "ds_1_sample_id_256", "ds_237_sample_id_143", "ds_72_sample_id_23", "ds_218_sample_id_186", "ds_55_sample_id_38", "ds_331_sample_id_108", "ds_375_sample_id_136", "ds_40_sample_id_131", "ds_9_sample_id_98", "ds_249_sample_id_201", "ds_297_sample_id_57", "ds_143_sample_id_4", "ds_80_sample_id_257", "ds_369_sample_id_180", "ds_168_sample_id_69", "ds_128_sample_id_202", "ds_45_sample_id_88", "ds_80_sample_id_29", "ds_269_sample_id_21", "ds_181_sample_id_77", "ds_306_sample_id_125", "ds_155_sample_id_194", "ds_20_sample_id_222", "ds_144_sample_id_55"], "group_0": ["ds_329_sample_id_48", "ds_394_sample_id_255", "ds_351_sample_id_99", "ds_175_sample_id_225", "ds_383_sample_id_223", "ds_162_sample_id_220", "ds_321_sample_id_102", "ds_387_sample_id_167", "ds_30_sample_id_243", "ds_206_sample_id_208", "ds_120_sample_id_235", "ds_224_sample_id_147", "ds_386_sample_id_76", "ds_378_sample_id_241", "ds_185_sample_id_71", "ds_197_sample_id_242", "ds_203_sample_id_78", "ds_114_sample_id_100", "ds_393_sample_id_245", "ds_232_sample_id_44", "ds_277_sample_id_2", "ds_296_sample_id_45", "ds_65_sample_id_188", "ds_294_sample_id_79", "ds_1_sample_id_256", "ds_214_sample_id_175", "ds_237_sample_id_143", "ds_200_sample_id_95", "ds_32_sample_id_41", "ds_290_sample_id_43", "ds_62_sample_id_214", "ds_371_sample_id_126", "ds_389_sample_id_7", "ds_280_sample_id_124", "ds_167_sample_id_3", "ds_20_sample_id_67", "ds_194_sample_id_197", "ds_158_sample_id_229", "ds_108_sample_id_13", "ds_369_sample_id_190", "ds_342_sample_id_193", "ds_172_sample_id_70", "ds_67_sample_id_169", "ds_331_sample_id_108", "ds_274_sample_id_80", "ds_140_sample_id_96", "ds_229_sample_id_187", "ds_96_sample_id_217", "ds_292_sample_id_30", "ds_168_sample_id_69", "ds_270_sample_id_227", "ds_89_sample_id_5", "ds_128_sample_id_202", "ds_45_sample_id_88", "ds_64_sample_id_145", "ds_51_sample_id_238", "ds_89_sample_id_162", "ds_384_sample_id_267", "ds_181_sample_id_77", "ds_205_sample_id_252", "ds_212_sample_id_249", "ds_309_sample_id_221", "ds_27_sample_id_260", "ds_341_sample_id_86", "ds_365_sample_id_35", "ds_20_sample_id_222", "ds_180_sample_id_134", "ds_222_sample_id_139", "ds_50_sample_id_130", "ds_69_sample_id_265", "ds_302_sample_id_132", "ds_161_sample_id_149"], "group_11": ["ds_329_sample_id_48", "ds_73_sample_id_165", "ds_162_sample_id_220", "ds_33_sample_id_115", "ds_224_sample_id_147", "ds_200_sample_id_231", "ds_44_sample_id_240", "ds_103_sample_id_83", "ds_250_sample_id_20", "ds_185_sample_id_71", "ds_120_sample_id_158", "ds_164_sample_id_192", "ds_397_sample_id_144", "ds_395_sample_id_111", "ds_235_sample_id_94", "ds_277_sample_id_2", "ds_61_sample_id_63", "ds_49_sample_id_112", "ds_345_sample_id_28", "ds_182_sample_id_254", "ds_123_sample_id_93", "ds_46_sample_id_75", "ds_261_sample_id_140", "ds_396_sample_id_133", "ds_4_sample_id_161", "ds_1_sample_id_256", "ds_196_sample_id_262", "ds_122_sample_id_26", "ds_214_sample_id_175", "ds_64_sample_id_173", "ds_200_sample_id_95", "ds_290_sample_id_43", "ds_72_sample_id_23", "ds_28_sample_id_155", "ds_288_sample_id_199", "ds_280_sample_id_124", "ds_312_sample_id_103", "ds_375_sample_id_198", "ds_108_sample_id_13", "ds_21_sample_id_141", "ds_342_sample_id_193", "ds_88_sample_id_127", "ds_55_sample_id_38", "ds_92_sample_id_259", "ds_331_sample_id_108", "ds_388_sample_id_106", "ds_140_sample_id_96", "ds_224_sample_id_27", "ds_249_sample_id_201", "ds_195_sample_id_31", "ds_351_sample_id_251", "ds_96_sample_id_217", "ds_94_sample_id_137", "ds_287_sample_id_219", "ds_89_sample_id_5", "ds_45_sample_id_88", "ds_51_sample_id_238", "ds_89_sample_id_162", "ds_315_sample_id_216", "ds_269_sample_id_21", "ds_74_sample_id_17", "ds_194_sample_id_263", "ds_369_sample_id_247", "ds_205_sample_id_252", "ds_5_sample_id_148", "ds_85_sample_id_49", "ds_238_sample_id_16", "ds_230_sample_id_205", "ds_236_sample_id_60", "ds_57_sample_id_9", "ds_226_sample_id_117", "ds_161_sample_id_149"], "group_17": ["ds_329_sample_id_48", "ds_59_sample_id_18", "ds_89_sample_id_128", "ds_289_sample_id_40", "ds_375_sample_id_22", "ds_321_sample_id_102", "ds_387_sample_id_167", "ds_30_sample_id_243", "ds_358_sample_id_110", "ds_337_sample_id_212", "ds_157_sample_id_183", "ds_186_sample_id_189", "ds_335_sample_id_203", "ds_248_sample_id_163", "ds_338_sample_id_266", "ds_219_sample_id_54", "ds_217_sample_id_185", "ds_250_sample_id_20", "ds_370_sample_id_36", "ds_296_sample_id_45", "ds_51_sample_id_119", "ds_123_sample_id_93", "ds_79_sample_id_113", "ds_318_sample_id_218", "ds_365_sample_id_91", "ds_98_sample_id_105", "ds_396_sample_id_133", "ds_4_sample_id_161", "ds_355_sample_id_166", "ds_392_sample_id_24", "ds_214_sample_id_175", "ds_294_sample_id_68", "ds_62_sample_id_214", "ds_114_sample_id_8", "ds_122_sample_id_253", "ds_389_sample_id_7", "ds_280_sample_id_124", "ds_168_sample_id_177", "ds_312_sample_id_103", "ds_194_sample_id_197", "ds_324_sample_id_138", "ds_108_sample_id_13", "ds_342_sample_id_193", "ds_9_sample_id_98", "ds_238_sample_id_46", "ds_249_sample_id_201", "ds_285_sample_id_224", "ds_297_sample_id_57", "ds_330_sample_id_10", "ds_163_sample_id_116", "ds_292_sample_id_30", "ds_316_sample_id_207", "ds_33_sample_id_0", "ds_74_sample_id_17", "ds_189_sample_id_135", "ds_181_sample_id_236", "ds_309_sample_id_221", "ds_341_sample_id_86", "ds_226_sample_id_117", "ds_222_sample_id_139", "ds_302_sample_id_132", "ds_161_sample_id_149", "ds_367_sample_id_122"], "group_9": ["ds_59_sample_id_18", "ds_394_sample_id_255", "ds_177_sample_id_206", "ds_73_sample_id_165", "ds_275_sample_id_14", "ds_335_sample_id_203", "ds_248_sample_id_163", "ds_378_sample_id_241", "ds_261_sample_id_87", "ds_250_sample_id_20", "ds_185_sample_id_71", "ds_114_sample_id_100", "ds_232_sample_id_44", "ds_395_sample_id_111", "ds_235_sample_id_94", "ds_277_sample_id_2", "ds_200_sample_id_101", "ds_61_sample_id_63", "ds_178_sample_id_59", "ds_49_sample_id_112", "ds_182_sample_id_254", "ds_98_sample_id_105", "ds_41_sample_id_159", "ds_4_sample_id_161", "ds_64_sample_id_173", "ds_106_sample_id_210", "ds_122_sample_id_253", "ds_173_sample_id_84", "ds_49_sample_id_33", "ds_218_sample_id_186", "ds_166_sample_id_178", "ds_167_sample_id_3", "ds_375_sample_id_198", "ds_20_sample_id_67", "ds_293_sample_id_81", "ds_65_sample_id_39", "ds_366_sample_id_66", "ds_324_sample_id_138", "ds_298_sample_id_160", "ds_21_sample_id_141", "ds_369_sample_id_190", "ds_41_sample_id_151", "ds_92_sample_id_259", "ds_375_sample_id_136", "ds_274_sample_id_80", "ds_224_sample_id_27", "ds_285_sample_id_224", "ds_143_sample_id_4", "ds_99_sample_id_168", "ds_261_sample_id_42", "ds_151_sample_id_34", "ds_80_sample_id_257", "ds_287_sample_id_219", "ds_257_sample_id_58", "ds_316_sample_id_207", "ds_80_sample_id_29", "ds_388_sample_id_204", "ds_212_sample_id_249", "ds_357_sample_id_25", "ds_341_sample_id_86", "ds_230_sample_id_205", "ds_379_sample_id_56", "ds_120_sample_id_74", "ds_180_sample_id_134", "ds_57_sample_id_9", "ds_226_sample_id_117", "ds_44_sample_id_156"], "group_12": ["ds_59_sample_id_18", "ds_289_sample_id_40", "ds_375_sample_id_22", "ds_296_sample_id_146", "ds_337_sample_id_212", "ds_164_sample_id_1", "ds_33_sample_id_115", "ds_341_sample_id_97", "ds_306_sample_id_157", "ds_397_sample_id_12", "ds_197_sample_id_242", "ds_368_sample_id_196", "ds_393_sample_id_245", "ds_395_sample_id_111", "ds_200_sample_id_101", "ds_363_sample_id_107", "ds_49_sample_id_112", "ds_65_sample_id_188", "ds_261_sample_id_140", "ds_36_sample_id_176", "ds_240_sample_id_264", "ds_196_sample_id_262", "ds_114_sample_id_8", "ds_218_sample_id_186", "ds_83_sample_id_121", "ds_167_sample_id_3", "ds_65_sample_id_39", "ds_158_sample_id_229", "ds_298_sample_id_160", "ds_172_sample_id_70", "ds_41_sample_id_151", "ds_67_sample_id_169", "ds_40_sample_id_131", "ds_285_sample_id_224", "ds_195_sample_id_31", "ds_138_sample_id_47", "ds_59_sample_id_184", "ds_257_sample_id_58", "ds_194_sample_id_263", "ds_369_sample_id_247", "ds_388_sample_id_204", "ds_307_sample_id_89", "ds_357_sample_id_25", "ds_174_sample_id_51", "ds_161_sample_id_149", "ds_116_sample_id_114"], "group_13": ["ds_59_sample_id_18", "ds_289_sample_id_40", "ds_157_sample_id_142", "ds_139_sample_id_73", "ds_264_sample_id_82", "ds_275_sample_id_234", "ds_337_sample_id_212", "ds_164_sample_id_1", "ds_108_sample_id_53", "ds_120_sample_id_235", "ds_386_sample_id_76", "ds_335_sample_id_203", "ds_338_sample_id_266", "ds_306_sample_id_157", "ds_261_sample_id_87", "ds_93_sample_id_250", "ds_71_sample_id_32", "ds_120_sample_id_158", "ds_197_sample_id_242", "ds_32_sample_id_19", "ds_164_sample_id_192", "ds_114_sample_id_100", "ds_368_sample_id_196", "ds_232_sample_id_44", "ds_56_sample_id_181", "ds_235_sample_id_246", "ds_200_sample_id_101", "ds_32_sample_id_215", "ds_345_sample_id_28", "ds_292_sample_id_85", "ds_318_sample_id_218", "ds_140_sample_id_170", "ds_41_sample_id_159", "ds_122_sample_id_26", "ds_365_sample_id_191", "ds_28_sample_id_155", "ds_218_sample_id_186", "ds_371_sample_id_126", "ds_389_sample_id_7", "ds_29_sample_id_11", "ds_158_sample_id_229", "ds_298_sample_id_160", "ds_318_sample_id_15", "ds_369_sample_id_190", "ds_172_sample_id_70", "ds_88_sample_id_127", "ds_388_sample_id_106", "ds_40_sample_id_131", "ds_363_sample_id_120", "ds_238_sample_id_46", "ds_297_sample_id_57", "ds_330_sample_id_10", "ds_20_sample_id_90", "ds_351_sample_id_251", "ds_261_sample_id_42", "ds_168_sample_id_69", "ds_205_sample_id_152", "ds_174_sample_id_104", "ds_138_sample_id_47", "ds_59_sample_id_184", "ds_89_sample_id_162", "ds_74_sample_id_17", "ds_181_sample_id_77", "ds_47_sample_id_174", "ds_378_sample_id_213", "ds_306_sample_id_125", "ds_27_sample_id_260", "ds_155_sample_id_194", "ds_357_sample_id_25", "ds_20_sample_id_222", "ds_120_sample_id_74", "ds_57_sample_id_9", "ds_174_sample_id_51"], "group_14": ["ds_59_sample_id_18", "ds_89_sample_id_128", "ds_157_sample_id_142", "ds_73_sample_id_165", "ds_139_sample_id_73", "ds_375_sample_id_22", "ds_275_sample_id_234", "ds_321_sample_id_102", "ds_206_sample_id_208", "ds_164_sample_id_1", "ds_33_sample_id_115", "ds_341_sample_id_97", "ds_335_sample_id_203", "ds_248_sample_id_163", "ds_217_sample_id_185", "ds_44_sample_id_240", "ds_62_sample_id_150", "ds_354_sample_id_37", "ds_93_sample_id_250", "ds_185_sample_id_71", "ds_71_sample_id_32", "ds_114_sample_id_100", "ds_318_sample_id_153", "ds_200_sample_id_101", "ds_345_sample_id_28", "ds_137_sample_id_237", "ds_123_sample_id_93", "ds_46_sample_id_75", "ds_357_sample_id_182", "ds_261_sample_id_140", "ds_290_sample_id_172", "ds_140_sample_id_170", "ds_60_sample_id_179", "ds_294_sample_id_79", "ds_198_sample_id_64", "ds_392_sample_id_24", "ds_196_sample_id_262", "ds_141_sample_id_211", "ds_118_sample_id_230", "ds_294_sample_id_68", "ds_237_sample_id_143", "ds_64_sample_id_173", "ds_200_sample_id_95", "ds_219_sample_id_50", "ds_62_sample_id_214", "ds_106_sample_id_210", "ds_173_sample_id_84", "ds_72_sample_id_23", "ds_49_sample_id_33", "ds_166_sample_id_178", "ds_280_sample_id_124", "ds_167_sample_id_3", "ds_168_sample_id_177", "ds_31_sample_id_6", "ds_375_sample_id_198", "ds_324_sample_id_138", "ds_369_sample_id_190", "ds_88_sample_id_127", "ds_55_sample_id_38", "ds_297_sample_id_57", "ds_143_sample_id_4", "ds_195_sample_id_31", "ds_99_sample_id_168", "ds_151_sample_id_34", "ds_369_sample_id_180", "ds_94_sample_id_137", "ds_174_sample_id_104", "ds_287_sample_id_219", "ds_59_sample_id_184", "ds_316_sample_id_207", "ds_45_sample_id_88", "ds_80_sample_id_29", "ds_282_sample_id_228", "ds_269_sample_id_21", "ds_189_sample_id_135", "ds_388_sample_id_204", "ds_212_sample_id_249", "ds_238_sample_id_16", "ds_27_sample_id_260", "ds_230_sample_id_205", "ds_379_sample_id_56", "ds_180_sample_id_134", "ds_236_sample_id_60", "ds_250_sample_id_244", "ds_57_sample_id_9", "ds_222_sample_id_139", "ds_174_sample_id_51", "ds_50_sample_id_130", "ds_247_sample_id_65", "ds_116_sample_id_114"], "group_1": ["ds_394_sample_id_255", "ds_73_sample_id_165", "ds_291_sample_id_164", "ds_139_sample_id_73", "ds_175_sample_id_225", "ds_264_sample_id_82", "ds_296_sample_id_146", "ds_30_sample_id_243", "ds_206_sample_id_208", "ds_33_sample_id_115", "ds_120_sample_id_235", "ds_341_sample_id_97", "ds_87_sample_id_72", "ds_338_sample_id_266", "ds_228_sample_id_92", "ds_219_sample_id_54", "ds_245_sample_id_232", "ds_378_sample_id_241", "ds_32_sample_id_19", "ds_397_sample_id_144", "ds_203_sample_id_78", "ds_171_sample_id_248", "ds_235_sample_id_94", "ds_235_sample_id_246", "ds_317_sample_id_123", "ds_51_sample_id_119", "ds_137_sample_id_237", "ds_318_sample_id_218", "ds_365_sample_id_91", "ds_396_sample_id_133", "ds_4_sample_id_161", "ds_141_sample_id_211", "ds_214_sample_id_175", "ds_118_sample_id_230", "ds_173_sample_id_84", "ds_28_sample_id_155", "ds_218_sample_id_186", "ds_389_sample_id_7", "ds_288_sample_id_199", "ds_174_sample_id_171", "ds_280_sample_id_124", "ds_61_sample_id_195", "ds_31_sample_id_6", "ds_29_sample_id_11", "ds_324_sample_id_138", "ds_108_sample_id_13", "ds_88_sample_id_127", "ds_55_sample_id_38", "ds_92_sample_id_259", "ds_331_sample_id_108", "ds_363_sample_id_120", "ds_147_sample_id_61", "ds_285_sample_id_224", "ds_229_sample_id_187", "ds_163_sample_id_116", "ds_261_sample_id_42", "ds_151_sample_id_34", "ds_96_sample_id_217", "ds_292_sample_id_30", "ds_168_sample_id_69", "ds_270_sample_id_227", "ds_287_sample_id_219", "ds_45_sample_id_88", "ds_282_sample_id_228", "ds_33_sample_id_0", "ds_315_sample_id_216", "ds_205_sample_id_252", "ds_85_sample_id_49", "ds_155_sample_id_194", "ds_230_sample_id_205", "ds_120_sample_id_74", "ds_144_sample_id_55", "ds_247_sample_id_65"], "group_5": ["ds_394_sample_id_255", "ds_321_sample_id_102", "ds_341_sample_id_97", "ds_200_sample_id_231", "ds_186_sample_id_189", "ds_228_sample_id_92", "ds_245_sample_id_232", "ds_261_sample_id_87", "ds_93_sample_id_250", "ds_197_sample_id_242", "ds_370_sample_id_36", "ds_397_sample_id_144", "ds_171_sample_id_248", "ds_393_sample_id_245", "ds_395_sample_id_111", "ds_56_sample_id_181", "ds_200_sample_id_101", "ds_317_sample_id_123", "ds_178_sample_id_59", "ds_51_sample_id_119", "ds_345_sample_id_28", "ds_137_sample_id_237", "ds_123_sample_id_93", "ds_46_sample_id_75", "ds_357_sample_id_182", "ds_365_sample_id_91", "ds_261_sample_id_140", "ds_353_sample_id_233", "ds_396_sample_id_133", "ds_240_sample_id_264", "ds_60_sample_id_179", "ds_122_sample_id_26", "ds_365_sample_id_191", "ds_32_sample_id_41", "ds_106_sample_id_210", "ds_122_sample_id_253", "ds_173_sample_id_84", "ds_72_sample_id_23", "ds_49_sample_id_33", "ds_167_sample_id_3", "ds_168_sample_id_177", "ds_31_sample_id_6", "ds_20_sample_id_67", "ds_194_sample_id_197", "ds_366_sample_id_66", "ds_382_sample_id_118", "ds_369_sample_id_190", "ds_342_sample_id_193", "ds_172_sample_id_70", "ds_88_sample_id_127", "ds_92_sample_id_259", "ds_375_sample_id_136", "ds_40_sample_id_131", "ds_140_sample_id_96", "ds_224_sample_id_27", "ds_238_sample_id_46", "ds_147_sample_id_61", "ds_261_sample_id_42", "ds_369_sample_id_180", "ds_270_sample_id_227", "ds_59_sample_id_184", "ds_257_sample_id_58", "ds_45_sample_id_88", "ds_89_sample_id_162", "ds_282_sample_id_228", "ds_33_sample_id_0", "ds_315_sample_id_216", "ds_27_sample_id_260", "ds_155_sample_id_194", "ds_20_sample_id_222", "ds_120_sample_id_74", "ds_250_sample_id_244", "ds_57_sample_id_9", "ds_44_sample_id_156", "ds_69_sample_id_265", "ds_302_sample_id_132", "ds_116_sample_id_114"], "group_2": ["ds_319_sample_id_154", "ds_89_sample_id_128", "ds_240_sample_id_52", "ds_272_sample_id_109", "ds_177_sample_id_206", "ds_175_sample_id_225", "ds_206_sample_id_208", "ds_248_sample_id_163", "ds_338_sample_id_266", "ds_217_sample_id_185", "ds_93_sample_id_250", "ds_164_sample_id_192", "ds_203_sample_id_78", "ds_232_sample_id_44", "ds_235_sample_id_246", "ds_317_sample_id_123", "ds_178_sample_id_59", "ds_65_sample_id_188", "ds_182_sample_id_254", "ds_46_sample_id_75", "ds_36_sample_id_176", "ds_140_sample_id_170", "ds_355_sample_id_166", "ds_122_sample_id_26", "ds_141_sample_id_211", "ds_214_sample_id_175", "ds_174_sample_id_171", "ds_166_sample_id_178", "ds_280_sample_id_124", "ds_83_sample_id_121", "ds_61_sample_id_195", "ds_31_sample_id_6", "ds_29_sample_id_11", "ds_201_sample_id_62", "ds_293_sample_id_81", "ds_366_sample_id_66", "ds_382_sample_id_118", "ds_324_sample_id_138", "ds_108_sample_id_13", "ds_342_sample_id_193", "ds_331_sample_id_108", "ds_375_sample_id_136", "ds_9_sample_id_98", "ds_274_sample_id_80", "ds_383_sample_id_209", "ds_224_sample_id_27", "ds_147_sample_id_61", "ds_297_sample_id_57", "ds_229_sample_id_187", "ds_195_sample_id_31", "ds_369_sample_id_180", "ds_316_sample_id_207", "ds_128_sample_id_202", "ds_181_sample_id_77", "ds_47_sample_id_174", "ds_369_sample_id_247", "ds_181_sample_id_236", "ds_388_sample_id_204", "ds_309_sample_id_221", "ds_238_sample_id_16", "ds_27_sample_id_260", "ds_307_sample_id_89", "ds_365_sample_id_35", "ds_379_sample_id_56", "ds_222_sample_id_139", "ds_247_sample_id_65", "ds_69_sample_id_265"], "group_3": ["ds_319_sample_id_154", "ds_351_sample_id_99", "ds_175_sample_id_225", "ds_387_sample_id_167", "ds_30_sample_id_243", "ds_108_sample_id_53", "ds_386_sample_id_76", "ds_200_sample_id_231", "ds_186_sample_id_189", "ds_248_sample_id_163", "ds_338_sample_id_266", "ds_306_sample_id_157", "ds_44_sample_id_240", "ds_378_sample_id_241", "ds_261_sample_id_87", "ds_397_sample_id_12", "ds_32_sample_id_19", "ds_203_sample_id_78", "ds_328_sample_id_129", "ds_232_sample_id_44", "ds_25_sample_id_200", "ds_235_sample_id_246", "ds_178_sample_id_59", "ds_32_sample_id_215", "ds_65_sample_id_188", "ds_51_sample_id_119", "ds_137_sample_id_237", "ds_79_sample_id_113", "ds_46_sample_id_75", "ds_292_sample_id_85", "ds_365_sample_id_91", "ds_290_sample_id_172", "ds_4_sample_id_161", "ds_198_sample_id_64", "ds_392_sample_id_24", "ds_141_sample_id_211", "ds_62_sample_id_214", "ds_72_sample_id_23", "ds_218_sample_id_186", "ds_174_sample_id_171", "ds_166_sample_id_178", "ds_375_sample_id_198", "ds_20_sample_id_67", "ds_293_sample_id_81", "ds_194_sample_id_197", "ds_158_sample_id_229", "ds_382_sample_id_118", "ds_318_sample_id_15", "ds_41_sample_id_151", "ds_88_sample_id_127", "ds_40_sample_id_131", "ds_383_sample_id_209", "ds_249_sample_id_201", "ds_147_sample_id_61", "ds_143_sample_id_4", "ds_20_sample_id_90", "ds_151_sample_id_34", "ds_168_sample_id_69", "ds_270_sample_id_227", "ds_138_sample_id_47", "ds_64_sample_id_145", "ds_33_sample_id_0", "ds_315_sample_id_216", "ds_388_sample_id_204", "ds_85_sample_id_49", "ds_238_sample_id_16", "ds_307_sample_id_89", "ds_341_sample_id_86", "ds_379_sample_id_56", "ds_180_sample_id_134", "ds_44_sample_id_156", "ds_222_sample_id_139", "ds_174_sample_id_51", "ds_247_sample_id_65"], "group_6": ["ds_289_sample_id_40", "ds_73_sample_id_165", "ds_296_sample_id_146", "ds_30_sample_id_243", "ds_206_sample_id_208", "ds_358_sample_id_110", "ds_157_sample_id_183", "ds_275_sample_id_14", "ds_372_sample_id_261", "ds_44_sample_id_240", "ds_261_sample_id_87", "ds_93_sample_id_250", "ds_71_sample_id_32", "ds_32_sample_id_19", "ds_370_sample_id_36", "ds_56_sample_id_181", "ds_235_sample_id_94", "ds_25_sample_id_200", "ds_200_sample_id_101", "ds_178_sample_id_59", "ds_296_sample_id_45", "ds_65_sample_id_188", "ds_79_sample_id_113", "ds_98_sample_id_105", "ds_353_sample_id_233", "ds_294_sample_id_79", "ds_198_sample_id_64", "ds_118_sample_id_230", "ds_219_sample_id_50", "ds_62_sample_id_214", "ds_122_sample_id_253", "ds_49_sample_id_33", "ds_28_sample_id_155", "ds_288_sample_id_199", "ds_61_sample_id_195", "ds_29_sample_id_11", "ds_312_sample_id_103", "ds_194_sample_id_197", "ds_65_sample_id_39", "ds_366_sample_id_66", "ds_158_sample_id_229", "ds_298_sample_id_160", "ds_21_sample_id_141", "ds_41_sample_id_151", "ds_285_sample_id_224", "ds_297_sample_id_57", "ds_229_sample_id_187", "ds_163_sample_id_116", "ds_99_sample_id_168", "ds_261_sample_id_42", "ds_369_sample_id_180", "ds_174_sample_id_104", "ds_315_sample_id_216", "ds_74_sample_id_17", "ds_354_sample_id_239", "ds_194_sample_id_263", "ds_189_sample_id_135", "ds_181_sample_id_236", "ds_212_sample_id_249", "ds_85_sample_id_49", "ds_155_sample_id_194", "ds_180_sample_id_134", "ds_250_sample_id_244", "ds_44_sample_id_156", "ds_144_sample_id_55", "ds_50_sample_id_130", "ds_367_sample_id_122"], "group_4": ["ds_177_sample_id_206", "ds_351_sample_id_99", "ds_296_sample_id_146", "ds_162_sample_id_220", "ds_275_sample_id_234", "ds_30_sample_id_243", "ds_358_sample_id_110", "ds_275_sample_id_14", "ds_248_sample_id_163", "ds_245_sample_id_232", "ds_62_sample_id_150", "ds_197_sample_id_242", "ds_32_sample_id_19", "ds_328_sample_id_129", "ds_25_sample_id_200", "ds_61_sample_id_63", "ds_296_sample_id_45", "ds_79_sample_id_113", "ds_290_sample_id_172", "ds_36_sample_id_176", "ds_140_sample_id_170", "ds_4_sample_id_161", "ds_392_sample_id_24", "ds_122_sample_id_26", "ds_294_sample_id_68", "ds_219_sample_id_50", "ds_32_sample_id_41", "ds_114_sample_id_8", "ds_72_sample_id_23", "ds_61_sample_id_195", "ds_31_sample_id_6", "ds_366_sample_id_66", "ds_318_sample_id_15", "ds_21_sample_id_141", "ds_383_sample_id_209", "ds_224_sample_id_27", "ds_249_sample_id_201", "ds_20_sample_id_90", "ds_195_sample_id_31", "ds_96_sample_id_217", "ds_89_sample_id_5", "ds_316_sample_id_207", "ds_51_sample_id_238", "ds_80_sample_id_29", "ds_282_sample_id_228", "ds_269_sample_id_21", "ds_354_sample_id_239", "ds_194_sample_id_263", "ds_189_sample_id_135", "ds_341_sample_id_86", "ds_230_sample_id_205", "ds_120_sample_id_74", "ds_236_sample_id_60", "ds_226_sample_id_117", "ds_69_sample_id_265", "ds_161_sample_id_149", "ds_367_sample_id_122"]}}