{"ds_85_sample_id_0": ["EMAIL_ADDRESS", "GENOME"], "ds_63_sample_id_1": [], "ds_25_sample_id_2": [], "ds_8_sample_id_3": ["IP_ADDRESS"], "ds_64_sample_id_4": [], "ds_104_sample_id_5": [], "ds_98_sample_id_6": [], "ds_76_sample_id_7": [], "ds_83_sample_id_8": ["IP_ADDRESS"], "ds_41_sample_id_9": [], "ds_105_sample_id_10": [], "ds_65_sample_id_11": [], "ds_90_sample_id_12": [], "ds_114_sample_id_13": [], "ds_102_sample_id_14": [], "ds_34_sample_id_15": [], "ds_30_sample_id_16": ["GENOME"], "ds_113_sample_id_17": [], "ds_22_sample_id_18": [], "ds_91_sample_id_19": [], "ds_5_sample_id_20": ["GENOME"], "ds_48_sample_id_21": [], "ds_17_sample_id_22": [], "ds_33_sample_id_23": [], "ds_98_sample_id_24": [], "ds_72_sample_id_25": [], "ds_46_sample_id_26": [], "ds_86_sample_id_27": ["GENOME"], "ds_100_sample_id_28": [], "ds_63_sample_id_29": [], "ds_83_sample_id_30": ["IP_ADDRESS"], "ds_14_sample_id_31": [], "ds_27_sample_id_32": [], "ds_78_sample_id_33": [], "ds_85_sample_id_34": ["EMAIL_ADDRESS", "GENOME"], "ds_115_sample_id_35": [], "ds_99_sample_id_36": [], "ds_90_sample_id_37": [], "ds_73_sample_id_38": [], "ds_41_sample_id_39": [], "ds_118_sample_id_40": [], "ds_73_sample_id_41": [], "ds_106_sample_id_42": [], "ds_15_sample_id_43": [], "ds_112_sample_id_44": [], "ds_52_sample_id_45": [], "ds_15_sample_id_46": [], "ds_32_sample_id_47": [], "ds_91_sample_id_48": [], "ds_83_sample_id_49": ["IP_ADDRESS"], "ds_63_sample_id_50": [], "ds_60_sample_id_51": [], "ds_20_sample_id_52": [], "ds_67_sample_id_53": [], "ds_97_sample_id_54": [], "ds_29_sample_id_55": [], "ds_10_sample_id_56": ["GENOME"], "ds_93_sample_id_57": [], "ds_7_sample_id_58": [], "ds_33_sample_id_59": [], "ds_59_sample_id_60": [], "ds_54_sample_id_61": [], "ds_27_sample_id_62": [], "ds_27_sample_id_63": [], "ds_12_sample_id_64": [], "ds_50_sample_id_65": [], "ds_102_sample_id_66": [], "ds_85_sample_id_67": ["EMAIL_ADDRESS", "GENOME"], "ds_8_sample_id_68": ["IP_ADDRESS"], "ds_21_sample_id_69": [], "ds_97_sample_id_70": [], "ds_21_sample_id_71": [], "ds_60_sample_id_72": [], "ds_12_sample_id_73": [], "ds_108_sample_id_74": [], "ds_79_sample_id_75": [], "ds_117_sample_id_76": [], "ds_3_sample_id_77": ["EMAIL_ADDRESS", "GENOME", "IP_ADDRESS"], "ds_75_sample_id_78": [], "ds_97_sample_id_79": [], "ds_92_sample_id_80": [], "ds_46_sample_id_81": [], "ds_21_sample_id_82": [], "ds_112_sample_id_83": [], "ds_12_sample_id_84": [], "ds_41_sample_id_85": [], "ds_105_sample_id_86": [], "ds_2_sample_id_87": [], "ds_11_sample_id_88": [], "ds_112_sample_id_89": [], "ds_55_sample_id_90": ["GENOME"], "ds_65_sample_id_91": [], "ds_14_sample_id_92": [], "ds_1_sample_id_93": [], "ds_22_sample_id_94": [], "ds_109_sample_id_95": [], "ds_78_sample_id_96": [], "ds_33_sample_id_97": [], "ds_113_sample_id_98": [], "ds_75_sample_id_99": [], "ds_70_sample_id_100": [], "ds_104_sample_id_101": [], "ds_9_sample_id_102": [], "ds_29_sample_id_103": [], "ds_113_sample_id_104": [], "ds_24_sample_id_105": [], "ds_15_sample_id_106": [], "ds_56_sample_id_107": [], "ds_8_sample_id_108": ["IP_ADDRESS"], "ds_114_sample_id_109": [], "ds_42_sample_id_110": [], "ds_58_sample_id_111": [], "ds_86_sample_id_112": ["GENOME"], "ds_13_sample_id_113": [], "ds_88_sample_id_114": [], "ds_29_sample_id_115": [], "ds_100_sample_id_116": [], "ds_50_sample_id_117": [], "ds_64_sample_id_118": [], "ds_114_sample_id_119": [], "ds_63_sample_id_120": [], "ds_19_sample_id_121": [], "ds_48_sample_id_122": [], "ds_72_sample_id_123": [], "ds_74_sample_id_124": [], "ds_37_sample_id_125": [], "ds_105_sample_id_126": [], "ds_33_sample_id_127": [], "ds_89_sample_id_128": [], "ds_58_sample_id_129": [], "ds_73_sample_id_130": [], "ds_69_sample_id_131": ["GENOME", "IP_ADDRESS"], "ds_104_sample_id_132": [], "ds_75_sample_id_133": [], "ds_6_sample_id_134": [], "ds_61_sample_id_135": ["GENOME"], "ds_114_sample_id_136": [], "ds_27_sample_id_137": [], "ds_32_sample_id_138": [], "ds_24_sample_id_139": [], "ds_78_sample_id_140": [], "ds_41_sample_id_141": [], "ds_103_sample_id_142": [], "ds_104_sample_id_143": [], "ds_115_sample_id_144": [], "ds_32_sample_id_145": [], "ds_9_sample_id_146": [], "ds_5_sample_id_147": ["GENOME"], "ds_6_sample_id_148": [], "ds_30_sample_id_149": ["GENOME"], "ds_77_sample_id_150": ["GENOME"], "ds_29_sample_id_151": [], "ds_55_sample_id_152": ["GENOME"], "ds_84_sample_id_153": [], "ds_1_sample_id_154": [], "ds_49_sample_id_155": [], "ds_74_sample_id_156": [], "ds_91_sample_id_157": [], "ds_14_sample_id_158": [], "ds_16_sample_id_159": ["GENOME", "IP_ADDRESS"], "ds_50_sample_id_160": [], "ds_103_sample_id_161": [], "ds_2_sample_id_162": [], "ds_36_sample_id_163": [], "ds_83_sample_id_164": ["IP_ADDRESS"], "ds_103_sample_id_165": [], "ds_118_sample_id_166": [], "ds_29_sample_id_167": [], "ds_113_sample_id_168": [], "ds_18_sample_id_169": [], "ds_108_sample_id_170": [], "ds_52_sample_id_171": [], "ds_35_sample_id_172": ["GENOME"], "ds_84_sample_id_173": [], "ds_108_sample_id_174": [], "ds_104_sample_id_175": [], "ds_80_sample_id_176": [], "ds_41_sample_id_177": [], "ds_0_sample_id_178": [], "ds_48_sample_id_179": [], "ds_50_sample_id_180": [], "ds_117_sample_id_181": [], "ds_10_sample_id_182": ["GENOME"], "ds_12_sample_id_183": [], "ds_12_sample_id_184": [], "ds_100_sample_id_185": [], "ds_114_sample_id_186": [], "ds_18_sample_id_187": [], "ds_12_sample_id_188": [], "ds_51_sample_id_189": [], "ds_21_sample_id_190": [], "ds_23_sample_id_191": [], "ds_14_sample_id_192": [], "ds_33_sample_id_193": [], "ds_92_sample_id_194": [], "ds_109_sample_id_195": [], "ds_12_sample_id_196": [], "ds_67_sample_id_197": [], "ds_12_sample_id_198": [], "ds_103_sample_id_199": [], "ds_87_sample_id_200": [], "ds_27_sample_id_201": [], "ds_69_sample_id_202": ["GENOME", "IP_ADDRESS"], "ds_94_sample_id_203": ["GENOME"], "ds_31_sample_id_204": [], "ds_60_sample_id_205": [], "ds_73_sample_id_206": [], "ds_71_sample_id_207": ["GENOME", "IP_ADDRESS"], "ds_57_sample_id_208": [], "ds_50_sample_id_209": [], "ds_38_sample_id_210": ["GENOME"], "ds_76_sample_id_211": [], "ds_66_sample_id_212": [], "ds_86_sample_id_213": ["GENOME"], "ds_4_sample_id_214": ["GENOME"], "ds_104_sample_id_215": [], "ds_100_sample_id_216": [], "ds_108_sample_id_217": [], "ds_22_sample_id_218": [], "ds_77_sample_id_219": ["GENOME"], "ds_112_sample_id_220": [], "ds_8_sample_id_221": ["IP_ADDRESS"], "ds_117_sample_id_222": [], "ds_49_sample_id_223": [], "ds_87_sample_id_224": [], "ds_55_sample_id_225": ["GENOME"], "ds_115_sample_id_226": [], "ds_10_sample_id_227": ["GENOME"], "ds_26_sample_id_228": [], "ds_96_sample_id_229": [], "ds_118_sample_id_230": [], "ds_101_sample_id_231": [], "ds_4_sample_id_232": ["GENOME"], "ds_73_sample_id_233": [], "ds_82_sample_id_234": [], "ds_36_sample_id_235": [], "ds_109_sample_id_236": [], "ds_44_sample_id_237": ["GENOME"], "ds_17_sample_id_238": [], "ds_88_sample_id_239": [], "ds_21_sample_id_240": [], "ds_59_sample_id_241": [], "ds_81_sample_id_242": [], "ds_16_sample_id_243": ["GENOME", "IP_ADDRESS"], "ds_3_sample_id_244": ["EMAIL_ADDRESS", "GENOME", "IP_ADDRESS"], "ds_27_sample_id_245": [], "ds_7_sample_id_246": [], "ds_54_sample_id_247": [], "ds_96_sample_id_248": [], "ds_70_sample_id_249": [], "ds_68_sample_id_250": [], "ds_59_sample_id_251": [], "ds_32_sample_id_252": [], "ds_105_sample_id_253": [], "ds_82_sample_id_254": [], "ds_57_sample_id_255": [], "ds_115_sample_id_256": [], "ds_92_sample_id_257": [], "ds_18_sample_id_258": [], "ds_33_sample_id_259": [], "ds_13_sample_id_260": [], "ds_29_sample_id_261": [], "ds_74_sample_id_262": [], "ds_84_sample_id_263": [], "ds_77_sample_id_264": ["GENOME"], "ds_70_sample_id_265": [], "ds_0_sample_id_266": [], "ds_29_sample_id_267": [], "ds_66_sample_id_268": [], "ds_82_sample_id_269": [], "ds_42_sample_id_270": [], "ds_105_sample_id_271": [], "ds_89_sample_id_272": [], "ds_84_sample_id_273": [], "ds_62_sample_id_274": [], "ds_70_sample_id_275": [], "ds_40_sample_id_276": [], "ds_0_sample_id_277": [], "ds_9_sample_id_278": [], "ds_49_sample_id_279": [], "ds_95_sample_id_280": [], "ds_31_sample_id_281": [], "ds_103_sample_id_282": [], "ds_72_sample_id_283": [], "ds_110_sample_id_284": [], "ds_34_sample_id_285": [], "ds_88_sample_id_286": [], "ds_29_sample_id_287": [], "ds_82_sample_id_288": []}