{"ds_20_sample_id_0": [], "ds_171_sample_id_1": [], "ds_150_sample_id_2": [], "ds_51_sample_id_3": [], "ds_122_sample_id_4": [], "ds_82_sample_id_5": [], "ds_83_sample_id_6": [], "ds_116_sample_id_7": [], "ds_111_sample_id_8": [], "ds_0_sample_id_9": [], "ds_107_sample_id_10": [], "ds_56_sample_id_11": [], "ds_143_sample_id_12": [], "ds_181_sample_id_13": [], "ds_71_sample_id_14": [], "ds_179_sample_id_15": [], "ds_77_sample_id_16": [], "ds_145_sample_id_17": [], "ds_80_sample_id_18": [], "ds_124_sample_id_19": [], "ds_156_sample_id_20": [], "ds_146_sample_id_21": [], "ds_107_sample_id_22": [], "ds_91_sample_id_23": [], "ds_59_sample_id_24": [], "ds_29_sample_id_25": [], "ds_76_sample_id_26": [], "ds_176_sample_id_27": [], "ds_17_sample_id_28": [], "ds_171_sample_id_29": [], "ds_119_sample_id_30": [], "ds_67_sample_id_31": [], "ds_194_sample_id_32": [], "ds_23_sample_id_33": [], "ds_149_sample_id_34": [], "ds_51_sample_id_35": [], "ds_52_sample_id_36": [], "ds_62_sample_id_37": [], "ds_120_sample_id_38": [], "ds_142_sample_id_39": [], "ds_199_sample_id_40": [], "ds_167_sample_id_41": [], "ds_104_sample_id_42": [], "ds_133_sample_id_43": [], "ds_176_sample_id_44": [], "ds_72_sample_id_45": [], "ds_136_sample_id_46": [], "ds_92_sample_id_47": [], "ds_121_sample_id_48": [], "ds_20_sample_id_49": [], "ds_147_sample_id_50": [], "ds_54_sample_id_51": [], "ds_145_sample_id_52": [], "ds_139_sample_id_53": [], "ds_101_sample_id_54": [], "ds_31_sample_id_55": [], "ds_181_sample_id_56": [], "ds_31_sample_id_57": [], "ds_189_sample_id_58": [], "ds_176_sample_id_59": [], "ds_12_sample_id_60": [], "ds_18_sample_id_61": [], "ds_1_sample_id_62": [], "ds_189_sample_id_63": [], "ds_57_sample_id_64": [], "ds_158_sample_id_65": [], "ds_174_sample_id_66": [], "ds_36_sample_id_67": [], "ds_99_sample_id_68": [], "ds_86_sample_id_69": [], "ds_76_sample_id_70": [], "ds_73_sample_id_71": [], "ds_145_sample_id_72": [], "ds_88_sample_id_73": [], "ds_137_sample_id_74": [], "ds_198_sample_id_75": [], "ds_53_sample_id_76": [], "ds_141_sample_id_77": [], "ds_110_sample_id_78": [], "ds_73_sample_id_79": [], "ds_102_sample_id_80": [], "ds_138_sample_id_81": [], "ds_11_sample_id_82": [], "ds_67_sample_id_83": [], "ds_176_sample_id_84": [], "ds_65_sample_id_85": [], "ds_90_sample_id_86": [], "ds_135_sample_id_87": [], "ds_67_sample_id_88": [], "ds_78_sample_id_89": [], "ds_9_sample_id_90": [], "ds_182_sample_id_91": [], "ds_3_sample_id_92": [], "ds_29_sample_id_93": [], "ds_98_sample_id_94": [], "ds_11_sample_id_95": [], "ds_44_sample_id_96": [], "ds_159_sample_id_97": [], "ds_40_sample_id_98": [], "ds_175_sample_id_99": [], "ds_175_sample_id_100": [], "ds_14_sample_id_101": [], "ds_177_sample_id_102": [], "ds_183_sample_id_103": [], "ds_190_sample_id_104": [], "ds_200_sample_id_105": [], "ds_150_sample_id_106": [], "ds_70_sample_id_107": [], "ds_11_sample_id_108": [], "ds_6_sample_id_109": [], "ds_7_sample_id_110": [], "ds_162_sample_id_111": [], "ds_34_sample_id_112": [], "ds_159_sample_id_113": [], "ds_41_sample_id_114": [], "ds_108_sample_id_115": [], "ds_122_sample_id_116": [], "ds_0_sample_id_117": [], "ds_190_sample_id_118": [], "ds_160_sample_id_119": [], "ds_112_sample_id_120": [], "ds_62_sample_id_121": [], "ds_23_sample_id_122": [], "ds_21_sample_id_123": [], "ds_56_sample_id_124": [], "ds_87_sample_id_125": [], "ds_60_sample_id_126": [], "ds_153_sample_id_127": [], "ds_96_sample_id_128": [], "ds_112_sample_id_129": [], "ds_57_sample_id_130": [], "ds_159_sample_id_131": [], "ds_180_sample_id_132": [], "ds_7_sample_id_133": [], "ds_83_sample_id_134": [], "ds_87_sample_id_135": [], "ds_142_sample_id_136": [], "ds_167_sample_id_137": [], "ds_144_sample_id_138": [], "ds_47_sample_id_139": [], "ds_172_sample_id_140": [], "ds_112_sample_id_141": [], "ds_179_sample_id_142": [], "ds_189_sample_id_143": [], "ds_27_sample_id_144": [], "ds_100_sample_id_145": [], "ds_98_sample_id_146": [], "ds_192_sample_id_147": [], "ds_73_sample_id_148": [], "ds_110_sample_id_149": [], "ds_93_sample_id_150": [], "ds_48_sample_id_151": [], "ds_90_sample_id_152": [], "ds_187_sample_id_153": [], "ds_170_sample_id_154": [], "ds_180_sample_id_155": [], "ds_173_sample_id_156": []}