{"user_group_edges": {"group_5": ["user_69_sample_id_21", "user_84_sample_id_11", "user_18_sample_id_0", "user_9_sample_id_20"], "group_6": ["user_69_sample_id_21", "user_59_sample_id_4", "user_14_sample_id_22", "user_18_sample_id_0", "user_32_sample_id_9"], "group_14": ["user_69_sample_id_21", "user_80_sample_id_19", "user_75_sample_id_14", "user_99_sample_id_15"], "group_19": ["user_69_sample_id_21", "user_80_sample_id_23", "user_53_sample_id_1", "user_91_sample_id_3", "user_80_sample_id_7", "user_7_sample_id_16"], "group_7": ["user_80_sample_id_23", "user_32_sample_id_18", "user_18_sample_id_10"], "group_10": ["user_80_sample_id_23", "user_53_sample_id_1", "user_10_sample_id_5", "user_80_sample_id_7", "user_45_sample_id_17"], "group_17": ["user_80_sample_id_23", "user_84_sample_id_12", "user_18_sample_id_0"], "group_12": ["user_32_sample_id_18", "user_78_sample_id_2", "user_59_sample_id_4", "user_91_sample_id_3", "user_80_sample_id_19", "user_7_sample_id_16"], "group_18": ["user_32_sample_id_18", "user_78_sample_id_2", "user_32_sample_id_9", "user_45_sample_id_17"], "group_15": ["user_78_sample_id_2", "user_91_sample_id_3", "user_72_sample_id_13", "user_80_sample_id_7", "user_87_sample_id_8", "user_7_sample_id_16", "user_99_sample_id_15"], "group_11": ["user_59_sample_id_4", "user_75_sample_id_14", "user_80_sample_id_7"], "group_1": ["user_53_sample_id_1", "user_75_sample_id_14", "user_99_sample_id_15"], "group_3": ["user_91_sample_id_3", "user_84_sample_id_11", "user_80_sample_id_7", "user_18_sample_id_10"], "group_13": ["user_91_sample_id_3", "user_49_sample_id_6"], "group_0": ["user_14_sample_id_22", "user_84_sample_id_12", "user_75_sample_id_14", "user_87_sample_id_8"], "group_9": ["user_14_sample_id_22", "user_18_sample_id_0", "user_87_sample_id_8"], "group_8": ["user_49_sample_id_6", "user_10_sample_id_5", "user_9_sample_id_20"], "group_4": ["user_72_sample_id_13", "user_18_sample_id_10"], "group_16": ["user_10_sample_id_5", "user_18_sample_id_0", "user_99_sample_id_15"], "group_2": ["user_18_sample_id_0", "user_32_sample_id_9", "user_45_sample_id_17", "user_7_sample_id_16", "user_9_sample_id_20"]}, "group_data_store_edges": {"group_0": ["ds_18_sample_id_39", "ds_804_sample_id_60", "ds_851_sample_id_56", "ds_448_sample_id_47", "ds_249_sample_id_6", "ds_83_sample_id_15", "ds_862_sample_id_25", "ds_125_sample_id_12", "ds_748_sample_id_46", "ds_123_sample_id_35", "ds_22_sample_id_58"], "group_9": ["ds_18_sample_id_39", "ds_485_sample_id_33", "ds_468_sample_id_0", "ds_654_sample_id_4", "ds_4_sample_id_26", "ds_448_sample_id_47", "ds_526_sample_id_38", "ds_671_sample_id_41", "ds_242_sample_id_34", "ds_374_sample_id_22", "ds_692_sample_id_32", "ds_620_sample_id_48", "ds_419_sample_id_8", "ds_265_sample_id_5", "ds_393_sample_id_16", "ds_60_sample_id_19", "ds_123_sample_id_35", "ds_22_sample_id_58", "ds_154_sample_id_27", "ds_653_sample_id_11"], "group_10": ["ds_18_sample_id_39", "ds_201_sample_id_31", "ds_671_sample_id_41", "ds_265_sample_id_5", "ds_58_sample_id_51", "ds_748_sample_id_46", "ds_817_sample_id_42"], "group_12": ["ds_18_sample_id_39", "ds_591_sample_id_54", "ds_710_sample_id_17", "ds_142_sample_id_23", "ds_387_sample_id_55", "ds_123_sample_id_35", "ds_799_sample_id_57", "ds_653_sample_id_11"], "group_17": ["ds_18_sample_id_39", "ds_387_sample_id_10", "ds_567_sample_id_13", "ds_4_sample_id_26", "ds_482_sample_id_3", "ds_751_sample_id_43", "ds_91_sample_id_20", "ds_242_sample_id_34", "ds_598_sample_id_45", "ds_419_sample_id_8", "ds_265_sample_id_5", "ds_125_sample_id_12", "ds_60_sample_id_19", "ds_387_sample_id_55", "ds_653_sample_id_11"], "group_19": ["ds_18_sample_id_39", "ds_787_sample_id_7", "ds_587_sample_id_49", "ds_374_sample_id_22", "ds_299_sample_id_24", "ds_419_sample_id_8", "ds_22_sample_id_58", "ds_653_sample_id_11"], "group_5": ["ds_804_sample_id_60", "ds_96_sample_id_29", "ds_654_sample_id_4", "ds_201_sample_id_31", "ds_242_sample_id_34", "ds_598_sample_id_45", "ds_229_sample_id_30", "ds_710_sample_id_17", "ds_265_sample_id_5", "ds_348_sample_id_40", "ds_58_sample_id_51", "ds_154_sample_id_27"], "group_8": ["ds_804_sample_id_60", "ds_96_sample_id_29", "ds_567_sample_id_13", "ds_587_sample_id_49", "ds_265_sample_id_5", "ds_58_sample_id_51", "ds_125_sample_id_12", "ds_123_sample_id_35"], "group_13": ["ds_804_sample_id_60", "ds_387_sample_id_10", "ds_468_sample_id_0", "ds_241_sample_id_18", "ds_598_sample_id_45", "ds_620_sample_id_48", "ds_299_sample_id_24", "ds_862_sample_id_25", "ds_791_sample_id_59", "ds_125_sample_id_12", "ds_748_sample_id_46", "ds_817_sample_id_42"], "group_1": ["ds_485_sample_id_33", "ds_387_sample_id_10", "ds_410_sample_id_9", "ds_448_sample_id_47", "ds_249_sample_id_6", "ds_201_sample_id_31", "ds_598_sample_id_45", "ds_239_sample_id_37", "ds_229_sample_id_30", "ds_83_sample_id_15", "ds_393_sample_id_16", "ds_348_sample_id_40", "ds_142_sample_id_23", "ds_791_sample_id_59"], "group_18": ["ds_485_sample_id_33", "ds_497_sample_id_1", "ds_732_sample_id_36", "ds_249_sample_id_6", "ds_316_sample_id_2", "ds_201_sample_id_31", "ds_587_sample_id_49", "ds_91_sample_id_20", "ds_832_sample_id_28", "ds_591_sample_id_54", "ds_299_sample_id_24", "ds_393_sample_id_16", "ds_58_sample_id_51", "ds_114_sample_id_53", "ds_791_sample_id_59", "ds_1_sample_id_14", "ds_154_sample_id_27"], "group_3": ["ds_168_sample_id_52", "ds_387_sample_id_10", "ds_34_sample_id_44", "ds_654_sample_id_4", "ds_241_sample_id_18", "ds_448_sample_id_47", "ds_393_sample_id_16", "ds_348_sample_id_40", "ds_141_sample_id_21", "ds_799_sample_id_57"], "group_11": ["ds_387_sample_id_10", "ds_497_sample_id_1", "ds_851_sample_id_56", "ds_787_sample_id_7", "ds_526_sample_id_38", "ds_316_sample_id_2", "ds_671_sample_id_41", "ds_832_sample_id_28", "ds_265_sample_id_5", "ds_141_sample_id_21", "ds_387_sample_id_55", "ds_748_sample_id_46"], "group_15": ["ds_387_sample_id_10", "ds_654_sample_id_4", "ds_787_sample_id_7", "ds_249_sample_id_6", "ds_419_sample_id_8", "ds_83_sample_id_15", "ds_60_sample_id_19", "ds_1_sample_id_14", "ds_154_sample_id_27", "ds_653_sample_id_11"], "group_7": ["ds_497_sample_id_1", "ds_654_sample_id_4", "ds_851_sample_id_56", "ds_410_sample_id_9", "ds_249_sample_id_6", "ds_482_sample_id_3", "ds_751_sample_id_43", "ds_692_sample_id_32", "ds_620_sample_id_48", "ds_83_sample_id_15", "ds_393_sample_id_16", "ds_141_sample_id_21", "ds_22_sample_id_58"], "group_14": ["ds_34_sample_id_44", "ds_567_sample_id_13", "ds_732_sample_id_36", "ds_526_sample_id_38", "ds_316_sample_id_2", "ds_482_sample_id_3", "ds_751_sample_id_43", "ds_374_sample_id_22", "ds_348_sample_id_40", "ds_862_sample_id_25", "ds_439_sample_id_50", "ds_142_sample_id_23", "ds_141_sample_id_21", "ds_387_sample_id_55", "ds_123_sample_id_35"], "group_16": ["ds_468_sample_id_0", "ds_241_sample_id_18", "ds_448_sample_id_47", "ds_732_sample_id_36", "ds_374_sample_id_22", "ds_620_sample_id_48", "ds_229_sample_id_30", "ds_419_sample_id_8", "ds_114_sample_id_53", "ds_791_sample_id_59", "ds_154_sample_id_27"], "group_4": ["ds_654_sample_id_4", "ds_851_sample_id_56", "ds_4_sample_id_26", "ds_242_sample_id_34", "ds_591_sample_id_54", "ds_598_sample_id_45", "ds_239_sample_id_37", "ds_620_sample_id_48", "ds_710_sample_id_17", "ds_265_sample_id_5", "ds_348_sample_id_40", "ds_142_sample_id_23", "ds_58_sample_id_51", "ds_748_sample_id_46", "ds_123_sample_id_35", "ds_653_sample_id_11"], "group_6": ["ds_410_sample_id_9", "ds_241_sample_id_18", "ds_620_sample_id_48", "ds_299_sample_id_24", "ds_265_sample_id_5", "ds_393_sample_id_16", "ds_114_sample_id_53"], "group_2": ["ds_242_sample_id_34", "ds_692_sample_id_32", "ds_598_sample_id_45", "ds_229_sample_id_30", "ds_710_sample_id_17", "ds_439_sample_id_50", "ds_142_sample_id_23", "ds_60_sample_id_19", "ds_154_sample_id_27", "ds_817_sample_id_42"]}}