{"ds_6296_sample_id_0": [], "ds_4378_sample_id_1": [], "ds_6344_sample_id_2": [], "ds_10502_sample_id_3": [], "ds_10513_sample_id_4": [], "ds_5492_sample_id_5": [], "ds_3214_sample_id_6": [], "ds_4007_sample_id_7": [], "ds_9727_sample_id_8": [], "ds_2353_sample_id_9": [], "ds_4724_sample_id_10": [], "ds_5316_sample_id_11": [], "ds_888_sample_id_12": [], "ds_10139_sample_id_13": [], "ds_2161_sample_id_14": [], "ds_2359_sample_id_15": [], "ds_6141_sample_id_16": [], "ds_2536_sample_id_17": [], "ds_11431_sample_id_18": [], "ds_8608_sample_id_19": [], "ds_9376_sample_id_20": [], "ds_10155_sample_id_21": [], "ds_3596_sample_id_22": [], "ds_8280_sample_id_23": [], "ds_4579_sample_id_24": [], "ds_7588_sample_id_25": [], "ds_1036_sample_id_26": [], "ds_2082_sample_id_27": [], "ds_3548_sample_id_28": [], "ds_580_sample_id_29": [], "ds_7966_sample_id_30": [], "ds_6480_sample_id_31": [], "ds_6738_sample_id_32": [], "ds_1723_sample_id_33": [], "ds_331_sample_id_34": [], "ds_2017_sample_id_35": [], "ds_2581_sample_id_36": [], "ds_10291_sample_id_37": [], "ds_7046_sample_id_38": [], "ds_9438_sample_id_39": [], "ds_8697_sample_id_40": [], "ds_5357_sample_id_41": [], "ds_6980_sample_id_42": [], "ds_3225_sample_id_43": [], "ds_3324_sample_id_44": [], "ds_2941_sample_id_45": [], "ds_80_sample_id_46": [], "ds_6512_sample_id_47": [], "ds_2636_sample_id_48": [], "ds_2041_sample_id_49": [], "ds_10129_sample_id_50": [], "ds_510_sample_id_51": [], "ds_3137_sample_id_52": [], "ds_6428_sample_id_53": [], "ds_10596_sample_id_54": [], "ds_9660_sample_id_55": [], "ds_6841_sample_id_56": [], "ds_3077_sample_id_57": [], "ds_5587_sample_id_58": [], "ds_9779_sample_id_59": [], "ds_2824_sample_id_60": [], "ds_8110_sample_id_61": [], "ds_2035_sample_id_62": [], "ds_8905_sample_id_63": [], "ds_6752_sample_id_64": [], "ds_5536_sample_id_65": [], "ds_7088_sample_id_66": [], "ds_6429_sample_id_67": [], "ds_3661_sample_id_68": [], "ds_1809_sample_id_69": [], "ds_1809_sample_id_70": [], "ds_6804_sample_id_71": [], "ds_10999_sample_id_72": [], "ds_7580_sample_id_73": [], "ds_9191_sample_id_74": [], "ds_9601_sample_id_75": [], "ds_6583_sample_id_76": [], "ds_3384_sample_id_77": [], "ds_4070_sample_id_78": [], "ds_1881_sample_id_79": [], "ds_11370_sample_id_80": [], "ds_1266_sample_id_81": [], "ds_5211_sample_id_82": [], "ds_11244_sample_id_83": [], "ds_2440_sample_id_84": [], "ds_5466_sample_id_85": [], "ds_3259_sample_id_86": [], "ds_11234_sample_id_87": [], "ds_4405_sample_id_88": [], "ds_5659_sample_id_89": [], "ds_2187_sample_id_90": [], "ds_4903_sample_id_91": [], "ds_7702_sample_id_92": [], "ds_6388_sample_id_93": [], "ds_6336_sample_id_94": [], "ds_9213_sample_id_95": [], "ds_7877_sample_id_96": [], "ds_11385_sample_id_97": [], "ds_2830_sample_id_98": [], "ds_5992_sample_id_99": [], "ds_4399_sample_id_100": [], "ds_2068_sample_id_101": [], "ds_1469_sample_id_102": [], "ds_4201_sample_id_103": [], "ds_1490_sample_id_104": [], "ds_4806_sample_id_105": [], "ds_936_sample_id_106": [], "ds_830_sample_id_107": [], "ds_4440_sample_id_108": [], "ds_8851_sample_id_109": [], "ds_4572_sample_id_110": [], "ds_3575_sample_id_111": [], "ds_3565_sample_id_112": [], "ds_2803_sample_id_113": [], "ds_8908_sample_id_114": [], "ds_6217_sample_id_115": [], "ds_9516_sample_id_116": [], "ds_5422_sample_id_117": [], "ds_3043_sample_id_118": [], "ds_9636_sample_id_119": [], "ds_9696_sample_id_120": [], "ds_5447_sample_id_121": [], "ds_3147_sample_id_122": [], "ds_9256_sample_id_123": [], "ds_1648_sample_id_124": [], "ds_8125_sample_id_125": [], "ds_3494_sample_id_126": [], "ds_7976_sample_id_127": [], "ds_4936_sample_id_128": [], "ds_5109_sample_id_129": [], "ds_3046_sample_id_130": [], "ds_2482_sample_id_131": [], "ds_8413_sample_id_132": [], "ds_2362_sample_id_133": [], "ds_1951_sample_id_134": [], "ds_2487_sample_id_135": [], "ds_51_sample_id_136": [], "ds_2012_sample_id_137": [], "ds_5839_sample_id_138": [], "ds_6889_sample_id_139": [], "ds_5791_sample_id_140": [], "ds_11309_sample_id_141": [], "ds_10139_sample_id_142": [], "ds_9972_sample_id_143": [], "ds_6817_sample_id_144": [], "ds_7960_sample_id_145": [], "ds_8186_sample_id_146": [], "ds_5600_sample_id_147": [], "ds_7756_sample_id_148": [], "ds_5782_sample_id_149": [], "ds_8261_sample_id_150": [], "ds_5657_sample_id_151": [], "ds_7655_sample_id_152": [], "ds_11058_sample_id_153": [], "ds_4176_sample_id_154": [], "ds_215_sample_id_155": [], "ds_908_sample_id_156": [], "ds_4983_sample_id_157": [], "ds_5394_sample_id_158": [], "ds_9702_sample_id_159": [], "ds_6179_sample_id_160": [], "ds_813_sample_id_161": [], "ds_10279_sample_id_162": [], "ds_9934_sample_id_163": [], "ds_9886_sample_id_164": [], "ds_3559_sample_id_165": [], "ds_5141_sample_id_166": [], "ds_7257_sample_id_167": [], "ds_4833_sample_id_168": [], "ds_6894_sample_id_169": [], "ds_10995_sample_id_170": [], "ds_1913_sample_id_171": [], "ds_10325_sample_id_172": [], "ds_2708_sample_id_173": [], "ds_587_sample_id_174": [], "ds_9248_sample_id_175": [], "ds_11272_sample_id_176": [], "ds_8712_sample_id_177": [], "ds_3657_sample_id_178": [], "ds_11017_sample_id_179": [], "ds_3051_sample_id_180": [], "ds_8743_sample_id_181": [], "ds_1063_sample_id_182": [], "ds_392_sample_id_183": [], "ds_10626_sample_id_184": [], "ds_1892_sample_id_185": [], "ds_4301_sample_id_186": [], "ds_4517_sample_id_187": [], "ds_36_sample_id_188": [], "ds_4900_sample_id_189": [], "ds_486_sample_id_190": [], "ds_3860_sample_id_191": [], "ds_862_sample_id_192": [], "ds_2764_sample_id_193": [], "ds_2567_sample_id_194": [], "ds_9244_sample_id_195": [], "ds_8568_sample_id_196": [], "ds_1420_sample_id_197": [], "ds_5376_sample_id_198": [], "ds_1534_sample_id_199": [], "ds_2696_sample_id_200": [], "ds_10575_sample_id_201": [], "ds_1439_sample_id_202": [], "ds_11318_sample_id_203": [], "ds_4063_sample_id_204": [], "ds_10785_sample_id_205": [], "ds_4763_sample_id_206": [], "ds_9870_sample_id_207": [], "ds_11143_sample_id_208": [], "ds_5905_sample_id_209": [], "ds_6357_sample_id_210": [], "ds_6706_sample_id_211": [], "ds_1140_sample_id_212": [], "ds_202_sample_id_213": [], "ds_6140_sample_id_214": [], "ds_10739_sample_id_215": [], "ds_5559_sample_id_216": [], "ds_6116_sample_id_217": [], "ds_9636_sample_id_218": [], "ds_9629_sample_id_219": [], "ds_8706_sample_id_220": [], "ds_7263_sample_id_221": [], "ds_948_sample_id_222": [], "ds_5308_sample_id_223": [], "ds_11399_sample_id_224": [], "ds_11308_sample_id_225": [], "ds_1627_sample_id_226": [], "ds_4723_sample_id_227": [], "ds_11488_sample_id_228": [], "ds_2004_sample_id_229": [], "ds_9837_sample_id_230": [], "ds_5348_sample_id_231": [], "ds_7704_sample_id_232": [], "ds_9806_sample_id_233": [], "ds_1663_sample_id_234": [], "ds_6587_sample_id_235": [], "ds_8447_sample_id_236": [], "ds_7795_sample_id_237": [], "ds_6534_sample_id_238": [], "ds_1615_sample_id_239": [], "ds_8120_sample_id_240": [], "ds_6047_sample_id_241": [], "ds_9991_sample_id_242": [], "ds_6511_sample_id_243": [], "ds_7442_sample_id_244": [], "ds_1566_sample_id_245": [], "ds_6947_sample_id_246": [], "ds_5028_sample_id_247": [], "ds_2623_sample_id_248": [], "ds_9775_sample_id_249": [], "ds_5644_sample_id_250": [], "ds_3319_sample_id_251": [], "ds_2411_sample_id_252": [], "ds_850_sample_id_253": [], "ds_10301_sample_id_254": [], "ds_4204_sample_id_255": [], "ds_10034_sample_id_256": [], "ds_7338_sample_id_257": [], "ds_3670_sample_id_258": [], "ds_9967_sample_id_259": [], "ds_4058_sample_id_260": [], "ds_1608_sample_id_261": [], "ds_9268_sample_id_262": [], "ds_8661_sample_id_263": [], "ds_721_sample_id_264": [], "ds_8173_sample_id_265": [], "ds_3681_sample_id_266": [], "ds_9848_sample_id_267": [], "ds_8500_sample_id_268": [], "ds_8900_sample_id_269": [], "ds_4671_sample_id_270": [], "ds_11437_sample_id_271": [], "ds_5049_sample_id_272": [], "ds_8123_sample_id_273": [], "ds_7324_sample_id_274": [], "ds_10640_sample_id_275": [], "ds_4602_sample_id_276": [], "ds_1450_sample_id_277": [], "ds_11416_sample_id_278": [], "ds_8644_sample_id_279": [], "ds_8169_sample_id_280": [], "ds_9099_sample_id_281": [], "ds_2631_sample_id_282": [], "ds_3955_sample_id_283": [], "ds_10755_sample_id_284": [], "ds_10023_sample_id_285": [], "ds_2442_sample_id_286": [], "ds_9207_sample_id_287": [], "ds_10731_sample_id_288": [], "ds_7772_sample_id_289": [], "ds_3232_sample_id_290": [], "ds_10870_sample_id_291": [], "ds_6815_sample_id_292": [], "ds_10400_sample_id_293": [], "ds_1897_sample_id_294": [], "ds_163_sample_id_295": [], "ds_2321_sample_id_296": [], "ds_10795_sample_id_297": [], "ds_10015_sample_id_298": [], "ds_1454_sample_id_299": [], "ds_3422_sample_id_300": [], "ds_4427_sample_id_301": [], "ds_11032_sample_id_302": [], "ds_1582_sample_id_303": [], "ds_7665_sample_id_304": [], "ds_420_sample_id_305": [], "ds_917_sample_id_306": [], "ds_1283_sample_id_307": [], "ds_5657_sample_id_308": [], "ds_3718_sample_id_309": [], "ds_4251_sample_id_310": [], "ds_7758_sample_id_311": [], "ds_7716_sample_id_312": [], "ds_9842_sample_id_313": [], "ds_1366_sample_id_314": [], "ds_2383_sample_id_315": [], "ds_3045_sample_id_316": [], "ds_10419_sample_id_317": [], "ds_5990_sample_id_318": [], "ds_741_sample_id_319": [], "ds_8721_sample_id_320": [], "ds_7970_sample_id_321": [], "ds_8902_sample_id_322": [], "ds_583_sample_id_323": [], "ds_9403_sample_id_324": [], "ds_480_sample_id_325": [], "ds_8471_sample_id_326": [], "ds_7206_sample_id_327": [], "ds_2618_sample_id_328": [], "ds_1186_sample_id_329": [], "ds_2734_sample_id_330": [], "ds_9529_sample_id_331": [], "ds_7964_sample_id_332": [], "ds_3204_sample_id_333": [], "ds_6131_sample_id_334": [], "ds_752_sample_id_335": [], "ds_8428_sample_id_336": [], "ds_4608_sample_id_337": [], "ds_4175_sample_id_338": [], "ds_575_sample_id_339": [], "ds_5626_sample_id_340": [], "ds_5037_sample_id_341": [], "ds_4547_sample_id_342": [], "ds_5938_sample_id_343": [], "ds_6725_sample_id_344": [], "ds_10587_sample_id_345": [], "ds_7564_sample_id_346": [], "ds_1298_sample_id_347": [], "ds_11194_sample_id_348": [], "ds_4707_sample_id_349": [], "ds_10073_sample_id_350": [], "ds_5935_sample_id_351": [], "ds_9664_sample_id_352": [], "ds_2914_sample_id_353": [], "ds_10543_sample_id_354": [], "ds_5143_sample_id_355": [], "ds_7087_sample_id_356": [], "ds_5193_sample_id_357": [], "ds_428_sample_id_358": [], "ds_640_sample_id_359": [], "ds_9331_sample_id_360": [], "ds_3229_sample_id_361": [], "ds_215_sample_id_362": [], "ds_8098_sample_id_363": [], "ds_4497_sample_id_364": [], "ds_10254_sample_id_365": [], "ds_11463_sample_id_366": [], "ds_9201_sample_id_367": [], "ds_11456_sample_id_368": [], "ds_11097_sample_id_369": [], "ds_7433_sample_id_370": [], "ds_6748_sample_id_371": [], "ds_4220_sample_id_372": [], "ds_9165_sample_id_373": [], "ds_379_sample_id_374": [], "ds_10760_sample_id_375": [], "ds_7038_sample_id_376": [], "ds_3755_sample_id_377": [], "ds_6458_sample_id_378": [], "ds_9391_sample_id_379": [], "ds_11478_sample_id_380": [], "ds_5052_sample_id_381": [], "ds_3095_sample_id_382": [], "ds_516_sample_id_383": [], "ds_1009_sample_id_384": [], "ds_4710_sample_id_385": [], "ds_6091_sample_id_386": [], "ds_9150_sample_id_387": [], "ds_1106_sample_id_388": [], "ds_11219_sample_id_389": [], "ds_511_sample_id_390": [], "ds_7443_sample_id_391": [], "ds_6106_sample_id_392": [], "ds_6451_sample_id_393": [], "ds_2726_sample_id_394": [], "ds_11055_sample_id_395": [], "ds_6546_sample_id_396": [], "ds_5722_sample_id_397": [], "ds_3838_sample_id_398": [], "ds_8607_sample_id_399": [], "ds_2428_sample_id_400": [], "ds_5420_sample_id_401": [], "ds_7072_sample_id_402": [], "ds_6891_sample_id_403": [], "ds_1953_sample_id_404": [], "ds_6341_sample_id_405": [], "ds_3454_sample_id_406": [], "ds_1773_sample_id_407": [], "ds_5303_sample_id_408": [], "ds_8797_sample_id_409": [], "ds_281_sample_id_410": [], "ds_5652_sample_id_411": [], "ds_10490_sample_id_412": [], "ds_3756_sample_id_413": [], "ds_11058_sample_id_414": [], "ds_5620_sample_id_415": [], "ds_4673_sample_id_416": [], "ds_886_sample_id_417": [], "ds_10580_sample_id_418": [], "ds_8797_sample_id_419": [], "ds_4853_sample_id_420": [], "ds_613_sample_id_421": [], "ds_5958_sample_id_422": [], "ds_1302_sample_id_423": [], "ds_3621_sample_id_424": [], "ds_11055_sample_id_425": [], "ds_6555_sample_id_426": [], "ds_2623_sample_id_427": [], "ds_1557_sample_id_428": [], "ds_3717_sample_id_429": [], "ds_8076_sample_id_430": [], "ds_11312_sample_id_431": [], "ds_7856_sample_id_432": [], "ds_7630_sample_id_433": [], "ds_3143_sample_id_434": [], "ds_8927_sample_id_435": [], "ds_954_sample_id_436": [], "ds_1086_sample_id_437": [], "ds_4782_sample_id_438": [], "ds_10814_sample_id_439": [], "ds_6462_sample_id_440": [], "ds_9843_sample_id_441": [], "ds_2009_sample_id_442": [], "ds_7414_sample_id_443": [], "ds_7029_sample_id_444": [], "ds_6854_sample_id_445": [], "ds_10608_sample_id_446": [], "ds_2258_sample_id_447": [], "ds_670_sample_id_448": [], "ds_4582_sample_id_449": [], "ds_10222_sample_id_450": [], "ds_421_sample_id_451": [], "ds_1623_sample_id_452": [], "ds_4017_sample_id_453": [], "ds_8730_sample_id_454": [], "ds_7472_sample_id_455": [], "ds_5386_sample_id_456": [], "ds_2044_sample_id_457": [], "ds_9577_sample_id_458": [], "ds_6722_sample_id_459": [], "ds_11162_sample_id_460": [], "ds_8214_sample_id_461": [], "ds_4808_sample_id_462": [], "ds_4778_sample_id_463": [], "ds_4537_sample_id_464": [], "ds_6617_sample_id_465": [], "ds_2072_sample_id_466": [], "ds_2407_sample_id_467": [], "ds_4134_sample_id_468": [], "ds_9900_sample_id_469": [], "ds_2193_sample_id_470": [], "ds_2952_sample_id_471": [], "ds_7300_sample_id_472": [], "ds_10356_sample_id_473": [], "ds_5472_sample_id_474": [], "ds_1573_sample_id_475": [], "ds_4692_sample_id_476": [], "ds_8309_sample_id_477": [], "ds_4715_sample_id_478": [], "ds_1344_sample_id_479": [], "ds_961_sample_id_480": [], "ds_9105_sample_id_481": [], "ds_7283_sample_id_482": [], "ds_5086_sample_id_483": [], "ds_330_sample_id_484": [], "ds_7759_sample_id_485": [], "ds_9842_sample_id_486": [], "ds_4340_sample_id_487": [], "ds_9702_sample_id_488": [], "ds_10859_sample_id_489": [], "ds_9027_sample_id_490": [], "ds_8490_sample_id_491": [], "ds_7189_sample_id_492": [], "ds_2159_sample_id_493": [], "ds_3417_sample_id_494": [], "ds_8957_sample_id_495": [], "ds_4067_sample_id_496": [], "ds_10659_sample_id_497": [], "ds_5271_sample_id_498": [], "ds_7889_sample_id_499": [], "ds_5224_sample_id_500": [], "ds_4248_sample_id_501": [], "ds_4527_sample_id_502": [], "ds_8655_sample_id_503": [], "ds_10373_sample_id_504": [], "ds_1239_sample_id_505": [], "ds_10884_sample_id_506": [], "ds_5949_sample_id_507": [], "ds_6897_sample_id_508": [], "ds_8604_sample_id_509": [], "ds_6176_sample_id_510": [], "ds_542_sample_id_511": [], "ds_10705_sample_id_512": [], "ds_2267_sample_id_513": [], "ds_2652_sample_id_514": [], "ds_5394_sample_id_515": [], "ds_5910_sample_id_516": [], "ds_6019_sample_id_517": [], "ds_11311_sample_id_518": [], "ds_351_sample_id_519": [], "ds_6550_sample_id_520": [], "ds_10875_sample_id_521": [], "ds_5188_sample_id_522": [], "ds_4584_sample_id_523": [], "ds_3667_sample_id_524": [], "ds_3595_sample_id_525": [], "ds_5100_sample_id_526": [], "ds_1880_sample_id_527": [], "ds_1561_sample_id_528": [], "ds_2288_sample_id_529": [], "ds_8677_sample_id_530": [], "ds_1957_sample_id_531": [], "ds_5576_sample_id_532": [], "ds_10055_sample_id_533": [], "ds_4303_sample_id_534": [], "ds_4926_sample_id_535": [], "ds_465_sample_id_536": [], "ds_8524_sample_id_537": [], "ds_1808_sample_id_538": [], "ds_312_sample_id_539": [], "ds_1058_sample_id_540": [], "ds_7605_sample_id_541": [], "ds_10179_sample_id_542": [], "ds_2106_sample_id_543": [], "ds_4267_sample_id_544": [], "ds_5301_sample_id_545": [], "ds_4307_sample_id_546": [], "ds_11185_sample_id_547": [], "ds_4122_sample_id_548": [], "ds_7098_sample_id_549": [], "ds_1922_sample_id_550": [], "ds_23_sample_id_551": [], "ds_9697_sample_id_552": [], "ds_4677_sample_id_553": [], "ds_6425_sample_id_554": [], "ds_5983_sample_id_555": [], "ds_811_sample_id_556": [], "ds_10625_sample_id_557": [], "ds_4752_sample_id_558": [], "ds_5615_sample_id_559": [], "ds_149_sample_id_560": [], "ds_9006_sample_id_561": [], "ds_6125_sample_id_562": [], "ds_9439_sample_id_563": [], "ds_8673_sample_id_564": [], "ds_11234_sample_id_565": [], "ds_8268_sample_id_566": [], "ds_1057_sample_id_567": [], "ds_1566_sample_id_568": [], "ds_5697_sample_id_569": [], "ds_3548_sample_id_570": [], "ds_3949_sample_id_571": [], "ds_3179_sample_id_572": [], "ds_10855_sample_id_573": [], "ds_8833_sample_id_574": [], "ds_10194_sample_id_575": [], "ds_4396_sample_id_576": [], "ds_575_sample_id_577": [], "ds_10405_sample_id_578": [], "ds_3885_sample_id_579": [], "ds_1039_sample_id_580": [], "ds_7727_sample_id_581": [], "ds_8770_sample_id_582": [], "ds_126_sample_id_583": [], "ds_10724_sample_id_584": [], "ds_9309_sample_id_585": [], "ds_2978_sample_id_586": [], "ds_4682_sample_id_587": [], "ds_8172_sample_id_588": [], "ds_6188_sample_id_589": [], "ds_4942_sample_id_590": [], "ds_6152_sample_id_591": [], "ds_5382_sample_id_592": [], "ds_5788_sample_id_593": [], "ds_7543_sample_id_594": [], "ds_7229_sample_id_595": [], "ds_3710_sample_id_596": [], "ds_3972_sample_id_597": [], "ds_7436_sample_id_598": [], "ds_2560_sample_id_599": [], "ds_5750_sample_id_600": [], "ds_1983_sample_id_601": [], "ds_5620_sample_id_602": [], "ds_2828_sample_id_603": [], "ds_2903_sample_id_604": [], "ds_6656_sample_id_605": [], "ds_4706_sample_id_606": [], "ds_628_sample_id_607": [], "ds_3881_sample_id_608": [], "ds_5626_sample_id_609": [], "ds_4285_sample_id_610": [], "ds_11447_sample_id_611": [], "ds_1676_sample_id_612": [], "ds_9168_sample_id_613": [], "ds_2663_sample_id_614": [], "ds_6528_sample_id_615": [], "ds_7156_sample_id_616": [], "ds_3064_sample_id_617": [], "ds_4066_sample_id_618": [], "ds_6298_sample_id_619": [], "ds_2793_sample_id_620": [], "ds_6538_sample_id_621": [], "ds_10575_sample_id_622": [], "ds_11386_sample_id_623": [], "ds_9339_sample_id_624": [], "ds_8169_sample_id_625": [], "ds_1130_sample_id_626": [], "ds_5570_sample_id_627": [], "ds_8107_sample_id_628": [], "ds_7697_sample_id_629": [], "ds_2515_sample_id_630": [], "ds_4436_sample_id_631": [], "ds_9380_sample_id_632": [], "ds_4521_sample_id_633": [], "ds_106_sample_id_634": [], "ds_5940_sample_id_635": [], "ds_8914_sample_id_636": [], "ds_6709_sample_id_637": [], "ds_10853_sample_id_638": [], "ds_4926_sample_id_639": [], "ds_233_sample_id_640": [], "ds_10947_sample_id_641": [], "ds_137_sample_id_642": [], "ds_10987_sample_id_643": [], "ds_4644_sample_id_644": [], "ds_4806_sample_id_645": [], "ds_10177_sample_id_646": [], "ds_8961_sample_id_647": [], "ds_4429_sample_id_648": [], "ds_482_sample_id_649": [], "ds_8324_sample_id_650": [], "ds_4699_sample_id_651": [], "ds_10107_sample_id_652": [], "ds_8027_sample_id_653": [], "ds_2635_sample_id_654": [], "ds_3990_sample_id_655": [], "ds_6920_sample_id_656": [], "ds_4040_sample_id_657": [], "ds_3018_sample_id_658": [], "ds_7093_sample_id_659": [], "ds_7065_sample_id_660": [], "ds_6543_sample_id_661": [], "ds_1651_sample_id_662": [], "ds_2008_sample_id_663": [], "ds_2781_sample_id_664": [], "ds_2419_sample_id_665": [], "ds_9158_sample_id_666": [], "ds_2381_sample_id_667": [], "ds_2824_sample_id_668": [], "ds_915_sample_id_669": [], "ds_9723_sample_id_670": [], "ds_2294_sample_id_671": [], "ds_3051_sample_id_672": [], "ds_1892_sample_id_673": [], "ds_273_sample_id_674": [], "ds_10216_sample_id_675": [], "ds_941_sample_id_676": [], "ds_3605_sample_id_677": [], "ds_4739_sample_id_678": [], "ds_4953_sample_id_679": [], "ds_678_sample_id_680": [], "ds_80_sample_id_681": [], "ds_3983_sample_id_682": [], "ds_2970_sample_id_683": [], "ds_11427_sample_id_684": [], "ds_4784_sample_id_685": [], "ds_3300_sample_id_686": [], "ds_3852_sample_id_687": [], "ds_2834_sample_id_688": []}