{"ds_191_sample_id_0": [], "ds_8_sample_id_1": [], "ds_170_sample_id_2": [], "ds_184_sample_id_3": [], "ds_73_sample_id_4": [], "ds_32_sample_id_5": [], "ds_158_sample_id_6": [], "ds_3_sample_id_7": [], "ds_51_sample_id_8": [], "ds_133_sample_id_9": [], "ds_163_sample_id_10": [], "ds_87_sample_id_11": [], "ds_78_sample_id_12": [], "ds_3_sample_id_13": [], "ds_115_sample_id_14": [], "ds_181_sample_id_15": [], "ds_193_sample_id_16": [], "ds_186_sample_id_17": [], "ds_85_sample_id_18": [], "ds_178_sample_id_19": [], "ds_35_sample_id_20": [], "ds_188_sample_id_21": [], "ds_173_sample_id_22": [], "ds_115_sample_id_23": [], "ds_44_sample_id_24": [], "ds_31_sample_id_25": [], "ds_6_sample_id_26": [], "ds_17_sample_id_27": [], "ds_61_sample_id_28": [], "ds_24_sample_id_29": [], "ds_61_sample_id_30": [], "ds_187_sample_id_31": [], "ds_122_sample_id_32": [], "ds_185_sample_id_33": [], "ds_137_sample_id_34": [], "ds_137_sample_id_35": [], "ds_98_sample_id_36": [], "ds_169_sample_id_37": [], "ds_64_sample_id_38": [], "ds_38_sample_id_39": [], "ds_166_sample_id_40": [], "ds_77_sample_id_41": [], "ds_37_sample_id_42": [], "ds_118_sample_id_43": [], "ds_84_sample_id_44": [], "ds_171_sample_id_45": [], "ds_31_sample_id_46": [], "ds_88_sample_id_47": [], "ds_163_sample_id_48": [], "ds_30_sample_id_49": [], "ds_122_sample_id_50": [], "ds_77_sample_id_51": [], "ds_22_sample_id_52": [], "ds_69_sample_id_53": [], "ds_32_sample_id_54": [], "ds_121_sample_id_55": [], "ds_39_sample_id_56": [], "ds_68_sample_id_57": [], "ds_189_sample_id_58": [], "ds_35_sample_id_59": [], "ds_68_sample_id_60": [], "ds_47_sample_id_61": [], "ds_47_sample_id_62": [], "ds_189_sample_id_63": [], "ds_127_sample_id_64": [], "ds_186_sample_id_65": [], "ds_43_sample_id_66": [], "ds_149_sample_id_67": [], "ds_189_sample_id_68": [], "ds_10_sample_id_69": [], "ds_178_sample_id_70": [], "ds_114_sample_id_71": [], "ds_161_sample_id_72": [], "ds_107_sample_id_73": [], "ds_42_sample_id_74": [], "ds_154_sample_id_75": [], "ds_98_sample_id_76": [], "ds_71_sample_id_77": [], "ds_52_sample_id_78": [], "ds_155_sample_id_79": [], "ds_14_sample_id_80": [], "ds_48_sample_id_81": [], "ds_4_sample_id_82": [], "ds_56_sample_id_83": [], "ds_72_sample_id_84": [], "ds_77_sample_id_85": [], "ds_171_sample_id_86": [], "ds_103_sample_id_87": [], "ds_180_sample_id_88": [], "ds_134_sample_id_89": [], "ds_20_sample_id_90": [], "ds_119_sample_id_91": [], "ds_182_sample_id_92": [], "ds_50_sample_id_93": [], "ds_15_sample_id_94": [], "ds_26_sample_id_95": [], "ds_115_sample_id_96": [], "ds_193_sample_id_97": [], "ds_18_sample_id_98": [], "ds_145_sample_id_99": [], "ds_188_sample_id_100": [], "ds_99_sample_id_101": [], "ds_98_sample_id_102": [], "ds_157_sample_id_103": [], "ds_24_sample_id_104": [], "ds_83_sample_id_105": [], "ds_151_sample_id_106": [], "ds_112_sample_id_107": [], "ds_164_sample_id_108": [], "ds_37_sample_id_109": [], "ds_185_sample_id_110": [], "ds_61_sample_id_111": [], "ds_83_sample_id_112": [], "ds_171_sample_id_113": [], "ds_162_sample_id_114": [], "ds_176_sample_id_115": [], "ds_59_sample_id_116": [], "ds_26_sample_id_117": [], "ds_7_sample_id_118": [], "ds_123_sample_id_119": [], "ds_85_sample_id_120": [], "ds_40_sample_id_121": [], "ds_109_sample_id_122": [], "ds_70_sample_id_123": [], "ds_68_sample_id_124": [], "ds_118_sample_id_125": [], "ds_94_sample_id_126": [], "ds_15_sample_id_127": [], "ds_178_sample_id_128": []}