{"ds_10506_sample_id_0": [], "ds_8672_sample_id_1": [], "ds_8877_sample_id_2": [], "ds_328_sample_id_3": [], "ds_8349_sample_id_4": [], "ds_9456_sample_id_5": [], "ds_9865_sample_id_6": [], "ds_1762_sample_id_7": [], "ds_5245_sample_id_8": [], "ds_1297_sample_id_9": [], "ds_8786_sample_id_10": [], "ds_1038_sample_id_11": [], "ds_3969_sample_id_12": [], "ds_2696_sample_id_13": [], "ds_4512_sample_id_14": [], "ds_10104_sample_id_15": [], "ds_6712_sample_id_16": [], "ds_9636_sample_id_17": [], "ds_5507_sample_id_18": [], "ds_5351_sample_id_19": [], "ds_5663_sample_id_20": [], "ds_6592_sample_id_21": [], "ds_4457_sample_id_22": [], "ds_8792_sample_id_23": [], "ds_3447_sample_id_24": [], "ds_1680_sample_id_25": [], "ds_4709_sample_id_26": [], "ds_3256_sample_id_27": [], "ds_9357_sample_id_28": [], "ds_569_sample_id_29": [], "ds_8714_sample_id_30": [], "ds_1434_sample_id_31": [], "ds_1891_sample_id_32": [], "ds_9616_sample_id_33": [], "ds_11223_sample_id_34": [], "ds_2831_sample_id_35": [], "ds_2374_sample_id_36": [], "ds_5167_sample_id_37": [], "ds_1734_sample_id_38": [], "ds_10274_sample_id_39": [], "ds_6900_sample_id_40": [], "ds_9762_sample_id_41": [], "ds_5189_sample_id_42": [], "ds_989_sample_id_43": [], "ds_7571_sample_id_44": [], "ds_8599_sample_id_45": [], "ds_10770_sample_id_46": [], "ds_6539_sample_id_47": [], "ds_1915_sample_id_48": [], "ds_3275_sample_id_49": [], "ds_6731_sample_id_50": [], "ds_2110_sample_id_51": [], "ds_343_sample_id_52": [], "ds_11271_sample_id_53": [], "ds_107_sample_id_54": [], "ds_6504_sample_id_55": [], "ds_935_sample_id_56": [], "ds_3698_sample_id_57": [], "ds_8012_sample_id_58": [], "ds_10647_sample_id_59": [], "ds_10241_sample_id_60": [], "ds_7442_sample_id_61": [], "ds_8244_sample_id_62": [], "ds_622_sample_id_63": [], "ds_1973_sample_id_64": [], "ds_10660_sample_id_65": [], "ds_1043_sample_id_66": [], "ds_10244_sample_id_67": [], "ds_3273_sample_id_68": [], "ds_4354_sample_id_69": [], "ds_1287_sample_id_70": [], "ds_1763_sample_id_71": [], "ds_7623_sample_id_72": [], "ds_10663_sample_id_73": [], "ds_2986_sample_id_74": [], "ds_2236_sample_id_75": [], "ds_1731_sample_id_76": [], "ds_9309_sample_id_77": [], "ds_8709_sample_id_78": [], "ds_9482_sample_id_79": [], "ds_9227_sample_id_80": [], "ds_4888_sample_id_81": [], "ds_4930_sample_id_82": [], "ds_7470_sample_id_83": [], "ds_5435_sample_id_84": [], "ds_9033_sample_id_85": [], "ds_9408_sample_id_86": [], "ds_2834_sample_id_87": [], "ds_9790_sample_id_88": [], "ds_6573_sample_id_89": [], "ds_8988_sample_id_90": [], "ds_10919_sample_id_91": [], "ds_7771_sample_id_92": [], "ds_6507_sample_id_93": [], "ds_3022_sample_id_94": [], "ds_2206_sample_id_95": [], "ds_1943_sample_id_96": [], "ds_8926_sample_id_97": [], "ds_1487_sample_id_98": [], "ds_8684_sample_id_99": [], "ds_3523_sample_id_100": [], "ds_9690_sample_id_101": [], "ds_7171_sample_id_102": [], "ds_8621_sample_id_103": [], "ds_8784_sample_id_104": [], "ds_9013_sample_id_105": [], "ds_1450_sample_id_106": [], "ds_9033_sample_id_107": [], "ds_2283_sample_id_108": [], "ds_694_sample_id_109": [], "ds_10547_sample_id_110": [], "ds_3400_sample_id_111": [], "ds_1333_sample_id_112": [], "ds_8238_sample_id_113": [], "ds_770_sample_id_114": [], "ds_2612_sample_id_115": [], "ds_9503_sample_id_116": [], "ds_4242_sample_id_117": [], "ds_3924_sample_id_118": [], "ds_2185_sample_id_119": [], "ds_10724_sample_id_120": [], "ds_8302_sample_id_121": [], "ds_9746_sample_id_122": [], "ds_1467_sample_id_123": [], "ds_214_sample_id_124": [], "ds_9982_sample_id_125": []}