{"ds_54_sample_id_0": [], "ds_307_sample_id_1": [], "ds_401_sample_id_2": [], "ds_510_sample_id_3": [], "ds_510_sample_id_4": [], "ds_79_sample_id_5": [], "ds_244_sample_id_6": [], "ds_363_sample_id_7": [], "ds_287_sample_id_8": [], "ds_426_sample_id_9": [], "ds_307_sample_id_10": [], "ds_349_sample_id_11": [], "ds_512_sample_id_12": [], "ds_15_sample_id_13": [], "ds_103_sample_id_14": ["DOMAIN_NAME", "IP_ADDRESS"], "ds_364_sample_id_15": [], "ds_382_sample_id_16": ["LOCATION", "PERSON", "PHONE_NUMBER"], "ds_374_sample_id_17": [], "ds_445_sample_id_18": [], "ds_474_sample_id_19": [], "ds_132_sample_id_20": [], "ds_147_sample_id_21": [], "ds_19_sample_id_22": [], "ds_404_sample_id_23": ["DOMAIN_NAME", "IP_ADDRESS", "PERSON", "US_DRIVER_LICENSE"], "ds_494_sample_id_24": [], "ds_106_sample_id_25": [], "ds_115_sample_id_26": [], "ds_46_sample_id_27": [], "ds_141_sample_id_28": [], "ds_366_sample_id_29": [], "ds_416_sample_id_30": [], "ds_47_sample_id_31": ["DOMAIN_NAME", "IP_ADDRESS"], "ds_43_sample_id_32": [], "ds_504_sample_id_33": [], "ds_264_sample_id_34": [], "ds_333_sample_id_35": [], "ds_70_sample_id_36": [], "ds_519_sample_id_37": [], "ds_222_sample_id_38": [], "ds_267_sample_id_39": [], "ds_293_sample_id_40": [], "ds_50_sample_id_41": ["DOMAIN_NAME", "IP_ADDRESS", "US_DRIVER_LICENSE"], "ds_449_sample_id_42": [], "ds_321_sample_id_43": [], "ds_522_sample_id_44": [], "ds_519_sample_id_45": [], "ds_291_sample_id_46": [], "ds_310_sample_id_47": ["DOMAIN_NAME", "IP_ADDRESS", "LOCATION", "PERSON", "US_DRIVER_LICENSE"], "ds_234_sample_id_48": [], "ds_460_sample_id_49": [], "ds_165_sample_id_50": [], "ds_327_sample_id_51": [], "ds_204_sample_id_52": [], "ds_318_sample_id_53": [], "ds_405_sample_id_54": [], "ds_447_sample_id_55": [], "ds_12_sample_id_56": [], "ds_43_sample_id_57": [], "ds_424_sample_id_58": [], "ds_467_sample_id_59": [], "ds_499_sample_id_60": [], "ds_42_sample_id_61": ["DOMAIN_NAME", "LOCATION"], "ds_3_sample_id_62": [], "ds_516_sample_id_63": [], "ds_259_sample_id_64": [], "ds_6_sample_id_65": [], "ds_151_sample_id_66": [], "ds_220_sample_id_67": [], "ds_251_sample_id_68": [], "ds_305_sample_id_69": [], "ds_202_sample_id_70": [], "ds_192_sample_id_71": [], "ds_299_sample_id_72": [], "ds_36_sample_id_73": [], "ds_285_sample_id_74": [], "ds_534_sample_id_75": [], "ds_323_sample_id_76": [], "ds_72_sample_id_77": [], "ds_21_sample_id_78": [], "ds_296_sample_id_79": [], "ds_290_sample_id_80": [], "ds_166_sample_id_81": [], "ds_22_sample_id_82": [], "ds_357_sample_id_83": [], "ds_6_sample_id_84": [], "ds_366_sample_id_85": [], "ds_0_sample_id_86": [], "ds_355_sample_id_87": ["DOMAIN_NAME", "IP_ADDRESS", "LOCATION", "PERSON"], "ds_501_sample_id_88": [], "ds_283_sample_id_89": [], "ds_139_sample_id_90": [], "ds_113_sample_id_91": [], "ds_452_sample_id_92": [], "ds_392_sample_id_93": [], "ds_401_sample_id_94": [], "ds_21_sample_id_95": [], "ds_535_sample_id_96": [], "ds_84_sample_id_97": [], "ds_401_sample_id_98": [], "ds_378_sample_id_99": ["CREDIT_CARD", "DOMAIN_NAME", "IP_ADDRESS"], "ds_284_sample_id_100": [], "ds_542_sample_id_101": [], "ds_479_sample_id_102": [], "ds_512_sample_id_103": [], "ds_95_sample_id_104": [], "ds_522_sample_id_105": [], "ds_486_sample_id_106": [], "ds_15_sample_id_107": [], "ds_515_sample_id_108": [], "ds_37_sample_id_109": [], "ds_470_sample_id_110": [], "ds_146_sample_id_111": [], "ds_268_sample_id_112": [], "ds_373_sample_id_113": [], "ds_166_sample_id_114": [], "ds_356_sample_id_115": ["DOMAIN_NAME", "IP_ADDRESS", "LOCATION", "PERSON"], "ds_165_sample_id_116": [], "ds_277_sample_id_117": [], "ds_485_sample_id_118": [], "ds_222_sample_id_119": [], "ds_11_sample_id_120": [], "ds_340_sample_id_121": [], "ds_271_sample_id_122": [], "ds_413_sample_id_123": [], "ds_246_sample_id_124": [], "ds_39_sample_id_125": [], "ds_338_sample_id_126": [], "ds_427_sample_id_127": [], "ds_297_sample_id_128": [], "ds_263_sample_id_129": [], "ds_54_sample_id_130": [], "ds_501_sample_id_131": [], "ds_87_sample_id_132": [], "ds_180_sample_id_133": [], "ds_37_sample_id_134": [], "ds_247_sample_id_135": [], "ds_106_sample_id_136": [], "ds_38_sample_id_137": [], "ds_430_sample_id_138": [], "ds_505_sample_id_139": [], "ds_502_sample_id_140": [], "ds_262_sample_id_141": [], "ds_325_sample_id_142": [], "ds_34_sample_id_143": [], "ds_197_sample_id_144": [], "ds_98_sample_id_145": ["DOMAIN_NAME", "IP_ADDRESS", "LOCATION", "US_DRIVER_LICENSE"], "ds_322_sample_id_146": [], "ds_210_sample_id_147": [], "ds_468_sample_id_148": [], "ds_246_sample_id_149": [], "ds_426_sample_id_150": [], "ds_67_sample_id_151": [], "ds_4_sample_id_152": [], "ds_287_sample_id_153": [], "ds_382_sample_id_154": ["LOCATION", "PERSON", "PHONE_NUMBER"], "ds_498_sample_id_155": [], "ds_321_sample_id_156": [], "ds_27_sample_id_157": [], "ds_81_sample_id_158": [], "ds_238_sample_id_159": [], "ds_360_sample_id_160": [], "ds_102_sample_id_161": ["CREDIT_CARD", "IP_ADDRESS"], "ds_396_sample_id_162": [], "ds_155_sample_id_163": [], "ds_505_sample_id_164": [], "ds_232_sample_id_165": [], "ds_514_sample_id_166": [], "ds_367_sample_id_167": [], "ds_55_sample_id_168": [], "ds_298_sample_id_169": [], "ds_352_sample_id_170": ["LOCATION"], "ds_45_sample_id_171": [], "ds_23_sample_id_172": [], "ds_18_sample_id_173": [], "ds_238_sample_id_174": [], "ds_453_sample_id_175": [], "ds_535_sample_id_176": [], "ds_493_sample_id_177": [], "ds_87_sample_id_178": [], "ds_436_sample_id_179": [], "ds_454_sample_id_180": [], "ds_536_sample_id_181": [], "ds_188_sample_id_182": [], "ds_374_sample_id_183": [], "ds_493_sample_id_184": [], "ds_407_sample_id_185": [], "ds_123_sample_id_186": [], "ds_502_sample_id_187": [], "ds_208_sample_id_188": [], "ds_9_sample_id_189": [], "ds_462_sample_id_190": [], "ds_215_sample_id_191": [], "ds_432_sample_id_192": [], "ds_178_sample_id_193": [], "ds_241_sample_id_194": [], "ds_95_sample_id_195": [], "ds_482_sample_id_196": [], "ds_345_sample_id_197": [], "ds_376_sample_id_198": [], "ds_254_sample_id_199": [], "ds_368_sample_id_200": [], "ds_224_sample_id_201": [], "ds_485_sample_id_202": [], "ds_116_sample_id_203": [], "ds_527_sample_id_204": [], "ds_304_sample_id_205": [], "ds_389_sample_id_206": [], "ds_69_sample_id_207": [], "ds_75_sample_id_208": [], "ds_73_sample_id_209": ["DOMAIN_NAME", "LOCATION", "PERSON", "US_DRIVER_LICENSE"], "ds_434_sample_id_210": [], "ds_231_sample_id_211": [], "ds_297_sample_id_212": [], "ds_123_sample_id_213": [], "ds_489_sample_id_214": [], "ds_113_sample_id_215": [], "ds_165_sample_id_216": [], "ds_166_sample_id_217": [], "ds_499_sample_id_218": [], "ds_514_sample_id_219": [], "ds_9_sample_id_220": [], "ds_62_sample_id_221": [], "ds_163_sample_id_222": [], "ds_113_sample_id_223": [], "ds_180_sample_id_224": [], "ds_25_sample_id_225": [], "ds_486_sample_id_226": [], "ds_134_sample_id_227": ["IP_ADDRESS", "LOCATION"], "ds_128_sample_id_228": [], "ds_28_sample_id_229": [], "ds_347_sample_id_230": [], "ds_306_sample_id_231": [], "ds_410_sample_id_232": [], "ds_182_sample_id_233": [], "ds_313_sample_id_234": [], "ds_260_sample_id_235": [], "ds_399_sample_id_236": [], "ds_497_sample_id_237": [], "ds_461_sample_id_238": [], "ds_61_sample_id_239": ["DOMAIN_NAME"], "ds_63_sample_id_240": ["DOMAIN_NAME", "LOCATION", "PERSON"], "ds_410_sample_id_241": [], "ds_467_sample_id_242": [], "ds_91_sample_id_243": ["IP_ADDRESS"], "ds_374_sample_id_244": [], "ds_284_sample_id_245": [], "ds_287_sample_id_246": [], "ds_522_sample_id_247": [], "ds_424_sample_id_248": [], "ds_207_sample_id_249": [], "ds_393_sample_id_250": [], "ds_85_sample_id_251": ["US_DRIVER_LICENSE"], "ds_261_sample_id_252": [], "ds_225_sample_id_253": [], "ds_181_sample_id_254": [], "ds_497_sample_id_255": [], "ds_492_sample_id_256": [], "ds_509_sample_id_257": [], "ds_536_sample_id_258": [], "ds_211_sample_id_259": [], "ds_244_sample_id_260": []}