{"ds_363_sample_id_0": ["CREDIT_CARD", "DOMAIN_NAME", "EMAIL_ADDRESS", "IP_ADDRESS", "LOCATION", "PERSON", "PHONE_NUMBER", "US_DRIVER_LICENSE"], "ds_269_sample_id_1": [], "ds_95_sample_id_2": [], "ds_307_sample_id_3": [], "ds_138_sample_id_4": [], "ds_289_sample_id_5": [], "ds_163_sample_id_6": [], "ds_343_sample_id_7": [], "ds_0_sample_id_8": [], "ds_168_sample_id_9": [], "ds_63_sample_id_10": [], "ds_146_sample_id_11": [], "ds_395_sample_id_12": ["DOMAIN_NAME", "LOCATION", "PERSON", "US_DRIVER_LICENSE"], "ds_344_sample_id_13": [], "ds_284_sample_id_14": [], "ds_187_sample_id_15": [], "ds_146_sample_id_16": [], "ds_46_sample_id_17": [], "ds_105_sample_id_18": [], "ds_321_sample_id_19": [], "ds_138_sample_id_20": [], "ds_10_sample_id_21": [], "ds_330_sample_id_22": [], "ds_224_sample_id_23": [], "ds_96_sample_id_24": [], "ds_222_sample_id_25": [], "ds_319_sample_id_26": [], "ds_329_sample_id_27": [], "ds_106_sample_id_28": [], "ds_358_sample_id_29": ["DOMAIN_NAME", "IP_ADDRESS", "LOCATION", "US_DRIVER_LICENSE"], "ds_0_sample_id_30": [], "ds_300_sample_id_31": [], "ds_124_sample_id_32": [], "ds_54_sample_id_33": [], "ds_254_sample_id_34": [], "ds_175_sample_id_35": [], "ds_284_sample_id_36": [], "ds_98_sample_id_37": [], "ds_62_sample_id_38": [], "ds_120_sample_id_39": [], "ds_230_sample_id_40": [], "ds_159_sample_id_41": [], "ds_173_sample_id_42": [], "ds_329_sample_id_43": [], "ds_245_sample_id_44": [], "ds_232_sample_id_45": [], "ds_323_sample_id_46": [], "ds_212_sample_id_47": [], "ds_126_sample_id_48": [], "ds_94_sample_id_49": [], "ds_363_sample_id_50": ["CREDIT_CARD", "DOMAIN_NAME", "EMAIL_ADDRESS", "IP_ADDRESS", "LOCATION", "PERSON", "PHONE_NUMBER", "US_DRIVER_LICENSE"], "ds_26_sample_id_51": [], "ds_351_sample_id_52": ["LOCATION", "PERSON"], "ds_273_sample_id_53": [], "ds_313_sample_id_54": [], "ds_202_sample_id_55": [], "ds_113_sample_id_56": [], "ds_129_sample_id_57": [], "ds_28_sample_id_58": [], "ds_343_sample_id_59": [], "ds_3_sample_id_60": [], "ds_361_sample_id_61": ["DOMAIN_NAME", "EMAIL_ADDRESS", "LOCATION", "PERSON", "PHONE_NUMBER"], "ds_210_sample_id_62": [], "ds_364_sample_id_63": ["DOMAIN_NAME", "LOCATION", "PERSON", "PHONE_NUMBER"], "ds_242_sample_id_64": [], "ds_241_sample_id_65": [], "ds_248_sample_id_66": [], "ds_273_sample_id_67": [], "ds_319_sample_id_68": [], "ds_117_sample_id_69": [], "ds_77_sample_id_70": [], "ds_239_sample_id_71": [], "ds_371_sample_id_72": ["CREDIT_CARD", "DOMAIN_NAME", "EMAIL_ADDRESS", "IP_ADDRESS", "LOCATION", "PERSON", "PHONE_NUMBER", "US_DRIVER_LICENSE"], "ds_272_sample_id_73": [], "ds_224_sample_id_74": [], "ds_247_sample_id_75": [], "ds_277_sample_id_76": [], "ds_161_sample_id_77": [], "ds_77_sample_id_78": [], "ds_87_sample_id_79": [], "ds_340_sample_id_80": [], "ds_319_sample_id_81": [], "ds_101_sample_id_82": [], "ds_92_sample_id_83": [], "ds_103_sample_id_84": [], "ds_268_sample_id_85": [], "ds_154_sample_id_86": ["DOMAIN_NAME", "EMAIL_ADDRESS", "IP_ADDRESS", "LOCATION", "PERSON"], "ds_233_sample_id_87": [], "ds_51_sample_id_88": [], "ds_235_sample_id_89": [], "ds_18_sample_id_90": [], "ds_117_sample_id_91": [], "ds_146_sample_id_92": [], "ds_150_sample_id_93": [], "ds_209_sample_id_94": [], "ds_363_sample_id_95": ["CREDIT_CARD", "DOMAIN_NAME", "EMAIL_ADDRESS", "IP_ADDRESS", "LOCATION", "PERSON", "PHONE_NUMBER", "US_DRIVER_LICENSE"], "ds_185_sample_id_96": [], "ds_231_sample_id_97": [], "ds_138_sample_id_98": [], "ds_127_sample_id_99": [], "ds_279_sample_id_100": [], "ds_245_sample_id_101": [], "ds_195_sample_id_102": [], "ds_10_sample_id_103": [], "ds_93_sample_id_104": [], "ds_174_sample_id_105": [], "ds_255_sample_id_106": [], "ds_362_sample_id_107": ["DOMAIN_NAME", "LOCATION"], "ds_20_sample_id_108": [], "ds_249_sample_id_109": [], "ds_345_sample_id_110": [], "ds_64_sample_id_111": [], "ds_217_sample_id_112": [], "ds_321_sample_id_113": [], "ds_325_sample_id_114": [], "ds_158_sample_id_115": [], "ds_373_sample_id_116": ["CREDIT_CARD", "DOMAIN_NAME", "EMAIL_ADDRESS", "IP_ADDRESS", "LOCATION", "PERSON", "PHONE_NUMBER", "US_DRIVER_LICENSE"], "ds_229_sample_id_117": [], "ds_200_sample_id_118": [], "ds_133_sample_id_119": ["DOMAIN_NAME", "IP_ADDRESS", "LOCATION"], "ds_130_sample_id_120": [], "ds_272_sample_id_121": [], "ds_120_sample_id_122": [], "ds_259_sample_id_123": [], "ds_129_sample_id_124": [], "ds_374_sample_id_125": ["DOMAIN_NAME", "EMAIL_ADDRESS", "IP_ADDRESS", "LOCATION", "PERSON", "US_DRIVER_LICENSE"], "ds_128_sample_id_126": [], "ds_354_sample_id_127": ["CREDIT_CARD", "PHONE_NUMBER"], "ds_128_sample_id_128": [], "ds_23_sample_id_129": [], "ds_37_sample_id_130": ["CREDIT_CARD", "DOMAIN_NAME", "EMAIL_ADDRESS", "LOCATION", "PERSON", "PHONE_NUMBER"], "ds_375_sample_id_131": ["LOCATION", "US_DRIVER_LICENSE"], "ds_334_sample_id_132": [], "ds_109_sample_id_133": [], "ds_208_sample_id_134": [], "ds_55_sample_id_135": [], "ds_172_sample_id_136": [], "ds_352_sample_id_137": ["EMAIL_ADDRESS", "US_DRIVER_LICENSE"], "ds_108_sample_id_138": [], "ds_372_sample_id_139": ["CREDIT_CARD", "DOMAIN_NAME", "EMAIL_ADDRESS", "LOCATION", "PERSON", "PHONE_NUMBER", "US_DRIVER_LICENSE"], "ds_289_sample_id_140": [], "ds_44_sample_id_141": [], "ds_398_sample_id_142": ["DOMAIN_NAME", "EMAIL_ADDRESS", "LOCATION", "PERSON", "US_DRIVER_LICENSE"], "ds_1_sample_id_143": ["DOMAIN_NAME", "IP_ADDRESS", "PERSON"], "ds_269_sample_id_144": [], "ds_350_sample_id_145": ["LOCATION"], "ds_74_sample_id_146": [], "ds_257_sample_id_147": [], "ds_65_sample_id_148": [], "ds_178_sample_id_149": [], "ds_249_sample_id_150": [], "ds_325_sample_id_151": [], "ds_23_sample_id_152": [], "ds_214_sample_id_153": [], "ds_84_sample_id_154": [], "ds_280_sample_id_155": [], "ds_65_sample_id_156": [], "ds_90_sample_id_157": [], "ds_81_sample_id_158": [], "ds_259_sample_id_159": [], "ds_24_sample_id_160": [], "ds_142_sample_id_161": ["DOMAIN_NAME", "LOCATION", "PERSON", "PHONE_NUMBER"], "ds_189_sample_id_162": [], "ds_255_sample_id_163": [], "ds_317_sample_id_164": [], "ds_5_sample_id_165": ["CREDIT_CARD", "DOMAIN_NAME", "IP_ADDRESS", "LOCATION", "PERSON"], "ds_22_sample_id_166": [], "ds_138_sample_id_167": [], "ds_291_sample_id_168": [], "ds_225_sample_id_169": [], "ds_395_sample_id_170": ["DOMAIN_NAME", "LOCATION", "PERSON", "US_DRIVER_LICENSE"], "ds_249_sample_id_171": [], "ds_356_sample_id_172": ["EMAIL_ADDRESS", "PERSON"], "ds_374_sample_id_173": ["DOMAIN_NAME", "EMAIL_ADDRESS", "IP_ADDRESS", "LOCATION", "PERSON", "US_DRIVER_LICENSE"], "ds_88_sample_id_174": [], "ds_397_sample_id_175": ["DOMAIN_NAME", "PERSON", "PHONE_NUMBER"], "ds_101_sample_id_176": [], "ds_367_sample_id_177": ["DOMAIN_NAME", "EMAIL_ADDRESS", "LOCATION", "US_DRIVER_LICENSE"], "ds_340_sample_id_178": [], "ds_243_sample_id_179": [], "ds_398_sample_id_180": ["DOMAIN_NAME", "EMAIL_ADDRESS", "LOCATION", "PERSON", "US_DRIVER_LICENSE"], "ds_360_sample_id_181": ["CREDIT_CARD", "DOMAIN_NAME", "EMAIL_ADDRESS", "IP_ADDRESS", "LOCATION", "PERSON", "PHONE_NUMBER", "US_DRIVER_LICENSE"], "ds_344_sample_id_182": [], "ds_245_sample_id_183": [], "ds_253_sample_id_184": [], "ds_131_sample_id_185": [], "ds_139_sample_id_186": [], "ds_187_sample_id_187": [], "ds_171_sample_id_188": [], "ds_61_sample_id_189": [], "ds_88_sample_id_190": [], "ds_93_sample_id_191": [], "ds_45_sample_id_192": [], "ds_77_sample_id_193": [], "ds_272_sample_id_194": [], "ds_145_sample_id_195": [], "ds_141_sample_id_196": [], "ds_146_sample_id_197": [], "ds_84_sample_id_198": [], "ds_204_sample_id_199": [], "ds_162_sample_id_200": [], "ds_283_sample_id_201": [], "ds_73_sample_id_202": [], "ds_72_sample_id_203": [], "ds_81_sample_id_204": [], "ds_93_sample_id_205": [], "ds_34_sample_id_206": [], "ds_184_sample_id_207": [], "ds_106_sample_id_208": [], "ds_206_sample_id_209": [], "ds_334_sample_id_210": [], "ds_330_sample_id_211": [], "ds_193_sample_id_212": [], "ds_188_sample_id_213": [], "ds_340_sample_id_214": [], "ds_242_sample_id_215": [], "ds_145_sample_id_216": [], "ds_162_sample_id_217": [], "ds_282_sample_id_218": [], "ds_357_sample_id_219": ["CREDIT_CARD", "IP_ADDRESS", "LOCATION", "PERSON", "PHONE_NUMBER", "US_DRIVER_LICENSE"], "ds_91_sample_id_220": [], "ds_291_sample_id_221": [], "ds_109_sample_id_222": [], "ds_321_sample_id_223": [], "ds_85_sample_id_224": [], "ds_154_sample_id_225": ["DOMAIN_NAME", "EMAIL_ADDRESS", "IP_ADDRESS", "LOCATION", "PERSON"], "ds_225_sample_id_226": [], "ds_125_sample_id_227": []}