{"user_group_edges": {"group_1": ["user_1012_sample_id_15", "user_397_sample_id_3", "user_320_sample_id_11", "user_807_sample_id_18", "user_688_sample_id_24"], "group_13": ["user_1012_sample_id_15", "user_635_sample_id_26", "user_323_sample_id_22", "user_741_sample_id_31", "user_23_sample_id_2", "user_74_sample_id_25"], "group_0": ["user_863_sample_id_14", "user_642_sample_id_23"], "group_8": ["user_863_sample_id_14", "user_138_sample_id_21", "user_397_sample_id_3"], "group_4": ["user_506_sample_id_4", "user_635_sample_id_26", "user_663_sample_id_20", "user_74_sample_id_25"], "group_5": ["user_506_sample_id_4", "user_923_sample_id_30"], "group_19": ["user_506_sample_id_4", "user_397_sample_id_3", "user_52_sample_id_19", "user_554_sample_id_32", "user_650_sample_id_6"], "group_11": ["user_138_sample_id_21", "user_663_sample_id_20", "user_554_sample_id_32", "user_156_sample_id_13", "user_807_sample_id_18", "user_231_sample_id_10"], "group_12": ["user_320_sample_id_11", "user_52_sample_id_19", "user_741_sample_id_31", "user_947_sample_id_28"], "group_2": ["user_323_sample_id_22", "user_663_sample_id_20", "user_732_sample_id_8", "user_807_sample_id_18"], "group_9": ["user_52_sample_id_19", "user_241_sample_id_17", "user_923_sample_id_30", "user_268_sample_id_16"], "group_15": ["user_713_sample_id_7", "user_74_sample_id_25", "user_666_sample_id_29", "user_642_sample_id_23"], "group_16": ["user_713_sample_id_7", "user_741_sample_id_31", "user_595_sample_id_5", "user_655_sample_id_1", "user_48_sample_id_9", "user_688_sample_id_24"], "group_6": ["user_554_sample_id_32", "user_937_sample_id_27", "user_13_sample_id_0", "user_688_sample_id_24"], "group_17": ["user_595_sample_id_5", "user_268_sample_id_16", "user_688_sample_id_24"], "group_7": ["user_241_sample_id_17", "user_650_sample_id_6", "user_947_sample_id_28", "user_48_sample_id_9", "user_231_sample_id_10"], "group_14": ["user_937_sample_id_27", "user_156_sample_id_13", "user_923_sample_id_30"], "group_10": ["user_650_sample_id_6", "user_13_sample_id_0", "user_732_sample_id_8", "user_655_sample_id_1"], "group_3": ["user_455_sample_id_12"], "group_18": ["user_23_sample_id_2", "user_666_sample_id_29"]}, "group_data_store_edges": {"group_3": ["ds_377_sample_id_24", "ds_2_sample_id_22", "ds_255_sample_id_128", "ds_99_sample_id_47", "ds_369_sample_id_130", "ds_263_sample_id_123", "ds_213_sample_id_152", "ds_140_sample_id_16", "ds_383_sample_id_139", "ds_208_sample_id_126", "ds_59_sample_id_179", "ds_232_sample_id_4", "ds_85_sample_id_156", "ds_387_sample_id_253", "ds_377_sample_id_27", "ds_242_sample_id_205", "ds_230_sample_id_10", "ds_285_sample_id_98", "ds_53_sample_id_199", "ds_119_sample_id_15", "ds_28_sample_id_17", "ds_40_sample_id_183", "ds_327_sample_id_48", "ds_215_sample_id_6", "ds_362_sample_id_78", "ds_14_sample_id_168", "ds_317_sample_id_34", "ds_287_sample_id_43", "ds_371_sample_id_26", "ds_20_sample_id_113", "ds_192_sample_id_227", "ds_61_sample_id_73", "ds_77_sample_id_35", "ds_357_sample_id_148", "ds_320_sample_id_37", "ds_56_sample_id_117", "ds_50_sample_id_176", "ds_80_sample_id_254", "ds_260_sample_id_32", "ds_342_sample_id_133", "ds_108_sample_id_249", "ds_109_sample_id_124", "ds_19_sample_id_219"], "group_4": ["ds_377_sample_id_24", "ds_326_sample_id_144", "ds_99_sample_id_47", "ds_213_sample_id_152", "ds_280_sample_id_186", "ds_108_sample_id_53", "ds_346_sample_id_143", "ds_258_sample_id_23", "ds_62_sample_id_74", "ds_257_sample_id_173", "ds_331_sample_id_11", "ds_218_sample_id_3", "ds_28_sample_id_17", "ds_165_sample_id_69", "ds_229_sample_id_174", "ds_327_sample_id_48", "ds_183_sample_id_221", "ds_362_sample_id_78", "ds_14_sample_id_168", "ds_312_sample_id_14", "ds_77_sample_id_160", "ds_326_sample_id_103", "ds_194_sample_id_109", "ds_368_sample_id_138", "ds_308_sample_id_84", "ds_325_sample_id_214", "ds_155_sample_id_36", "ds_159_sample_id_94", "ds_255_sample_id_60", "ds_305_sample_id_146", "ds_34_sample_id_192", "ds_371_sample_id_257", "ds_109_sample_id_140", "ds_28_sample_id_191", "ds_344_sample_id_232", "ds_80_sample_id_254", "ds_115_sample_id_96", "ds_58_sample_id_237", "ds_161_sample_id_42", "ds_218_sample_id_41", "ds_377_sample_id_75", "ds_22_sample_id_238", "ds_357_sample_id_92", "ds_206_sample_id_220", "ds_17_sample_id_159", "ds_74_sample_id_85", "ds_253_sample_id_79", "ds_348_sample_id_121"], "group_8": ["ds_377_sample_id_24", "ds_88_sample_id_61", "ds_50_sample_id_166", "ds_255_sample_id_128", "ds_99_sample_id_47", "ds_163_sample_id_80", "ds_10_sample_id_29", "ds_390_sample_id_62", "ds_263_sample_id_123", "ds_208_sample_id_126", "ds_232_sample_id_4", "ds_257_sample_id_173", "ds_95_sample_id_2", "ds_102_sample_id_100", "ds_89_sample_id_247", "ds_88_sample_id_171", "ds_36_sample_id_235", "ds_34_sample_id_181", "ds_119_sample_id_15", "ds_83_sample_id_20", "ds_14_sample_id_55", "ds_352_sample_id_150", "ds_165_sample_id_69", "ds_40_sample_id_183", "ds_14_sample_id_168", "ds_317_sample_id_34", "ds_78_sample_id_93", "ds_20_sample_id_113", "ds_135_sample_id_255", "ds_326_sample_id_103", "ds_313_sample_id_132", "ds_334_sample_id_157", "ds_53_sample_id_112", "ds_323_sample_id_68", "ds_91_sample_id_59", "ds_322_sample_id_86", "ds_104_sample_id_162", "ds_305_sample_id_146", "ds_284_sample_id_77", "ds_113_sample_id_127", "ds_237_sample_id_195", "ds_14_sample_id_188", "ds_187_sample_id_184", "ds_51_sample_id_218", "ds_115_sample_id_96", "ds_57_sample_id_154", "ds_161_sample_id_42", "ds_8_sample_id_223", "ds_387_sample_id_204"], "group_9": ["ds_377_sample_id_24", "ds_260_sample_id_25", "ds_214_sample_id_190", "ds_369_sample_id_30", "ds_342_sample_id_153", "ds_163_sample_id_80", "ds_263_sample_id_123", "ds_280_sample_id_186", "ds_140_sample_id_16", "ds_383_sample_id_139", "ds_346_sample_id_143", "ds_324_sample_id_5", "ds_85_sample_id_156", "ds_71_sample_id_12", "ds_89_sample_id_247", "ds_9_sample_id_19", "ds_36_sample_id_235", "ds_264_sample_id_239", "ds_185_sample_id_118", "ds_211_sample_id_72", "ds_216_sample_id_211", "ds_229_sample_id_174", "ds_298_sample_id_234", "ds_14_sample_id_168", "ds_287_sample_id_43", "ds_78_sample_id_93", "ds_149_sample_id_194", "ds_312_sample_id_14", "ds_75_sample_id_149", "ds_326_sample_id_103", "ds_77_sample_id_35", "ds_357_sample_id_148", "ds_16_sample_id_229", "ds_113_sample_id_127", "ds_127_sample_id_136", "ds_357_sample_id_212", "ds_390_sample_id_230", "ds_115_sample_id_96", "ds_57_sample_id_154", "ds_218_sample_id_41", "ds_34_sample_id_252", "ds_108_sample_id_249"], "group_12": ["ds_377_sample_id_24", "ds_123_sample_id_99", "ds_186_sample_id_207", "ds_342_sample_id_153", "ds_99_sample_id_47", "ds_10_sample_id_29", "ds_390_sample_id_62", "ds_224_sample_id_243", "ds_135_sample_id_122", "ds_391_sample_id_18", "ds_208_sample_id_126", "ds_189_sample_id_200", "ds_120_sample_id_164", "ds_165_sample_id_125", "ds_95_sample_id_2", "ds_331_sample_id_11", "ds_102_sample_id_100", "ds_154_sample_id_90", "ds_88_sample_id_171", "ds_304_sample_id_197", "ds_36_sample_id_235", "ds_184_sample_id_40", "ds_285_sample_id_98", "ds_191_sample_id_169", "ds_185_sample_id_118", "ds_119_sample_id_46", "ds_218_sample_id_3", "ds_83_sample_id_20", "ds_352_sample_id_150", "ds_313_sample_id_82", "ds_165_sample_id_69", "ds_332_sample_id_151", "ds_215_sample_id_6", "ds_229_sample_id_49", "ds_287_sample_id_43", "ds_266_sample_id_137", "ds_206_sample_id_198", "ds_170_sample_id_178", "ds_77_sample_id_35", "ds_121_sample_id_39", "ds_139_sample_id_189", "ds_322_sample_id_86", "ds_284_sample_id_77", "ds_109_sample_id_140", "ds_68_sample_id_141", "ds_80_sample_id_254", "ds_326_sample_id_163", "ds_161_sample_id_42", "ds_34_sample_id_252", "ds_22_sample_id_238", "ds_8_sample_id_223", "ds_15_sample_id_9", "ds_91_sample_id_226", "ds_348_sample_id_121"], "group_5": ["ds_260_sample_id_25", "ds_2_sample_id_22", "ds_179_sample_id_185", "ds_209_sample_id_193", "ds_361_sample_id_115", "ds_156_sample_id_110", "ds_232_sample_id_4", "ds_95_sample_id_2", "ds_36_sample_id_235", "ds_184_sample_id_40", "ds_352_sample_id_246", "ds_165_sample_id_69", "ds_229_sample_id_174", "ds_298_sample_id_234", "ds_7_sample_id_65", "ds_368_sample_id_187", "ds_362_sample_id_78", "ds_20_sample_id_113", "ds_77_sample_id_160", "ds_35_sample_id_131", "ds_126_sample_id_81", "ds_61_sample_id_73", "ds_339_sample_id_21", "ds_121_sample_id_39", "ds_356_sample_id_1", "ds_191_sample_id_147", "ds_234_sample_id_67", "ds_4_sample_id_76", "ds_371_sample_id_257", "ds_188_sample_id_244", "ds_383_sample_id_167", "ds_28_sample_id_191", "ds_30_sample_id_70", "ds_68_sample_id_141", "ds_14_sample_id_188", "ds_127_sample_id_136", "ds_167_sample_id_231", "ds_34_sample_id_252", "ds_17_sample_id_159", "ds_74_sample_id_85", "ds_109_sample_id_124", "ds_359_sample_id_242"], "group_6": ["ds_260_sample_id_25", "ds_186_sample_id_207", "ds_208_sample_id_208", "ds_99_sample_id_47", "ds_135_sample_id_122", "ds_140_sample_id_16", "ds_189_sample_id_200", "ds_120_sample_id_164", "ds_165_sample_id_125", "ds_62_sample_id_74", "ds_257_sample_id_173", "ds_71_sample_id_12", "ds_187_sample_id_233", "ds_377_sample_id_27", "ds_242_sample_id_205", "ds_9_sample_id_19", "ds_254_sample_id_0", "ds_285_sample_id_98", "ds_20_sample_id_182", "ds_352_sample_id_150", "ds_354_sample_id_222", "ds_7_sample_id_65", "ds_183_sample_id_221", "ds_317_sample_id_34", "ds_287_sample_id_43", "ds_206_sample_id_198", "ds_135_sample_id_255", "ds_61_sample_id_73", "ds_121_sample_id_39", "ds_338_sample_id_241", "ds_323_sample_id_68", "ds_52_sample_id_180", "ds_234_sample_id_67", "ds_28_sample_id_7", "ds_104_sample_id_162", "ds_305_sample_id_146", "ds_284_sample_id_77", "ds_188_sample_id_244", "ds_114_sample_id_102", "ds_50_sample_id_176", "ds_377_sample_id_75", "ds_278_sample_id_89", "ds_15_sample_id_9"], "group_19": ["ds_260_sample_id_25", "ds_108_sample_id_53", "ds_287_sample_id_251", "ds_85_sample_id_156", "ds_257_sample_id_173", "ds_331_sample_id_11", "ds_386_sample_id_107", "ds_304_sample_id_197", "ds_184_sample_id_40", "ds_155_sample_id_13", "ds_28_sample_id_17", "ds_46_sample_id_256", "ds_107_sample_id_105", "ds_368_sample_id_187", "ds_334_sample_id_157", "ds_192_sample_id_201", "ds_356_sample_id_1", "ds_91_sample_id_59", "ds_223_sample_id_38", "ds_255_sample_id_60", "ds_207_sample_id_88", "ds_143_sample_id_116", "ds_383_sample_id_167", "ds_30_sample_id_70", "ds_218_sample_id_41", "ds_22_sample_id_238", "ds_387_sample_id_204", "ds_201_sample_id_87", "ds_209_sample_id_155", "ds_206_sample_id_220", "ds_76_sample_id_119", "ds_19_sample_id_219"], "group_2": ["ds_38_sample_id_134", "ds_123_sample_id_99", "ds_186_sample_id_207", "ds_208_sample_id_208", "ds_280_sample_id_186", "ds_217_sample_id_216", "ds_108_sample_id_53", "ds_156_sample_id_110", "ds_28_sample_id_245", "ds_346_sample_id_143", "ds_22_sample_id_203", "ds_387_sample_id_253", "ds_154_sample_id_90", "ds_395_sample_id_114", "ds_184_sample_id_40", "ds_191_sample_id_169", "ds_352_sample_id_246", "ds_20_sample_id_182", "ds_211_sample_id_72", "ds_119_sample_id_46", "ds_14_sample_id_55", "ds_354_sample_id_222", "ds_7_sample_id_65", "ds_327_sample_id_48", "ds_215_sample_id_6", "ds_183_sample_id_221", "ds_368_sample_id_187", "ds_312_sample_id_14", "ds_20_sample_id_113", "ds_329_sample_id_206", "ds_357_sample_id_148", "ds_320_sample_id_37", "ds_338_sample_id_241", "ds_308_sample_id_84", "ds_139_sample_id_189", "ds_191_sample_id_147", "ds_188_sample_id_244", "ds_30_sample_id_70", "ds_122_sample_id_172", "ds_22_sample_id_64", "ds_357_sample_id_212", "ds_38_sample_id_101", "ds_80_sample_id_254", "ds_34_sample_id_252", "ds_296_sample_id_83", "ds_278_sample_id_89", "ds_15_sample_id_9", "ds_109_sample_id_124", "ds_359_sample_id_242", "ds_12_sample_id_33"], "group_10": ["ds_38_sample_id_134", "ds_214_sample_id_190", "ds_326_sample_id_144", "ds_10_sample_id_29", "ds_263_sample_id_123", "ds_140_sample_id_16", "ds_209_sample_id_193", "ds_368_sample_id_135", "ds_383_sample_id_139", "ds_28_sample_id_245", "ds_59_sample_id_179", "ds_324_sample_id_5", "ds_165_sample_id_125", "ds_258_sample_id_23", "ds_62_sample_id_74", "ds_102_sample_id_100", "ds_27_sample_id_91", "ds_89_sample_id_247", "ds_187_sample_id_233", "ds_221_sample_id_158", "ds_285_sample_id_98", "ds_191_sample_id_169", "ds_185_sample_id_118", "ds_53_sample_id_199", "ds_216_sample_id_211", "ds_119_sample_id_15", "ds_313_sample_id_82", "ds_165_sample_id_69", "ds_149_sample_id_194", "ds_149_sample_id_210", "ds_35_sample_id_131", "ds_377_sample_id_8", "ds_147_sample_id_66", "ds_135_sample_id_255", "ds_192_sample_id_227", "ds_36_sample_id_111", "ds_313_sample_id_132", "ds_136_sample_id_225", "ds_334_sample_id_157", "ds_53_sample_id_112", "ds_192_sample_id_201", "ds_61_sample_id_73", "ds_329_sample_id_206", "ds_77_sample_id_35", "ds_16_sample_id_229", "ds_57_sample_id_31", "ds_223_sample_id_38", "ds_234_sample_id_67", "ds_104_sample_id_162", "ds_143_sample_id_116", "ds_68_sample_id_141", "ds_14_sample_id_188", "ds_344_sample_id_232", "ds_38_sample_id_101", "ds_390_sample_id_230", "ds_114_sample_id_102", "ds_167_sample_id_231", "ds_161_sample_id_42", "ds_342_sample_id_133", "ds_381_sample_id_165", "ds_76_sample_id_119", "ds_74_sample_id_85", "ds_12_sample_id_33", "ds_98_sample_id_196", "ds_19_sample_id_219", "ds_91_sample_id_226", "ds_348_sample_id_121"], "group_1": ["ds_369_sample_id_30", "ds_208_sample_id_208", "ds_179_sample_id_185", "ds_369_sample_id_130", "ds_263_sample_id_123", "ds_217_sample_id_216", "ds_368_sample_id_135", "ds_28_sample_id_245", "ds_120_sample_id_164", "ds_62_sample_id_74", "ds_387_sample_id_253", "ds_71_sample_id_12", "ds_221_sample_id_158", "ds_254_sample_id_0", "ds_20_sample_id_182", "ds_53_sample_id_199", "ds_34_sample_id_181", "ds_119_sample_id_15", "ds_46_sample_id_256", "ds_165_sample_id_69", "ds_298_sample_id_234", "ds_7_sample_id_65", "ds_368_sample_id_187", "ds_309_sample_id_142", "ds_35_sample_id_50", "ds_224_sample_id_28", "ds_192_sample_id_227", "ds_136_sample_id_225", "ds_322_sample_id_86", "ds_28_sample_id_7", "ds_28_sample_id_191", "ds_30_sample_id_70", "ds_68_sample_id_141", "ds_122_sample_id_172", "ds_14_sample_id_188", "ds_187_sample_id_184", "ds_357_sample_id_212", "ds_56_sample_id_117", "ds_58_sample_id_237", "ds_57_sample_id_154", "ds_342_sample_id_133", "ds_345_sample_id_108", "ds_387_sample_id_204", "ds_76_sample_id_119", "ds_17_sample_id_159", "ds_59_sample_id_248"], "group_15": ["ds_369_sample_id_30", "ds_88_sample_id_61", "ds_231_sample_id_145", "ds_163_sample_id_80", "ds_302_sample_id_175", "ds_217_sample_id_216", "ds_368_sample_id_135", "ds_156_sample_id_110", "ds_377_sample_id_27", "ds_386_sample_id_107", "ds_40_sample_id_63", "ds_242_sample_id_205", "ds_395_sample_id_114", "ds_184_sample_id_40", "ds_264_sample_id_239", "ds_285_sample_id_98", "ds_191_sample_id_169", "ds_185_sample_id_118", "ds_211_sample_id_72", "ds_28_sample_id_17", "ds_83_sample_id_20", "ds_352_sample_id_150", "ds_354_sample_id_222", "ds_215_sample_id_6", "ds_35_sample_id_50", "ds_221_sample_id_177", "ds_77_sample_id_35", "ds_195_sample_id_58", "ds_338_sample_id_241", "ds_323_sample_id_68", "ds_57_sample_id_31", "ds_91_sample_id_59", "ds_223_sample_id_38", "ds_305_sample_id_146", "ds_371_sample_id_257", "ds_30_sample_id_70", "ds_14_sample_id_188", "ds_22_sample_id_64", "ds_227_sample_id_104", "ds_260_sample_id_32", "ds_58_sample_id_237", "ds_218_sample_id_41", "ds_34_sample_id_252", "ds_22_sample_id_238", "ds_74_sample_id_85", "ds_379_sample_id_52"], "group_18": ["ds_369_sample_id_30", "ds_2_sample_id_22", "ds_263_sample_id_123", "ds_368_sample_id_135", "ds_156_sample_id_110", "ds_208_sample_id_126", "ds_189_sample_id_200", "ds_120_sample_id_164", "ds_258_sample_id_23", "ds_22_sample_id_203", "ds_187_sample_id_233", "ds_395_sample_id_114", "ds_230_sample_id_10", "ds_352_sample_id_246", "ds_34_sample_id_181", "ds_59_sample_id_170", "ds_216_sample_id_211", "ds_119_sample_id_46", "ds_313_sample_id_82", "ds_317_sample_id_34", "ds_143_sample_id_120", "ds_266_sample_id_137", "ds_35_sample_id_50", "ds_35_sample_id_131", "ds_195_sample_id_58", "ds_52_sample_id_180", "ds_207_sample_id_88", "ds_305_sample_id_146", "ds_113_sample_id_127", "ds_188_sample_id_244", "ds_109_sample_id_140", "ds_237_sample_id_195", "ds_68_sample_id_141", "ds_122_sample_id_172", "ds_50_sample_id_176", "ds_8_sample_id_223", "ds_76_sample_id_119", "ds_15_sample_id_9", "ds_359_sample_id_242", "ds_91_sample_id_226"], "group_13": ["ds_2_sample_id_22", "ds_50_sample_id_166", "ds_342_sample_id_153", "ds_263_sample_id_123", "ds_209_sample_id_193", "ds_183_sample_id_215", "ds_383_sample_id_139", "ds_32_sample_id_54", "ds_208_sample_id_126", "ds_165_sample_id_125", "ds_85_sample_id_156", "ds_366_sample_id_228", "ds_88_sample_id_171", "ds_386_sample_id_107", "ds_36_sample_id_235", "ds_254_sample_id_0", "ds_230_sample_id_10", "ds_313_sample_id_82", "ds_107_sample_id_105", "ds_40_sample_id_183", "ds_229_sample_id_49", "ds_287_sample_id_43", "ds_149_sample_id_194", "ds_266_sample_id_137", "ds_206_sample_id_198", "ds_147_sample_id_66", "ds_326_sample_id_103", "ds_334_sample_id_157", "ds_15_sample_id_106", "ds_16_sample_id_229", "ds_57_sample_id_31", "ds_356_sample_id_1", "ds_234_sample_id_67", "ds_255_sample_id_60", "ds_207_sample_id_88", "ds_4_sample_id_76", "ds_371_sample_id_257", "ds_127_sample_id_136", "ds_187_sample_id_184", "ds_56_sample_id_117", "ds_60_sample_id_250", "ds_387_sample_id_204", "ds_278_sample_id_89", "ds_148_sample_id_202", "ds_108_sample_id_249", "ds_358_sample_id_217", "ds_359_sample_id_242"], "group_7": ["ds_88_sample_id_61", "ds_231_sample_id_145", "ds_208_sample_id_208", "ds_326_sample_id_144", "ds_164_sample_id_71", "ds_10_sample_id_29", "ds_263_sample_id_123", "ds_213_sample_id_152", "ds_108_sample_id_53", "ds_346_sample_id_143", "ds_88_sample_id_171", "ds_221_sample_id_158", "ds_254_sample_id_0", "ds_396_sample_id_224", "ds_14_sample_id_55", "ds_188_sample_id_240", "ds_309_sample_id_142", "ds_377_sample_id_8", "ds_192_sample_id_227", "ds_369_sample_id_129", "ds_36_sample_id_111", "ds_329_sample_id_206", "ds_16_sample_id_229", "ds_320_sample_id_37", "ds_356_sample_id_1", "ds_91_sample_id_59", "ds_28_sample_id_7", "ds_104_sample_id_162", "ds_113_sample_id_127", "ds_237_sample_id_195", "ds_344_sample_id_232", "ds_53_sample_id_236", "ds_227_sample_id_104", "ds_114_sample_id_102", "ds_281_sample_id_95", "ds_60_sample_id_250", "ds_260_sample_id_32", "ds_167_sample_id_231", "ds_381_sample_id_165", "ds_22_sample_id_238", "ds_296_sample_id_83", "ds_201_sample_id_87", "ds_74_sample_id_85", "ds_59_sample_id_248"], "group_14": ["ds_88_sample_id_61", "ds_50_sample_id_166", "ds_369_sample_id_130", "ds_209_sample_id_193", "ds_324_sample_id_5", "ds_287_sample_id_251", "ds_369_sample_id_51", "ds_101_sample_id_45", "ds_331_sample_id_11", "ds_118_sample_id_209", "ds_184_sample_id_40", "ds_352_sample_id_246", "ds_20_sample_id_182", "ds_216_sample_id_211", "ds_119_sample_id_15", "ds_28_sample_id_17", "ds_83_sample_id_20", "ds_46_sample_id_256", "ds_332_sample_id_151", "ds_188_sample_id_240", "ds_7_sample_id_65", "ds_215_sample_id_6", "ds_287_sample_id_43", "ds_309_sample_id_142", "ds_206_sample_id_198", "ds_170_sample_id_178", "ds_224_sample_id_28", "ds_326_sample_id_103", "ds_368_sample_id_138", "ds_121_sample_id_39", "ds_338_sample_id_241", "ds_308_sample_id_84", "ds_155_sample_id_36", "ds_223_sample_id_38", "ds_104_sample_id_162", "ds_284_sample_id_77", "ds_389_sample_id_97", "ds_122_sample_id_172", "ds_344_sample_id_232", "ds_127_sample_id_136", "ds_38_sample_id_101", "ds_281_sample_id_95", "ds_161_sample_id_42", "ds_22_sample_id_238", "ds_8_sample_id_223", "ds_76_sample_id_119", "ds_278_sample_id_89", "ds_108_sample_id_249", "ds_15_sample_id_9", "ds_379_sample_id_52"], "group_11": ["ds_231_sample_id_145", "ds_186_sample_id_207", "ds_255_sample_id_128", "ds_99_sample_id_47", "ds_96_sample_id_57", "ds_224_sample_id_243", "ds_209_sample_id_193", "ds_391_sample_id_18", "ds_183_sample_id_215", "ds_361_sample_id_115", "ds_189_sample_id_200", "ds_287_sample_id_251", "ds_95_sample_id_2", "ds_154_sample_id_90", "ds_139_sample_id_44", "ds_254_sample_id_0", "ds_264_sample_id_239", "ds_211_sample_id_72", "ds_59_sample_id_170", "ds_218_sample_id_3", "ds_28_sample_id_17", "ds_396_sample_id_224", "ds_332_sample_id_151", "ds_368_sample_id_187", "ds_14_sample_id_168", "ds_317_sample_id_34", "ds_143_sample_id_120", "ds_35_sample_id_50", "ds_221_sample_id_177", "ds_61_sample_id_73", "ds_15_sample_id_106", "ds_339_sample_id_21", "ds_357_sample_id_148", "ds_320_sample_id_37", "ds_325_sample_id_214", "ds_57_sample_id_31", "ds_155_sample_id_36", "ds_159_sample_id_94", "ds_223_sample_id_38", "ds_52_sample_id_180", "ds_322_sample_id_86", "ds_4_sample_id_76", "ds_113_sample_id_127", "ds_34_sample_id_192", "ds_22_sample_id_64", "ds_53_sample_id_236", "ds_357_sample_id_212", "ds_51_sample_id_218", "ds_390_sample_id_230", "ds_278_sample_id_56", "ds_260_sample_id_32", "ds_381_sample_id_165", "ds_345_sample_id_108", "ds_209_sample_id_155", "ds_206_sample_id_220", "ds_76_sample_id_119", "ds_17_sample_id_159", "ds_148_sample_id_202", "ds_253_sample_id_79", "ds_358_sample_id_217", "ds_109_sample_id_124"], "group_0": ["ds_123_sample_id_99", "ds_186_sample_id_207", "ds_208_sample_id_208", "ds_96_sample_id_57", "ds_280_sample_id_186", "ds_369_sample_id_51", "ds_95_sample_id_2", "ds_331_sample_id_11", "ds_27_sample_id_91", "ds_154_sample_id_90", "ds_221_sample_id_158", "ds_211_sample_id_72", "ds_14_sample_id_55", "ds_298_sample_id_234", "ds_327_sample_id_48", "ds_229_sample_id_49", "ds_14_sample_id_168", "ds_287_sample_id_43", "ds_78_sample_id_93", "ds_309_sample_id_142", "ds_77_sample_id_160", "ds_377_sample_id_8", "ds_170_sample_id_178", "ds_135_sample_id_255", "ds_369_sample_id_129", "ds_61_sample_id_73", "ds_15_sample_id_106", "ds_339_sample_id_21", "ds_121_sample_id_39", "ds_16_sample_id_229", "ds_356_sample_id_1", "ds_191_sample_id_147", "ds_52_sample_id_180", "ds_28_sample_id_191", "ds_127_sample_id_136", "ds_115_sample_id_96", "ds_381_sample_id_165", "ds_377_sample_id_75", "ds_345_sample_id_108", "ds_209_sample_id_155", "ds_253_sample_id_79", "ds_15_sample_id_9"], "group_16": ["ds_208_sample_id_208", "ds_164_sample_id_71", "ds_163_sample_id_80", "ds_96_sample_id_57", "ds_108_sample_id_53", "ds_208_sample_id_126", "ds_165_sample_id_125", "ds_62_sample_id_74", "ds_95_sample_id_2", "ds_377_sample_id_27", "ds_118_sample_id_209", "ds_211_sample_id_72", "ds_28_sample_id_17", "ds_83_sample_id_20", "ds_352_sample_id_150", "ds_46_sample_id_256", "ds_298_sample_id_234", "ds_7_sample_id_65", "ds_368_sample_id_187", "ds_317_sample_id_34", "ds_78_sample_id_93", "ds_309_sample_id_142", "ds_371_sample_id_26", "ds_206_sample_id_198", "ds_224_sample_id_28", "ds_221_sample_id_177", "ds_75_sample_id_149", "ds_53_sample_id_112", "ds_15_sample_id_106", "ds_339_sample_id_21", "ds_197_sample_id_213", "ds_325_sample_id_214", "ds_104_sample_id_162", "ds_4_sample_id_76", "ds_284_sample_id_77", "ds_371_sample_id_257", "ds_22_sample_id_64", "ds_187_sample_id_184", "ds_53_sample_id_236", "ds_357_sample_id_212", "ds_51_sample_id_218", "ds_50_sample_id_176", "ds_80_sample_id_254", "ds_161_sample_id_42", "ds_345_sample_id_108", "ds_148_sample_id_202", "ds_108_sample_id_249", "ds_19_sample_id_219", "ds_348_sample_id_121"], "group_17": ["ds_326_sample_id_144", "ds_342_sample_id_153", "ds_255_sample_id_128", "ds_263_sample_id_123", "ds_280_sample_id_186", "ds_140_sample_id_16", "ds_391_sample_id_18", "ds_156_sample_id_110", "ds_32_sample_id_54", "ds_232_sample_id_4", "ds_120_sample_id_164", "ds_287_sample_id_251", "ds_387_sample_id_253", "ds_187_sample_id_233", "ds_210_sample_id_161", "ds_139_sample_id_44", "ds_395_sample_id_114", "ds_155_sample_id_13", "ds_59_sample_id_170", "ds_216_sample_id_211", "ds_28_sample_id_17", "ds_396_sample_id_224", "ds_354_sample_id_222", "ds_332_sample_id_151", "ds_362_sample_id_78", "ds_14_sample_id_168", "ds_149_sample_id_210", "ds_135_sample_id_255", "ds_126_sample_id_81", "ds_313_sample_id_132", "ds_334_sample_id_157", "ds_192_sample_id_201", "ds_308_sample_id_84", "ds_52_sample_id_180", "ds_305_sample_id_146", "ds_28_sample_id_191", "ds_122_sample_id_172", "ds_127_sample_id_136", "ds_227_sample_id_104", "ds_58_sample_id_237", "ds_209_sample_id_155", "ds_357_sample_id_92", "ds_76_sample_id_119", "ds_253_sample_id_79", "ds_359_sample_id_242", "ds_19_sample_id_219"]}}