{"ds_53_sample_id_0": ["DOMAIN_NAME", "IP_ADDRESS", "PERSON"], "ds_15_sample_id_1": [], "ds_4_sample_id_2": [], "ds_18_sample_id_3": [], "ds_11_sample_id_4": ["DOMAIN_NAME", "EMAIL_ADDRESS", "IP_ADDRESS", "PERSON"], "ds_49_sample_id_5": [], "ds_12_sample_id_6": [], "ds_65_sample_id_7": [], "ds_52_sample_id_8": ["PERSON"], "ds_49_sample_id_9": [], "ds_27_sample_id_10": ["DOMAIN_NAME", "IP_ADDRESS"], "ds_60_sample_id_11": [], "ds_38_sample_id_12": [], "ds_35_sample_id_13": [], "ds_16_sample_id_14": [], "ds_9_sample_id_15": [], "ds_32_sample_id_16": [], "ds_0_sample_id_17": ["PERSON"], "ds_63_sample_id_18": [], "ds_34_sample_id_19": [], "ds_51_sample_id_20": [], "ds_26_sample_id_21": ["DOMAIN_NAME", "IP_ADDRESS", "PERSON"], "ds_58_sample_id_22": [], "ds_41_sample_id_23": [], "ds_42_sample_id_24": [], "ds_24_sample_id_25": [], "ds_59_sample_id_26": [], "ds_35_sample_id_27": [], "ds_17_sample_id_28": [], "ds_58_sample_id_29": [], "ds_7_sample_id_30": [], "ds_6_sample_id_31": [], "ds_22_sample_id_32": ["DOMAIN_NAME"], "ds_66_sample_id_33": [], "ds_14_sample_id_34": [], "ds_3_sample_id_35": ["DOMAIN_NAME", "EMAIL_ADDRESS", "IP_ADDRESS", "PERSON"], "ds_13_sample_id_36": [], "ds_15_sample_id_37": [], "ds_19_sample_id_38": ["DOMAIN_NAME", "EMAIL_ADDRESS", "IP_ADDRESS", "PERSON"], "ds_56_sample_id_39": [], "ds_40_sample_id_40": [], "ds_31_sample_id_41": [], "ds_61_sample_id_42": [], "ds_56_sample_id_43": [], "ds_17_sample_id_44": [], "ds_43_sample_id_45": [], "ds_27_sample_id_46": ["DOMAIN_NAME", "IP_ADDRESS"], "ds_23_sample_id_47": ["DOMAIN_NAME", "IP_ADDRESS"], "ds_33_sample_id_48": [], "ds_66_sample_id_49": [], "ds_62_sample_id_50": [], "ds_64_sample_id_51": [], "ds_32_sample_id_52": [], "ds_8_sample_id_53": [], "ds_0_sample_id_54": ["PERSON"], "ds_43_sample_id_55": [], "ds_53_sample_id_56": ["DOMAIN_NAME", "IP_ADDRESS", "PERSON"], "ds_65_sample_id_57": [], "ds_58_sample_id_58": [], "ds_54_sample_id_59": [], "ds_35_sample_id_60": [], "ds_47_sample_id_61": [], "ds_51_sample_id_62": [], "ds_24_sample_id_63": [], "ds_40_sample_id_64": [], "ds_60_sample_id_65": [], "ds_32_sample_id_66": [], "ds_45_sample_id_67": ["DOMAIN_NAME", "IP_ADDRESS", "PERSON"], "ds_40_sample_id_68": [], "ds_42_sample_id_69": [], "ds_49_sample_id_70": [], "ds_26_sample_id_71": ["DOMAIN_NAME", "IP_ADDRESS", "PERSON"]}