{"user_group_edges": {"group_1": ["user_2_sample_id_15", "user_17_sample_id_0", "user_39_sample_id_71", "user_4_sample_id_61", "user_39_sample_id_68", "user_36_sample_id_54", "user_26_sample_id_66", "user_39_sample_id_1", "user_25_sample_id_3", "user_0_sample_id_31", "user_16_sample_id_64", "user_25_sample_id_50", "user_11_sample_id_44", "user_5_sample_id_60", "user_13_sample_id_26", "user_27_sample_id_8", "user_17_sample_id_37", "user_1_sample_id_46", "user_38_sample_id_23", "user_1_sample_id_16", "user_6_sample_id_63"], "group_4": ["user_2_sample_id_15", "user_0_sample_id_35", "user_28_sample_id_7", "user_30_sample_id_45", "user_4_sample_id_61", "user_39_sample_id_68", "user_36_sample_id_54", "user_16_sample_id_18", "user_3_sample_id_24", "user_34_sample_id_36", "user_18_sample_id_42", "user_31_sample_id_53", "user_27_sample_id_28", "user_15_sample_id_59", "user_32_sample_id_32", "user_22_sample_id_41", "user_25_sample_id_3", "user_26_sample_id_43", "user_11_sample_id_25", "user_7_sample_id_33", "user_25_sample_id_67", "user_16_sample_id_64", "user_13_sample_id_5", "user_28_sample_id_55", "user_23_sample_id_48", "user_5_sample_id_60", "user_19_sample_id_21", "user_13_sample_id_26", "user_17_sample_id_37", "user_34_sample_id_34", "user_18_sample_id_14", "user_10_sample_id_72", "user_9_sample_id_20", "user_1_sample_id_46", "user_8_sample_id_17", "user_6_sample_id_63"], "group_6": ["user_2_sample_id_15", "user_16_sample_id_73", "user_30_sample_id_45", "user_12_sample_id_70", "user_31_sample_id_13", "user_7_sample_id_6", "user_39_sample_id_1", "user_34_sample_id_36", "user_27_sample_id_28", "user_11_sample_id_25", "user_7_sample_id_33", "user_25_sample_id_67", "user_28_sample_id_55", "user_5_sample_id_60", "user_13_sample_id_26", "user_18_sample_id_14", "user_25_sample_id_57", "user_6_sample_id_2", "user_0_sample_id_12", "user_1_sample_id_46", "user_38_sample_id_23", "user_7_sample_id_22"], "group_7": ["user_2_sample_id_15", "user_39_sample_id_71", "user_0_sample_id_35", "user_16_sample_id_73", "user_30_sample_id_45", "user_5_sample_id_79", "user_23_sample_id_9", "user_18_sample_id_42", "user_26_sample_id_69", "user_27_sample_id_28", "user_12_sample_id_11", "user_11_sample_id_25", "user_7_sample_id_33", "user_14_sample_id_10", "user_25_sample_id_50", "user_23_sample_id_48", "user_28_sample_id_47", "user_5_sample_id_60", "user_19_sample_id_21", "user_2_sample_id_30", "user_13_sample_id_26", "user_10_sample_id_78", "user_17_sample_id_37", "user_34_sample_id_34", "user_25_sample_id_57", "user_0_sample_id_12", "user_1_sample_id_16", "user_7_sample_id_22", "user_6_sample_id_63"], "group_8": ["user_2_sample_id_15", "user_39_sample_id_71", "user_0_sample_id_35", "user_5_sample_id_79", "user_12_sample_id_70", "user_31_sample_id_13", "user_39_sample_id_68", "user_7_sample_id_6", "user_11_sample_id_77", "user_39_sample_id_1", "user_34_sample_id_36", "user_18_sample_id_42", "user_26_sample_id_69", "user_25_sample_id_3", "user_37_sample_id_40", "user_4_sample_id_27", "user_11_sample_id_51", "user_5_sample_id_56", "user_2_sample_id_30", "user_27_sample_id_8", "user_18_sample_id_14", "user_10_sample_id_72", "user_9_sample_id_20", "user_25_sample_id_57", "user_7_sample_id_22"], "group_13": ["user_2_sample_id_15", "user_4_sample_id_61", "user_31_sample_id_13", "user_7_sample_id_6", "user_11_sample_id_77", "user_3_sample_id_24", "user_31_sample_id_53", "user_12_sample_id_11", "user_26_sample_id_43", "user_0_sample_id_31", "user_25_sample_id_75", "user_16_sample_id_64", "user_4_sample_id_27", "user_3_sample_id_58", "user_11_sample_id_44", "user_34_sample_id_34", "user_18_sample_id_14", "user_10_sample_id_72", "user_2_sample_id_39", "user_25_sample_id_57", "user_38_sample_id_23", "user_8_sample_id_17"], "group_14": ["user_2_sample_id_15", "user_0_sample_id_35", "user_28_sample_id_7", "user_11_sample_id_4", "user_12_sample_id_70", "user_7_sample_id_52", "user_36_sample_id_54", "user_11_sample_id_77", "user_16_sample_id_18", "user_3_sample_id_24", "user_39_sample_id_1", "user_26_sample_id_69", "user_15_sample_id_59", "user_32_sample_id_32", "user_22_sample_id_41", "user_25_sample_id_3", "user_14_sample_id_10", "user_3_sample_id_58", "user_11_sample_id_51", "user_19_sample_id_76", "user_28_sample_id_55", "user_3_sample_id_49", "user_23_sample_id_48", "user_28_sample_id_47", "user_5_sample_id_60", "user_17_sample_id_37", "user_0_sample_id_12", "user_38_sample_id_23", "user_8_sample_id_17", "user_1_sample_id_65"], "group_0": ["user_17_sample_id_0", "user_4_sample_id_61", "user_39_sample_id_68", "user_36_sample_id_54", "user_39_sample_id_1", "user_34_sample_id_36", "user_26_sample_id_69", "user_15_sample_id_59", "user_14_sample_id_10", "user_11_sample_id_51", "user_28_sample_id_55", "user_21_sample_id_74", "user_23_sample_id_48", "user_5_sample_id_60", "user_19_sample_id_21", "user_13_sample_id_26", "user_10_sample_id_78", "user_1_sample_id_16", "user_1_sample_id_65"], "group_2": ["user_17_sample_id_0", "user_16_sample_id_73", "user_30_sample_id_45", "user_35_sample_id_62", "user_12_sample_id_70", "user_36_sample_id_54", "user_26_sample_id_66", "user_37_sample_id_29", "user_23_sample_id_9", "user_12_sample_id_11", "user_37_sample_id_40", "user_0_sample_id_31", "user_11_sample_id_25", "user_25_sample_id_67", "user_25_sample_id_75", "user_16_sample_id_64", "user_13_sample_id_5", "user_11_sample_id_51", "user_19_sample_id_76", "user_3_sample_id_49", "user_27_sample_id_8", "user_9_sample_id_20", "user_6_sample_id_2", "user_0_sample_id_12", "user_1_sample_id_46", "user_5_sample_id_38"], "group_10": ["user_17_sample_id_0", "user_39_sample_id_71", "user_30_sample_id_45", "user_16_sample_id_18", "user_37_sample_id_29", "user_12_sample_id_11", "user_22_sample_id_41", "user_25_sample_id_3", "user_37_sample_id_40", "user_26_sample_id_43", "user_11_sample_id_25", "user_7_sample_id_33", "user_4_sample_id_27", "user_3_sample_id_58", "user_11_sample_id_51", "user_21_sample_id_74", "user_31_sample_id_19", "user_11_sample_id_44", "user_28_sample_id_47", "user_19_sample_id_21", "user_17_sample_id_37", "user_34_sample_id_34", "user_0_sample_id_12", "user_1_sample_id_16"], "group_17": ["user_17_sample_id_0", "user_0_sample_id_35", "user_30_sample_id_45", "user_35_sample_id_62", "user_12_sample_id_70", "user_11_sample_id_77", "user_3_sample_id_24", "user_37_sample_id_29", "user_34_sample_id_36", "user_15_sample_id_59", "user_22_sample_id_41", "user_37_sample_id_40", "user_25_sample_id_67", "user_25_sample_id_75", "user_4_sample_id_27", "user_3_sample_id_58", "user_25_sample_id_50", "user_28_sample_id_47", "user_13_sample_id_26", "user_10_sample_id_78", "user_10_sample_id_72", "user_9_sample_id_20", "user_25_sample_id_57", "user_8_sample_id_17", "user_5_sample_id_38", "user_6_sample_id_63"], "group_19": ["user_39_sample_id_71", "user_16_sample_id_73", "user_28_sample_id_7", "user_11_sample_id_4", "user_5_sample_id_79", "user_7_sample_id_52", "user_7_sample_id_6", "user_3_sample_id_24", "user_31_sample_id_53", "user_27_sample_id_28", "user_26_sample_id_43", "user_11_sample_id_25", "user_25_sample_id_75", "user_16_sample_id_64", "user_13_sample_id_5", "user_3_sample_id_58", "user_3_sample_id_49", "user_21_sample_id_74", "user_2_sample_id_30", "user_27_sample_id_8", "user_10_sample_id_78", "user_18_sample_id_14", "user_2_sample_id_39", "user_25_sample_id_57", "user_38_sample_id_23", "user_6_sample_id_63"], "group_9": ["user_0_sample_id_35", "user_16_sample_id_73", "user_35_sample_id_62", "user_11_sample_id_4", "user_7_sample_id_52", "user_11_sample_id_77", "user_37_sample_id_29", "user_34_sample_id_36", "user_31_sample_id_53", "user_15_sample_id_59", "user_32_sample_id_32", "user_26_sample_id_43", "user_0_sample_id_31", "user_14_sample_id_10", "user_19_sample_id_76", "user_21_sample_id_74", "user_31_sample_id_19", "user_5_sample_id_56", "user_13_sample_id_26", "user_1_sample_id_65"], "group_12": ["user_0_sample_id_35", "user_30_sample_id_45", "user_35_sample_id_62", "user_12_sample_id_70", "user_31_sample_id_13", "user_7_sample_id_52", "user_11_sample_id_77", "user_37_sample_id_29", "user_23_sample_id_9", "user_18_sample_id_42", "user_26_sample_id_69", "user_15_sample_id_59", "user_22_sample_id_41", "user_25_sample_id_67", "user_25_sample_id_75", "user_13_sample_id_5", "user_11_sample_id_51", "user_19_sample_id_76", "user_21_sample_id_74", "user_28_sample_id_47", "user_27_sample_id_8", "user_17_sample_id_37", "user_1_sample_id_16", "user_8_sample_id_17", "user_5_sample_id_38"], "group_18": ["user_0_sample_id_35", "user_16_sample_id_73", "user_28_sample_id_7", "user_31_sample_id_13", "user_39_sample_id_68", "user_7_sample_id_52", "user_3_sample_id_24", "user_23_sample_id_9", "user_18_sample_id_42", "user_31_sample_id_53", "user_27_sample_id_28", "user_25_sample_id_3", "user_0_sample_id_31", "user_11_sample_id_25", "user_25_sample_id_67", "user_11_sample_id_51", "user_25_sample_id_50", "user_28_sample_id_55", "user_31_sample_id_19", "user_23_sample_id_48", "user_2_sample_id_30", "user_10_sample_id_72", "user_2_sample_id_39", "user_6_sample_id_2", "user_0_sample_id_12", "user_5_sample_id_38"], "group_16": ["user_16_sample_id_73", "user_30_sample_id_45", "user_11_sample_id_4", "user_4_sample_id_61", "user_7_sample_id_6", "user_3_sample_id_24", "user_23_sample_id_9", "user_0_sample_id_31", "user_11_sample_id_25", "user_7_sample_id_33", "user_13_sample_id_5", "user_3_sample_id_58", "user_5_sample_id_56", "user_11_sample_id_44", "user_19_sample_id_21", "user_10_sample_id_78", "user_10_sample_id_72", "user_2_sample_id_39", "user_25_sample_id_57", "user_1_sample_id_16", "user_1_sample_id_65"], "group_3": ["user_28_sample_id_7", "user_11_sample_id_4", "user_5_sample_id_79", "user_7_sample_id_52", "user_36_sample_id_54", "user_26_sample_id_66", "user_16_sample_id_18", "user_23_sample_id_9", "user_18_sample_id_42", "user_26_sample_id_69", "user_12_sample_id_11", "user_37_sample_id_40", "user_25_sample_id_75", "user_23_sample_id_48", "user_28_sample_id_47", "user_5_sample_id_60", "user_27_sample_id_8", "user_17_sample_id_37", "user_2_sample_id_39", "user_6_sample_id_63"], "group_11": ["user_28_sample_id_7", "user_7_sample_id_6", "user_37_sample_id_29", "user_39_sample_id_1", "user_34_sample_id_36", "user_27_sample_id_28", "user_32_sample_id_32", "user_26_sample_id_43", "user_14_sample_id_10", "user_4_sample_id_27", "user_25_sample_id_50", "user_28_sample_id_55", "user_3_sample_id_49", "user_21_sample_id_74", "user_5_sample_id_56", "user_23_sample_id_48", "user_11_sample_id_44", "user_5_sample_id_60", "user_2_sample_id_30", "user_34_sample_id_34", "user_6_sample_id_2", "user_1_sample_id_46", "user_7_sample_id_22", "user_5_sample_id_38", "user_6_sample_id_63"], "group_5": ["user_30_sample_id_45", "user_35_sample_id_62", "user_11_sample_id_4", "user_12_sample_id_70", "user_31_sample_id_13", "user_39_sample_id_68", "user_7_sample_id_52", "user_26_sample_id_66", "user_26_sample_id_69", "user_15_sample_id_59", "user_25_sample_id_3", "user_37_sample_id_40", "user_26_sample_id_43", "user_25_sample_id_67", "user_16_sample_id_64", "user_3_sample_id_49", "user_31_sample_id_19", "user_19_sample_id_21", "user_17_sample_id_37", "user_18_sample_id_14", "user_9_sample_id_20", "user_6_sample_id_2", "user_8_sample_id_17", "user_5_sample_id_38", "user_1_sample_id_65"], "group_15": ["user_35_sample_id_62", "user_11_sample_id_4", "user_4_sample_id_61", "user_5_sample_id_79", "user_26_sample_id_66", "user_16_sample_id_18", "user_27_sample_id_28", "user_12_sample_id_11", "user_32_sample_id_32", "user_7_sample_id_33", "user_14_sample_id_10", "user_3_sample_id_58", "user_19_sample_id_76", "user_2_sample_id_30", "user_34_sample_id_34", "user_10_sample_id_72", "user_25_sample_id_57", "user_0_sample_id_12", "user_8_sample_id_17", "user_7_sample_id_22", "user_5_sample_id_38", "user_6_sample_id_63"]}, "group_data_store_edges": {"group_0": ["ds_52_sample_id_39", "ds_27_sample_id_25", "ds_15_sample_id_36", "ds_45_sample_id_55", "ds_55_sample_id_51", "ds_60_sample_id_23", "ds_48_sample_id_37", "ds_50_sample_id_48", "ds_3_sample_id_50", "ds_45_sample_id_24", "ds_7_sample_id_18", "ds_24_sample_id_5", "ds_15_sample_id_43", "ds_50_sample_id_29", "ds_10_sample_id_35", "ds_62_sample_id_26"], "group_2": ["ds_52_sample_id_39", "ds_10_sample_id_56", "ds_21_sample_id_1", "ds_11_sample_id_9", "ds_66_sample_id_41", "ds_59_sample_id_57", "ds_1_sample_id_6", "ds_48_sample_id_37", "ds_49_sample_id_0", "ds_1_sample_id_16", "ds_40_sample_id_22", "ds_17_sample_id_33", "ds_47_sample_id_21", "ds_29_sample_id_30", "ds_16_sample_id_3", "ds_42_sample_id_49", "ds_50_sample_id_29", "ds_11_sample_id_38", "ds_10_sample_id_28"], "group_8": ["ds_52_sample_id_39", "ds_10_sample_id_56", "ds_21_sample_id_1", "ds_47_sample_id_2", "ds_25_sample_id_54", "ds_7_sample_id_27", "ds_50_sample_id_13", "ds_9_sample_id_53", "ds_50_sample_id_48", "ds_17_sample_id_33", "ds_9_sample_id_11", "ds_46_sample_id_40", "ds_3_sample_id_52"], "group_12": ["ds_52_sample_id_39", "ds_53_sample_id_20", "ds_9_sample_id_53", "ds_45_sample_id_55", "ds_1_sample_id_6", "ds_1_sample_id_16", "ds_17_sample_id_33", "ds_47_sample_id_21", "ds_44_sample_id_4", "ds_7_sample_id_18", "ds_24_sample_id_5", "ds_29_sample_id_8", "ds_46_sample_id_40", "ds_62_sample_id_26"], "group_13": ["ds_52_sample_id_39", "ds_15_sample_id_36", "ds_50_sample_id_13", "ds_66_sample_id_41", "ds_5_sample_id_17", "ds_60_sample_id_23", "ds_49_sample_id_0", "ds_8_sample_id_14", "ds_24_sample_id_5", "ds_9_sample_id_11", "ds_29_sample_id_8", "ds_15_sample_id_43", "ds_22_sample_id_42", "ds_3_sample_id_52", "ds_10_sample_id_35"], "group_16": ["ds_52_sample_id_39", "ds_10_sample_id_56", "ds_21_sample_id_1", "ds_47_sample_id_2", "ds_25_sample_id_54", "ds_11_sample_id_9", "ds_50_sample_id_13", "ds_66_sample_id_41", "ds_21_sample_id_7", "ds_24_sample_id_32", "ds_59_sample_id_57", "ds_36_sample_id_47", "ds_1_sample_id_6", "ds_60_sample_id_23", "ds_49_sample_id_0", "ds_40_sample_id_22", "ds_3_sample_id_50", "ds_29_sample_id_30", "ds_44_sample_id_4", "ds_16_sample_id_3", "ds_8_sample_id_14", "ds_46_sample_id_40"], "group_1": ["ds_27_sample_id_25", "ds_15_sample_id_12", "ds_53_sample_id_20", "ds_12_sample_id_31", "ds_15_sample_id_36", "ds_59_sample_id_57", "ds_60_sample_id_23", "ds_49_sample_id_0", "ds_50_sample_id_48", "ds_8_sample_id_14", "ds_29_sample_id_8", "ds_15_sample_id_43", "ds_50_sample_id_29", "ds_10_sample_id_34", "ds_28_sample_id_10", "ds_62_sample_id_26"], "group_3": ["ds_27_sample_id_25", "ds_10_sample_id_56", "ds_15_sample_id_12", "ds_53_sample_id_20", "ds_7_sample_id_27", "ds_11_sample_id_9", "ds_15_sample_id_36", "ds_1_sample_id_6", "ds_55_sample_id_51", "ds_28_sample_id_45", "ds_8_sample_id_14", "ds_24_sample_id_5", "ds_9_sample_id_11", "ds_46_sample_id_40", "ds_10_sample_id_28"], "group_9": ["ds_27_sample_id_25", "ds_47_sample_id_2", "ds_25_sample_id_54", "ds_7_sample_id_27", "ds_35_sample_id_19", "ds_9_sample_id_53", "ds_60_sample_id_23", "ds_48_sample_id_37", "ds_1_sample_id_16", "ds_40_sample_id_22", "ds_47_sample_id_21", "ds_29_sample_id_30", "ds_16_sample_id_3", "ds_8_sample_id_14", "ds_10_sample_id_34", "ds_10_sample_id_35", "ds_10_sample_id_28"], "group_17": ["ds_27_sample_id_25", "ds_12_sample_id_31", "ds_25_sample_id_54", "ds_24_sample_id_32", "ds_59_sample_id_57", "ds_1_sample_id_6", "ds_47_sample_id_21", "ds_55_sample_id_44", "ds_15_sample_id_43", "ds_22_sample_id_42", "ds_11_sample_id_38", "ds_62_sample_id_26", "ds_10_sample_id_28"], "group_11": ["ds_10_sample_id_56", "ds_53_sample_id_20", "ds_38_sample_id_46", "ds_11_sample_id_9", "ds_24_sample_id_32", "ds_5_sample_id_17", "ds_36_sample_id_47", "ds_55_sample_id_51", "ds_48_sample_id_37", "ds_56_sample_id_15", "ds_55_sample_id_44", "ds_29_sample_id_30", "ds_45_sample_id_24", "ds_7_sample_id_18", "ds_15_sample_id_43", "ds_3_sample_id_52", "ds_10_sample_id_35"], "group_6": ["ds_15_sample_id_12", "ds_47_sample_id_2", "ds_12_sample_id_31", "ds_7_sample_id_27", "ds_9_sample_id_53", "ds_45_sample_id_55", "ds_59_sample_id_57", "ds_60_sample_id_23", "ds_48_sample_id_37", "ds_40_sample_id_22", "ds_17_sample_id_33", "ds_3_sample_id_50", "ds_47_sample_id_21", "ds_7_sample_id_18", "ds_42_sample_id_49", "ds_3_sample_id_52"], "group_10": ["ds_15_sample_id_12", "ds_38_sample_id_46", "ds_35_sample_id_19", "ds_50_sample_id_13", "ds_66_sample_id_41", "ds_9_sample_id_53", "ds_1_sample_id_6", "ds_56_sample_id_15", "ds_45_sample_id_24", "ds_42_sample_id_49", "ds_22_sample_id_42", "ds_46_sample_id_40"], "group_19": ["ds_15_sample_id_12", "ds_21_sample_id_7", "ds_24_sample_id_32", "ds_55_sample_id_51", "ds_1_sample_id_16", "ds_55_sample_id_44", "ds_16_sample_id_3", "ds_29_sample_id_8", "ds_22_sample_id_42", "ds_46_sample_id_40", "ds_11_sample_id_38", "ds_3_sample_id_52"], "group_18": ["ds_53_sample_id_20", "ds_21_sample_id_1", "ds_38_sample_id_46", "ds_7_sample_id_27", "ds_11_sample_id_9", "ds_15_sample_id_36", "ds_36_sample_id_47", "ds_28_sample_id_45", "ds_17_sample_id_33", "ds_56_sample_id_15", "ds_3_sample_id_50", "ds_29_sample_id_30", "ds_16_sample_id_3", "ds_42_sample_id_49", "ds_9_sample_id_11", "ds_3_sample_id_52", "ds_28_sample_id_10", "ds_62_sample_id_26"], "group_5": ["ds_21_sample_id_1", "ds_47_sample_id_2", "ds_66_sample_id_41", "ds_21_sample_id_7", "ds_9_sample_id_53", "ds_5_sample_id_17", "ds_36_sample_id_47", "ds_1_sample_id_16", "ds_47_sample_id_21", "ds_45_sample_id_24", "ds_24_sample_id_5", "ds_9_sample_id_11", "ds_10_sample_id_34", "ds_11_sample_id_38"], "group_15": ["ds_21_sample_id_1", "ds_38_sample_id_46", "ds_25_sample_id_54", "ds_15_sample_id_36", "ds_66_sample_id_41", "ds_59_sample_id_57", "ds_55_sample_id_51", "ds_49_sample_id_0", "ds_3_sample_id_50", "ds_29_sample_id_30", "ds_44_sample_id_4", "ds_7_sample_id_18", "ds_3_sample_id_52", "ds_10_sample_id_35", "ds_28_sample_id_10", "ds_10_sample_id_28"], "group_4": ["ds_38_sample_id_46", "ds_12_sample_id_31", "ds_35_sample_id_19", "ds_45_sample_id_55", "ds_5_sample_id_17", "ds_60_sample_id_23", "ds_17_sample_id_33", "ds_55_sample_id_44", "ds_44_sample_id_4", "ds_16_sample_id_3", "ds_9_sample_id_11", "ds_50_sample_id_29", "ds_22_sample_id_42", "ds_11_sample_id_38", "ds_28_sample_id_10"], "group_14": ["ds_47_sample_id_2", "ds_12_sample_id_31", "ds_7_sample_id_27", "ds_15_sample_id_36", "ds_21_sample_id_7", "ds_50_sample_id_48", "ds_28_sample_id_45", "ds_56_sample_id_15", "ds_3_sample_id_50", "ds_47_sample_id_21", "ds_55_sample_id_44", "ds_45_sample_id_24", "ds_29_sample_id_8", "ds_11_sample_id_38", "ds_10_sample_id_28"], "group_7": ["ds_11_sample_id_9", "ds_35_sample_id_19", "ds_50_sample_id_13", "ds_9_sample_id_53", "ds_45_sample_id_55", "ds_48_sample_id_37", "ds_40_sample_id_22", "ds_28_sample_id_45", "ds_10_sample_id_34", "ds_28_sample_id_10"]}}