{"user_group_edges": {"group_13": ["user_63_sample_id_18", "user_174_sample_id_7", "user_174_sample_id_5", "user_194_sample_id_51", "user_10_sample_id_20", "user_116_sample_id_33", "user_68_sample_id_40", "user_190_sample_id_44", "user_21_sample_id_57"], "group_15": ["user_63_sample_id_18", "user_180_sample_id_38", "user_68_sample_id_29", "user_51_sample_id_27", "user_192_sample_id_30", "user_160_sample_id_6", "user_138_sample_id_4", "user_34_sample_id_19", "user_48_sample_id_3", "user_49_sample_id_52", "user_158_sample_id_37", "user_61_sample_id_53"], "group_19": ["user_63_sample_id_18", "user_12_sample_id_36", "user_97_sample_id_60", "user_198_sample_id_26", "user_133_sample_id_22", "user_72_sample_id_17", "user_154_sample_id_13", "user_77_sample_id_61", "user_100_sample_id_8", "user_160_sample_id_9", "user_22_sample_id_58", "user_188_sample_id_47", "user_34_sample_id_19", "user_35_sample_id_1"], "group_4": ["user_12_sample_id_0", "user_74_sample_id_50", "user_59_sample_id_59", "user_163_sample_id_42", "user_160_sample_id_6", "user_100_sample_id_8", "user_179_sample_id_49", "user_27_sample_id_21", "user_158_sample_id_37", "user_7_sample_id_12"], "group_7": ["user_12_sample_id_0", "user_137_sample_id_45", "user_198_sample_id_26", "user_51_sample_id_27", "user_12_sample_id_54", "user_124_sample_id_11", "user_89_sample_id_10", "user_22_sample_id_58", "user_27_sample_id_21", "user_155_sample_id_46", "user_190_sample_id_16", "user_188_sample_id_47", "user_35_sample_id_1", "user_7_sample_id_12"], "group_18": ["user_74_sample_id_50", "user_180_sample_id_38", "user_136_sample_id_28", "user_137_sample_id_45", "user_198_sample_id_26", "user_133_sample_id_22", "user_101_sample_id_39", "user_104_sample_id_32", "user_139_sample_id_2", "user_21_sample_id_57"], "group_0": ["user_180_sample_id_38", "user_12_sample_id_36", "user_97_sample_id_60", "user_68_sample_id_29", "user_133_sample_id_22", "user_163_sample_id_42", "user_192_sample_id_30", "user_19_sample_id_62", "user_124_sample_id_11", "user_20_sample_id_35", "user_200_sample_id_43", "user_10_sample_id_20", "user_92_sample_id_41", "user_48_sample_id_3", "user_35_sample_id_1", "user_190_sample_id_44", "user_21_sample_id_57"], "group_2": ["user_174_sample_id_7", "user_194_sample_id_51", "user_160_sample_id_6", "user_89_sample_id_10", "user_200_sample_id_43", "user_190_sample_id_34", "user_10_sample_id_20", "user_198_sample_id_56", "user_92_sample_id_41", "user_38_sample_id_55", "user_158_sample_id_37"], "group_11": ["user_174_sample_id_7", "user_68_sample_id_29", "user_194_sample_id_51", "user_101_sample_id_39", "user_160_sample_id_6", "user_89_sample_id_10", "user_200_sample_id_43", "user_190_sample_id_34", "user_93_sample_id_48", "user_92_sample_id_41", "user_190_sample_id_16", "user_49_sample_id_52", "user_21_sample_id_57"], "group_14": ["user_174_sample_id_7", "user_12_sample_id_36", "user_97_sample_id_60", "user_174_sample_id_5", "user_104_sample_id_32", "user_124_sample_id_11", "user_154_sample_id_13", "user_200_sample_id_43", "user_93_sample_id_48", "user_179_sample_id_49", "user_116_sample_id_33"], "group_12": ["user_59_sample_id_59", "user_51_sample_id_27", "user_72_sample_id_17", "user_89_sample_id_10", "user_92_sample_id_41", "user_190_sample_id_16", "user_92_sample_id_24", "user_61_sample_id_53"], "group_1": ["user_136_sample_id_28", "user_65_sample_id_15", "user_104_sample_id_32", "user_20_sample_id_35", "user_190_sample_id_34", "user_160_sample_id_9", "user_138_sample_id_4", "user_179_sample_id_49", "user_92_sample_id_24", "user_49_sample_id_52", "user_118_sample_id_25", "user_68_sample_id_40"], "group_3": ["user_136_sample_id_28", "user_192_sample_id_30", "user_198_sample_id_56", "user_188_sample_id_47", "user_61_sample_id_53", "user_68_sample_id_40", "user_190_sample_id_44"], "group_6": ["user_12_sample_id_36", "user_101_sample_id_39", "user_77_sample_id_61", "user_139_sample_id_2", "user_22_sample_id_58", "user_38_sample_id_55", "user_148_sample_id_14"], "group_5": ["user_137_sample_id_45", "user_65_sample_id_15", "user_72_sample_id_17", "user_104_sample_id_32", "user_20_sample_id_35", "user_89_sample_id_10", "user_100_sample_id_8", "user_93_sample_id_48", "user_198_sample_id_56", "user_155_sample_id_46", "user_148_sample_id_14", "user_158_sample_id_37", "user_7_sample_id_12"], "group_16": ["user_137_sample_id_45", "user_194_sample_id_51", "user_192_sample_id_30", "user_154_sample_id_13", "user_27_sample_id_21", "user_190_sample_id_16", "user_188_sample_id_47", "user_195_sample_id_31", "user_190_sample_id_44", "user_21_sample_id_57"], "group_8": ["user_65_sample_id_15", "user_68_sample_id_29", "user_12_sample_id_54", "user_76_sample_id_23", "user_89_sample_id_10", "user_138_sample_id_4", "user_179_sample_id_49", "user_48_sample_id_3", "user_148_sample_id_14"], "group_9": ["user_174_sample_id_5", "user_76_sample_id_23", "user_19_sample_id_62", "user_77_sample_id_61", "user_160_sample_id_9", "user_34_sample_id_19", "user_48_sample_id_3", "user_118_sample_id_25"], "group_17": ["user_101_sample_id_39", "user_72_sample_id_17", "user_192_sample_id_30", "user_19_sample_id_62", "user_77_sample_id_61", "user_100_sample_id_8", "user_27_sample_id_21", "user_116_sample_id_33", "user_190_sample_id_16", "user_195_sample_id_31", "user_61_sample_id_53", "user_35_sample_id_1"], "group_10": ["user_198_sample_id_56", "user_195_sample_id_31", "user_48_sample_id_3"]}, "group_data_store_edges": {"group_1": ["ds_44_sample_id_36", "ds_87_sample_id_194", "ds_16_sample_id_19", "ds_8_sample_id_53", "ds_47_sample_id_186", "ds_88_sample_id_133", "ds_36_sample_id_138", "ds_30_sample_id_57", "ds_20_sample_id_71", "ds_15_sample_id_43", "ds_68_sample_id_22", "ds_58_sample_id_211", "ds_67_sample_id_83", "ds_34_sample_id_157", "ds_44_sample_id_177", "ds_13_sample_id_182", "ds_50_sample_id_30", "ds_54_sample_id_221", "ds_21_sample_id_204", "ds_92_sample_id_91", "ds_84_sample_id_146", "ds_55_sample_id_106", "ds_101_sample_id_150", "ds_81_sample_id_215", "ds_62_sample_id_233", "ds_75_sample_id_130", "ds_67_sample_id_62", "ds_47_sample_id_248", "ds_46_sample_id_9", "ds_79_sample_id_159", "ds_33_sample_id_7", "ds_58_sample_id_227", "ds_24_sample_id_97", "ds_55_sample_id_109", "ds_21_sample_id_170", "ds_27_sample_id_31", "ds_49_sample_id_119", "ds_37_sample_id_52", "ds_91_sample_id_86", "ds_36_sample_id_0", "ds_85_sample_id_222", "ds_41_sample_id_183", "ds_85_sample_id_114", "ds_60_sample_id_10", "ds_25_sample_id_136", "ds_54_sample_id_68", "ds_103_sample_id_124", "ds_97_sample_id_98", "ds_7_sample_id_189", "ds_17_sample_id_156", "ds_98_sample_id_209", "ds_69_sample_id_108", "ds_54_sample_id_17", "ds_102_sample_id_84", "ds_23_sample_id_2", "ds_87_sample_id_220", "ds_93_sample_id_115", "ds_40_sample_id_132", "ds_16_sample_id_40", "ds_69_sample_id_165", "ds_56_sample_id_21", "ds_31_sample_id_210", "ds_101_sample_id_232", "ds_86_sample_id_103", "ds_98_sample_id_197", "ds_102_sample_id_251", "ds_17_sample_id_100", "ds_88_sample_id_48", "ds_19_sample_id_203", "ds_88_sample_id_200", "ds_8_sample_id_85", "ds_103_sample_id_55", "ds_47_sample_id_117", "ds_16_sample_id_32", "ds_102_sample_id_35", "ds_70_sample_id_135"], "group_4": ["ds_44_sample_id_36", "ds_87_sample_id_194", "ds_68_sample_id_18", "ds_98_sample_id_181", "ds_94_sample_id_228", "ds_16_sample_id_19", "ds_8_sample_id_53", "ds_96_sample_id_223", "ds_47_sample_id_166", "ds_21_sample_id_116", "ds_36_sample_id_138", "ds_11_sample_id_44", "ds_6_sample_id_169", "ds_30_sample_id_57", "ds_50_sample_id_65", "ds_78_sample_id_105", "ds_77_sample_id_126", "ds_18_sample_id_161", "ds_94_sample_id_42", "ds_30_sample_id_217", "ds_66_sample_id_50", "ds_48_sample_id_190", "ds_37_sample_id_164", "ds_31_sample_id_49", "ds_34_sample_id_229", "ds_65_sample_id_127", "ds_98_sample_id_141", "ds_68_sample_id_22", "ds_4_sample_id_6", "ds_34_sample_id_157", "ds_4_sample_id_118", "ds_59_sample_id_208", "ds_7_sample_id_94", "ds_62_sample_id_219", "ds_44_sample_id_177", "ds_13_sample_id_182", "ds_82_sample_id_145", "ds_43_sample_id_185", "ds_39_sample_id_234", "ds_58_sample_id_88", "ds_31_sample_id_16", "ds_50_sample_id_30", "ds_76_sample_id_192", "ds_7_sample_id_241", "ds_89_sample_id_179", "ds_55_sample_id_106", "ds_11_sample_id_180", "ds_81_sample_id_215", "ds_55_sample_id_80", "ds_79_sample_id_99", "ds_31_sample_id_206", "ds_33_sample_id_195", "ds_13_sample_id_202", "ds_47_sample_id_248", "ds_46_sample_id_9", "ds_78_sample_id_34", "ds_24_sample_id_97", "ds_55_sample_id_109", "ds_27_sample_id_31", "ds_49_sample_id_119", "ds_46_sample_id_155", "ds_37_sample_id_52", "ds_49_sample_id_24", "ds_39_sample_id_78", "ds_72_sample_id_191", "ds_85_sample_id_222", "ds_64_sample_id_250", "ds_56_sample_id_11", "ds_85_sample_id_114", "ds_95_sample_id_162", "ds_54_sample_id_68", "ds_23_sample_id_236", "ds_40_sample_id_238", "ds_90_sample_id_125", "ds_42_sample_id_63", "ds_71_sample_id_28", "ds_54_sample_id_17", "ds_85_sample_id_154", "ds_37_sample_id_121", "ds_93_sample_id_115", "ds_16_sample_id_40", "ds_45_sample_id_184", "ds_34_sample_id_58", "ds_56_sample_id_21", "ds_92_sample_id_3", "ds_77_sample_id_26", "ds_56_sample_id_73", "ds_36_sample_id_1", "ds_42_sample_id_235", "ds_4_sample_id_148", "ds_16_sample_id_20", "ds_66_sample_id_188", "ds_93_sample_id_45", "ds_69_sample_id_66", "ds_27_sample_id_23", "ds_45_sample_id_76", "ds_12_sample_id_107", "ds_103_sample_id_14", "ds_88_sample_id_200", "ds_48_sample_id_168", "ds_70_sample_id_163", "ds_55_sample_id_75", "ds_56_sample_id_111", "ds_102_sample_id_35", "ds_70_sample_id_135", "ds_78_sample_id_246", "ds_87_sample_id_230"], "group_8": ["ds_44_sample_id_36", "ds_87_sample_id_194", "ds_68_sample_id_18", "ds_96_sample_id_223", "ds_66_sample_id_74", "ds_66_sample_id_201", "ds_88_sample_id_133", "ds_47_sample_id_166", "ds_36_sample_id_138", "ds_76_sample_id_153", "ds_78_sample_id_105", "ds_94_sample_id_42", "ds_48_sample_id_190", "ds_37_sample_id_164", "ds_68_sample_id_22", "ds_4_sample_id_6", "ds_67_sample_id_83", "ds_34_sample_id_157", "ds_40_sample_id_242", "ds_81_sample_id_69", "ds_80_sample_id_196", "ds_13_sample_id_82", "ds_69_sample_id_140", "ds_31_sample_id_16", "ds_54_sample_id_221", "ds_76_sample_id_192", "ds_7_sample_id_241", "ds_21_sample_id_204", "ds_92_sample_id_91", "ds_35_sample_id_245", "ds_32_sample_id_92", "ds_77_sample_id_151", "ds_37_sample_id_149", "ds_55_sample_id_51", "ds_40_sample_id_72", "ds_102_sample_id_89", "ds_100_sample_id_172", "ds_15_sample_id_167", "ds_47_sample_id_248", "ds_68_sample_id_37", "ds_79_sample_id_159", "ds_78_sample_id_34", "ds_55_sample_id_109", "ds_73_sample_id_39", "ds_87_sample_id_96", "ds_46_sample_id_155", "ds_37_sample_id_52", "ds_58_sample_id_187", "ds_39_sample_id_78", "ds_41_sample_id_183", "ds_64_sample_id_250", "ds_77_sample_id_239", "ds_101_sample_id_147", "ds_25_sample_id_136", "ds_17_sample_id_237", "ds_40_sample_id_238", "ds_2_sample_id_160", "ds_7_sample_id_189", "ds_69_sample_id_108", "ds_96_sample_id_218", "ds_76_sample_id_247", "ds_24_sample_id_244", "ds_88_sample_id_249", "ds_37_sample_id_121", "ds_41_sample_id_38", "ds_45_sample_id_184", "ds_34_sample_id_58", "ds_69_sample_id_165", "ds_31_sample_id_210", "ds_36_sample_id_1", "ds_82_sample_id_193", "ds_16_sample_id_20", "ds_27_sample_id_23", "ds_88_sample_id_48", "ds_45_sample_id_76", "ds_78_sample_id_144", "ds_47_sample_id_199", "ds_65_sample_id_81", "ds_70_sample_id_163", "ds_56_sample_id_111"], "group_14": ["ds_44_sample_id_36", "ds_9_sample_id_56", "ds_94_sample_id_228", "ds_96_sample_id_223", "ds_62_sample_id_93", "ds_9_sample_id_143", "ds_66_sample_id_74", "ds_47_sample_id_166", "ds_36_sample_id_138", "ds_11_sample_id_44", "ds_57_sample_id_131", "ds_30_sample_id_57", "ds_50_sample_id_65", "ds_78_sample_id_105", "ds_77_sample_id_126", "ds_94_sample_id_42", "ds_30_sample_id_217", "ds_48_sample_id_190", "ds_37_sample_id_164", "ds_83_sample_id_33", "ds_80_sample_id_61", "ds_65_sample_id_127", "ds_15_sample_id_43", "ds_68_sample_id_22", "ds_34_sample_id_157", "ds_40_sample_id_242", "ds_13_sample_id_82", "ds_43_sample_id_185", "ds_39_sample_id_8", "ds_69_sample_id_140", "ds_8_sample_id_137", "ds_89_sample_id_179", "ds_79_sample_id_99", "ds_39_sample_id_122", "ds_13_sample_id_202", "ds_67_sample_id_62", "ds_15_sample_id_167", "ds_47_sample_id_248", "ds_79_sample_id_159", "ds_59_sample_id_174", "ds_73_sample_id_39", "ds_60_sample_id_252", "ds_21_sample_id_170", "ds_27_sample_id_31", "ds_40_sample_id_212", "ds_37_sample_id_52", "ds_49_sample_id_24", "ds_91_sample_id_86", "ds_39_sample_id_78", "ds_72_sample_id_191", "ds_85_sample_id_222", "ds_82_sample_id_46", "ds_77_sample_id_239", "ds_56_sample_id_11", "ds_60_sample_id_10", "ds_95_sample_id_162", "ds_54_sample_id_68", "ds_103_sample_id_124", "ds_97_sample_id_98", "ds_7_sample_id_189", "ds_82_sample_id_225", "ds_42_sample_id_63", "ds_71_sample_id_28", "ds_79_sample_id_207", "ds_24_sample_id_244", "ds_101_sample_id_120", "ds_79_sample_id_214", "ds_9_sample_id_77", "ds_8_sample_id_4", "ds_40_sample_id_132", "ds_77_sample_id_26", "ds_101_sample_id_232", "ds_82_sample_id_193", "ds_16_sample_id_20", "ds_86_sample_id_103", "ds_54_sample_id_173", "ds_66_sample_id_188", "ds_98_sample_id_197", "ds_45_sample_id_76", "ds_88_sample_id_200", "ds_65_sample_id_81", "ds_103_sample_id_55", "ds_39_sample_id_64", "ds_47_sample_id_117", "ds_78_sample_id_246"], "group_16": ["ds_44_sample_id_36", "ds_87_sample_id_194", "ds_68_sample_id_18", "ds_16_sample_id_19", "ds_47_sample_id_186", "ds_76_sample_id_153", "ds_90_sample_id_60", "ds_37_sample_id_164", "ds_31_sample_id_49", "ds_80_sample_id_61", "ds_51_sample_id_41", "ds_67_sample_id_83", "ds_81_sample_id_69", "ds_43_sample_id_185", "ds_39_sample_id_234", "ds_54_sample_id_221", "ds_76_sample_id_192", "ds_89_sample_id_179", "ds_74_sample_id_15", "ds_52_sample_id_104", "ds_0_sample_id_13", "ds_55_sample_id_109", "ds_69_sample_id_176", "ds_36_sample_id_0", "ds_41_sample_id_183", "ds_92_sample_id_113", "ds_95_sample_id_162", "ds_101_sample_id_147", "ds_17_sample_id_156", "ds_69_sample_id_108", "ds_79_sample_id_207", "ds_96_sample_id_218", "ds_24_sample_id_244", "ds_34_sample_id_58", "ds_69_sample_id_165", "ds_56_sample_id_73", "ds_54_sample_id_173", "ds_93_sample_id_45", "ds_69_sample_id_66", "ds_5_sample_id_158", "ds_47_sample_id_199", "ds_103_sample_id_14", "ds_55_sample_id_75", "ds_19_sample_id_152", "ds_103_sample_id_55", "ds_70_sample_id_135"], "group_17": ["ds_44_sample_id_36", "ds_93_sample_id_134", "ds_68_sample_id_18", "ds_98_sample_id_181", "ds_16_sample_id_19", "ds_96_sample_id_223", "ds_9_sample_id_143", "ds_47_sample_id_186", "ds_20_sample_id_71", "ds_37_sample_id_164", "ds_34_sample_id_229", "ds_58_sample_id_211", "ds_4_sample_id_6", "ds_34_sample_id_157", "ds_3_sample_id_110", "ds_81_sample_id_69", "ds_7_sample_id_94", "ds_82_sample_id_145", "ds_39_sample_id_8", "ds_92_sample_id_91", "ds_63_sample_id_171", "ds_32_sample_id_92", "ds_77_sample_id_151", "ds_11_sample_id_180", "ds_62_sample_id_233", "ds_40_sample_id_72", "ds_102_sample_id_89", "ds_15_sample_id_167", "ds_52_sample_id_104", "ds_33_sample_id_7", "ds_0_sample_id_13", "ds_21_sample_id_170", "ds_27_sample_id_31", "ds_97_sample_id_12", "ds_73_sample_id_79", "ds_87_sample_id_96", "ds_46_sample_id_155", "ds_37_sample_id_52", "ds_58_sample_id_187", "ds_39_sample_id_78", "ds_85_sample_id_222", "ds_77_sample_id_239", "ds_95_sample_id_162", "ds_101_sample_id_147", "ds_103_sample_id_124", "ds_97_sample_id_98", "ds_7_sample_id_189", "ds_13_sample_id_59", "ds_42_sample_id_63", "ds_69_sample_id_108", "ds_102_sample_id_84", "ds_85_sample_id_154", "ds_9_sample_id_77", "ds_16_sample_id_40", "ds_56_sample_id_21", "ds_54_sample_id_173", "ds_66_sample_id_188", "ds_69_sample_id_66", "ds_102_sample_id_251", "ds_27_sample_id_23", "ds_103_sample_id_14", "ds_39_sample_id_64"], "group_5": ["ds_93_sample_id_134", "ds_9_sample_id_56", "ds_98_sample_id_181", "ds_4_sample_id_87", "ds_96_sample_id_223", "ds_62_sample_id_93", "ds_66_sample_id_74", "ds_66_sample_id_201", "ds_21_sample_id_116", "ds_11_sample_id_44", "ds_6_sample_id_169", "ds_76_sample_id_153", "ds_30_sample_id_57", "ds_20_sample_id_71", "ds_77_sample_id_126", "ds_70_sample_id_142", "ds_30_sample_id_217", "ds_66_sample_id_50", "ds_48_sample_id_190", "ds_24_sample_id_5", "ds_83_sample_id_33", "ds_65_sample_id_127", "ds_58_sample_id_211", "ds_4_sample_id_6", "ds_67_sample_id_83", "ds_40_sample_id_242", "ds_4_sample_id_118", "ds_80_sample_id_196", "ds_2_sample_id_205", "ds_43_sample_id_185", "ds_39_sample_id_234", "ds_8_sample_id_137", "ds_14_sample_id_231", "ds_7_sample_id_241", "ds_74_sample_id_15", "ds_100_sample_id_172", "ds_33_sample_id_195", "ds_67_sample_id_62", "ds_46_sample_id_9", "ds_78_sample_id_34", "ds_55_sample_id_54", "ds_73_sample_id_39", "ds_21_sample_id_170", "ds_69_sample_id_176", "ds_49_sample_id_119", "ds_73_sample_id_79", "ds_40_sample_id_212", "ds_1_sample_id_67", "ds_36_sample_id_0", "ds_41_sample_id_183", "ds_92_sample_id_113", "ds_64_sample_id_250", "ds_101_sample_id_101", "ds_56_sample_id_11", "ds_32_sample_id_139", "ds_1_sample_id_112", "ds_2_sample_id_160", "ds_58_sample_id_95", "ds_90_sample_id_125", "ds_82_sample_id_225", "ds_2_sample_id_123", "ds_71_sample_id_28", "ds_79_sample_id_207", "ds_82_sample_id_27", "ds_102_sample_id_84", "ds_76_sample_id_247", "ds_24_sample_id_244", "ds_23_sample_id_2", "ds_88_sample_id_249", "ds_85_sample_id_154", "ds_38_sample_id_128", "ds_87_sample_id_220", "ds_36_sample_id_1", "ds_42_sample_id_235", "ds_86_sample_id_103", "ds_1_sample_id_216", "ds_69_sample_id_66", "ds_5_sample_id_158", "ds_17_sample_id_100", "ds_88_sample_id_200", "ds_48_sample_id_168", "ds_19_sample_id_152", "ds_78_sample_id_246", "ds_41_sample_id_129"], "group_12": ["ds_93_sample_id_134", "ds_9_sample_id_56", "ds_68_sample_id_18", "ds_94_sample_id_228", "ds_62_sample_id_93", "ds_9_sample_id_143", "ds_66_sample_id_74", "ds_66_sample_id_201", "ds_47_sample_id_186", "ds_88_sample_id_133", "ds_11_sample_id_44", "ds_6_sample_id_169", "ds_76_sample_id_153", "ds_30_sample_id_57", "ds_90_sample_id_60", "ds_70_sample_id_142", "ds_83_sample_id_33", "ds_80_sample_id_61", "ds_65_sample_id_127", "ds_98_sample_id_141", "ds_68_sample_id_22", "ds_51_sample_id_41", "ds_67_sample_id_83", "ds_80_sample_id_196", "ds_44_sample_id_177", "ds_13_sample_id_82", "ds_39_sample_id_8", "ds_69_sample_id_140", "ds_11_sample_id_180", "ds_101_sample_id_150", "ds_55_sample_id_80", "ds_62_sample_id_233", "ds_75_sample_id_130", "ds_102_sample_id_89", "ds_39_sample_id_122", "ds_100_sample_id_172", "ds_68_sample_id_37", "ds_75_sample_id_213", "ds_33_sample_id_7", "ds_58_sample_id_227", "ds_55_sample_id_109", "ds_73_sample_id_39", "ds_12_sample_id_175", "ds_97_sample_id_12", "ds_87_sample_id_96", "ds_46_sample_id_155", "ds_33_sample_id_224", "ds_58_sample_id_187", "ds_72_sample_id_191", "ds_92_sample_id_113", "ds_77_sample_id_239", "ds_60_sample_id_10", "ds_17_sample_id_237", "ds_32_sample_id_139", "ds_23_sample_id_236", "ds_40_sample_id_238", "ds_45_sample_id_47", "ds_58_sample_id_95", "ds_17_sample_id_156", "ds_82_sample_id_27", "ds_54_sample_id_17", "ds_76_sample_id_247", "ds_24_sample_id_244", "ds_101_sample_id_120", "ds_8_sample_id_4", "ds_16_sample_id_40", "ds_41_sample_id_38", "ds_36_sample_id_1", "ds_93_sample_id_45", "ds_98_sample_id_197", "ds_88_sample_id_48", "ds_78_sample_id_144", "ds_47_sample_id_199", "ds_65_sample_id_81", "ds_47_sample_id_117", "ds_56_sample_id_111", "ds_41_sample_id_129"], "group_13": ["ds_93_sample_id_134", "ds_16_sample_id_19", "ds_8_sample_id_53", "ds_44_sample_id_70", "ds_9_sample_id_143", "ds_66_sample_id_74", "ds_66_sample_id_201", "ds_18_sample_id_161", "ds_70_sample_id_142", "ds_24_sample_id_5", "ds_34_sample_id_229", "ds_38_sample_id_90", "ds_51_sample_id_41", "ds_4_sample_id_118", "ds_2_sample_id_205", "ds_62_sample_id_219", "ds_82_sample_id_145", "ds_39_sample_id_234", "ds_69_sample_id_140", "ds_8_sample_id_137", "ds_92_sample_id_91", "ds_63_sample_id_171", "ds_74_sample_id_15", "ds_32_sample_id_92", "ds_55_sample_id_106", "ds_77_sample_id_151", "ds_55_sample_id_51", "ds_13_sample_id_198", "ds_55_sample_id_80", "ds_62_sample_id_233", "ds_33_sample_id_195", "ds_68_sample_id_37", "ds_79_sample_id_159", "ds_33_sample_id_7", "ds_58_sample_id_227", "ds_78_sample_id_34", "ds_24_sample_id_97", "ds_27_sample_id_31", "ds_49_sample_id_119", "ds_37_sample_id_52", "ds_33_sample_id_224", "ds_58_sample_id_187", "ds_1_sample_id_67", "ds_85_sample_id_222", "ds_77_sample_id_239", "ds_56_sample_id_11", "ds_17_sample_id_237", "ds_32_sample_id_139", "ds_40_sample_id_238", "ds_58_sample_id_95", "ds_7_sample_id_189", "ds_82_sample_id_225", "ds_98_sample_id_209", "ds_69_sample_id_108", "ds_39_sample_id_178", "ds_96_sample_id_218", "ds_76_sample_id_247", "ds_88_sample_id_249", "ds_85_sample_id_154", "ds_101_sample_id_120", "ds_9_sample_id_77", "ds_38_sample_id_128", "ds_87_sample_id_220", "ds_40_sample_id_132", "ds_56_sample_id_21", "ds_92_sample_id_3", "ds_31_sample_id_210", "ds_36_sample_id_1", "ds_4_sample_id_148", "ds_16_sample_id_20", "ds_86_sample_id_103", "ds_54_sample_id_173", "ds_93_sample_id_45", "ds_5_sample_id_158", "ds_27_sample_id_23", "ds_17_sample_id_100", "ds_12_sample_id_107", "ds_47_sample_id_199", "ds_48_sample_id_168", "ds_56_sample_id_111", "ds_102_sample_id_35", "ds_70_sample_id_135", "ds_41_sample_id_129"], "group_15": ["ds_93_sample_id_134", "ds_98_sample_id_181", "ds_21_sample_id_116", "ds_36_sample_id_138", "ds_76_sample_id_153", "ds_77_sample_id_126", "ds_18_sample_id_161", "ds_70_sample_id_142", "ds_30_sample_id_217", "ds_48_sample_id_190", "ds_31_sample_id_49", "ds_24_sample_id_5", "ds_80_sample_id_61", "ds_51_sample_id_41", "ds_4_sample_id_118", "ds_80_sample_id_196", "ds_59_sample_id_208", "ds_44_sample_id_177", "ds_39_sample_id_234", "ds_50_sample_id_30", "ds_14_sample_id_231", "ds_76_sample_id_192", "ds_101_sample_id_150", "ds_62_sample_id_233", "ds_79_sample_id_99", "ds_31_sample_id_206", "ds_15_sample_id_167", "ds_46_sample_id_9", "ds_52_sample_id_104", "ds_75_sample_id_213", "ds_33_sample_id_7", "ds_0_sample_id_13", "ds_59_sample_id_174", "ds_60_sample_id_252", "ds_21_sample_id_170", "ds_97_sample_id_12", "ds_92_sample_id_113", "ds_56_sample_id_11", "ds_85_sample_id_114", "ds_95_sample_id_162", "ds_1_sample_id_112", "ds_45_sample_id_47", "ds_90_sample_id_125", "ds_13_sample_id_59", "ds_17_sample_id_156", "ds_82_sample_id_225", "ds_54_sample_id_240", "ds_71_sample_id_28", "ds_76_sample_id_247", "ds_82_sample_id_25", "ds_9_sample_id_77", "ds_38_sample_id_128", "ds_93_sample_id_115", "ds_45_sample_id_184", "ds_92_sample_id_3", "ds_54_sample_id_173", "ds_69_sample_id_66", "ds_45_sample_id_76", "ds_47_sample_id_199", "ds_8_sample_id_85", "ds_39_sample_id_64", "ds_78_sample_id_246", "ds_87_sample_id_230"], "group_19": ["ds_93_sample_id_134", "ds_87_sample_id_194", "ds_3_sample_id_29", "ds_9_sample_id_56", "ds_18_sample_id_226", "ds_4_sample_id_87", "ds_8_sample_id_53", "ds_47_sample_id_186", "ds_21_sample_id_116", "ds_36_sample_id_138", "ds_57_sample_id_131", "ds_6_sample_id_169", "ds_30_sample_id_57", "ds_20_sample_id_71", "ds_78_sample_id_105", "ds_18_sample_id_161", "ds_30_sample_id_217", "ds_83_sample_id_33", "ds_65_sample_id_127", "ds_15_sample_id_43", "ds_98_sample_id_141", "ds_58_sample_id_211", "ds_81_sample_id_69", "ds_13_sample_id_182", "ds_13_sample_id_82", "ds_58_sample_id_88", "ds_69_sample_id_140", "ds_31_sample_id_16", "ds_54_sample_id_221", "ds_84_sample_id_146", "ds_89_sample_id_179", "ds_55_sample_id_106", "ds_100_sample_id_172", "ds_31_sample_id_206", "ds_75_sample_id_213", "ds_59_sample_id_174", "ds_78_sample_id_34", "ds_73_sample_id_39", "ds_21_sample_id_170", "ds_97_sample_id_12", "ds_49_sample_id_24", "ds_36_sample_id_0", "ds_82_sample_id_46", "ds_92_sample_id_113", "ds_64_sample_id_250", "ds_32_sample_id_139", "ds_58_sample_id_95", "ds_90_sample_id_125", "ds_13_sample_id_59", "ds_98_sample_id_209", "ds_39_sample_id_178", "ds_96_sample_id_218", "ds_88_sample_id_249", "ds_38_sample_id_128", "ds_87_sample_id_220", "ds_8_sample_id_4", "ds_16_sample_id_40", "ds_41_sample_id_38", "ds_36_sample_id_1", "ds_42_sample_id_235", "ds_19_sample_id_203", "ds_78_sample_id_144", "ds_12_sample_id_107", "ds_65_sample_id_81", "ds_48_sample_id_168", "ds_55_sample_id_75", "ds_19_sample_id_152", "ds_56_sample_id_111"], "group_2": ["ds_87_sample_id_194", "ds_18_sample_id_226", "ds_16_sample_id_19", "ds_62_sample_id_93", "ds_47_sample_id_186", "ds_88_sample_id_133", "ds_57_sample_id_131", "ds_6_sample_id_169", "ds_76_sample_id_153", "ds_20_sample_id_71", "ds_77_sample_id_126", "ds_94_sample_id_42", "ds_70_sample_id_142", "ds_34_sample_id_229", "ds_65_sample_id_127", "ds_98_sample_id_141", "ds_58_sample_id_211", "ds_4_sample_id_6", "ds_67_sample_id_83", "ds_40_sample_id_242", "ds_81_sample_id_69", "ds_80_sample_id_196", "ds_59_sample_id_208", "ds_7_sample_id_94", "ds_44_sample_id_177", "ds_31_sample_id_16", "ds_54_sample_id_221", "ds_76_sample_id_192", "ds_7_sample_id_241", "ds_21_sample_id_204", "ds_11_sample_id_180", "ds_13_sample_id_198", "ds_39_sample_id_122", "ds_100_sample_id_172", "ds_13_sample_id_202", "ds_47_sample_id_248", "ds_46_sample_id_9", "ds_68_sample_id_37", "ds_52_sample_id_104", "ds_59_sample_id_174", "ds_58_sample_id_227", "ds_55_sample_id_54", "ds_22_sample_id_243", "ds_49_sample_id_119", "ds_97_sample_id_12", "ds_87_sample_id_96", "ds_49_sample_id_24", "ds_39_sample_id_78", "ds_64_sample_id_250", "ds_101_sample_id_147", "ds_1_sample_id_112", "ds_97_sample_id_98", "ds_2_sample_id_160", "ds_42_sample_id_63", "ds_69_sample_id_108", "ds_2_sample_id_123", "ds_23_sample_id_2", "ds_85_sample_id_154", "ds_38_sample_id_128", "ds_37_sample_id_121", "ds_40_sample_id_132", "ds_34_sample_id_58", "ds_56_sample_id_21", "ds_101_sample_id_232", "ds_86_sample_id_103", "ds_45_sample_id_76", "ds_78_sample_id_144", "ds_47_sample_id_199", "ds_65_sample_id_81", "ds_19_sample_id_152", "ds_39_sample_id_64", "ds_56_sample_id_111", "ds_102_sample_id_35"], "group_9": ["ds_87_sample_id_194", "ds_9_sample_id_56", "ds_68_sample_id_18", "ds_94_sample_id_228", "ds_16_sample_id_19", "ds_44_sample_id_70", "ds_62_sample_id_93", "ds_66_sample_id_201", "ds_11_sample_id_44", "ds_6_sample_id_169", "ds_50_sample_id_65", "ds_94_sample_id_42", "ds_70_sample_id_142", "ds_30_sample_id_217", "ds_48_sample_id_190", "ds_37_sample_id_164", "ds_24_sample_id_5", "ds_80_sample_id_61", "ds_65_sample_id_127", "ds_98_sample_id_141", "ds_68_sample_id_22", "ds_38_sample_id_90", "ds_4_sample_id_6", "ds_67_sample_id_83", "ds_40_sample_id_242", "ds_59_sample_id_208", "ds_7_sample_id_94", "ds_62_sample_id_219", "ds_43_sample_id_185", "ds_39_sample_id_234", "ds_39_sample_id_8", "ds_8_sample_id_137", "ds_14_sample_id_231", "ds_76_sample_id_192", "ds_7_sample_id_241", "ds_84_sample_id_146", "ds_89_sample_id_179", "ds_77_sample_id_151", "ds_37_sample_id_149", "ds_11_sample_id_180", "ds_13_sample_id_198", "ds_101_sample_id_150", "ds_55_sample_id_80", "ds_40_sample_id_72", "ds_39_sample_id_122", "ds_100_sample_id_172", "ds_31_sample_id_206", "ds_13_sample_id_202", "ds_67_sample_id_62", "ds_47_sample_id_248", "ds_68_sample_id_37", "ds_75_sample_id_213", "ds_78_sample_id_34", "ds_55_sample_id_109", "ds_55_sample_id_54", "ds_60_sample_id_252", "ds_27_sample_id_31", "ds_69_sample_id_176", "ds_97_sample_id_12", "ds_73_sample_id_79", "ds_87_sample_id_96", "ds_46_sample_id_155", "ds_49_sample_id_24", "ds_33_sample_id_224", "ds_92_sample_id_113", "ds_64_sample_id_250", "ds_101_sample_id_101", "ds_77_sample_id_239", "ds_85_sample_id_114", "ds_95_sample_id_162", "ds_17_sample_id_237", "ds_54_sample_id_68", "ds_23_sample_id_236", "ds_40_sample_id_238", "ds_1_sample_id_112", "ds_97_sample_id_98", "ds_45_sample_id_47", "ds_58_sample_id_95", "ds_7_sample_id_189", "ds_17_sample_id_156", "ds_54_sample_id_240", "ds_71_sample_id_28", "ds_67_sample_id_102", "ds_79_sample_id_207", "ds_82_sample_id_27", "ds_54_sample_id_17", "ds_88_sample_id_249", "ds_85_sample_id_154", "ds_101_sample_id_120", "ds_79_sample_id_214", "ds_38_sample_id_128", "ds_37_sample_id_121", "ds_8_sample_id_4", "ds_40_sample_id_132", "ds_45_sample_id_184", "ds_34_sample_id_58", "ds_69_sample_id_165", "ds_56_sample_id_73", "ds_31_sample_id_210", "ds_86_sample_id_103", "ds_1_sample_id_216", "ds_102_sample_id_251", "ds_17_sample_id_100", "ds_19_sample_id_203", "ds_103_sample_id_14", "ds_65_sample_id_81", "ds_48_sample_id_168", "ds_55_sample_id_75", "ds_19_sample_id_152", "ds_103_sample_id_55", "ds_39_sample_id_64", "ds_70_sample_id_135", "ds_78_sample_id_246", "ds_41_sample_id_129"], "group_10": ["ds_3_sample_id_29", "ds_44_sample_id_70", "ds_9_sample_id_143", "ds_36_sample_id_138", "ds_11_sample_id_44", "ds_6_sample_id_169", "ds_30_sample_id_57", "ds_50_sample_id_65", "ds_78_sample_id_105", "ds_24_sample_id_5", "ds_83_sample_id_33", "ds_4_sample_id_118", "ds_44_sample_id_177", "ds_39_sample_id_8", "ds_69_sample_id_140", "ds_92_sample_id_91", "ds_89_sample_id_179", "ds_37_sample_id_149", "ds_62_sample_id_233", "ds_79_sample_id_99", "ds_100_sample_id_172", "ds_33_sample_id_195", "ds_67_sample_id_62", "ds_47_sample_id_248", "ds_78_sample_id_34", "ds_55_sample_id_109", "ds_55_sample_id_54", "ds_60_sample_id_252", "ds_49_sample_id_119", "ds_91_sample_id_86", "ds_33_sample_id_224", "ds_101_sample_id_101", "ds_85_sample_id_114", "ds_13_sample_id_59", "ds_76_sample_id_247", "ds_88_sample_id_249", "ds_85_sample_id_154", "ds_101_sample_id_120", "ds_82_sample_id_25", "ds_38_sample_id_128", "ds_37_sample_id_121", "ds_87_sample_id_220", "ds_8_sample_id_4", "ds_77_sample_id_26", "ds_4_sample_id_148", "ds_54_sample_id_173", "ds_93_sample_id_45", "ds_55_sample_id_75", "ds_47_sample_id_117", "ds_16_sample_id_32"], "group_11": ["ds_3_sample_id_29", "ds_44_sample_id_70", "ds_21_sample_id_116", "ds_36_sample_id_138", "ds_78_sample_id_105", "ds_18_sample_id_161", "ds_66_sample_id_50", "ds_48_sample_id_190", "ds_31_sample_id_49", "ds_34_sample_id_229", "ds_80_sample_id_61", "ds_15_sample_id_43", "ds_38_sample_id_90", "ds_51_sample_id_41", "ds_3_sample_id_110", "ds_81_sample_id_69", "ds_62_sample_id_219", "ds_13_sample_id_182", "ds_39_sample_id_234", "ds_39_sample_id_8", "ds_58_sample_id_88", "ds_50_sample_id_30", "ds_8_sample_id_137", "ds_14_sample_id_231", "ds_84_sample_id_146", "ds_63_sample_id_171", "ds_74_sample_id_15", "ds_35_sample_id_245", "ds_32_sample_id_92", "ds_77_sample_id_151", "ds_37_sample_id_149", "ds_55_sample_id_51", "ds_55_sample_id_80", "ds_102_sample_id_89", "ds_31_sample_id_206", "ds_33_sample_id_195", "ds_15_sample_id_167", "ds_78_sample_id_34", "ds_55_sample_id_109", "ds_73_sample_id_39", "ds_22_sample_id_243", "ds_12_sample_id_175", "ds_49_sample_id_119", "ds_97_sample_id_12", "ds_58_sample_id_187", "ds_1_sample_id_67", "ds_72_sample_id_191", "ds_36_sample_id_0", "ds_82_sample_id_46", "ds_64_sample_id_250", "ds_77_sample_id_239", "ds_54_sample_id_68", "ds_23_sample_id_236", "ds_40_sample_id_238", "ds_58_sample_id_95", "ds_90_sample_id_125", "ds_7_sample_id_189", "ds_98_sample_id_209", "ds_82_sample_id_27", "ds_54_sample_id_17", "ds_39_sample_id_178", "ds_96_sample_id_218", "ds_24_sample_id_244", "ds_79_sample_id_214", "ds_82_sample_id_25", "ds_37_sample_id_121", "ds_8_sample_id_4", "ds_40_sample_id_132", "ds_16_sample_id_40", "ds_45_sample_id_184", "ds_31_sample_id_210", "ds_36_sample_id_1", "ds_42_sample_id_235", "ds_4_sample_id_148", "ds_66_sample_id_188", "ds_1_sample_id_216", "ds_17_sample_id_100", "ds_88_sample_id_48", "ds_12_sample_id_107", "ds_70_sample_id_163", "ds_19_sample_id_152", "ds_16_sample_id_32", "ds_56_sample_id_111", "ds_78_sample_id_246"], "group_3": ["ds_9_sample_id_56", "ds_98_sample_id_181", "ds_94_sample_id_228", "ds_4_sample_id_87", "ds_96_sample_id_223", "ds_62_sample_id_93", "ds_66_sample_id_74", "ds_66_sample_id_201", "ds_88_sample_id_133", "ds_47_sample_id_166", "ds_36_sample_id_138", "ds_11_sample_id_44", "ds_76_sample_id_153", "ds_90_sample_id_60", "ds_77_sample_id_126", "ds_18_sample_id_161", "ds_30_sample_id_217", "ds_66_sample_id_50", "ds_48_sample_id_190", "ds_31_sample_id_49", "ds_68_sample_id_22", "ds_38_sample_id_90", "ds_51_sample_id_41", "ds_40_sample_id_242", "ds_59_sample_id_208", "ds_7_sample_id_94", "ds_44_sample_id_177", "ds_43_sample_id_185", "ds_69_sample_id_140", "ds_7_sample_id_241", "ds_84_sample_id_146", "ds_35_sample_id_245", "ds_55_sample_id_106", "ds_55_sample_id_51", "ds_81_sample_id_215", "ds_102_sample_id_89", "ds_52_sample_id_104", "ds_75_sample_id_213", "ds_22_sample_id_243", "ds_49_sample_id_119", "ds_73_sample_id_79", "ds_40_sample_id_212", "ds_49_sample_id_24", "ds_58_sample_id_187", "ds_1_sample_id_67", "ds_101_sample_id_101", "ds_60_sample_id_10", "ds_95_sample_id_162", "ds_23_sample_id_236", "ds_40_sample_id_238", "ds_45_sample_id_47", "ds_13_sample_id_59", "ds_54_sample_id_240", "ds_42_sample_id_63", "ds_2_sample_id_123", "ds_71_sample_id_28", "ds_67_sample_id_102", "ds_54_sample_id_17", "ds_39_sample_id_178", "ds_85_sample_id_154", "ds_45_sample_id_184", "ds_36_sample_id_1", "ds_66_sample_id_188", "ds_103_sample_id_14", "ds_88_sample_id_200", "ds_65_sample_id_81", "ds_47_sample_id_117", "ds_87_sample_id_230"], "group_18": ["ds_9_sample_id_56", "ds_44_sample_id_70", "ds_96_sample_id_223", "ds_9_sample_id_143", "ds_66_sample_id_74", "ds_47_sample_id_166", "ds_6_sample_id_169", "ds_20_sample_id_71", "ds_70_sample_id_142", "ds_66_sample_id_50", "ds_24_sample_id_5", "ds_34_sample_id_229", "ds_80_sample_id_61", "ds_65_sample_id_127", "ds_68_sample_id_22", "ds_38_sample_id_90", "ds_4_sample_id_6", "ds_4_sample_id_118", "ds_81_sample_id_69", "ds_62_sample_id_219", "ds_44_sample_id_177", "ds_43_sample_id_185", "ds_39_sample_id_234", "ds_39_sample_id_8", "ds_58_sample_id_88", "ds_50_sample_id_30", "ds_8_sample_id_137", "ds_14_sample_id_231", "ds_35_sample_id_245", "ds_55_sample_id_106", "ds_13_sample_id_198", "ds_62_sample_id_233", "ds_40_sample_id_72", "ds_102_sample_id_89", "ds_39_sample_id_122", "ds_33_sample_id_195", "ds_13_sample_id_202", "ds_67_sample_id_62", "ds_46_sample_id_9", "ds_68_sample_id_37", "ds_33_sample_id_7", "ds_59_sample_id_174", "ds_78_sample_id_34", "ds_12_sample_id_175", "ds_49_sample_id_119", "ds_73_sample_id_79", "ds_46_sample_id_155", "ds_37_sample_id_52", "ds_49_sample_id_24", "ds_33_sample_id_224", "ds_39_sample_id_78", "ds_72_sample_id_191", "ds_41_sample_id_183", "ds_64_sample_id_250", "ds_56_sample_id_11", "ds_60_sample_id_10", "ds_101_sample_id_147", "ds_32_sample_id_139", "ds_23_sample_id_236", "ds_40_sample_id_238", "ds_97_sample_id_98", "ds_45_sample_id_47", "ds_90_sample_id_125", "ds_7_sample_id_189", "ds_13_sample_id_59", "ds_54_sample_id_240", "ds_96_sample_id_218", "ds_76_sample_id_247", "ds_88_sample_id_249", "ds_101_sample_id_120", "ds_40_sample_id_132", "ds_41_sample_id_38", "ds_92_sample_id_3", "ds_77_sample_id_26", "ds_31_sample_id_210", "ds_101_sample_id_232", "ds_82_sample_id_193", "ds_1_sample_id_216", "ds_5_sample_id_158", "ds_27_sample_id_23", "ds_88_sample_id_48", "ds_45_sample_id_76", "ds_78_sample_id_144", "ds_12_sample_id_107", "ds_47_sample_id_199", "ds_70_sample_id_163", "ds_19_sample_id_152", "ds_8_sample_id_85", "ds_103_sample_id_55", "ds_56_sample_id_111", "ds_102_sample_id_35", "ds_70_sample_id_135"], "group_0": ["ds_68_sample_id_18", "ds_18_sample_id_226", "ds_94_sample_id_228", "ds_16_sample_id_19", "ds_4_sample_id_87", "ds_66_sample_id_201", "ds_88_sample_id_133", "ds_90_sample_id_60", "ds_50_sample_id_65", "ds_78_sample_id_105", "ds_48_sample_id_190", "ds_24_sample_id_5", "ds_15_sample_id_43", "ds_98_sample_id_141", "ds_38_sample_id_90", "ds_2_sample_id_205", "ds_13_sample_id_182", "ds_13_sample_id_82", "ds_82_sample_id_145", "ds_39_sample_id_8", "ds_58_sample_id_88", "ds_31_sample_id_16", "ds_50_sample_id_30", "ds_54_sample_id_221", "ds_14_sample_id_231", "ds_89_sample_id_179", "ds_32_sample_id_92", "ds_77_sample_id_151", "ds_37_sample_id_149", "ds_55_sample_id_51", "ds_13_sample_id_198", "ds_81_sample_id_215", "ds_75_sample_id_130", "ds_13_sample_id_202", "ds_67_sample_id_62", "ds_15_sample_id_167", "ds_68_sample_id_37", "ds_75_sample_id_213", "ds_33_sample_id_7", "ds_24_sample_id_97", "ds_55_sample_id_109", "ds_55_sample_id_54", "ds_22_sample_id_243", "ds_69_sample_id_176", "ds_49_sample_id_119", "ds_73_sample_id_79", "ds_40_sample_id_212", "ds_46_sample_id_155", "ds_91_sample_id_86", "ds_1_sample_id_67", "ds_36_sample_id_0", "ds_41_sample_id_183", "ds_101_sample_id_101", "ds_85_sample_id_114", "ds_101_sample_id_147", "ds_25_sample_id_136", "ds_23_sample_id_236", "ds_1_sample_id_112", "ds_103_sample_id_124", "ds_2_sample_id_160", "ds_58_sample_id_95", "ds_54_sample_id_240", "ds_2_sample_id_123", "ds_23_sample_id_2", "ds_85_sample_id_154", "ds_101_sample_id_120", "ds_93_sample_id_115", "ds_34_sample_id_58", "ds_56_sample_id_73", "ds_101_sample_id_232", "ds_42_sample_id_235", "ds_4_sample_id_148", "ds_86_sample_id_103", "ds_93_sample_id_45", "ds_69_sample_id_66", "ds_5_sample_id_158", "ds_98_sample_id_197", "ds_27_sample_id_23", "ds_88_sample_id_48", "ds_19_sample_id_203", "ds_78_sample_id_144", "ds_47_sample_id_199", "ds_70_sample_id_163", "ds_8_sample_id_85", "ds_103_sample_id_55", "ds_47_sample_id_117", "ds_16_sample_id_32", "ds_102_sample_id_35", "ds_41_sample_id_129", "ds_87_sample_id_230"], "group_6": ["ds_68_sample_id_18", "ds_98_sample_id_181", "ds_4_sample_id_87", "ds_9_sample_id_143", "ds_66_sample_id_74", "ds_47_sample_id_186", "ds_88_sample_id_133", "ds_90_sample_id_60", "ds_50_sample_id_65", "ds_31_sample_id_49", "ds_83_sample_id_33", "ds_15_sample_id_43", "ds_38_sample_id_90", "ds_51_sample_id_41", "ds_67_sample_id_83", "ds_34_sample_id_157", "ds_4_sample_id_118", "ds_80_sample_id_196", "ds_59_sample_id_208", "ds_62_sample_id_219", "ds_13_sample_id_82", "ds_43_sample_id_185", "ds_39_sample_id_234", "ds_76_sample_id_192", "ds_7_sample_id_241", "ds_21_sample_id_204", "ds_84_sample_id_146", "ds_63_sample_id_171", "ds_89_sample_id_179", "ds_35_sample_id_245", "ds_32_sample_id_92", "ds_37_sample_id_149", "ds_11_sample_id_180", "ds_13_sample_id_198", "ds_101_sample_id_150", "ds_55_sample_id_80", "ds_62_sample_id_233", "ds_40_sample_id_72", "ds_67_sample_id_62", "ds_79_sample_id_159", "ds_0_sample_id_13", "ds_55_sample_id_54", "ds_60_sample_id_252", "ds_12_sample_id_175", "ds_27_sample_id_31", "ds_40_sample_id_212", "ds_46_sample_id_155", "ds_91_sample_id_86", "ds_33_sample_id_224", "ds_36_sample_id_0", "ds_82_sample_id_46", "ds_85_sample_id_114", "ds_23_sample_id_236", "ds_90_sample_id_125", "ds_7_sample_id_189", "ds_13_sample_id_59", "ds_82_sample_id_225", "ds_54_sample_id_240", "ds_67_sample_id_102", "ds_79_sample_id_207", "ds_54_sample_id_17", "ds_39_sample_id_178", "ds_102_sample_id_84", "ds_101_sample_id_120", "ds_82_sample_id_25", "ds_9_sample_id_77", "ds_37_sample_id_121", "ds_8_sample_id_4", "ds_93_sample_id_115", "ds_45_sample_id_184", "ds_69_sample_id_165", "ds_56_sample_id_21", "ds_92_sample_id_3", "ds_56_sample_id_73", "ds_31_sample_id_210", "ds_101_sample_id_232", "ds_86_sample_id_103", "ds_66_sample_id_188", "ds_93_sample_id_45", "ds_102_sample_id_251", "ds_27_sample_id_23", "ds_19_sample_id_203", "ds_88_sample_id_200", "ds_55_sample_id_75", "ds_8_sample_id_85", "ds_103_sample_id_55", "ds_39_sample_id_64", "ds_78_sample_id_246", "ds_41_sample_id_129", "ds_87_sample_id_230"], "group_7": ["ds_18_sample_id_226", "ds_8_sample_id_53", "ds_44_sample_id_70", "ds_9_sample_id_143", "ds_47_sample_id_186", "ds_47_sample_id_166", "ds_21_sample_id_116", "ds_76_sample_id_153", "ds_90_sample_id_60", "ds_20_sample_id_71", "ds_50_sample_id_65", "ds_18_sample_id_161", "ds_94_sample_id_42", "ds_37_sample_id_164", "ds_24_sample_id_5", "ds_15_sample_id_43", "ds_4_sample_id_6", "ds_51_sample_id_41", "ds_81_sample_id_69", "ds_59_sample_id_208", "ds_7_sample_id_94", "ds_62_sample_id_219", "ds_44_sample_id_177", "ds_13_sample_id_182", "ds_13_sample_id_82", "ds_82_sample_id_145", "ds_43_sample_id_185", "ds_7_sample_id_241", "ds_21_sample_id_204", "ds_92_sample_id_91", "ds_84_sample_id_146", "ds_35_sample_id_245", "ds_32_sample_id_92", "ds_37_sample_id_149", "ds_11_sample_id_180", "ds_55_sample_id_51", "ds_13_sample_id_198", "ds_101_sample_id_150", "ds_55_sample_id_80", "ds_75_sample_id_130", "ds_79_sample_id_99", "ds_33_sample_id_195", "ds_79_sample_id_159", "ds_75_sample_id_213", "ds_59_sample_id_174", "ds_58_sample_id_227", "ds_24_sample_id_97", "ds_55_sample_id_54", "ds_60_sample_id_252", "ds_22_sample_id_243", "ds_12_sample_id_175", "ds_87_sample_id_96", "ds_40_sample_id_212", "ds_37_sample_id_52", "ds_91_sample_id_86", "ds_33_sample_id_224", "ds_1_sample_id_67", "ds_39_sample_id_78", "ds_36_sample_id_0", "ds_85_sample_id_222", "ds_101_sample_id_101", "ds_77_sample_id_239", "ds_60_sample_id_10", "ds_25_sample_id_136", "ds_17_sample_id_237", "ds_54_sample_id_68", "ds_45_sample_id_47", "ds_69_sample_id_108", "ds_2_sample_id_123", "ds_67_sample_id_102", "ds_82_sample_id_27", "ds_24_sample_id_244", "ds_23_sample_id_2", "ds_88_sample_id_249", "ds_79_sample_id_214", "ds_9_sample_id_77", "ds_37_sample_id_121", "ds_87_sample_id_220", "ds_8_sample_id_4", "ds_93_sample_id_115", "ds_40_sample_id_132", "ds_41_sample_id_38", "ds_56_sample_id_21", "ds_77_sample_id_26", "ds_31_sample_id_210", "ds_82_sample_id_193", "ds_16_sample_id_20", "ds_54_sample_id_173", "ds_1_sample_id_216", "ds_5_sample_id_158", "ds_102_sample_id_251", "ds_27_sample_id_23", "ds_17_sample_id_100", "ds_19_sample_id_203", "ds_47_sample_id_199", "ds_103_sample_id_14", "ds_48_sample_id_168", "ds_55_sample_id_75", "ds_8_sample_id_85", "ds_39_sample_id_64", "ds_16_sample_id_32", "ds_41_sample_id_129", "ds_87_sample_id_230"]}}