{"ds_2_sample_id_0": ["DOMAIN_NAME"], "ds_74_sample_id_1": [], "ds_58_sample_id_2": [], "ds_93_sample_id_3": [], "ds_21_sample_id_4": [], "ds_84_sample_id_5": [], "ds_9_sample_id_6": [], "ds_4_sample_id_7": [], "ds_29_sample_id_8": [], "ds_49_sample_id_9": [], "ds_31_sample_id_10": [], "ds_56_sample_id_11": [], "ds_100_sample_id_12": [], "ds_92_sample_id_13": [], "ds_13_sample_id_14": [], "ds_21_sample_id_15": [], "ds_42_sample_id_16": [], "ds_17_sample_id_17": [], "ds_81_sample_id_18": [], "ds_56_sample_id_19": [], "ds_87_sample_id_20": [], "ds_88_sample_id_21": [], "ds_96_sample_id_22": [], "ds_52_sample_id_23": [], "ds_31_sample_id_24": [], "ds_86_sample_id_25": [], "ds_38_sample_id_26": [], "ds_91_sample_id_27": [], "ds_49_sample_id_28": [], "ds_98_sample_id_29": [], "ds_10_sample_id_30": [], "ds_72_sample_id_31": [], "ds_24_sample_id_32": [], "ds_61_sample_id_33": [], "ds_94_sample_id_34": [], "ds_74_sample_id_35": [], "ds_66_sample_id_36": [], "ds_69_sample_id_37": [], "ds_54_sample_id_38": [], "ds_13_sample_id_39": [], "ds_81_sample_id_40": [], "ds_51_sample_id_41": [], "ds_78_sample_id_42": [], "ds_55_sample_id_43": [], "ds_65_sample_id_44": [], "ds_18_sample_id_45": [], "ds_18_sample_id_46": [], "ds_30_sample_id_47": [], "ds_70_sample_id_48": [], "ds_88_sample_id_49": [], "ds_36_sample_id_50": [], "ds_5_sample_id_51": [], "ds_23_sample_id_52": [], "ds_13_sample_id_53": [], "ds_73_sample_id_54": [], "ds_100_sample_id_55": [], "ds_16_sample_id_56": [], "ds_23_sample_id_57": [], "ds_9_sample_id_58": [], "ds_96_sample_id_59": [], "ds_84_sample_id_60": [], "ds_19_sample_id_61": [], "ds_6_sample_id_62": [], "ds_92_sample_id_63": [], "ds_63_sample_id_64": [], "ds_32_sample_id_65": [], "ds_83_sample_id_66": [], "ds_12_sample_id_67": [], "ds_86_sample_id_68": [], "ds_66_sample_id_69": [], "ds_49_sample_id_70": [], "ds_30_sample_id_71": [], "ds_16_sample_id_72": [], "ds_70_sample_id_73": [], "ds_49_sample_id_74": [], "ds_81_sample_id_75": [], "ds_97_sample_id_76": [], "ds_47_sample_id_77": [], "ds_94_sample_id_78": [], "ds_91_sample_id_79": [], "ds_25_sample_id_80": [], "ds_31_sample_id_81": [], "ds_68_sample_id_82": [], "ds_4_sample_id_83": [], "ds_28_sample_id_84": [], "ds_85_sample_id_85": [], "ds_70_sample_id_86": [], "ds_25_sample_id_87": [], "ds_90_sample_id_88": [], "ds_63_sample_id_89": [], "ds_49_sample_id_90": [], "ds_69_sample_id_91": [], "ds_103_sample_id_92": [], "ds_103_sample_id_93": [], "ds_36_sample_id_94": [], "ds_89_sample_id_95": [], "ds_18_sample_id_96": [], "ds_86_sample_id_97": [], "ds_96_sample_id_98": [], "ds_78_sample_id_99": [], "ds_75_sample_id_100": [], "ds_40_sample_id_101": [], "ds_60_sample_id_102": [], "ds_92_sample_id_103": [], "ds_41_sample_id_104": [], "ds_4_sample_id_105": [], "ds_55_sample_id_106": [], "ds_44_sample_id_107": [], "ds_7_sample_id_108": [], "ds_51_sample_id_109": [], "ds_66_sample_id_110": [], "ds_78_sample_id_111": [], "ds_13_sample_id_112": [], "ds_59_sample_id_113": [], "ds_80_sample_id_114": [], "ds_50_sample_id_115": [], "ds_65_sample_id_116": [], "ds_92_sample_id_117": [], "ds_78_sample_id_118": [], "ds_89_sample_id_119": [], "ds_69_sample_id_120": [], "ds_24_sample_id_121": []}