{"user_group_edges": {"group_1": ["user_1023_sample_id_27", "user_116_sample_id_7"], "group_7": ["user_1699_sample_id_32", "user_1592_sample_id_16", "user_529_sample_id_33"], "group_8": ["user_1699_sample_id_32", "user_2904_sample_id_9", "user_2170_sample_id_18"], "group_14": ["user_1699_sample_id_32", "user_1909_sample_id_13"], "group_18": ["user_1699_sample_id_32", "user_2949_sample_id_19"], "group_2": ["user_1592_sample_id_16", "user_1583_sample_id_3"], "group_3": ["user_1583_sample_id_3", "user_15_sample_id_0"], "group_5": ["user_1583_sample_id_3", "user_2430_sample_id_28"], "group_13": ["user_1248_sample_id_29", "user_1830_sample_id_17", "user_568_sample_id_12"], "group_17": ["user_636_sample_id_14", "user_2188_sample_id_6"], "group_4": ["user_60_sample_id_26", "user_2378_sample_id_21", "user_517_sample_id_11"], "group_12": ["user_1021_sample_id_20", "user_1497_sample_id_4"], "group_9": ["user_703_sample_id_1", "user_2245_sample_id_22", "user_1497_sample_id_4"], "group_10": ["user_1024_sample_id_5"], "group_19": ["user_1024_sample_id_5", "user_1830_sample_id_17"], "group_16": ["user_1909_sample_id_13"], "group_15": ["user_1830_sample_id_17"], "group_0": ["user_492_sample_id_8", "user_568_sample_id_12"]}, "group_data_store_edges": {"group_5": ["ds_8624_sample_id_51", "ds_9499_sample_id_61"], "group_0": ["ds_4192_sample_id_26", "ds_4768_sample_id_35"], "group_3": ["ds_4192_sample_id_26", "ds_8650_sample_id_10"], "group_9": ["ds_2185_sample_id_65", "ds_9998_sample_id_34", "ds_7876_sample_id_24"], "group_4": ["ds_10334_sample_id_54", "ds_9499_sample_id_61", "ds_9934_sample_id_25", "ds_5220_sample_id_52"], "group_16": ["ds_9998_sample_id_34"], "group_10": ["ds_7676_sample_id_49"], "group_2": ["ds_8687_sample_id_59", "ds_123_sample_id_17"], "group_15": ["ds_7877_sample_id_2"], "group_8": ["ds_10519_sample_id_19", "ds_8650_sample_id_10"], "group_19": ["ds_10474_sample_id_50", "ds_3039_sample_id_29", "ds_9934_sample_id_25"], "group_18": ["ds_466_sample_id_14", "ds_4768_sample_id_35"], "group_7": ["ds_4985_sample_id_3", "ds_5478_sample_id_43"], "group_12": ["ds_5710_sample_id_8", "ds_7164_sample_id_39"], "group_14": ["ds_3039_sample_id_29", "ds_8793_sample_id_47", "ds_9752_sample_id_56"], "group_17": ["ds_4483_sample_id_42"], "group_13": ["ds_2607_sample_id_21", "ds_1189_sample_id_45", "ds_7358_sample_id_12"], "group_1": ["ds_7652_sample_id_32", "ds_5220_sample_id_52"]}}