{"ds_16_sample_id_0": [], "ds_329_sample_id_1": [], "ds_121_sample_id_2": [], "ds_295_sample_id_3": [], "ds_137_sample_id_4": [], "ds_342_sample_id_5": [], "ds_134_sample_id_6": ["DOMAIN_NAME", "IP_ADDRESS", "LOCATION"], "ds_219_sample_id_7": [], "ds_96_sample_id_8": [], "ds_28_sample_id_9": [], "ds_206_sample_id_10": [], "ds_184_sample_id_11": [], "ds_121_sample_id_12": [], "ds_64_sample_id_13": [], "ds_77_sample_id_14": [], "ds_190_sample_id_15": [], "ds_188_sample_id_16": [], "ds_252_sample_id_17": [], "ds_235_sample_id_18": [], "ds_32_sample_id_19": [], "ds_65_sample_id_20": [], "ds_213_sample_id_21": [], "ds_184_sample_id_22": [], "ds_371_sample_id_23": ["CREDIT_CARD", "DOMAIN_NAME", "EMAIL_ADDRESS", "IP_ADDRESS", "LOCATION", "PERSON", "PHONE_NUMBER", "US_DRIVER_LICENSE"], "ds_275_sample_id_24": [], "ds_391_sample_id_25": ["DOMAIN_NAME", "EMAIL_ADDRESS", "IP_ADDRESS", "LOCATION", "PERSON", "US_DRIVER_LICENSE"], "ds_9_sample_id_26": [], "ds_148_sample_id_27": [], "ds_343_sample_id_28": [], "ds_127_sample_id_29": [], "ds_198_sample_id_30": [], "ds_41_sample_id_31": ["CREDIT_CARD", "DOMAIN_NAME", "EMAIL_ADDRESS", "IP_ADDRESS", "LOCATION", "PERSON", "PHONE_NUMBER"], "ds_69_sample_id_32": [], "ds_34_sample_id_33": [], "ds_168_sample_id_34": [], "ds_349_sample_id_35": ["CREDIT_CARD", "DOMAIN_NAME", "EMAIL_ADDRESS", "IP_ADDRESS", "LOCATION", "PERSON", "PHONE_NUMBER", "US_DRIVER_LICENSE"], "ds_287_sample_id_36": [], "ds_332_sample_id_37": [], "ds_111_sample_id_38": [], "ds_18_sample_id_39": [], "ds_214_sample_id_40": [], "ds_309_sample_id_41": [], "ds_156_sample_id_42": [], "ds_31_sample_id_43": [], "ds_168_sample_id_44": [], "ds_152_sample_id_45": ["LOCATION"], "ds_350_sample_id_46": ["LOCATION"], "ds_109_sample_id_47": [], "ds_253_sample_id_48": [], "ds_162_sample_id_49": [], "ds_72_sample_id_50": [], "ds_53_sample_id_51": [], "ds_30_sample_id_52": [], "ds_196_sample_id_53": [], "ds_81_sample_id_54": [], "ds_1_sample_id_55": ["DOMAIN_NAME", "IP_ADDRESS", "PERSON"], "ds_375_sample_id_56": ["LOCATION", "US_DRIVER_LICENSE"], "ds_19_sample_id_57": [], "ds_255_sample_id_58": [], "ds_1_sample_id_59": ["DOMAIN_NAME", "IP_ADDRESS", "PERSON"], "ds_137_sample_id_60": [], "ds_61_sample_id_61": [], "ds_88_sample_id_62": [], "ds_307_sample_id_63": [], "ds_220_sample_id_64": [], "ds_217_sample_id_65": [], "ds_311_sample_id_66": [], "ds_190_sample_id_67": [], "ds_59_sample_id_68": [], "ds_59_sample_id_69": [], "ds_250_sample_id_70": [], "ds_281_sample_id_71": [], "ds_256_sample_id_72": [], "ds_374_sample_id_73": ["DOMAIN_NAME", "EMAIL_ADDRESS", "IP_ADDRESS", "LOCATION", "PERSON", "US_DRIVER_LICENSE"], "ds_16_sample_id_74": [], "ds_123_sample_id_75": [], "ds_2_sample_id_76": ["DOMAIN_NAME", "EMAIL_ADDRESS", "IP_ADDRESS", "LOCATION", "PERSON"], "ds_98_sample_id_77": [], "ds_125_sample_id_78": [], "ds_328_sample_id_79": [], "ds_237_sample_id_80": [], "ds_80_sample_id_81": [], "ds_228_sample_id_82": [], "ds_148_sample_id_83": [], "ds_1_sample_id_84": ["DOMAIN_NAME", "IP_ADDRESS", "PERSON"], "ds_37_sample_id_85": ["CREDIT_CARD", "DOMAIN_NAME", "EMAIL_ADDRESS", "LOCATION", "PERSON", "PHONE_NUMBER"], "ds_166_sample_id_86": [], "ds_362_sample_id_87": ["DOMAIN_NAME", "LOCATION"], "ds_115_sample_id_88": [], "ds_364_sample_id_89": ["DOMAIN_NAME", "LOCATION", "PERSON", "PHONE_NUMBER"], "ds_33_sample_id_90": ["DOMAIN_NAME", "LOCATION", "PERSON"], "ds_158_sample_id_91": [], "ds_236_sample_id_92": [], "ds_50_sample_id_93": [], "ds_304_sample_id_94": [], "ds_226_sample_id_95": [], "ds_395_sample_id_96": ["DOMAIN_NAME", "LOCATION", "PERSON", "US_DRIVER_LICENSE"], "ds_375_sample_id_97": ["LOCATION", "US_DRIVER_LICENSE"], "ds_319_sample_id_98": [], "ds_93_sample_id_99": [], "ds_167_sample_id_100": [], "ds_4_sample_id_101": [], "ds_188_sample_id_102": [], "ds_88_sample_id_103": [], "ds_161_sample_id_104": [], "ds_241_sample_id_105": [], "ds_143_sample_id_106": [], "ds_98_sample_id_107": [], "ds_81_sample_id_108": [], "ds_397_sample_id_109": ["DOMAIN_NAME", "PERSON", "PHONE_NUMBER"], "ds_224_sample_id_110": [], "ds_76_sample_id_111": [], "ds_120_sample_id_112": [], "ds_267_sample_id_113": [], "ds_287_sample_id_114": [], "ds_378_sample_id_115": ["DOMAIN_NAME", "EMAIL_ADDRESS", "LOCATION", "PERSON", "PHONE_NUMBER", "US_DRIVER_LICENSE"], "ds_82_sample_id_116": [], "ds_181_sample_id_117": [], "ds_370_sample_id_118": ["DOMAIN_NAME", "EMAIL_ADDRESS", "LOCATION", "US_DRIVER_LICENSE"], "ds_330_sample_id_119": [], "ds_326_sample_id_120": [], "ds_84_sample_id_121": [], "ds_228_sample_id_122": [], "ds_115_sample_id_123": [], "ds_114_sample_id_124": [], "ds_232_sample_id_125": [], "ds_89_sample_id_126": [], "ds_37_sample_id_127": ["CREDIT_CARD", "DOMAIN_NAME", "EMAIL_ADDRESS", "LOCATION", "PERSON", "PHONE_NUMBER"], "ds_49_sample_id_128": [], "ds_156_sample_id_129": [], "ds_41_sample_id_130": ["CREDIT_CARD", "DOMAIN_NAME", "EMAIL_ADDRESS", "IP_ADDRESS", "LOCATION", "PERSON", "PHONE_NUMBER"], "ds_75_sample_id_131": [], "ds_194_sample_id_132": [], "ds_67_sample_id_133": [], "ds_333_sample_id_134": [], "ds_380_sample_id_135": ["CREDIT_CARD", "DOMAIN_NAME", "EMAIL_ADDRESS", "IP_ADDRESS", "LOCATION", "PERSON", "PHONE_NUMBER", "US_DRIVER_LICENSE"], "ds_134_sample_id_136": ["DOMAIN_NAME", "IP_ADDRESS", "LOCATION"], "ds_335_sample_id_137": [], "ds_331_sample_id_138": [], "ds_246_sample_id_139": [], "ds_60_sample_id_140": [], "ds_345_sample_id_141": [], "ds_193_sample_id_142": [], "ds_285_sample_id_143": [], "ds_271_sample_id_144": [], "ds_201_sample_id_145": [], "ds_161_sample_id_146": [], "ds_45_sample_id_147": [], "ds_267_sample_id_148": [], "ds_179_sample_id_149": [], "ds_153_sample_id_150": ["DOMAIN_NAME", "LOCATION", "PERSON"], "ds_167_sample_id_151": [], "ds_55_sample_id_152": [], "ds_272_sample_id_153": [], "ds_9_sample_id_154": [], "ds_177_sample_id_155": [], "ds_357_sample_id_156": ["CREDIT_CARD", "IP_ADDRESS", "LOCATION", "PERSON", "PHONE_NUMBER", "US_DRIVER_LICENSE"], "ds_144_sample_id_157": ["DOMAIN_NAME", "EMAIL_ADDRESS", "IP_ADDRESS", "LOCATION", "PERSON"], "ds_71_sample_id_158": [], "ds_26_sample_id_159": [], "ds_108_sample_id_160": [], "ds_283_sample_id_161": [], "ds_185_sample_id_162": [], "ds_215_sample_id_163": [], "ds_212_sample_id_164": [], "ds_150_sample_id_165": [], "ds_292_sample_id_166": [], "ds_173_sample_id_167": [], "ds_351_sample_id_168": ["LOCATION", "PERSON"], "ds_61_sample_id_169": [], "ds_134_sample_id_170": ["DOMAIN_NAME", "IP_ADDRESS", "LOCATION"], "ds_289_sample_id_171": [], "ds_51_sample_id_172": [], "ds_167_sample_id_173": [], "ds_145_sample_id_174": [], "ds_299_sample_id_175": [], "ds_59_sample_id_176": [], "ds_173_sample_id_177": [], "ds_218_sample_id_178": [], "ds_234_sample_id_179": [], "ds_45_sample_id_180": [], "ds_242_sample_id_181": [], "ds_346_sample_id_182": [], "ds_111_sample_id_183": [], "ds_293_sample_id_184": [], "ds_168_sample_id_185": [], "ds_247_sample_id_186": [], "ds_25_sample_id_187": [], "ds_16_sample_id_188": [], "ds_182_sample_id_189": [], "ds_354_sample_id_190": ["CREDIT_CARD", "PHONE_NUMBER"], "ds_227_sample_id_191": [], "ds_272_sample_id_192": [], "ds_1_sample_id_193": ["DOMAIN_NAME", "IP_ADDRESS", "PERSON"], "ds_276_sample_id_194": [], "ds_62_sample_id_195": [], "ds_46_sample_id_196": [], "ds_395_sample_id_197": ["DOMAIN_NAME", "LOCATION", "PERSON", "US_DRIVER_LICENSE"], "ds_385_sample_id_198": ["LOCATION", "PERSON", "PHONE_NUMBER", "US_DRIVER_LICENSE"], "ds_95_sample_id_199": [], "ds_119_sample_id_200": [], "ds_142_sample_id_201": ["DOMAIN_NAME", "LOCATION", "PERSON", "PHONE_NUMBER"], "ds_343_sample_id_202": [], "ds_294_sample_id_203": [], "ds_372_sample_id_204": ["CREDIT_CARD", "DOMAIN_NAME", "EMAIL_ADDRESS", "LOCATION", "PERSON", "PHONE_NUMBER", "US_DRIVER_LICENSE"], "ds_18_sample_id_205": [], "ds_285_sample_id_206": [], "ds_290_sample_id_207": [], "ds_275_sample_id_208": [], "ds_43_sample_id_209": ["DOMAIN_NAME", "EMAIL_ADDRESS", "LOCATION", "PERSON"], "ds_126_sample_id_210": [], "ds_394_sample_id_211": ["CREDIT_CARD", "DOMAIN_NAME", "LOCATION"], "ds_247_sample_id_212": [], "ds_70_sample_id_213": [], "ds_74_sample_id_214": [], "ds_347_sample_id_215": [], "ds_68_sample_id_216": [], "ds_357_sample_id_217": ["CREDIT_CARD", "IP_ADDRESS", "LOCATION", "PERSON", "PHONE_NUMBER", "US_DRIVER_LICENSE"], "ds_12_sample_id_218": ["DOMAIN_NAME", "EMAIL_ADDRESS", "IP_ADDRESS", "LOCATION", "PERSON"], "ds_393_sample_id_219": ["DOMAIN_NAME", "LOCATION", "PERSON", "US_DRIVER_LICENSE"], "ds_199_sample_id_220": [], "ds_237_sample_id_221": [], "ds_274_sample_id_222": [], "ds_203_sample_id_223": [], "ds_17_sample_id_224": [], "ds_392_sample_id_225": ["DOMAIN_NAME", "IP_ADDRESS", "LOCATION", "PERSON", "US_DRIVER_LICENSE"], "ds_245_sample_id_226": [], "ds_250_sample_id_227": [], "ds_255_sample_id_228": [], "ds_18_sample_id_229": [], "ds_382_sample_id_230": [], "ds_299_sample_id_231": [], "ds_247_sample_id_232": [], "ds_39_sample_id_233": [], "ds_209_sample_id_234": [], "ds_127_sample_id_235": [], "ds_331_sample_id_236": [], "ds_271_sample_id_237": [], "ds_390_sample_id_238": ["DOMAIN_NAME", "LOCATION", "US_DRIVER_LICENSE"], "ds_262_sample_id_239": [], "ds_85_sample_id_240": [], "ds_149_sample_id_241": [], "ds_178_sample_id_242": [], "ds_385_sample_id_243": ["LOCATION", "PERSON", "PHONE_NUMBER", "US_DRIVER_LICENSE"], "ds_129_sample_id_244": [], "ds_209_sample_id_245": [], "ds_314_sample_id_246": [], "ds_149_sample_id_247": [], "ds_13_sample_id_248": [], "ds_229_sample_id_249": [], "ds_239_sample_id_250": [], "ds_148_sample_id_251": [], "ds_163_sample_id_252": [], "ds_101_sample_id_253": [], "ds_102_sample_id_254": [], "ds_160_sample_id_255": [], "ds_294_sample_id_256": [], "ds_44_sample_id_257": [], "ds_70_sample_id_258": [], "ds_221_sample_id_259": [], "ds_266_sample_id_260": [], "ds_358_sample_id_261": ["DOMAIN_NAME", "IP_ADDRESS", "LOCATION", "US_DRIVER_LICENSE"], "ds_277_sample_id_262": [], "ds_359_sample_id_263": ["CREDIT_CARD", "IP_ADDRESS", "LOCATION", "PERSON", "US_DRIVER_LICENSE"], "ds_393_sample_id_264": ["DOMAIN_NAME", "LOCATION", "PERSON", "US_DRIVER_LICENSE"], "ds_363_sample_id_265": ["CREDIT_CARD", "DOMAIN_NAME", "EMAIL_ADDRESS", "IP_ADDRESS", "LOCATION", "PERSON", "PHONE_NUMBER", "US_DRIVER_LICENSE"], "ds_115_sample_id_266": [], "ds_396_sample_id_267": ["DOMAIN_NAME"], "ds_100_sample_id_268": [], "ds_3_sample_id_269": [], "ds_177_sample_id_270": [], "ds_376_sample_id_271": ["CREDIT_CARD", "DOMAIN_NAME", "EMAIL_ADDRESS", "IP_ADDRESS", "LOCATION", "PERSON", "PHONE_NUMBER", "US_DRIVER_LICENSE"], "ds_125_sample_id_272": [], "ds_161_sample_id_273": [], "ds_134_sample_id_274": ["DOMAIN_NAME", "IP_ADDRESS", "LOCATION"], "ds_11_sample_id_275": [], "ds_138_sample_id_276": [], "ds_56_sample_id_277": [], "ds_228_sample_id_278": [], "ds_20_sample_id_279": [], "ds_295_sample_id_280": [], "ds_82_sample_id_281": [], "ds_179_sample_id_282": [], "ds_243_sample_id_283": [], "ds_208_sample_id_284": [], "ds_373_sample_id_285": ["CREDIT_CARD", "DOMAIN_NAME", "EMAIL_ADDRESS", "IP_ADDRESS", "LOCATION", "PERSON", "PHONE_NUMBER", "US_DRIVER_LICENSE"], "ds_78_sample_id_286": [], "ds_342_sample_id_287": [], "ds_266_sample_id_288": [], "ds_11_sample_id_289": [], "ds_230_sample_id_290": [], "ds_291_sample_id_291": [], "ds_204_sample_id_292": [], "ds_177_sample_id_293": [], "ds_323_sample_id_294": [], "ds_193_sample_id_295": [], "ds_208_sample_id_296": [], "ds_252_sample_id_297": [], "ds_189_sample_id_298": [], "ds_19_sample_id_299": [], "ds_192_sample_id_300": [], "ds_158_sample_id_301": [], "ds_30_sample_id_302": [], "ds_181_sample_id_303": [], "ds_36_sample_id_304": [], "ds_114_sample_id_305": [], "ds_149_sample_id_306": [], "ds_310_sample_id_307": [], "ds_200_sample_id_308": [], "ds_44_sample_id_309": [], "ds_306_sample_id_310": ["CREDIT_CARD", "DOMAIN_NAME", "EMAIL_ADDRESS", "IP_ADDRESS", "LOCATION", "PERSON", "PHONE_NUMBER"], "ds_261_sample_id_311": [], "ds_20_sample_id_312": [], "ds_91_sample_id_313": [], "ds_195_sample_id_314": [], "ds_193_sample_id_315": [], "ds_380_sample_id_316": ["CREDIT_CARD", "DOMAIN_NAME", "EMAIL_ADDRESS", "IP_ADDRESS", "LOCATION", "PERSON", "PHONE_NUMBER", "US_DRIVER_LICENSE"], "ds_246_sample_id_317": [], "ds_162_sample_id_318": [], "ds_337_sample_id_319": [], "ds_289_sample_id_320": [], "ds_0_sample_id_321": [], "ds_312_sample_id_322": [], "ds_311_sample_id_323": [], "ds_300_sample_id_324": [], "ds_104_sample_id_325": [], "ds_184_sample_id_326": [], "ds_181_sample_id_327": [], "ds_279_sample_id_328": [], "ds_230_sample_id_329": [], "ds_182_sample_id_330": [], "ds_280_sample_id_331": [], "ds_175_sample_id_332": [], "ds_305_sample_id_333": [], "ds_394_sample_id_334": ["CREDIT_CARD", "DOMAIN_NAME", "LOCATION"], "ds_44_sample_id_335": [], "ds_398_sample_id_336": ["DOMAIN_NAME", "EMAIL_ADDRESS", "LOCATION", "PERSON", "US_DRIVER_LICENSE"], "ds_334_sample_id_337": [], "ds_195_sample_id_338": [], "ds_11_sample_id_339": [], "ds_169_sample_id_340": [], "ds_362_sample_id_341": ["DOMAIN_NAME", "LOCATION"], "ds_177_sample_id_342": [], "ds_15_sample_id_343": [], "ds_134_sample_id_344": ["DOMAIN_NAME", "IP_ADDRESS", "LOCATION"], "ds_394_sample_id_345": ["CREDIT_CARD", "DOMAIN_NAME", "LOCATION"], "ds_154_sample_id_346": ["DOMAIN_NAME", "EMAIL_ADDRESS", "IP_ADDRESS", "LOCATION", "PERSON"], "ds_394_sample_id_347": ["CREDIT_CARD", "DOMAIN_NAME", "LOCATION"], "ds_187_sample_id_348": [], "ds_32_sample_id_349": [], "ds_367_sample_id_350": ["DOMAIN_NAME", "EMAIL_ADDRESS", "LOCATION", "US_DRIVER_LICENSE"], "ds_82_sample_id_351": [], "ds_133_sample_id_352": ["DOMAIN_NAME", "IP_ADDRESS", "LOCATION"], "ds_215_sample_id_353": [], "ds_374_sample_id_354": ["DOMAIN_NAME", "EMAIL_ADDRESS", "IP_ADDRESS", "LOCATION", "PERSON", "US_DRIVER_LICENSE"], "ds_30_sample_id_355": [], "ds_308_sample_id_356": [], "ds_249_sample_id_357": [], "ds_39_sample_id_358": [], "ds_46_sample_id_359": [], "ds_272_sample_id_360": [], "ds_252_sample_id_361": [], "ds_331_sample_id_362": [], "ds_337_sample_id_363": [], "ds_180_sample_id_364": [], "ds_374_sample_id_365": ["DOMAIN_NAME", "EMAIL_ADDRESS", "IP_ADDRESS", "LOCATION", "PERSON", "US_DRIVER_LICENSE"], "ds_206_sample_id_366": [], "ds_345_sample_id_367": [], "ds_334_sample_id_368": [], "ds_372_sample_id_369": ["CREDIT_CARD", "DOMAIN_NAME", "EMAIL_ADDRESS", "LOCATION", "PERSON", "PHONE_NUMBER", "US_DRIVER_LICENSE"], "ds_369_sample_id_370": ["DOMAIN_NAME", "LOCATION"], "ds_243_sample_id_371": [], "ds_326_sample_id_372": [], "ds_109_sample_id_373": [], "ds_141_sample_id_374": [], "ds_82_sample_id_375": [], "ds_33_sample_id_376": ["DOMAIN_NAME", "LOCATION", "PERSON"], "ds_68_sample_id_377": [], "ds_55_sample_id_378": [], "ds_350_sample_id_379": ["LOCATION"], "ds_32_sample_id_380": [], "ds_184_sample_id_381": [], "ds_80_sample_id_382": [], "ds_157_sample_id_383": [], "ds_349_sample_id_384": ["CREDIT_CARD", "DOMAIN_NAME", "EMAIL_ADDRESS", "IP_ADDRESS", "LOCATION", "PERSON", "PHONE_NUMBER", "US_DRIVER_LICENSE"], "ds_294_sample_id_385": [], "ds_67_sample_id_386": [], "ds_217_sample_id_387": [], "ds_197_sample_id_388": [], "ds_343_sample_id_389": [], "ds_96_sample_id_390": [], "ds_114_sample_id_391": [], "ds_284_sample_id_392": [], "ds_137_sample_id_393": [], "ds_173_sample_id_394": [], "ds_289_sample_id_395": [], "ds_211_sample_id_396": [], "ds_174_sample_id_397": [], "ds_45_sample_id_398": [], "ds_227_sample_id_399": [], "ds_153_sample_id_400": ["DOMAIN_NAME", "LOCATION", "PERSON"], "ds_75_sample_id_401": [], "ds_32_sample_id_402": [], "ds_278_sample_id_403": [], "ds_50_sample_id_404": [], "ds_187_sample_id_405": [], "ds_80_sample_id_406": [], "ds_387_sample_id_407": ["DOMAIN_NAME", "IP_ADDRESS", "LOCATION"], "ds_125_sample_id_408": [], "ds_170_sample_id_409": [], "ds_26_sample_id_410": [], "ds_316_sample_id_411": [], "ds_229_sample_id_412": [], "ds_140_sample_id_413": [], "ds_120_sample_id_414": [], "ds_166_sample_id_415": [], "ds_195_sample_id_416": [], "ds_370_sample_id_417": ["DOMAIN_NAME", "EMAIL_ADDRESS", "LOCATION", "US_DRIVER_LICENSE"], "ds_349_sample_id_418": ["CREDIT_CARD", "DOMAIN_NAME", "EMAIL_ADDRESS", "IP_ADDRESS", "LOCATION", "PERSON", "PHONE_NUMBER", "US_DRIVER_LICENSE"], "ds_363_sample_id_419": ["CREDIT_CARD", "DOMAIN_NAME", "EMAIL_ADDRESS", "IP_ADDRESS", "LOCATION", "PERSON", "PHONE_NUMBER", "US_DRIVER_LICENSE"], "ds_358_sample_id_420": ["DOMAIN_NAME", "IP_ADDRESS", "LOCATION", "US_DRIVER_LICENSE"], "ds_198_sample_id_421": [], "ds_81_sample_id_422": [], "ds_249_sample_id_423": [], "ds_83_sample_id_424": [], "ds_183_sample_id_425": [], "ds_104_sample_id_426": [], "ds_193_sample_id_427": [], "ds_175_sample_id_428": [], "ds_321_sample_id_429": [], "ds_117_sample_id_430": [], "ds_118_sample_id_431": [], "ds_136_sample_id_432": [], "ds_345_sample_id_433": [], "ds_44_sample_id_434": [], "ds_53_sample_id_435": [], "ds_314_sample_id_436": [], "ds_205_sample_id_437": [], "ds_319_sample_id_438": [], "ds_127_sample_id_439": [], "ds_15_sample_id_440": [], "ds_162_sample_id_441": [], "ds_141_sample_id_442": [], "ds_250_sample_id_443": [], "ds_257_sample_id_444": [], "ds_344_sample_id_445": [], "ds_8_sample_id_446": [], "ds_330_sample_id_447": [], "ds_292_sample_id_448": [], "ds_227_sample_id_449": [], "ds_154_sample_id_450": ["DOMAIN_NAME", "EMAIL_ADDRESS", "IP_ADDRESS", "LOCATION", "PERSON"], "ds_55_sample_id_451": [], "ds_267_sample_id_452": [], "ds_209_sample_id_453": [], "ds_51_sample_id_454": [], "ds_169_sample_id_455": [], "ds_21_sample_id_456": [], "ds_285_sample_id_457": [], "ds_367_sample_id_458": ["DOMAIN_NAME", "EMAIL_ADDRESS", "LOCATION", "US_DRIVER_LICENSE"], "ds_116_sample_id_459": [], "ds_66_sample_id_460": [], "ds_270_sample_id_461": [], "ds_19_sample_id_462": [], "ds_104_sample_id_463": [], "ds_251_sample_id_464": [], "ds_13_sample_id_465": [], "ds_384_sample_id_466": ["CREDIT_CARD", "DOMAIN_NAME", "EMAIL_ADDRESS", "LOCATION", "PERSON", "PHONE_NUMBER", "US_DRIVER_LICENSE"], "ds_132_sample_id_467": ["CREDIT_CARD", "DOMAIN_NAME", "EMAIL_ADDRESS", "LOCATION", "PERSON", "PHONE_NUMBER"], "ds_377_sample_id_468": ["CREDIT_CARD", "DOMAIN_NAME", "EMAIL_ADDRESS", "LOCATION", "US_DRIVER_LICENSE"], "ds_277_sample_id_469": [], "ds_14_sample_id_470": ["DOMAIN_NAME", "LOCATION"], "ds_347_sample_id_471": [], "ds_397_sample_id_472": ["DOMAIN_NAME", "PERSON", "PHONE_NUMBER"], "ds_3_sample_id_473": [], "ds_286_sample_id_474": [], "ds_369_sample_id_475": ["DOMAIN_NAME", "LOCATION"], "ds_252_sample_id_476": [], "ds_244_sample_id_477": [], "ds_237_sample_id_478": [], "ds_211_sample_id_479": [], "ds_240_sample_id_480": [], "ds_21_sample_id_481": []}