{"ds_30_sample_id_0": [], "ds_200_sample_id_1": [], "ds_116_sample_id_2": [], "ds_4_sample_id_3": [], "ds_266_sample_id_4": [], "ds_516_sample_id_5": [], "ds_486_sample_id_6": [], "ds_394_sample_id_7": [], "ds_153_sample_id_8": [], "ds_365_sample_id_9": [], "ds_121_sample_id_10": [], "ds_250_sample_id_11": [], "ds_232_sample_id_12": [], "ds_514_sample_id_13": [], "ds_247_sample_id_14": [], "ds_46_sample_id_15": [], "ds_296_sample_id_16": [], "ds_449_sample_id_17": [], "ds_354_sample_id_18": [], "ds_344_sample_id_19": [], "ds_530_sample_id_20": [], "ds_94_sample_id_21": [], "ds_250_sample_id_22": [], "ds_312_sample_id_23": [], "ds_271_sample_id_24": [], "ds_245_sample_id_25": [], "ds_107_sample_id_26": [], "ds_331_sample_id_27": [], "ds_516_sample_id_28": [], "ds_524_sample_id_29": [], "ds_46_sample_id_30": [], "ds_429_sample_id_31": [], "ds_71_sample_id_32": [], "ds_200_sample_id_33": [], "ds_315_sample_id_34": [], "ds_462_sample_id_35": [], "ds_239_sample_id_36": [], "ds_75_sample_id_37": [], "ds_334_sample_id_38": [], "ds_90_sample_id_39": ["DOMAIN_NAME", "EMAIL_ADDRESS", "PERSON"], "ds_391_sample_id_40": ["CREDIT_CARD", "IP_ADDRESS", "US_DRIVER_LICENSE"], "ds_262_sample_id_41": [], "ds_42_sample_id_42": ["DOMAIN_NAME", "LOCATION"], "ds_481_sample_id_43": [], "ds_472_sample_id_44": [], "ds_320_sample_id_45": [], "ds_499_sample_id_46": [], "ds_293_sample_id_47": [], "ds_460_sample_id_48": [], "ds_506_sample_id_49": [], "ds_377_sample_id_50": [], "ds_463_sample_id_51": [], "ds_135_sample_id_52": [], "ds_149_sample_id_53": [], "ds_385_sample_id_54": [], "ds_280_sample_id_55": [], "ds_205_sample_id_56": [], "ds_285_sample_id_57": [], "ds_324_sample_id_58": [], "ds_421_sample_id_59": [], "ds_284_sample_id_60": [], "ds_73_sample_id_61": ["DOMAIN_NAME", "LOCATION", "PERSON", "US_DRIVER_LICENSE"], "ds_317_sample_id_62": [], "ds_234_sample_id_63": [], "ds_477_sample_id_64": [], "ds_163_sample_id_65": [], "ds_375_sample_id_66": [], "ds_75_sample_id_67": [], "ds_260_sample_id_68": [], "ds_515_sample_id_69": [], "ds_448_sample_id_70": [], "ds_174_sample_id_71": [], "ds_106_sample_id_72": [], "ds_486_sample_id_73": [], "ds_123_sample_id_74": [], "ds_152_sample_id_75": [], "ds_182_sample_id_76": [], "ds_453_sample_id_77": [], "ds_472_sample_id_78": [], "ds_227_sample_id_79": [], "ds_470_sample_id_80": [], "ds_10_sample_id_81": [], "ds_364_sample_id_82": [], "ds_209_sample_id_83": [], "ds_253_sample_id_84": [], "ds_57_sample_id_85": [], "ds_16_sample_id_86": [], "ds_4_sample_id_87": [], "ds_530_sample_id_88": [], "ds_131_sample_id_89": [], "ds_93_sample_id_90": ["DOMAIN_NAME", "IP_ADDRESS"], "ds_192_sample_id_91": [], "ds_15_sample_id_92": [], "ds_277_sample_id_93": [], "ds_65_sample_id_94": [], "ds_483_sample_id_95": [], "ds_304_sample_id_96": [], "ds_543_sample_id_97": [], "ds_243_sample_id_98": [], "ds_416_sample_id_99": [], "ds_255_sample_id_100": [], "ds_291_sample_id_101": [], "ds_299_sample_id_102": [], "ds_151_sample_id_103": [], "ds_382_sample_id_104": ["LOCATION", "PERSON", "PHONE_NUMBER"], "ds_211_sample_id_105": [], "ds_169_sample_id_106": [], "ds_224_sample_id_107": [], "ds_507_sample_id_108": [], "ds_95_sample_id_109": [], "ds_149_sample_id_110": [], "ds_533_sample_id_111": [], "ds_64_sample_id_112": ["DOMAIN_NAME", "IP_ADDRESS", "PERSON"], "ds_352_sample_id_113": ["LOCATION"], "ds_444_sample_id_114": [], "ds_26_sample_id_115": [], "ds_368_sample_id_116": [], "ds_175_sample_id_117": [], "ds_56_sample_id_118": [], "ds_94_sample_id_119": [], "ds_310_sample_id_120": ["DOMAIN_NAME", "IP_ADDRESS", "LOCATION", "PERSON", "US_DRIVER_LICENSE"], "ds_419_sample_id_121": [], "ds_357_sample_id_122": [], "ds_87_sample_id_123": [], "ds_507_sample_id_124": [], "ds_448_sample_id_125": [], "ds_102_sample_id_126": ["CREDIT_CARD", "IP_ADDRESS"], "ds_97_sample_id_127": ["IP_ADDRESS"], "ds_87_sample_id_128": [], "ds_375_sample_id_129": [], "ds_45_sample_id_130": [], "ds_474_sample_id_131": [], "ds_411_sample_id_132": [], "ds_341_sample_id_133": [], "ds_117_sample_id_134": [], "ds_303_sample_id_135": [], "ds_494_sample_id_136": [], "ds_217_sample_id_137": [], "ds_465_sample_id_138": [], "ds_80_sample_id_139": [], "ds_489_sample_id_140": [], "ds_62_sample_id_141": [], "ds_84_sample_id_142": [], "ds_358_sample_id_143": ["DOMAIN_NAME", "IP_ADDRESS", "PERSON"], "ds_144_sample_id_144": [], "ds_186_sample_id_145": [], "ds_44_sample_id_146": [], "ds_162_sample_id_147": [], "ds_82_sample_id_148": ["IP_ADDRESS", "PERSON"], "ds_123_sample_id_149": [], "ds_206_sample_id_150": ["DOMAIN_NAME"], "ds_55_sample_id_151": [], "ds_197_sample_id_152": [], "ds_329_sample_id_153": [], "ds_71_sample_id_154": [], "ds_272_sample_id_155": [], "ds_352_sample_id_156": ["LOCATION"], "ds_175_sample_id_157": [], "ds_497_sample_id_158": [], "ds_302_sample_id_159": [], "ds_252_sample_id_160": [], "ds_13_sample_id_161": [], "ds_199_sample_id_162": [], "ds_198_sample_id_163": [], "ds_6_sample_id_164": [], "ds_437_sample_id_165": [], "ds_270_sample_id_166": [], "ds_525_sample_id_167": [], "ds_541_sample_id_168": [], "ds_427_sample_id_169": [], "ds_28_sample_id_170": [], "ds_263_sample_id_171": [], "ds_415_sample_id_172": [], "ds_171_sample_id_173": [], "ds_435_sample_id_174": [], "ds_483_sample_id_175": [], "ds_93_sample_id_176": ["DOMAIN_NAME", "IP_ADDRESS"], "ds_271_sample_id_177": [], "ds_195_sample_id_178": [], "ds_534_sample_id_179": [], "ds_499_sample_id_180": []}