{"user_group_edges": {"group_2": ["user_476_sample_id_51", "user_77_sample_id_57", "user_55_sample_id_37", "user_471_sample_id_34", "user_8_sample_id_30", "user_453_sample_id_61", "user_413_sample_id_43", "user_174_sample_id_77", "user_231_sample_id_83", "user_67_sample_id_59", "user_40_sample_id_24", "user_140_sample_id_42", "user_0_sample_id_17", "user_136_sample_id_35", "user_2_sample_id_89", "user_189_sample_id_96", "user_116_sample_id_46", "user_180_sample_id_48", "user_254_sample_id_67", "user_314_sample_id_50", "user_408_sample_id_27", "user_77_sample_id_94", "user_175_sample_id_82", "user_385_sample_id_60", "user_457_sample_id_90"], "group_4": ["user_476_sample_id_51", "user_77_sample_id_57", "user_395_sample_id_69", "user_131_sample_id_70", "user_106_sample_id_39", "user_88_sample_id_81", "user_497_sample_id_72", "user_8_sample_id_30", "user_69_sample_id_87", "user_49_sample_id_2", "user_450_sample_id_11", "user_67_sample_id_59", "user_374_sample_id_16", "user_79_sample_id_13", "user_32_sample_id_68", "user_360_sample_id_91", "user_406_sample_id_62", "user_116_sample_id_46", "user_313_sample_id_75", "user_326_sample_id_10", "user_481_sample_id_84", "user_190_sample_id_3", "user_314_sample_id_50", "user_112_sample_id_86", "user_77_sample_id_94", "user_257_sample_id_8", "user_130_sample_id_31", "user_116_sample_id_47", "user_320_sample_id_4"], "group_6": ["user_476_sample_id_51", "user_154_sample_id_79", "user_95_sample_id_71", "user_471_sample_id_34", "user_55_sample_id_9", "user_147_sample_id_21", "user_115_sample_id_49", "user_436_sample_id_55", "user_174_sample_id_77", "user_231_sample_id_83", "user_266_sample_id_80", "user_374_sample_id_16", "user_79_sample_id_13", "user_248_sample_id_78", "user_140_sample_id_42", "user_136_sample_id_35", "user_32_sample_id_28", "user_313_sample_id_75", "user_53_sample_id_93", "user_38_sample_id_92", "user_112_sample_id_86", "user_77_sample_id_94", "user_115_sample_id_5", "user_257_sample_id_8", "user_460_sample_id_38"], "group_7": ["user_476_sample_id_51", "user_95_sample_id_71", "user_329_sample_id_7", "user_131_sample_id_70", "user_471_sample_id_34", "user_497_sample_id_72", "user_484_sample_id_76", "user_115_sample_id_49", "user_8_sample_id_30", "user_174_sample_id_77", "user_133_sample_id_40", "user_282_sample_id_58", "user_504_sample_id_97", "user_509_sample_id_95", "user_510_sample_id_85", "user_89_sample_id_23", "user_351_sample_id_19", "user_344_sample_id_44", "user_116_sample_id_46", "user_408_sample_id_27", "user_367_sample_id_56", "user_112_sample_id_86", "user_382_sample_id_29", "user_116_sample_id_47", "user_385_sample_id_60"], "group_12": ["user_476_sample_id_51", "user_95_sample_id_71", "user_484_sample_id_76", "user_453_sample_id_61", "user_504_sample_id_22", "user_497_sample_id_52", "user_118_sample_id_66", "user_504_sample_id_97", "user_29_sample_id_1", "user_506_sample_id_18", "user_358_sample_id_6", "user_32_sample_id_28", "user_174_sample_id_14", "user_190_sample_id_3", "user_38_sample_id_92", "user_112_sample_id_86", "user_243_sample_id_12", "user_116_sample_id_47", "user_385_sample_id_60", "user_457_sample_id_90", "user_46_sample_id_64", "user_320_sample_id_4"], "group_19": ["user_476_sample_id_51", "user_77_sample_id_57", "user_131_sample_id_70", "user_55_sample_id_9", "user_497_sample_id_72", "user_453_sample_id_61", "user_154_sample_id_15", "user_49_sample_id_2", "user_118_sample_id_66", "user_504_sample_id_97", "user_231_sample_id_83", "user_450_sample_id_11", "user_178_sample_id_74", "user_248_sample_id_78", "user_140_sample_id_42", "user_32_sample_id_68", "user_332_sample_id_73", "user_406_sample_id_62", "user_358_sample_id_6", "user_351_sample_id_19", "user_136_sample_id_35", "user_2_sample_id_89", "user_461_sample_id_65", "user_402_sample_id_98", "user_190_sample_id_3", "user_77_sample_id_94", "user_460_sample_id_38", "user_130_sample_id_31", "user_320_sample_id_4"], "group_0": ["user_154_sample_id_79", "user_55_sample_id_37", "user_395_sample_id_69", "user_147_sample_id_21", "user_203_sample_id_53", "user_154_sample_id_15", "user_497_sample_id_52", "user_178_sample_id_74", "user_89_sample_id_23", "user_358_sample_id_6", "user_32_sample_id_28", "user_461_sample_id_65", "user_42_sample_id_32", "user_254_sample_id_67", "user_53_sample_id_93", "user_367_sample_id_56", "user_115_sample_id_5", "user_379_sample_id_63", "user_292_sample_id_26"], "group_3": ["user_154_sample_id_79", "user_55_sample_id_9", "user_496_sample_id_33", "user_55_sample_id_36", "user_88_sample_id_81", "user_497_sample_id_72", "user_115_sample_id_49", "user_413_sample_id_43", "user_436_sample_id_55", "user_497_sample_id_52", "user_69_sample_id_87", "user_266_sample_id_80", "user_67_sample_id_59", "user_178_sample_id_74", "user_89_sample_id_23", "user_378_sample_id_54", "user_406_sample_id_62", "user_351_sample_id_19", "user_189_sample_id_96", "user_313_sample_id_75", "user_326_sample_id_10", "user_190_sample_id_3", "user_38_sample_id_92", "user_77_sample_id_94", "user_243_sample_id_12", "user_115_sample_id_5", "user_460_sample_id_38", "user_382_sample_id_29", "user_385_sample_id_60", "user_457_sample_id_90", "user_92_sample_id_41", "user_292_sample_id_26"], "group_5": ["user_154_sample_id_79", "user_55_sample_id_37", "user_329_sample_id_7", "user_395_sample_id_69", "user_496_sample_id_33", "user_484_sample_id_76", "user_118_sample_id_66", "user_510_sample_id_85", "user_231_sample_id_83", "user_266_sample_id_80", "user_450_sample_id_11", "user_374_sample_id_16", "user_360_sample_id_91", "user_2_sample_id_89", "user_344_sample_id_44", "user_174_sample_id_14", "user_42_sample_id_32", "user_180_sample_id_48", "user_53_sample_id_93", "user_77_sample_id_94", "user_130_sample_id_31", "user_385_sample_id_60", "user_320_sample_id_4"], "group_9": ["user_154_sample_id_79", "user_106_sample_id_39", "user_471_sample_id_34", "user_147_sample_id_21", "user_413_sample_id_43", "user_436_sample_id_55", "user_133_sample_id_40", "user_69_sample_id_87", "user_510_sample_id_85", "user_67_sample_id_59", "user_374_sample_id_16", "user_40_sample_id_24", "user_79_sample_id_13", "user_29_sample_id_1", "user_248_sample_id_78", "user_358_sample_id_6", "user_351_sample_id_19", "user_286_sample_id_0", "user_262_sample_id_25", "user_189_sample_id_96", "user_116_sample_id_46", "user_42_sample_id_32", "user_481_sample_id_84", "user_402_sample_id_98", "user_254_sample_id_67", "user_408_sample_id_27", "user_175_sample_id_82", "user_460_sample_id_38", "user_385_sample_id_60", "user_92_sample_id_41", "user_292_sample_id_26", "user_320_sample_id_4"], "group_10": ["user_154_sample_id_79", "user_55_sample_id_37", "user_106_sample_id_39", "user_471_sample_id_34", "user_55_sample_id_9", "user_144_sample_id_88", "user_496_sample_id_33", "user_88_sample_id_81", "user_497_sample_id_72", "user_413_sample_id_43", "user_497_sample_id_52", "user_49_sample_id_2", "user_118_sample_id_66", "user_282_sample_id_58", "user_509_sample_id_95", "user_510_sample_id_85", "user_266_sample_id_80", "user_143_sample_id_20", "user_29_sample_id_1", "user_140_sample_id_42", "user_32_sample_id_68", "user_378_sample_id_54", "user_406_sample_id_62", "user_0_sample_id_17", "user_2_sample_id_89", "user_180_sample_id_48", "user_481_sample_id_84", "user_254_sample_id_67", "user_115_sample_id_5", "user_379_sample_id_63", "user_130_sample_id_31"], "group_16": ["user_154_sample_id_79", "user_95_sample_id_71", "user_77_sample_id_57", "user_329_sample_id_7", "user_144_sample_id_88", "user_88_sample_id_81", "user_497_sample_id_72", "user_484_sample_id_76", "user_115_sample_id_49", "user_8_sample_id_30", "user_413_sample_id_43", "user_203_sample_id_53", "user_436_sample_id_55", "user_282_sample_id_58", "user_231_sample_id_83", "user_450_sample_id_11", "user_67_sample_id_59", "user_178_sample_id_74", "user_89_sample_id_23", "user_140_sample_id_42", "user_378_sample_id_54", "user_406_sample_id_62", "user_506_sample_id_18", "user_286_sample_id_0", "user_32_sample_id_28", "user_402_sample_id_98", "user_254_sample_id_67", "user_190_sample_id_3", "user_38_sample_id_92", "user_175_sample_id_82", "user_457_sample_id_90"], "group_17": ["user_154_sample_id_79", "user_106_sample_id_39", "user_484_sample_id_76", "user_203_sample_id_53", "user_436_sample_id_55", "user_164_sample_id_45", "user_504_sample_id_97", "user_510_sample_id_85", "user_266_sample_id_80", "user_450_sample_id_11", "user_374_sample_id_16", "user_143_sample_id_20", "user_248_sample_id_78", "user_360_sample_id_91", "user_358_sample_id_6", "user_286_sample_id_0", "user_136_sample_id_35", "user_461_sample_id_65", "user_174_sample_id_14", "user_116_sample_id_46", "user_180_sample_id_48", "user_326_sample_id_10", "user_38_sample_id_92", "user_175_sample_id_82", "user_382_sample_id_29"], "group_18": ["user_154_sample_id_79", "user_106_sample_id_39", "user_144_sample_id_88", "user_147_sample_id_21", "user_484_sample_id_76", "user_8_sample_id_30", "user_413_sample_id_43", "user_203_sample_id_53", "user_154_sample_id_15", "user_174_sample_id_77", "user_133_sample_id_40", "user_164_sample_id_45", "user_504_sample_id_97", "user_509_sample_id_95", "user_79_sample_id_13", "user_140_sample_id_42", "user_32_sample_id_68", "user_378_sample_id_54", "user_136_sample_id_35", "user_174_sample_id_14", "user_116_sample_id_46", "user_313_sample_id_75", "user_42_sample_id_32", "user_326_sample_id_10", "user_38_sample_id_92", "user_257_sample_id_8", "user_130_sample_id_31", "user_116_sample_id_47"], "group_8": ["user_95_sample_id_71", "user_131_sample_id_70", "user_106_sample_id_39", "user_55_sample_id_9", "user_55_sample_id_36", "user_69_sample_id_87", "user_282_sample_id_58", "user_509_sample_id_95", "user_178_sample_id_74", "user_40_sample_id_24", "user_248_sample_id_78", "user_332_sample_id_73", "user_360_sample_id_91", "user_0_sample_id_17", "user_2_sample_id_89", "user_116_sample_id_46", "user_402_sample_id_98", "user_257_sample_id_8", "user_385_sample_id_60", "user_457_sample_id_90", "user_46_sample_id_64", "user_92_sample_id_41", "user_292_sample_id_26"], "group_13": ["user_77_sample_id_57", "user_55_sample_id_37", "user_496_sample_id_33", "user_88_sample_id_81", "user_8_sample_id_30", "user_453_sample_id_61", "user_504_sample_id_22", "user_154_sample_id_15", "user_174_sample_id_77", "user_497_sample_id_52", "user_133_sample_id_40", "user_69_sample_id_87", "user_266_sample_id_80", "user_79_sample_id_13", "user_29_sample_id_1", "user_140_sample_id_42", "user_332_sample_id_73", "user_286_sample_id_0", "user_262_sample_id_25", "user_344_sample_id_44", "user_189_sample_id_96", "user_313_sample_id_75", "user_190_sample_id_3", "user_243_sample_id_12", "user_175_sample_id_82", "user_460_sample_id_38", "user_379_sample_id_63", "user_130_sample_id_31", "user_92_sample_id_41"], "group_15": ["user_77_sample_id_57", "user_131_sample_id_70", "user_147_sample_id_21", "user_115_sample_id_49", "user_413_sample_id_43", "user_69_sample_id_87", "user_164_sample_id_45", "user_266_sample_id_80", "user_450_sample_id_11", "user_67_sample_id_59", "user_79_sample_id_13", "user_29_sample_id_1", "user_406_sample_id_62", "user_262_sample_id_25", "user_136_sample_id_35", "user_461_sample_id_65", "user_326_sample_id_10", "user_190_sample_id_3", "user_314_sample_id_50", "user_367_sample_id_56", "user_115_sample_id_5", "user_382_sample_id_29", "user_385_sample_id_60", "user_46_sample_id_64"], "group_1": ["user_55_sample_id_37", "user_329_sample_id_7", "user_395_sample_id_69", "user_106_sample_id_39", "user_144_sample_id_88", "user_496_sample_id_33", "user_55_sample_id_36", "user_504_sample_id_22", "user_436_sample_id_55", "user_497_sample_id_52", "user_133_sample_id_40", "user_164_sample_id_45", "user_504_sample_id_97", "user_143_sample_id_20", "user_116_sample_id_46", "user_42_sample_id_32", "user_314_sample_id_50", "user_77_sample_id_94", "user_457_sample_id_90", "user_46_sample_id_64", "user_92_sample_id_41"], "group_11": ["user_395_sample_id_69", "user_106_sample_id_39", "user_55_sample_id_36", "user_88_sample_id_81", "user_497_sample_id_72", "user_115_sample_id_49", "user_203_sample_id_53", "user_49_sample_id_2", "user_504_sample_id_97", "user_509_sample_id_95", "user_32_sample_id_68", "user_378_sample_id_54", "user_506_sample_id_18", "user_262_sample_id_25", "user_189_sample_id_96", "user_174_sample_id_14", "user_180_sample_id_48", "user_326_sample_id_10", "user_481_sample_id_84", "user_402_sample_id_98", "user_53_sample_id_93", "user_243_sample_id_12", "user_379_sample_id_63", "user_116_sample_id_47", "user_385_sample_id_60", "user_457_sample_id_90", "user_46_sample_id_64", "user_92_sample_id_41"], "group_14": ["user_471_sample_id_34", "user_55_sample_id_9", "user_504_sample_id_22", "user_49_sample_id_2", "user_40_sample_id_24", "user_143_sample_id_20", "user_89_sample_id_23", "user_140_sample_id_42", "user_506_sample_id_18", "user_0_sample_id_17", "user_286_sample_id_0", "user_262_sample_id_25", "user_136_sample_id_35", "user_32_sample_id_28", "user_402_sample_id_98", "user_112_sample_id_86", "user_115_sample_id_5", "user_257_sample_id_8", "user_460_sample_id_38", "user_382_sample_id_29", "user_130_sample_id_31"]}, "group_data_store_edges": {"group_1": ["ds_139_sample_id_81", "ds_140_sample_id_127", "ds_168_sample_id_80", "ds_192_sample_id_210", "ds_55_sample_id_115", "ds_186_sample_id_171", "ds_45_sample_id_94", "ds_67_sample_id_152", "ds_171_sample_id_74", "ds_44_sample_id_17", "ds_119_sample_id_194", "ds_57_sample_id_85", "ds_89_sample_id_123", "ds_143_sample_id_104", "ds_14_sample_id_79", "ds_187_sample_id_78", "ds_4_sample_id_204", "ds_134_sample_id_141", "ds_42_sample_id_133", "ds_102_sample_id_102", "ds_21_sample_id_92", "ds_157_sample_id_149", "ds_53_sample_id_198", "ds_168_sample_id_37", "ds_106_sample_id_219", "ds_18_sample_id_192", "ds_21_sample_id_67", "ds_190_sample_id_187", "ds_163_sample_id_177", "ds_86_sample_id_89", "ds_41_sample_id_137", "ds_180_sample_id_216", "ds_17_sample_id_140", "ds_22_sample_id_195", "ds_193_sample_id_3", "ds_68_sample_id_65", "ds_94_sample_id_113", "ds_72_sample_id_6", "ds_131_sample_id_218", "ds_181_sample_id_183", "ds_54_sample_id_29", "ds_151_sample_id_178", "ds_191_sample_id_50", "ds_93_sample_id_99", "ds_1_sample_id_7", "ds_88_sample_id_52", "ds_2_sample_id_33", "ds_135_sample_id_201", "ds_163_sample_id_100", "ds_183_sample_id_77", "ds_66_sample_id_134", "ds_197_sample_id_72", "ds_43_sample_id_31", "ds_39_sample_id_224", "ds_54_sample_id_182", "ds_19_sample_id_165", "ds_57_sample_id_59", "ds_180_sample_id_186", "ds_41_sample_id_5", "ds_177_sample_id_62", "ds_52_sample_id_26", "ds_9_sample_id_221", "ds_51_sample_id_129", "ds_164_sample_id_109", "ds_192_sample_id_161", "ds_51_sample_id_167", "ds_57_sample_id_68", "ds_81_sample_id_32", "ds_96_sample_id_91", "ds_57_sample_id_84", "ds_149_sample_id_41", "ds_152_sample_id_138", "ds_48_sample_id_25", "ds_139_sample_id_46", "ds_137_sample_id_223", "ds_120_sample_id_174", "ds_58_sample_id_197", "ds_56_sample_id_101", "ds_66_sample_id_212", "ds_194_sample_id_168", "ds_101_sample_id_160", "ds_181_sample_id_88", "ds_72_sample_id_106", "ds_62_sample_id_176", "ds_166_sample_id_42", "ds_122_sample_id_155", "ds_173_sample_id_154", "ds_60_sample_id_130", "ds_102_sample_id_38", "ds_127_sample_id_45", "ds_182_sample_id_24", "ds_90_sample_id_55", "ds_8_sample_id_132"], "group_4": ["ds_139_sample_id_81", "ds_115_sample_id_87", "ds_102_sample_id_162", "ds_53_sample_id_191", "ds_179_sample_id_199", "ds_169_sample_id_184", "ds_183_sample_id_170", "ds_113_sample_id_8", "ds_72_sample_id_214", "ds_93_sample_id_75", "ds_14_sample_id_79", "ds_76_sample_id_117", "ds_134_sample_id_141", "ds_29_sample_id_118", "ds_102_sample_id_102", "ds_21_sample_id_92", "ds_156_sample_id_111", "ds_157_sample_id_149", "ds_162_sample_id_108", "ds_21_sample_id_67", "ds_17_sample_id_140", "ds_22_sample_id_195", "ds_68_sample_id_65", "ds_168_sample_id_47", "ds_76_sample_id_34", "ds_20_sample_id_202", "ds_72_sample_id_6", "ds_144_sample_id_150", "ds_181_sample_id_183", "ds_151_sample_id_178", "ds_156_sample_id_163", "ds_153_sample_id_53", "ds_88_sample_id_52", "ds_15_sample_id_12", "ds_163_sample_id_100", "ds_132_sample_id_147", "ds_172_sample_id_180", "ds_19_sample_id_165", "ds_41_sample_id_5", "ds_177_sample_id_189", "ds_163_sample_id_0", "ds_5_sample_id_203", "ds_9_sample_id_221", "ds_125_sample_id_157", "ds_34_sample_id_135", "ds_96_sample_id_91", "ds_149_sample_id_41", "ds_44_sample_id_158", "ds_152_sample_id_138", "ds_186_sample_id_90", "ds_72_sample_id_106", "ds_183_sample_id_35", "ds_182_sample_id_112", "ds_173_sample_id_154", "ds_18_sample_id_151", "ds_134_sample_id_103", "ds_53_sample_id_220", "ds_115_sample_id_76", "ds_23_sample_id_172"], "group_9": ["ds_139_sample_id_81", "ds_15_sample_id_95", "ds_59_sample_id_56", "ds_68_sample_id_43", "ds_129_sample_id_145", "ds_45_sample_id_94", "ds_44_sample_id_17", "ds_7_sample_id_188", "ds_176_sample_id_10", "ds_37_sample_id_44", "ds_119_sample_id_194", "ds_113_sample_id_8", "ds_199_sample_id_1", "ds_133_sample_id_64", "ds_76_sample_id_117", "ds_187_sample_id_78", "ds_157_sample_id_149", "ds_53_sample_id_198", "ds_106_sample_id_219", "ds_41_sample_id_137", "ds_57_sample_id_205", "ds_102_sample_id_49", "ds_187_sample_id_71", "ds_33_sample_id_175", "ds_76_sample_id_34", "ds_90_sample_id_213", "ds_196_sample_id_48", "ds_7_sample_id_36", "ds_72_sample_id_6", "ds_5_sample_id_20", "ds_161_sample_id_114", "ds_144_sample_id_150", "ds_200_sample_id_225", "ds_93_sample_id_99", "ds_137_sample_id_153", "ds_88_sample_id_52", "ds_15_sample_id_12", "ds_135_sample_id_201", "ds_196_sample_id_54", "ds_43_sample_id_31", "ds_19_sample_id_165", "ds_19_sample_id_63", "ds_102_sample_id_217", "ds_87_sample_id_93", "ds_95_sample_id_131", "ds_177_sample_id_189", "ds_5_sample_id_203", "ds_9_sample_id_221", "ds_140_sample_id_136", "ds_51_sample_id_167", "ds_81_sample_id_32", "ds_96_sample_id_91", "ds_149_sample_id_41", "ds_44_sample_id_158", "ds_152_sample_id_138", "ds_120_sample_id_174", "ds_200_sample_id_61", "ds_154_sample_id_125", "ds_166_sample_id_42", "ds_86_sample_id_169", "ds_76_sample_id_58", "ds_102_sample_id_38", "ds_27_sample_id_121", "ds_182_sample_id_24", "ds_18_sample_id_151", "ds_128_sample_id_40", "ds_130_sample_id_142", "ds_23_sample_id_172"], "group_18": ["ds_139_sample_id_81", "ds_102_sample_id_162", "ds_71_sample_id_166", "ds_198_sample_id_116", "ds_45_sample_id_94", "ds_171_sample_id_74", "ds_93_sample_id_19", "ds_7_sample_id_188", "ds_183_sample_id_170", "ds_72_sample_id_214", "ds_143_sample_id_104", "ds_39_sample_id_30", "ds_76_sample_id_117", "ds_147_sample_id_39", "ds_134_sample_id_141", "ds_17_sample_id_140", "ds_102_sample_id_49", "ds_22_sample_id_195", "ds_193_sample_id_3", "ds_187_sample_id_71", "ds_33_sample_id_175", "ds_68_sample_id_65", "ds_60_sample_id_209", "ds_83_sample_id_4", "ds_7_sample_id_36", "ds_94_sample_id_113", "ds_5_sample_id_20", "ds_161_sample_id_114", "ds_131_sample_id_218", "ds_181_sample_id_183", "ds_9_sample_id_107", "ds_80_sample_id_143", "ds_183_sample_id_77", "ds_81_sample_id_122", "ds_39_sample_id_224", "ds_172_sample_id_180", "ds_19_sample_id_63", "ds_50_sample_id_105", "ds_164_sample_id_119", "ds_140_sample_id_136", "ds_108_sample_id_2", "ds_48_sample_id_25", "ds_137_sample_id_223", "ds_186_sample_id_90", "ds_131_sample_id_144", "ds_72_sample_id_106", "ds_166_sample_id_42", "ds_182_sample_id_112", "ds_122_sample_id_155", "ds_173_sample_id_154", "ds_127_sample_id_45", "ds_18_sample_id_151", "ds_53_sample_id_220", "ds_143_sample_id_14", "ds_115_sample_id_76", "ds_31_sample_id_11", "ds_137_sample_id_57"], "group_0": ["ds_115_sample_id_87", "ds_55_sample_id_115", "ds_186_sample_id_171", "ds_45_sample_id_94", "ds_67_sample_id_152", "ds_176_sample_id_10", "ds_37_sample_id_44", "ds_183_sample_id_170", "ds_57_sample_id_85", "ds_113_sample_id_8", "ds_143_sample_id_104", "ds_10_sample_id_86", "ds_39_sample_id_30", "ds_76_sample_id_117", "ds_187_sample_id_78", "ds_29_sample_id_118", "ds_42_sample_id_133", "ds_102_sample_id_102", "ds_157_sample_id_149", "ds_53_sample_id_198", "ds_168_sample_id_37", "ds_106_sample_id_219", "ds_190_sample_id_187", "ds_135_sample_id_146", "ds_35_sample_id_211", "ds_102_sample_id_49", "ds_193_sample_id_3", "ds_187_sample_id_71", "ds_33_sample_id_175", "ds_68_sample_id_65", "ds_168_sample_id_47", "ds_60_sample_id_209", "ds_90_sample_id_213", "ds_7_sample_id_36", "ds_20_sample_id_202", "ds_72_sample_id_6", "ds_5_sample_id_20", "ds_12_sample_id_21", "ds_200_sample_id_225", "ds_9_sample_id_107", "ds_194_sample_id_179", "ds_135_sample_id_28", "ds_36_sample_id_120", "ds_93_sample_id_99", "ds_27_sample_id_159", "ds_135_sample_id_201", "ds_51_sample_id_51", "ds_183_sample_id_77", "ds_66_sample_id_134", "ds_81_sample_id_122", "ds_143_sample_id_97", "ds_54_sample_id_182", "ds_57_sample_id_15", "ds_57_sample_id_59", "ds_95_sample_id_131", "ds_177_sample_id_62", "ds_52_sample_id_26", "ds_164_sample_id_119", "ds_110_sample_id_126", "ds_194_sample_id_222", "ds_51_sample_id_129", "ds_192_sample_id_161", "ds_125_sample_id_157", "ds_108_sample_id_2", "ds_177_sample_id_215", "ds_81_sample_id_32", "ds_149_sample_id_41", "ds_139_sample_id_46", "ds_56_sample_id_101", "ds_186_sample_id_90", "ds_131_sample_id_144", "ds_72_sample_id_106", "ds_145_sample_id_139", "ds_102_sample_id_193", "ds_34_sample_id_98", "ds_183_sample_id_35", "ds_154_sample_id_125", "ds_189_sample_id_206", "ds_86_sample_id_169", "ds_76_sample_id_58", "ds_56_sample_id_148", "ds_173_sample_id_154", "ds_102_sample_id_38", "ds_140_sample_id_190", "ds_27_sample_id_121", "ds_163_sample_id_23", "ds_57_sample_id_124", "ds_53_sample_id_220", "ds_31_sample_id_11", "ds_8_sample_id_132", "ds_30_sample_id_9", "ds_137_sample_id_57"], "group_6": ["ds_115_sample_id_87", "ds_102_sample_id_162", "ds_192_sample_id_210", "ds_129_sample_id_145", "ds_65_sample_id_82", "ds_45_sample_id_94", "ds_56_sample_id_22", "ds_171_sample_id_74", "ds_169_sample_id_184", "ds_93_sample_id_19", "ds_37_sample_id_44", "ds_96_sample_id_83", "ds_72_sample_id_214", "ds_14_sample_id_79", "ds_90_sample_id_69", "ds_187_sample_id_78", "ds_147_sample_id_39", "ds_134_sample_id_141", "ds_42_sample_id_133", "ds_102_sample_id_102", "ds_21_sample_id_92", "ds_21_sample_id_67", "ds_190_sample_id_187", "ds_86_sample_id_89", "ds_102_sample_id_49", "ds_33_sample_id_175", "ds_68_sample_id_65", "ds_168_sample_id_47", "ds_76_sample_id_34", "ds_196_sample_id_48", "ds_7_sample_id_36", "ds_72_sample_id_6", "ds_5_sample_id_20", "ds_200_sample_id_225", "ds_130_sample_id_60", "ds_155_sample_id_96", "ds_156_sample_id_163", "ds_93_sample_id_99", "ds_127_sample_id_73", "ds_27_sample_id_159", "ds_15_sample_id_12", "ds_135_sample_id_201", "ds_66_sample_id_134", "ds_43_sample_id_31", "ds_39_sample_id_224", "ds_54_sample_id_182", "ds_87_sample_id_93", "ds_196_sample_id_208", "ds_108_sample_id_2", "ds_44_sample_id_158", "ds_139_sample_id_46", "ds_66_sample_id_212", "ds_25_sample_id_70", "ds_103_sample_id_13", "ds_194_sample_id_168", "ds_186_sample_id_90", "ds_101_sample_id_160", "ds_181_sample_id_88", "ds_72_sample_id_106", "ds_102_sample_id_193", "ds_166_sample_id_42", "ds_189_sample_id_206", "ds_173_sample_id_154", "ds_60_sample_id_130", "ds_90_sample_id_55", "ds_128_sample_id_40", "ds_53_sample_id_220", "ds_23_sample_id_172"], "group_10": ["ds_115_sample_id_87", "ds_198_sample_id_116", "ds_68_sample_id_43", "ds_65_sample_id_82", "ds_67_sample_id_152", "ds_171_sample_id_74", "ds_107_sample_id_66", "ds_37_sample_id_44", "ds_96_sample_id_83", "ds_10_sample_id_86", "ds_133_sample_id_64", "ds_29_sample_id_118", "ds_21_sample_id_92", "ds_168_sample_id_37", "ds_21_sample_id_67", "ds_35_sample_id_211", "ds_17_sample_id_140", "ds_193_sample_id_3", "ds_33_sample_id_175", "ds_168_sample_id_47", "ds_76_sample_id_34", "ds_60_sample_id_209", "ds_45_sample_id_207", "ds_131_sample_id_218", "ds_130_sample_id_60", "ds_80_sample_id_143", "ds_191_sample_id_50", "ds_1_sample_id_7", "ds_127_sample_id_73", "ds_88_sample_id_52", "ds_27_sample_id_159", "ds_196_sample_id_54", "ds_54_sample_id_182", "ds_132_sample_id_147", "ds_124_sample_id_185", "ds_57_sample_id_59", "ds_196_sample_id_208", "ds_95_sample_id_131", "ds_5_sample_id_203", "ds_9_sample_id_221", "ds_108_sample_id_2", "ds_177_sample_id_215", "ds_57_sample_id_68", "ds_48_sample_id_25", "ds_139_sample_id_46", "ds_200_sample_id_61", "ds_56_sample_id_101", "ds_66_sample_id_212", "ds_62_sample_id_176", "ds_76_sample_id_58", "ds_122_sample_id_155", "ds_161_sample_id_181", "ds_127_sample_id_45", "ds_163_sample_id_23", "ds_31_sample_id_11"], "group_16": ["ds_115_sample_id_87", "ds_179_sample_id_199", "ds_140_sample_id_127", "ds_68_sample_id_43", "ds_110_sample_id_18", "ds_169_sample_id_184", "ds_44_sample_id_17", "ds_37_sample_id_44", "ds_96_sample_id_83", "ds_72_sample_id_214", "ds_160_sample_id_200", "ds_93_sample_id_75", "ds_187_sample_id_78", "ds_42_sample_id_133", "ds_21_sample_id_92", "ds_156_sample_id_111", "ds_168_sample_id_37", "ds_162_sample_id_108", "ds_135_sample_id_146", "ds_41_sample_id_137", "ds_17_sample_id_140", "ds_57_sample_id_205", "ds_102_sample_id_49", "ds_33_sample_id_175", "ds_168_sample_id_47", "ds_76_sample_id_34", "ds_20_sample_id_202", "ds_45_sample_id_207", "ds_72_sample_id_6", "ds_5_sample_id_20", "ds_161_sample_id_114", "ds_144_sample_id_150", "ds_9_sample_id_107", "ds_130_sample_id_60", "ds_194_sample_id_179", "ds_54_sample_id_29", "ds_151_sample_id_178", "ds_155_sample_id_96", "ds_156_sample_id_163", "ds_36_sample_id_120", "ds_137_sample_id_153", "ds_15_sample_id_12", "ds_58_sample_id_156", "ds_51_sample_id_51", "ds_183_sample_id_77", "ds_66_sample_id_134", "ds_57_sample_id_15", "ds_102_sample_id_217", "ds_87_sample_id_93", "ds_180_sample_id_186", "ds_50_sample_id_105", "ds_177_sample_id_62", "ds_177_sample_id_189", "ds_164_sample_id_119", "ds_9_sample_id_221", "ds_140_sample_id_136", "ds_5_sample_id_196", "ds_194_sample_id_222", "ds_51_sample_id_129", "ds_51_sample_id_167", "ds_57_sample_id_84", "ds_50_sample_id_110", "ds_34_sample_id_98", "ds_189_sample_id_206", "ds_173_sample_id_154", "ds_57_sample_id_124", "ds_53_sample_id_220", "ds_8_sample_id_132", "ds_30_sample_id_9", "ds_23_sample_id_172"], "group_13": ["ds_102_sample_id_162", "ds_15_sample_id_95", "ds_53_sample_id_191", "ds_140_sample_id_127", "ds_110_sample_id_18", "ds_67_sample_id_152", "ds_169_sample_id_184", "ds_176_sample_id_10", "ds_96_sample_id_83", "ds_57_sample_id_85", "ds_72_sample_id_214", "ds_143_sample_id_104", "ds_160_sample_id_200", "ds_133_sample_id_64", "ds_90_sample_id_69", "ds_187_sample_id_78", "ds_147_sample_id_39", "ds_4_sample_id_204", "ds_142_sample_id_16", "ds_157_sample_id_149", "ds_180_sample_id_216", "ds_102_sample_id_49", "ds_187_sample_id_71", "ds_90_sample_id_213", "ds_94_sample_id_113", "ds_20_sample_id_202", "ds_45_sample_id_207", "ds_5_sample_id_20", "ds_181_sample_id_183", "ds_130_sample_id_60", "ds_151_sample_id_178", "ds_191_sample_id_50", "ds_153_sample_id_53", "ds_1_sample_id_7", "ds_127_sample_id_73", "ds_2_sample_id_33", "ds_63_sample_id_164", "ds_58_sample_id_156", "ds_163_sample_id_100", "ds_196_sample_id_54", "ds_197_sample_id_72", "ds_43_sample_id_31", "ds_39_sample_id_224", "ds_54_sample_id_182", "ds_132_sample_id_147", "ds_19_sample_id_165", "ds_124_sample_id_185", "ds_87_sample_id_93", "ds_41_sample_id_5", "ds_95_sample_id_131", "ds_50_sample_id_105", "ds_163_sample_id_0", "ds_5_sample_id_203", "ds_9_sample_id_221", "ds_5_sample_id_196", "ds_185_sample_id_173", "ds_51_sample_id_129", "ds_164_sample_id_109", "ds_192_sample_id_161", "ds_51_sample_id_167", "ds_177_sample_id_215", "ds_81_sample_id_32", "ds_44_sample_id_158", "ds_152_sample_id_138", "ds_48_sample_id_25", "ds_181_sample_id_27", "ds_103_sample_id_13", "ds_194_sample_id_168", "ds_101_sample_id_160", "ds_145_sample_id_139", "ds_34_sample_id_98", "ds_154_sample_id_125", "ds_56_sample_id_148", "ds_163_sample_id_23", "ds_18_sample_id_151", "ds_53_sample_id_220", "ds_137_sample_id_57"], "group_15": ["ds_102_sample_id_162", "ds_168_sample_id_80", "ds_68_sample_id_43", "ds_129_sample_id_145", "ds_65_sample_id_82", "ds_110_sample_id_18", "ds_171_sample_id_74", "ds_169_sample_id_184", "ds_107_sample_id_66", "ds_96_sample_id_83", "ds_183_sample_id_170", "ds_160_sample_id_200", "ds_39_sample_id_30", "ds_14_sample_id_79", "ds_187_sample_id_78", "ds_4_sample_id_204", "ds_21_sample_id_92", "ds_157_sample_id_149", "ds_106_sample_id_219", "ds_21_sample_id_67", "ds_135_sample_id_146", "ds_163_sample_id_177", "ds_86_sample_id_89", "ds_17_sample_id_140", "ds_22_sample_id_195", "ds_187_sample_id_71", "ds_68_sample_id_65", "ds_76_sample_id_34", "ds_83_sample_id_4", "ds_5_sample_id_20", "ds_9_sample_id_107", "ds_63_sample_id_164", "ds_15_sample_id_12", "ds_58_sample_id_156", "ds_135_sample_id_201", "ds_163_sample_id_100", "ds_196_sample_id_54", "ds_54_sample_id_182", "ds_132_sample_id_147", "ds_124_sample_id_185", "ds_57_sample_id_59", "ds_177_sample_id_62", "ds_163_sample_id_0", "ds_9_sample_id_221", "ds_110_sample_id_126", "ds_164_sample_id_109", "ds_125_sample_id_157", "ds_177_sample_id_215", "ds_34_sample_id_135", "ds_152_sample_id_138", "ds_48_sample_id_25", "ds_120_sample_id_174", "ds_58_sample_id_197", "ds_200_sample_id_61", "ds_194_sample_id_168", "ds_50_sample_id_110", "ds_131_sample_id_144", "ds_72_sample_id_106", "ds_145_sample_id_139", "ds_62_sample_id_176", "ds_166_sample_id_42", "ds_182_sample_id_112", "ds_76_sample_id_58", "ds_127_sample_id_45", "ds_120_sample_id_128", "ds_115_sample_id_76", "ds_30_sample_id_9", "ds_137_sample_id_57", "ds_23_sample_id_172"], "group_7": ["ds_15_sample_id_95", "ds_53_sample_id_191", "ds_179_sample_id_199", "ds_140_sample_id_127", "ds_55_sample_id_115", "ds_110_sample_id_18", "ds_56_sample_id_22", "ds_93_sample_id_19", "ds_7_sample_id_188", "ds_176_sample_id_10", "ds_119_sample_id_194", "ds_96_sample_id_83", "ds_183_sample_id_170", "ds_89_sample_id_123", "ds_93_sample_id_75", "ds_199_sample_id_1", "ds_10_sample_id_86", "ds_39_sample_id_30", "ds_90_sample_id_69", "ds_4_sample_id_204", "ds_134_sample_id_141", "ds_29_sample_id_118", "ds_157_sample_id_149", "ds_53_sample_id_198", "ds_106_sample_id_219", "ds_18_sample_id_192", "ds_162_sample_id_108", "ds_135_sample_id_146", "ds_180_sample_id_216", "ds_35_sample_id_211", "ds_17_sample_id_140", "ds_102_sample_id_49", "ds_22_sample_id_195", "ds_187_sample_id_71", "ds_68_sample_id_65", "ds_60_sample_id_209", "ds_83_sample_id_4", "ds_7_sample_id_36", "ds_94_sample_id_113", "ds_5_sample_id_20", "ds_12_sample_id_21", "ds_131_sample_id_218", "ds_181_sample_id_183", "ds_80_sample_id_143", "ds_54_sample_id_29", "ds_135_sample_id_28", "ds_155_sample_id_96", "ds_93_sample_id_99", "ds_27_sample_id_159", "ds_15_sample_id_12", "ds_58_sample_id_156", "ds_135_sample_id_201", "ds_197_sample_id_72", "ds_39_sample_id_224", "ds_172_sample_id_180", "ds_19_sample_id_63", "ds_57_sample_id_15", "ds_87_sample_id_93", "ds_50_sample_id_105", "ds_9_sample_id_221", "ds_5_sample_id_196", "ds_194_sample_id_222", "ds_164_sample_id_109", "ds_51_sample_id_167", "ds_34_sample_id_135", "ds_57_sample_id_84", "ds_149_sample_id_41", "ds_66_sample_id_212", "ds_25_sample_id_70", "ds_131_sample_id_144", "ds_181_sample_id_88", "ds_145_sample_id_139", "ds_76_sample_id_58", "ds_122_sample_id_155", "ds_173_sample_id_154", "ds_120_sample_id_128", "ds_27_sample_id_121", "ds_18_sample_id_151", "ds_128_sample_id_40", "ds_134_sample_id_103", "ds_143_sample_id_14", "ds_31_sample_id_11"], "group_8": ["ds_15_sample_id_95", "ds_179_sample_id_199", "ds_168_sample_id_80", "ds_68_sample_id_43", "ds_55_sample_id_115", "ds_129_sample_id_145", "ds_110_sample_id_18", "ds_186_sample_id_171", "ds_45_sample_id_94", "ds_56_sample_id_22", "ds_67_sample_id_152", "ds_7_sample_id_188", "ds_119_sample_id_194", "ds_183_sample_id_170", "ds_57_sample_id_85", "ds_89_sample_id_123", "ds_113_sample_id_8", "ds_10_sample_id_86", "ds_133_sample_id_64", "ds_147_sample_id_39", "ds_4_sample_id_204", "ds_29_sample_id_118", "ds_102_sample_id_102", "ds_142_sample_id_16", "ds_21_sample_id_92", "ds_156_sample_id_111", "ds_157_sample_id_149", "ds_53_sample_id_198", "ds_106_sample_id_219", "ds_162_sample_id_108", "ds_190_sample_id_187", "ds_135_sample_id_146", "ds_163_sample_id_177", "ds_41_sample_id_137", "ds_68_sample_id_65", "ds_196_sample_id_48", "ds_94_sample_id_113", "ds_72_sample_id_6", "ds_161_sample_id_114", "ds_12_sample_id_21", "ds_151_sample_id_178", "ds_135_sample_id_28", "ds_156_sample_id_163", "ds_36_sample_id_120", "ds_137_sample_id_153", "ds_88_sample_id_52", "ds_63_sample_id_164", "ds_58_sample_id_156", "ds_135_sample_id_201", "ds_163_sample_id_100", "ds_196_sample_id_54", "ds_66_sample_id_134", "ds_81_sample_id_122", "ds_57_sample_id_15", "ds_57_sample_id_59", "ds_196_sample_id_208", "ds_180_sample_id_186", "ds_50_sample_id_105", "ds_52_sample_id_26", "ds_163_sample_id_0", "ds_164_sample_id_119", "ds_5_sample_id_203", "ds_9_sample_id_221", "ds_5_sample_id_196", "ds_51_sample_id_167", "ds_81_sample_id_32", "ds_56_sample_id_101", "ds_66_sample_id_212", "ds_183_sample_id_35", "ds_166_sample_id_42", "ds_182_sample_id_112", "ds_86_sample_id_169", "ds_60_sample_id_130", "ds_161_sample_id_181", "ds_102_sample_id_38", "ds_115_sample_id_76"], "group_11": ["ds_15_sample_id_95", "ds_179_sample_id_199", "ds_140_sample_id_127", "ds_168_sample_id_80", "ds_59_sample_id_56", "ds_192_sample_id_210", "ds_186_sample_id_171", "ds_56_sample_id_22", "ds_171_sample_id_74", "ds_7_sample_id_188", "ds_107_sample_id_66", "ds_96_sample_id_83", "ds_183_sample_id_170", "ds_93_sample_id_75", "ds_199_sample_id_1", "ds_14_sample_id_79", "ds_133_sample_id_64", "ds_76_sample_id_117", "ds_147_sample_id_39", "ds_157_sample_id_149", "ds_53_sample_id_198", "ds_21_sample_id_67", "ds_163_sample_id_177", "ds_180_sample_id_216", "ds_187_sample_id_71", "ds_60_sample_id_209", "ds_90_sample_id_213", "ds_83_sample_id_4", "ds_161_sample_id_114", "ds_194_sample_id_179", "ds_80_sample_id_143", "ds_54_sample_id_29", "ds_153_sample_id_53", "ds_127_sample_id_73", "ds_2_sample_id_33", "ds_15_sample_id_12", "ds_58_sample_id_156", "ds_51_sample_id_51", "ds_183_sample_id_77", "ds_143_sample_id_97", "ds_57_sample_id_15", "ds_57_sample_id_59", "ds_196_sample_id_208", "ds_41_sample_id_5", "ds_50_sample_id_105", "ds_177_sample_id_62", "ds_52_sample_id_26", "ds_140_sample_id_136", "ds_5_sample_id_196", "ds_185_sample_id_173", "ds_108_sample_id_2", "ds_48_sample_id_25", "ds_137_sample_id_223", "ds_120_sample_id_174", "ds_56_sample_id_101", "ds_101_sample_id_160", "ds_145_sample_id_139", "ds_183_sample_id_35", "ds_182_sample_id_112", "ds_122_sample_id_155", "ds_173_sample_id_154", "ds_120_sample_id_128", "ds_182_sample_id_24", "ds_90_sample_id_55", "ds_57_sample_id_124", "ds_130_sample_id_142"], "group_17": ["ds_15_sample_id_95", "ds_59_sample_id_56", "ds_55_sample_id_115", "ds_129_sample_id_145", "ds_110_sample_id_18", "ds_67_sample_id_152", "ds_169_sample_id_184", "ds_7_sample_id_188", "ds_37_sample_id_44", "ds_57_sample_id_85", "ds_160_sample_id_200", "ds_133_sample_id_64", "ds_187_sample_id_78", "ds_4_sample_id_204", "ds_134_sample_id_141", "ds_42_sample_id_133", "ds_162_sample_id_108", "ds_190_sample_id_187", "ds_135_sample_id_146", "ds_86_sample_id_89", "ds_35_sample_id_211", "ds_57_sample_id_205", "ds_22_sample_id_195", "ds_187_sample_id_71", "ds_76_sample_id_34", "ds_60_sample_id_209", "ds_196_sample_id_48", "ds_94_sample_id_113", "ds_45_sample_id_207", "ds_72_sample_id_6", "ds_5_sample_id_20", "ds_161_sample_id_114", "ds_144_sample_id_150", "ds_131_sample_id_218", "ds_54_sample_id_29", "ds_153_sample_id_53", "ds_137_sample_id_153", "ds_2_sample_id_33", "ds_15_sample_id_12", "ds_135_sample_id_201", "ds_183_sample_id_77", "ds_81_sample_id_122", "ds_87_sample_id_93", "ds_196_sample_id_208", "ds_50_sample_id_105", "ds_177_sample_id_62", "ds_177_sample_id_189", "ds_163_sample_id_0", "ds_164_sample_id_119", "ds_125_sample_id_157", "ds_108_sample_id_2", "ds_51_sample_id_167", "ds_57_sample_id_68", "ds_34_sample_id_135", "ds_96_sample_id_91", "ds_149_sample_id_41", "ds_44_sample_id_158", "ds_181_sample_id_27", "ds_139_sample_id_46", "ds_137_sample_id_223", "ds_58_sample_id_197", "ds_200_sample_id_61", "ds_194_sample_id_168", "ds_186_sample_id_90", "ds_131_sample_id_144", "ds_34_sample_id_98", "ds_166_sample_id_42", "ds_189_sample_id_206", "ds_60_sample_id_130", "ds_102_sample_id_38", "ds_90_sample_id_55", "ds_128_sample_id_40", "ds_53_sample_id_220", "ds_115_sample_id_76", "ds_8_sample_id_132", "ds_30_sample_id_9", "ds_137_sample_id_57", "ds_130_sample_id_142", "ds_23_sample_id_172"], "group_5": ["ds_71_sample_id_166", "ds_53_sample_id_191", "ds_55_sample_id_115", "ds_45_sample_id_94", "ds_107_sample_id_66", "ds_176_sample_id_10", "ds_37_sample_id_44", "ds_96_sample_id_83", "ds_183_sample_id_170", "ds_143_sample_id_104", "ds_10_sample_id_86", "ds_39_sample_id_30", "ds_76_sample_id_117", "ds_187_sample_id_78", "ds_134_sample_id_141", "ds_142_sample_id_16", "ds_18_sample_id_192", "ds_21_sample_id_67", "ds_190_sample_id_187", "ds_35_sample_id_211", "ds_57_sample_id_205", "ds_193_sample_id_3", "ds_168_sample_id_47", "ds_196_sample_id_48", "ds_7_sample_id_36", "ds_45_sample_id_207", "ds_5_sample_id_20", "ds_144_sample_id_150", "ds_131_sample_id_218", "ds_181_sample_id_183", "ds_54_sample_id_29", "ds_191_sample_id_50", "ds_153_sample_id_53", "ds_2_sample_id_33", "ds_15_sample_id_12", "ds_66_sample_id_134", "ds_197_sample_id_72", "ds_81_sample_id_122", "ds_19_sample_id_63", "ds_124_sample_id_185", "ds_87_sample_id_93", "ds_196_sample_id_208", "ds_9_sample_id_221", "ds_110_sample_id_126", "ds_194_sample_id_222", "ds_164_sample_id_109", "ds_125_sample_id_157", "ds_57_sample_id_68", "ds_81_sample_id_32", "ds_96_sample_id_91", "ds_149_sample_id_41", "ds_44_sample_id_158", "ds_139_sample_id_46", "ds_101_sample_id_160", "ds_50_sample_id_110", "ds_131_sample_id_144", "ds_145_sample_id_139", "ds_183_sample_id_35", "ds_189_sample_id_206", "ds_122_sample_id_155", "ds_102_sample_id_38", "ds_27_sample_id_121", "ds_163_sample_id_23", "ds_182_sample_id_24", "ds_90_sample_id_55", "ds_57_sample_id_124", "ds_18_sample_id_151", "ds_128_sample_id_40", "ds_134_sample_id_103", "ds_115_sample_id_76", "ds_8_sample_id_132", "ds_30_sample_id_9", "ds_137_sample_id_57"], "group_19": ["ds_71_sample_id_166", "ds_179_sample_id_199", "ds_59_sample_id_56", "ds_110_sample_id_18", "ds_186_sample_id_171", "ds_169_sample_id_184", "ds_93_sample_id_19", "ds_107_sample_id_66", "ds_176_sample_id_10", "ds_96_sample_id_83", "ds_113_sample_id_8", "ds_14_sample_id_79", "ds_42_sample_id_133", "ds_102_sample_id_102", "ds_142_sample_id_16", "ds_162_sample_id_108", "ds_21_sample_id_67", "ds_135_sample_id_146", "ds_41_sample_id_137", "ds_35_sample_id_211", "ds_33_sample_id_175", "ds_68_sample_id_65", "ds_20_sample_id_202", "ds_45_sample_id_207", "ds_72_sample_id_6", "ds_161_sample_id_114", "ds_12_sample_id_21", "ds_144_sample_id_150", "ds_130_sample_id_60", "ds_80_sample_id_143", "ds_54_sample_id_29", "ds_135_sample_id_28", "ds_36_sample_id_120", "ds_93_sample_id_99", "ds_63_sample_id_164", "ds_66_sample_id_134", "ds_132_sample_id_147", "ds_102_sample_id_217", "ds_57_sample_id_59", "ds_196_sample_id_208", "ds_177_sample_id_189", "ds_163_sample_id_0", "ds_164_sample_id_119", "ds_110_sample_id_126", "ds_5_sample_id_196", "ds_185_sample_id_173", "ds_51_sample_id_129", "ds_164_sample_id_109", "ds_192_sample_id_161", "ds_177_sample_id_215", "ds_57_sample_id_84", "ds_152_sample_id_138", "ds_181_sample_id_27", "ds_103_sample_id_13", "ds_186_sample_id_90", "ds_50_sample_id_110", "ds_145_sample_id_139", "ds_62_sample_id_176", "ds_34_sample_id_98", "ds_183_sample_id_35", "ds_182_sample_id_112", "ds_56_sample_id_148", "ds_122_sample_id_155", "ds_60_sample_id_130", "ds_140_sample_id_190", "ds_127_sample_id_45", "ds_120_sample_id_128", "ds_182_sample_id_24", "ds_128_sample_id_40", "ds_53_sample_id_220", "ds_143_sample_id_14", "ds_115_sample_id_76", "ds_30_sample_id_9", "ds_137_sample_id_57", "ds_130_sample_id_142", "ds_23_sample_id_172"], "group_2": ["ds_53_sample_id_191", "ds_59_sample_id_56", "ds_198_sample_id_116", "ds_171_sample_id_74", "ds_44_sample_id_17", "ds_7_sample_id_188", "ds_176_sample_id_10", "ds_119_sample_id_194", "ds_89_sample_id_123", "ds_72_sample_id_214", "ds_143_sample_id_104", "ds_199_sample_id_1", "ds_39_sample_id_30", "ds_90_sample_id_69", "ds_134_sample_id_141", "ds_142_sample_id_16", "ds_162_sample_id_108", "ds_21_sample_id_67", "ds_86_sample_id_89", "ds_17_sample_id_140", "ds_33_sample_id_175", "ds_168_sample_id_47", "ds_83_sample_id_4", "ds_45_sample_id_207", "ds_200_sample_id_225", "ds_194_sample_id_179", "ds_151_sample_id_178", "ds_135_sample_id_28", "ds_191_sample_id_50", "ds_156_sample_id_163", "ds_36_sample_id_120", "ds_137_sample_id_153", "ds_27_sample_id_159", "ds_63_sample_id_164", "ds_183_sample_id_77", "ds_39_sample_id_224", "ds_54_sample_id_182", "ds_172_sample_id_180", "ds_57_sample_id_15", "ds_102_sample_id_217", "ds_124_sample_id_185", "ds_87_sample_id_93", "ds_57_sample_id_59", "ds_52_sample_id_26", "ds_163_sample_id_0", "ds_9_sample_id_221", "ds_5_sample_id_196", "ds_185_sample_id_173", "ds_192_sample_id_161", "ds_51_sample_id_167", "ds_57_sample_id_68", "ds_48_sample_id_25", "ds_137_sample_id_223", "ds_66_sample_id_212", "ds_25_sample_id_70", "ds_194_sample_id_168", "ds_101_sample_id_160", "ds_50_sample_id_110", "ds_131_sample_id_144", "ds_145_sample_id_139", "ds_154_sample_id_125", "ds_166_sample_id_42", "ds_189_sample_id_206", "ds_122_sample_id_155", "ds_140_sample_id_190", "ds_127_sample_id_45", "ds_27_sample_id_121", "ds_182_sample_id_24", "ds_8_sample_id_132", "ds_30_sample_id_9"], "group_3": ["ds_53_sample_id_191", "ds_140_sample_id_127", "ds_192_sample_id_210", "ds_129_sample_id_145", "ds_65_sample_id_82", "ds_110_sample_id_18", "ds_171_sample_id_74", "ds_169_sample_id_184", "ds_119_sample_id_194", "ds_57_sample_id_85", "ds_72_sample_id_214", "ds_160_sample_id_200", "ds_10_sample_id_86", "ds_133_sample_id_64", "ds_187_sample_id_78", "ds_21_sample_id_92", "ds_156_sample_id_111", "ds_168_sample_id_37", "ds_18_sample_id_192", "ds_21_sample_id_67", "ds_57_sample_id_205", "ds_22_sample_id_195", "ds_187_sample_id_71", "ds_33_sample_id_175", "ds_90_sample_id_213", "ds_72_sample_id_6", "ds_5_sample_id_20", "ds_12_sample_id_21", "ds_9_sample_id_107", "ds_80_sample_id_143", "ds_135_sample_id_28", "ds_155_sample_id_96", "ds_93_sample_id_99", "ds_1_sample_id_7", "ds_88_sample_id_52", "ds_196_sample_id_54", "ds_143_sample_id_97", "ds_43_sample_id_31", "ds_19_sample_id_165", "ds_57_sample_id_15", "ds_102_sample_id_217", "ds_87_sample_id_93", "ds_57_sample_id_59", "ds_177_sample_id_62", "ds_177_sample_id_189", "ds_110_sample_id_126", "ds_185_sample_id_173", "ds_164_sample_id_109", "ds_51_sample_id_167", "ds_177_sample_id_215", "ds_57_sample_id_68", "ds_34_sample_id_135", "ds_152_sample_id_138", "ds_139_sample_id_46", "ds_56_sample_id_101", "ds_66_sample_id_212", "ds_25_sample_id_70", "ds_194_sample_id_168", "ds_102_sample_id_193", "ds_183_sample_id_35", "ds_182_sample_id_112", "ds_76_sample_id_58", "ds_173_sample_id_154", "ds_161_sample_id_181", "ds_163_sample_id_23", "ds_90_sample_id_55", "ds_134_sample_id_103", "ds_130_sample_id_142"], "group_12": ["ds_53_sample_id_191", "ds_179_sample_id_199", "ds_140_sample_id_127", "ds_198_sample_id_116", "ds_68_sample_id_43", "ds_55_sample_id_115", "ds_110_sample_id_18", "ds_45_sample_id_94", "ds_56_sample_id_22", "ds_171_sample_id_74", "ds_169_sample_id_184", "ds_93_sample_id_19", "ds_44_sample_id_17", "ds_7_sample_id_188", "ds_176_sample_id_10", "ds_183_sample_id_170", "ds_143_sample_id_104", "ds_39_sample_id_30", "ds_14_sample_id_79", "ds_187_sample_id_78", "ds_147_sample_id_39", "ds_102_sample_id_102", "ds_156_sample_id_111", "ds_53_sample_id_198", "ds_18_sample_id_192", "ds_162_sample_id_108", "ds_21_sample_id_67", "ds_86_sample_id_89", "ds_180_sample_id_216", "ds_102_sample_id_49", "ds_22_sample_id_195", "ds_193_sample_id_3", "ds_33_sample_id_175", "ds_68_sample_id_65", "ds_76_sample_id_34", "ds_90_sample_id_213", "ds_45_sample_id_207", "ds_72_sample_id_6", "ds_5_sample_id_20", "ds_161_sample_id_114", "ds_181_sample_id_183", "ds_200_sample_id_225", "ds_155_sample_id_96", "ds_127_sample_id_73", "ds_88_sample_id_52", "ds_15_sample_id_12", "ds_58_sample_id_156", "ds_163_sample_id_100", "ds_51_sample_id_51", "ds_66_sample_id_134", "ds_143_sample_id_97", "ds_43_sample_id_31", "ds_39_sample_id_224", "ds_54_sample_id_182", "ds_172_sample_id_180", "ds_57_sample_id_15", "ds_124_sample_id_185", "ds_57_sample_id_59", "ds_196_sample_id_208", "ds_180_sample_id_186", "ds_95_sample_id_131", "ds_52_sample_id_26", "ds_5_sample_id_196", "ds_185_sample_id_173", "ds_125_sample_id_157", "ds_108_sample_id_2", "ds_51_sample_id_167", "ds_34_sample_id_135", "ds_96_sample_id_91", "ds_57_sample_id_84", "ds_149_sample_id_41", "ds_48_sample_id_25", "ds_120_sample_id_174", "ds_58_sample_id_197", "ds_200_sample_id_61", "ds_25_sample_id_70", "ds_186_sample_id_90", "ds_131_sample_id_144", "ds_72_sample_id_106", "ds_145_sample_id_139", "ds_102_sample_id_193", "ds_189_sample_id_206", "ds_86_sample_id_169", "ds_56_sample_id_148", "ds_60_sample_id_130", "ds_161_sample_id_181", "ds_120_sample_id_128", "ds_182_sample_id_24", "ds_57_sample_id_124", "ds_143_sample_id_14", "ds_30_sample_id_9", "ds_130_sample_id_142", "ds_23_sample_id_172"], "group_14": ["ds_53_sample_id_191", "ds_168_sample_id_80", "ds_55_sample_id_115", "ds_110_sample_id_18", "ds_56_sample_id_22", "ds_169_sample_id_184", "ds_107_sample_id_66", "ds_176_sample_id_10", "ds_37_sample_id_44", "ds_96_sample_id_83", "ds_183_sample_id_170", "ds_57_sample_id_85", "ds_89_sample_id_123", "ds_199_sample_id_1", "ds_187_sample_id_78", "ds_147_sample_id_39", "ds_4_sample_id_204", "ds_29_sample_id_118", "ds_162_sample_id_108", "ds_190_sample_id_187", "ds_135_sample_id_146", "ds_41_sample_id_137", "ds_17_sample_id_140", "ds_57_sample_id_205", "ds_33_sample_id_175", "ds_68_sample_id_65", "ds_83_sample_id_4", "ds_196_sample_id_48", "ds_72_sample_id_6", "ds_161_sample_id_114", "ds_12_sample_id_21", "ds_200_sample_id_225", "ds_135_sample_id_28", "ds_156_sample_id_163", "ds_93_sample_id_99", "ds_2_sample_id_33", "ds_163_sample_id_100", "ds_183_sample_id_77", "ds_66_sample_id_134", "ds_143_sample_id_97", "ds_132_sample_id_147", "ds_172_sample_id_180", "ds_19_sample_id_165", "ds_19_sample_id_63", "ds_87_sample_id_93", "ds_196_sample_id_208", "ds_95_sample_id_131", "ds_164_sample_id_119", "ds_5_sample_id_203", "ds_9_sample_id_221", "ds_140_sample_id_136", "ds_110_sample_id_126", "ds_5_sample_id_196", "ds_192_sample_id_161", "ds_51_sample_id_167", "ds_96_sample_id_91", "ds_44_sample_id_158", "ds_152_sample_id_138", "ds_181_sample_id_27", "ds_58_sample_id_197", "ds_25_sample_id_70", "ds_103_sample_id_13", "ds_194_sample_id_168", "ds_186_sample_id_90", "ds_101_sample_id_160", "ds_50_sample_id_110", "ds_131_sample_id_144", "ds_181_sample_id_88", "ds_72_sample_id_106", "ds_62_sample_id_176", "ds_102_sample_id_193", "ds_166_sample_id_42", "ds_161_sample_id_181", "ds_102_sample_id_38", "ds_140_sample_id_190", "ds_127_sample_id_45", "ds_90_sample_id_55", "ds_143_sample_id_14", "ds_115_sample_id_76", "ds_30_sample_id_9", "ds_23_sample_id_172"]}}