{"user_group_edges": {"group_5": ["user_513_sample_id_3", "user_148_sample_id_33", "user_388_sample_id_29", "user_79_sample_id_15", "user_400_sample_id_1", "user_592_sample_id_16", "user_285_sample_id_9", "user_132_sample_id_4", "user_722_sample_id_26", "user_46_sample_id_7"], "group_11": ["user_513_sample_id_3", "user_753_sample_id_6", "user_610_sample_id_30", "user_592_sample_id_16", "user_793_sample_id_18", "user_46_sample_id_7", "user_372_sample_id_25"], "group_19": ["user_513_sample_id_3", "user_475_sample_id_5", "user_606_sample_id_32", "user_722_sample_id_26"], "group_8": ["user_148_sample_id_33", "user_829_sample_id_39", "user_336_sample_id_13", "user_400_sample_id_1", "user_118_sample_id_8", "user_803_sample_id_2", "user_722_sample_id_26", "user_909_sample_id_35"], "group_13": ["user_148_sample_id_33", "user_684_sample_id_14", "user_400_sample_id_1", "user_610_sample_id_30", "user_358_sample_id_17", "user_793_sample_id_18", "user_463_sample_id_27"], "group_18": ["user_148_sample_id_33", "user_684_sample_id_14", "user_592_sample_id_16", "user_53_sample_id_20", "user_1001_sample_id_23", "user_372_sample_id_25", "user_909_sample_id_35"], "group_12": ["user_753_sample_id_6", "user_684_sample_id_14", "user_358_sample_id_17", "user_689_sample_id_24", "user_1001_sample_id_23"], "group_14": ["user_753_sample_id_6", "user_79_sample_id_15", "user_118_sample_id_8", "user_689_sample_id_24", "user_122_sample_id_37"], "group_0": ["user_829_sample_id_39", "user_40_sample_id_31", "user_497_sample_id_0", "user_689_sample_id_24", "user_132_sample_id_4", "user_46_sample_id_7", "user_372_sample_id_25"], "group_10": ["user_829_sample_id_39", "user_388_sample_id_29", "user_802_sample_id_19", "user_40_sample_id_31", "user_592_sample_id_16", "user_308_sample_id_12", "user_303_sample_id_21", "user_722_sample_id_26"], "group_4": ["user_684_sample_id_14", "user_336_sample_id_13", "user_471_sample_id_34", "user_132_sample_id_4", "user_463_sample_id_27", "user_122_sample_id_37", "user_909_sample_id_35"], "group_7": ["user_199_sample_id_10", "user_802_sample_id_19", "user_574_sample_id_36"], "group_17": ["user_199_sample_id_10", "user_40_sample_id_31", "user_400_sample_id_1", "user_358_sample_id_17", "user_285_sample_id_9", "user_471_sample_id_34"], "group_6": ["user_388_sample_id_29", "user_53_sample_id_20", "user_308_sample_id_12", "user_471_sample_id_34"], "group_9": ["user_388_sample_id_29", "user_802_sample_id_19", "user_899_sample_id_28", "user_308_sample_id_12", "user_46_sample_id_7"], "group_1": ["user_40_sample_id_31", "user_336_sample_id_13", "user_285_sample_id_9", "user_118_sample_id_8", "user_689_sample_id_24", "user_122_sample_id_37", "user_1001_sample_id_23", "user_799_sample_id_38", "user_722_sample_id_26"], "group_16": ["user_400_sample_id_1", "user_285_sample_id_9", "user_463_sample_id_27", "user_1001_sample_id_23", "user_799_sample_id_38", "user_574_sample_id_36", "user_372_sample_id_25"], "group_2": ["user_610_sample_id_30", "user_803_sample_id_2", "user_799_sample_id_38", "user_735_sample_id_22"], "group_3": ["user_793_sample_id_18", "user_899_sample_id_28", "user_118_sample_id_8", "user_303_sample_id_21", "user_909_sample_id_35"], "group_15": ["user_606_sample_id_32", "user_303_sample_id_21", "user_87_sample_id_11", "user_799_sample_id_38"]}, "group_data_store_edges": {"group_2": ["ds_170_sample_id_73", "ds_112_sample_id_29", "ds_256_sample_id_116", "ds_52_sample_id_51", "ds_283_sample_id_74", "ds_345_sample_id_50", "ds_70_sample_id_5", "ds_240_sample_id_13", "ds_190_sample_id_56", "ds_269_sample_id_114", "ds_234_sample_id_97", "ds_229_sample_id_47", "ds_25_sample_id_165", "ds_264_sample_id_148", "ds_158_sample_id_30", "ds_313_sample_id_82", "ds_266_sample_id_126", "ds_302_sample_id_90", "ds_56_sample_id_9", "ds_262_sample_id_161", "ds_92_sample_id_130", "ds_78_sample_id_63", "ds_20_sample_id_139", "ds_199_sample_id_135", "ds_388_sample_id_52", "ds_35_sample_id_58", "ds_155_sample_id_4", "ds_93_sample_id_33", "ds_143_sample_id_83", "ds_213_sample_id_34", "ds_348_sample_id_45", "ds_195_sample_id_26", "ds_100_sample_id_100", "ds_112_sample_id_3", "ds_242_sample_id_7", "ds_17_sample_id_80", "ds_257_sample_id_10", "ds_394_sample_id_109", "ds_83_sample_id_39", "ds_213_sample_id_21", "ds_190_sample_id_152", "ds_108_sample_id_105"], "group_12": ["ds_170_sample_id_73", "ds_249_sample_id_163", "ds_27_sample_id_170", "ds_222_sample_id_142", "ds_22_sample_id_37", "ds_52_sample_id_51", "ds_62_sample_id_138", "ds_41_sample_id_166", "ds_113_sample_id_98", "ds_264_sample_id_148", "ds_327_sample_id_112", "ds_313_sample_id_82", "ds_370_sample_id_121", "ds_262_sample_id_161", "ds_379_sample_id_87", "ds_243_sample_id_55", "ds_169_sample_id_155", "ds_166_sample_id_117", "ds_72_sample_id_88", "ds_20_sample_id_139", "ds_240_sample_id_144", "ds_199_sample_id_135", "ds_250_sample_id_132", "ds_213_sample_id_34", "ds_355_sample_id_84", "ds_394_sample_id_109", "ds_65_sample_id_66", "ds_243_sample_id_38", "ds_94_sample_id_99"], "group_13": ["ds_170_sample_id_73", "ds_265_sample_id_36", "ds_384_sample_id_8", "ds_287_sample_id_77", "ds_256_sample_id_116", "ds_8_sample_id_131", "ds_162_sample_id_103", "ds_366_sample_id_41", "ds_126_sample_id_15", "ds_229_sample_id_47", "ds_148_sample_id_169", "ds_158_sample_id_30", "ds_387_sample_id_108", "ds_266_sample_id_126", "ds_370_sample_id_121", "ds_56_sample_id_9", "ds_109_sample_id_107", "ds_366_sample_id_85", "ds_215_sample_id_57", "ds_78_sample_id_63", "ds_68_sample_id_158", "ds_82_sample_id_48", "ds_18_sample_id_91", "ds_226_sample_id_27", "ds_351_sample_id_25", "ds_284_sample_id_154", "ds_112_sample_id_3", "ds_257_sample_id_10", "ds_373_sample_id_143", "ds_305_sample_id_69", "ds_150_sample_id_54", "ds_386_sample_id_153"], "group_18": ["ds_170_sample_id_73", "ds_249_sample_id_163", "ds_287_sample_id_77", "ds_283_sample_id_74", "ds_70_sample_id_5", "ds_32_sample_id_44", "ds_228_sample_id_93", "ds_313_sample_id_82", "ds_266_sample_id_126", "ds_354_sample_id_115", "ds_56_sample_id_9", "ds_262_sample_id_161", "ds_166_sample_id_117", "ds_393_sample_id_104", "ds_93_sample_id_33", "ds_270_sample_id_75", "ds_205_sample_id_124", "ds_348_sample_id_45", "ds_352_sample_id_147", "ds_65_sample_id_66", "ds_124_sample_id_64", "ds_94_sample_id_99"], "group_3": ["ds_140_sample_id_0", "ds_265_sample_id_36", "ds_183_sample_id_53", "ds_256_sample_id_116", "ds_288_sample_id_65", "ds_8_sample_id_131", "ds_107_sample_id_129", "ds_283_sample_id_74", "ds_345_sample_id_50", "ds_136_sample_id_2", "ds_148_sample_id_169", "ds_355_sample_id_43", "ds_241_sample_id_59", "ds_166_sample_id_23", "ds_52_sample_id_11", "ds_258_sample_id_123", "ds_252_sample_id_140", "ds_318_sample_id_89", "ds_352_sample_id_96", "ds_388_sample_id_52", "ds_113_sample_id_133", "ds_82_sample_id_48", "ds_18_sample_id_91", "ds_270_sample_id_75", "ds_205_sample_id_124", "ds_348_sample_id_45", "ds_143_sample_id_72", "ds_242_sample_id_7", "ds_17_sample_id_80", "ds_394_sample_id_109", "ds_29_sample_id_150", "ds_143_sample_id_157", "ds_17_sample_id_60", "ds_190_sample_id_152", "ds_374_sample_id_92"], "group_4": ["ds_140_sample_id_0", "ds_384_sample_id_8", "ds_183_sample_id_53", "ds_112_sample_id_29", "ds_222_sample_id_142", "ds_288_sample_id_65", "ds_22_sample_id_37", "ds_62_sample_id_138", "ds_256_sample_id_76", "ds_266_sample_id_134", "ds_190_sample_id_56", "ds_269_sample_id_114", "ds_234_sample_id_97", "ds_267_sample_id_22", "ds_90_sample_id_16", "ds_56_sample_id_9", "ds_318_sample_id_89", "ds_237_sample_id_151", "ds_296_sample_id_20", "ds_240_sample_id_144", "ds_388_sample_id_52", "ds_155_sample_id_4", "ds_221_sample_id_162", "ds_68_sample_id_158", "ds_270_sample_id_75", "ds_205_sample_id_124", "ds_195_sample_id_26", "ds_213_sample_id_21", "ds_29_sample_id_150", "ds_373_sample_id_143", "ds_94_sample_id_99", "ds_150_sample_id_54", "ds_386_sample_id_153"], "group_7": ["ds_140_sample_id_0", "ds_345_sample_id_12", "ds_249_sample_id_163", "ds_183_sample_id_53", "ds_112_sample_id_29", "ds_288_sample_id_65", "ds_73_sample_id_171", "ds_71_sample_id_31", "ds_256_sample_id_76", "ds_266_sample_id_134", "ds_234_sample_id_97", "ds_302_sample_id_90", "ds_56_sample_id_9", "ds_318_sample_id_89", "ds_300_sample_id_17", "ds_379_sample_id_87", "ds_345_sample_id_94", "ds_296_sample_id_20", "ds_169_sample_id_155", "ds_2_sample_id_86", "ds_240_sample_id_144", "ds_93_sample_id_33", "ds_143_sample_id_83", "ds_191_sample_id_159", "ds_82_sample_id_48", "ds_250_sample_id_132", "ds_125_sample_id_67", "ds_226_sample_id_27", "ds_32_sample_id_6", "ds_339_sample_id_42", "ds_319_sample_id_141", "ds_143_sample_id_157", "ds_17_sample_id_60", "ds_223_sample_id_119", "ds_202_sample_id_168", "ds_76_sample_id_24"], "group_9": ["ds_140_sample_id_0", "ds_345_sample_id_12", "ds_201_sample_id_146", "ds_112_sample_id_29", "ds_132_sample_id_113", "ds_62_sample_id_138", "ds_107_sample_id_129", "ds_341_sample_id_128", "ds_162_sample_id_103", "ds_171_sample_id_81", "ds_229_sample_id_47", "ds_215_sample_id_160", "ds_227_sample_id_125", "ds_49_sample_id_164", "ds_370_sample_id_121", "ds_262_sample_id_161", "ds_296_sample_id_20", "ds_92_sample_id_130", "ds_2_sample_id_86", "ds_240_sample_id_144", "ds_199_sample_id_135", "ds_68_sample_id_158", "ds_213_sample_id_34", "ds_18_sample_id_91", "ds_348_sample_id_45", "ds_112_sample_id_3", "ds_305_sample_id_32", "ds_386_sample_id_120", "ds_125_sample_id_1", "ds_76_sample_id_24", "ds_87_sample_id_122", "ds_289_sample_id_62"], "group_17": ["ds_265_sample_id_36", "ds_250_sample_id_167", "ds_288_sample_id_65", "ds_73_sample_id_171", "ds_52_sample_id_51", "ds_341_sample_id_128", "ds_345_sample_id_50", "ds_171_sample_id_81", "ds_229_sample_id_47", "ds_343_sample_id_95", "ds_197_sample_id_46", "ds_370_sample_id_121", "ds_109_sample_id_107", "ds_243_sample_id_55", "ds_217_sample_id_127", "ds_352_sample_id_96", "ds_20_sample_id_139", "ds_35_sample_id_58", "ds_285_sample_id_145", "ds_97_sample_id_14", "ds_68_sample_id_158", "ds_226_sample_id_27", "ds_37_sample_id_49", "ds_32_sample_id_6", "ds_100_sample_id_100", "ds_355_sample_id_84", "ds_143_sample_id_72", "ds_257_sample_id_10", "ds_124_sample_id_64", "ds_223_sample_id_119", "ds_166_sample_id_71", "ds_150_sample_id_54", "ds_386_sample_id_153"], "group_8": ["ds_384_sample_id_8", "ds_112_sample_id_29", "ds_316_sample_id_106", "ds_71_sample_id_31", "ds_113_sample_id_98", "ds_266_sample_id_134", "ds_234_sample_id_97", "ds_228_sample_id_93", "ds_343_sample_id_95", "ds_25_sample_id_165", "ds_252_sample_id_140", "ds_49_sample_id_164", "ds_395_sample_id_156", "ds_370_sample_id_121", "ds_366_sample_id_85", "ds_153_sample_id_18", "ds_169_sample_id_155", "ds_2_sample_id_86", "ds_97_sample_id_14", "ds_371_sample_id_28", "ds_191_sample_id_159", "ds_32_sample_id_6", "ds_319_sample_id_141", "ds_242_sample_id_7", "ds_352_sample_id_147", "ds_394_sample_id_109", "ds_213_sample_id_21", "ds_87_sample_id_122", "ds_363_sample_id_111"], "group_0": ["ds_345_sample_id_12", "ds_201_sample_id_146", "ds_14_sample_id_40", "ds_222_sample_id_142", "ds_316_sample_id_106", "ds_341_sample_id_128", "ds_256_sample_id_76", "ds_136_sample_id_2", "ds_171_sample_id_81", "ds_190_sample_id_56", "ds_228_sample_id_93", "ds_166_sample_id_23", "ds_52_sample_id_11", "ds_227_sample_id_125", "ds_90_sample_id_16", "ds_252_sample_id_140", "ds_354_sample_id_115", "ds_74_sample_id_61", "ds_379_sample_id_87", "ds_217_sample_id_127", "ds_92_sample_id_130", "ds_116_sample_id_110", "ds_166_sample_id_117", "ds_72_sample_id_88", "ds_247_sample_id_149", "ds_285_sample_id_145", "ds_191_sample_id_159", "ds_68_sample_id_158", "ds_82_sample_id_48", "ds_250_sample_id_132", "ds_284_sample_id_154", "ds_305_sample_id_32", "ds_242_sample_id_7", "ds_17_sample_id_80", "ds_65_sample_id_66", "ds_213_sample_id_21", "ds_124_sample_id_64", "ds_255_sample_id_35", "ds_223_sample_id_119", "ds_361_sample_id_79"], "group_6": ["ds_345_sample_id_12", "ds_195_sample_id_19", "ds_250_sample_id_167", "ds_222_sample_id_142", "ds_345_sample_id_50", "ds_240_sample_id_13", "ds_234_sample_id_97", "ds_126_sample_id_15", "ds_229_sample_id_47", "ds_32_sample_id_44", "ds_355_sample_id_43", "ds_197_sample_id_46", "ds_215_sample_id_160", "ds_81_sample_id_136", "ds_345_sample_id_94", "ds_20_sample_id_139", "ds_82_sample_id_48", "ds_270_sample_id_75", "ds_100_sample_id_100", "ds_143_sample_id_72", "ds_112_sample_id_3", "ds_305_sample_id_32", "ds_386_sample_id_120", "ds_255_sample_id_35", "ds_166_sample_id_71", "ds_305_sample_id_69", "ds_108_sample_id_105"], "group_11": ["ds_195_sample_id_19", "ds_14_sample_id_40", "ds_132_sample_id_113", "ds_338_sample_id_68", "ds_73_sample_id_171", "ds_366_sample_id_41", "ds_227_sample_id_125", "ds_258_sample_id_123", "ds_81_sample_id_136", "ds_217_sample_id_127", "ds_285_sample_id_145", "ds_37_sample_id_49", "ds_351_sample_id_25", "ds_348_sample_id_45", "ds_355_sample_id_84", "ds_386_sample_id_120", "ds_243_sample_id_38", "ds_143_sample_id_157", "ds_223_sample_id_119"], "group_14": ["ds_195_sample_id_19", "ds_27_sample_id_170", "ds_88_sample_id_102", "ds_338_sample_id_68", "ds_316_sample_id_106", "ds_100_sample_id_137", "ds_62_sample_id_138", "ds_107_sample_id_129", "ds_341_sample_id_128", "ds_345_sample_id_50", "ds_171_sample_id_81", "ds_197_sample_id_46", "ds_158_sample_id_30", "ds_215_sample_id_160", "ds_258_sample_id_123", "ds_49_sample_id_164", "ds_300_sample_id_17", "ds_153_sample_id_18", "ds_215_sample_id_57", "ds_351_sample_id_101", "ds_116_sample_id_110", "ds_166_sample_id_117", "ds_72_sample_id_88", "ds_240_sample_id_144", "ds_247_sample_id_149", "ds_388_sample_id_52", "ds_339_sample_id_42", "ds_319_sample_id_141", "ds_112_sample_id_3", "ds_83_sample_id_39", "ds_29_sample_id_150", "ds_135_sample_id_78", "ds_166_sample_id_71", "ds_305_sample_id_69", "ds_76_sample_id_24", "ds_108_sample_id_105", "ds_289_sample_id_62", "ds_361_sample_id_79"], "group_19": ["ds_195_sample_id_19", "ds_27_sample_id_170", "ds_24_sample_id_118", "ds_256_sample_id_116", "ds_8_sample_id_131", "ds_22_sample_id_37", "ds_113_sample_id_98", "ds_283_sample_id_74", "ds_256_sample_id_76", "ds_162_sample_id_103", "ds_266_sample_id_134", "ds_240_sample_id_13", "ds_190_sample_id_56", "ds_269_sample_id_114", "ds_126_sample_id_15", "ds_32_sample_id_44", "ds_355_sample_id_43", "ds_387_sample_id_108", "ds_243_sample_id_55", "ds_153_sample_id_18", "ds_345_sample_id_94", "ds_215_sample_id_57", "ds_2_sample_id_86", "ds_35_sample_id_58", "ds_393_sample_id_104", "ds_285_sample_id_145", "ds_97_sample_id_14", "ds_371_sample_id_28", "ds_68_sample_id_158", "ds_125_sample_id_67", "ds_226_sample_id_27", "ds_270_sample_id_75", "ds_339_sample_id_42", "ds_100_sample_id_100", "ds_284_sample_id_154", "ds_112_sample_id_3", "ds_305_sample_id_32", "ds_257_sample_id_10", "ds_29_sample_id_150", "ds_17_sample_id_60", "ds_223_sample_id_119", "ds_202_sample_id_168", "ds_108_sample_id_105"], "group_1": ["ds_249_sample_id_163", "ds_24_sample_id_118", "ds_73_sample_id_171", "ds_240_sample_id_13", "ds_343_sample_id_95", "ds_166_sample_id_23", "ds_215_sample_id_160", "ds_387_sample_id_108", "ds_92_sample_id_130", "ds_371_sample_id_28", "ds_29_sample_id_150", "ds_373_sample_id_143", "ds_190_sample_id_152", "ds_108_sample_id_105", "ds_363_sample_id_111"], "group_15": ["ds_201_sample_id_146", "ds_14_sample_id_40", "ds_8_sample_id_131", "ds_71_sample_id_31", "ds_100_sample_id_137", "ds_22_sample_id_37", "ds_283_sample_id_74", "ds_345_sample_id_50", "ds_171_sample_id_81", "ds_269_sample_id_114", "ds_234_sample_id_97", "ds_228_sample_id_93", "ds_343_sample_id_95", "ds_25_sample_id_165", "ds_215_sample_id_160", "ds_52_sample_id_11", "ds_267_sample_id_22", "ds_313_sample_id_82", "ds_258_sample_id_123", "ds_252_sample_id_140", "ds_395_sample_id_156", "ds_81_sample_id_136", "ds_109_sample_id_107", "ds_379_sample_id_87", "ds_237_sample_id_151", "ds_296_sample_id_20", "ds_92_sample_id_130", "ds_240_sample_id_144", "ds_199_sample_id_135", "ds_93_sample_id_33", "ds_143_sample_id_83", "ds_226_sample_id_27", "ds_205_sample_id_124", "ds_32_sample_id_6", "ds_143_sample_id_72", "ds_352_sample_id_147", "ds_125_sample_id_1", "ds_65_sample_id_66", "ds_213_sample_id_21", "ds_29_sample_id_150", "ds_17_sample_id_60", "ds_135_sample_id_78", "ds_76_sample_id_24", "ds_374_sample_id_92"], "group_16": ["ds_88_sample_id_102", "ds_132_sample_id_113", "ds_41_sample_id_166", "ds_113_sample_id_98", "ds_107_sample_id_129", "ds_162_sample_id_103", "ds_136_sample_id_2", "ds_126_sample_id_15", "ds_228_sample_id_93", "ds_25_sample_id_165", "ds_227_sample_id_125", "ds_81_sample_id_136", "ds_345_sample_id_94", "ds_92_sample_id_130", "ds_143_sample_id_83", "ds_125_sample_id_67", "ds_351_sample_id_25", "ds_125_sample_id_1", "ds_257_sample_id_10", "ds_124_sample_id_64", "ds_243_sample_id_38", "ds_17_sample_id_60", "ds_108_sample_id_105"], "group_10": ["ds_24_sample_id_118", "ds_71_sample_id_31", "ds_343_sample_id_95", "ds_241_sample_id_59", "ds_395_sample_id_156", "ds_74_sample_id_61", "ds_366_sample_id_70", "ds_78_sample_id_63", "ds_35_sample_id_58", "ds_221_sample_id_162", "ds_371_sample_id_28", "ds_135_sample_id_78", "ds_87_sample_id_122", "ds_289_sample_id_62"], "group_5": ["ds_316_sample_id_106", "ds_22_sample_id_37", "ds_148_sample_id_169", "ds_327_sample_id_112", "ds_267_sample_id_22", "ds_90_sample_id_16", "ds_49_sample_id_164", "ds_395_sample_id_156", "ds_74_sample_id_61", "ds_153_sample_id_18", "ds_78_sample_id_63", "ds_116_sample_id_110", "ds_393_sample_id_104", "ds_97_sample_id_14", "ds_113_sample_id_133", "ds_143_sample_id_83", "ds_125_sample_id_67", "ds_352_sample_id_147", "ds_386_sample_id_120", "ds_374_sample_id_92", "ds_363_sample_id_111"]}}