{"user_group_edges": {"group_6": ["user_23_sample_id_42", "user_43_sample_id_34", "user_125_sample_id_40", "user_126_sample_id_72", "user_200_sample_id_6", "user_125_sample_id_0", "user_176_sample_id_4", "user_175_sample_id_38", "user_67_sample_id_23", "user_151_sample_id_12", "user_14_sample_id_11", "user_129_sample_id_45", "user_9_sample_id_73", "user_23_sample_id_58"], "group_12": ["user_23_sample_id_42", "user_132_sample_id_49", "user_200_sample_id_6", "user_77_sample_id_47", "user_113_sample_id_31", "user_107_sample_id_43", "user_94_sample_id_61", "user_46_sample_id_39", "user_14_sample_id_55", "user_129_sample_id_45", "user_131_sample_id_57", "user_187_sample_id_22", "user_140_sample_id_65"], "group_18": ["user_23_sample_id_42", "user_126_sample_id_72", "user_9_sample_id_19", "user_44_sample_id_64", "user_175_sample_id_38", "user_70_sample_id_26", "user_179_sample_id_14", "user_108_sample_id_35", "user_132_sample_id_2", "user_86_sample_id_8", "user_80_sample_id_25"], "group_0": ["user_31_sample_id_10", "user_9_sample_id_59", "user_126_sample_id_72", "user_125_sample_id_0", "user_182_sample_id_17", "user_172_sample_id_18", "user_46_sample_id_24", "user_70_sample_id_26", "user_52_sample_id_52", "user_172_sample_id_48", "user_23_sample_id_56", "user_4_sample_id_71", "user_9_sample_id_73", "user_17_sample_id_27"], "group_2": ["user_31_sample_id_10", "user_140_sample_id_7", "user_77_sample_id_47", "user_176_sample_id_4", "user_44_sample_id_64", "user_178_sample_id_63", "user_100_sample_id_67", "user_198_sample_id_37", "user_52_sample_id_52", "user_129_sample_id_45", "user_23_sample_id_56", "user_99_sample_id_3", "user_132_sample_id_2", "user_86_sample_id_8", "user_80_sample_id_25", "user_34_sample_id_69"], "group_4": ["user_31_sample_id_10", "user_43_sample_id_34", "user_140_sample_id_7", "user_132_sample_id_49", "user_85_sample_id_36", "user_113_sample_id_31", "user_106_sample_id_41", "user_46_sample_id_39", "user_172_sample_id_18", "user_100_sample_id_67", "user_19_sample_id_13", "user_14_sample_id_11", "user_9_sample_id_73", "user_99_sample_id_3", "user_17_sample_id_27", "user_80_sample_id_46", "user_63_sample_id_68"], "group_17": ["user_31_sample_id_10", "user_124_sample_id_70", "user_179_sample_id_50", "user_9_sample_id_59", "user_200_sample_id_6", "user_77_sample_id_47", "user_9_sample_id_19", "user_67_sample_id_23", "user_70_sample_id_26", "user_198_sample_id_37", "user_19_sample_id_13", "user_39_sample_id_28", "user_172_sample_id_48", "user_132_sample_id_20", "user_4_sample_id_71", "user_9_sample_id_73", "user_47_sample_id_33", "user_23_sample_id_58"], "group_7": ["user_43_sample_id_34", "user_83_sample_id_29", "user_124_sample_id_70", "user_149_sample_id_66", "user_125_sample_id_40", "user_85_sample_id_36", "user_94_sample_id_61", "user_47_sample_id_21", "user_46_sample_id_39", "user_67_sample_id_23", "user_46_sample_id_24", "user_151_sample_id_12", "user_39_sample_id_28", "user_4_sample_id_71", "user_34_sample_id_69", "user_47_sample_id_33"], "group_8": ["user_43_sample_id_34", "user_38_sample_id_30", "user_152_sample_id_32", "user_179_sample_id_50", "user_9_sample_id_59", "user_126_sample_id_72", "user_132_sample_id_49", "user_67_sample_id_23", "user_151_sample_id_12", "user_178_sample_id_63", "user_9_sample_id_73", "user_108_sample_id_35", "user_48_sample_id_44", "user_86_sample_id_8", "user_47_sample_id_33"], "group_10": ["user_43_sample_id_34", "user_149_sample_id_66", "user_140_sample_id_7", "user_125_sample_id_0", "user_107_sample_id_43", "user_94_sample_id_61", "user_47_sample_id_21", "user_175_sample_id_38", "user_33_sample_id_9", "user_67_sample_id_23", "user_46_sample_id_60", "user_115_sample_id_53", "user_39_sample_id_28", "user_129_sample_id_45", "user_80_sample_id_25"], "group_3": ["user_83_sample_id_29", "user_29_sample_id_54", "user_152_sample_id_32", "user_77_sample_id_47", "user_113_sample_id_31", "user_107_sample_id_43", "user_182_sample_id_17", "user_46_sample_id_24", "user_115_sample_id_53", "user_198_sample_id_37", "user_39_sample_id_28", "user_172_sample_id_48", "user_113_sample_id_62", "user_99_sample_id_3", "user_80_sample_id_46", "user_132_sample_id_2", "user_80_sample_id_25"], "group_16": ["user_83_sample_id_29", "user_29_sample_id_54", "user_179_sample_id_50", "user_126_sample_id_72", "user_135_sample_id_1", "user_200_sample_id_6", "user_106_sample_id_41", "user_33_sample_id_5", "user_46_sample_id_60", "user_198_sample_id_37", "user_23_sample_id_56", "user_131_sample_id_57", "user_86_sample_id_8"], "group_13": ["user_124_sample_id_70", "user_149_sample_id_66", "user_29_sample_id_54", "user_125_sample_id_40", "user_140_sample_id_7", "user_135_sample_id_1", "user_9_sample_id_19", "user_172_sample_id_18", "user_46_sample_id_24", "user_178_sample_id_63", "user_14_sample_id_55", "user_113_sample_id_62", "user_48_sample_id_44", "user_80_sample_id_25", "user_47_sample_id_33"], "group_1": ["user_149_sample_id_66", "user_113_sample_id_31", "user_44_sample_id_64", "user_175_sample_id_38", "user_46_sample_id_39", "user_182_sample_id_17", "user_33_sample_id_5", "user_151_sample_id_12", "user_132_sample_id_20", "user_55_sample_id_15", "user_129_sample_id_45", "user_113_sample_id_62", "user_17_sample_id_27"], "group_11": ["user_149_sample_id_66", "user_179_sample_id_50", "user_183_sample_id_16", "user_182_sample_id_17", "user_151_sample_id_12", "user_100_sample_id_67", "user_115_sample_id_53", "user_19_sample_id_13", "user_57_sample_id_51", "user_17_sample_id_27", "user_187_sample_id_22", "user_63_sample_id_68", "user_140_sample_id_65"], "group_5": ["user_38_sample_id_30", "user_29_sample_id_54", "user_77_sample_id_47", "user_183_sample_id_16", "user_47_sample_id_21", "user_33_sample_id_9", "user_46_sample_id_24", "user_33_sample_id_5", "user_55_sample_id_15", "user_14_sample_id_11", "user_131_sample_id_57", "user_99_sample_id_3", "user_80_sample_id_46", "user_48_sample_id_44", "user_140_sample_id_65", "user_23_sample_id_58"], "group_14": ["user_38_sample_id_30", "user_135_sample_id_1", "user_113_sample_id_31", "user_183_sample_id_16", "user_106_sample_id_41", "user_33_sample_id_9", "user_172_sample_id_18", "user_115_sample_id_53", "user_39_sample_id_28", "user_52_sample_id_52", "user_23_sample_id_56", "user_179_sample_id_14", "user_187_sample_id_22", "user_63_sample_id_68", "user_34_sample_id_69"], "group_15": ["user_125_sample_id_40", "user_179_sample_id_50", "user_140_sample_id_7", "user_132_sample_id_49", "user_85_sample_id_36", "user_77_sample_id_47", "user_46_sample_id_39", "user_33_sample_id_9", "user_70_sample_id_26", "user_132_sample_id_20", "user_57_sample_id_51", "user_4_sample_id_71", "user_17_sample_id_27", "user_108_sample_id_35", "user_132_sample_id_2", "user_140_sample_id_65"], "group_19": ["user_152_sample_id_32", "user_183_sample_id_16", "user_107_sample_id_43", "user_94_sample_id_61", "user_47_sample_id_21", "user_100_sample_id_67", "user_172_sample_id_48", "user_55_sample_id_15", "user_57_sample_id_51", "user_113_sample_id_62", "user_9_sample_id_73", "user_108_sample_id_35", "user_80_sample_id_46"], "group_9": ["user_135_sample_id_1", "user_176_sample_id_4", "user_46_sample_id_24", "user_46_sample_id_60", "user_19_sample_id_13", "user_132_sample_id_20", "user_57_sample_id_51", "user_14_sample_id_11", "user_131_sample_id_57", "user_34_sample_id_69"]}, "group_data_store_edges": {"group_2": ["ds_53_sample_id_23", "ds_36_sample_id_8", "ds_52_sample_id_36", "ds_78_sample_id_55", "ds_24_sample_id_5", "ds_88_sample_id_9", "ds_99_sample_id_42", "ds_90_sample_id_57", "ds_7_sample_id_45", "ds_47_sample_id_58", "ds_76_sample_id_93", "ds_92_sample_id_90", "ds_2_sample_id_89", "ds_88_sample_id_81", "ds_24_sample_id_80", "ds_5_sample_id_33", "ds_20_sample_id_34", "ds_17_sample_id_11", "ds_41_sample_id_64", "ds_73_sample_id_46", "ds_42_sample_id_3"], "group_3": ["ds_53_sample_id_23", "ds_13_sample_id_51", "ds_90_sample_id_41", "ds_10_sample_id_31", "ds_103_sample_id_18", "ds_11_sample_id_73", "ds_90_sample_id_57", "ds_97_sample_id_21", "ds_93_sample_id_10", "ds_61_sample_id_60", "ds_43_sample_id_2", "ds_83_sample_id_74", "ds_88_sample_id_81", "ds_17_sample_id_72", "ds_58_sample_id_71", "ds_2_sample_id_70", "ds_41_sample_id_64", "ds_64_sample_id_24", "ds_31_sample_id_96"], "group_10": ["ds_53_sample_id_23", "ds_36_sample_id_8", "ds_71_sample_id_47", "ds_14_sample_id_49", "ds_39_sample_id_35", "ds_22_sample_id_53", "ds_78_sample_id_55", "ds_100_sample_id_16", "ds_65_sample_id_39", "ds_19_sample_id_30", "ds_18_sample_id_12", "ds_78_sample_id_52", "ds_88_sample_id_81", "ds_36_sample_id_78", "ds_92_sample_id_50", "ds_14_sample_id_56", "ds_20_sample_id_34", "ds_17_sample_id_11", "ds_73_sample_id_46", "ds_50_sample_id_29", "ds_64_sample_id_76"], "group_11": ["ds_53_sample_id_23", "ds_13_sample_id_51", "ds_22_sample_id_53", "ds_29_sample_id_27", "ds_90_sample_id_41", "ds_82_sample_id_14", "ds_89_sample_id_65", "ds_24_sample_id_5", "ds_103_sample_id_69", "ds_37_sample_id_25", "ds_99_sample_id_42", "ds_43_sample_id_2", "ds_11_sample_id_37", "ds_32_sample_id_15", "ds_99_sample_id_40", "ds_36_sample_id_78", "ds_5_sample_id_33", "ds_98_sample_id_63", "ds_42_sample_id_3", "ds_35_sample_id_20"], "group_13": ["ds_53_sample_id_23", "ds_52_sample_id_36", "ds_82_sample_id_14", "ds_89_sample_id_65", "ds_86_sample_id_88", "ds_103_sample_id_69", "ds_60_sample_id_44", "ds_27_sample_id_22", "ds_13_sample_id_85", "ds_90_sample_id_57", "ds_80_sample_id_17", "ds_7_sample_id_45", "ds_83_sample_id_38", "ds_63_sample_id_75", "ds_24_sample_id_80", "ds_5_sample_id_33", "ds_58_sample_id_71", "ds_17_sample_id_11", "ds_41_sample_id_64", "ds_67_sample_id_6", "ds_50_sample_id_29", "ds_64_sample_id_24"], "group_16": ["ds_53_sample_id_23", "ds_71_sample_id_47", "ds_52_sample_id_36", "ds_89_sample_id_65", "ds_10_sample_id_31", "ds_37_sample_id_25", "ds_60_sample_id_44", "ds_85_sample_id_92", "ds_99_sample_id_32", "ds_13_sample_id_85", "ds_103_sample_id_18", "ds_11_sample_id_73", "ds_65_sample_id_39", "ds_90_sample_id_57", "ds_93_sample_id_10", "ds_96_sample_id_13", "ds_7_sample_id_45", "ds_11_sample_id_37", "ds_32_sample_id_15", "ds_47_sample_id_58", "ds_92_sample_id_90", "ds_71_sample_id_79", "ds_88_sample_id_81", "ds_92_sample_id_50", "ds_17_sample_id_72", "ds_17_sample_id_11", "ds_50_sample_id_29", "ds_42_sample_id_3", "ds_31_sample_id_96"], "group_6": ["ds_36_sample_id_8", "ds_14_sample_id_49", "ds_82_sample_id_86", "ds_78_sample_id_55", "ds_86_sample_id_88", "ds_85_sample_id_92", "ds_99_sample_id_32", "ds_51_sample_id_28", "ds_68_sample_id_77", "ds_97_sample_id_21", "ds_93_sample_id_10", "ds_61_sample_id_60", "ds_7_sample_id_45", "ds_78_sample_id_52", "ds_69_sample_id_61", "ds_67_sample_id_6", "ds_42_sample_id_3"], "group_7": ["ds_36_sample_id_8", "ds_14_sample_id_49", "ds_90_sample_id_41", "ds_64_sample_id_94", "ds_27_sample_id_22", "ds_38_sample_id_84", "ds_30_sample_id_26", "ds_64_sample_id_82", "ds_2_sample_id_4", "ds_13_sample_id_85", "ds_103_sample_id_18", "ds_74_sample_id_83", "ds_54_sample_id_43", "ds_94_sample_id_66", "ds_18_sample_id_12", "ds_2_sample_id_89", "ds_78_sample_id_52", "ds_14_sample_id_56", "ds_67_sample_id_6", "ds_31_sample_id_96", "ds_64_sample_id_76", "ds_42_sample_id_48"], "group_17": ["ds_36_sample_id_8", "ds_13_sample_id_51", "ds_39_sample_id_35", "ds_52_sample_id_7", "ds_22_sample_id_53", "ds_52_sample_id_36", "ds_10_sample_id_31", "ds_24_sample_id_5", "ds_86_sample_id_88", "ds_54_sample_id_1", "ds_55_sample_id_19", "ds_37_sample_id_25", "ds_60_sample_id_44", "ds_27_sample_id_22", "ds_100_sample_id_16", "ds_54_sample_id_43", "ds_96_sample_id_13", "ds_43_sample_id_2", "ds_94_sample_id_66", "ds_83_sample_id_74", "ds_24_sample_id_80", "ds_16_sample_id_87", "ds_17_sample_id_11", "ds_98_sample_id_63", "ds_35_sample_id_20", "ds_31_sample_id_96", "ds_64_sample_id_76"], "group_18": ["ds_36_sample_id_8", "ds_22_sample_id_53", "ds_82_sample_id_86", "ds_78_sample_id_55", "ds_89_sample_id_65", "ds_55_sample_id_19", "ds_38_sample_id_84", "ds_99_sample_id_42", "ds_19_sample_id_59", "ds_100_sample_id_16", "ds_90_sample_id_57", "ds_97_sample_id_21", "ds_92_sample_id_62", "ds_18_sample_id_12", "ds_47_sample_id_58", "ds_76_sample_id_93", "ds_71_sample_id_79", "ds_29_sample_id_0", "ds_88_sample_id_81", "ds_92_sample_id_50", "ds_5_sample_id_33", "ds_14_sample_id_56", "ds_17_sample_id_72", "ds_98_sample_id_95", "ds_76_sample_id_67", "ds_17_sample_id_11", "ds_64_sample_id_24", "ds_98_sample_id_63", "ds_42_sample_id_3", "ds_35_sample_id_20", "ds_42_sample_id_48"], "group_19": ["ds_36_sample_id_8", "ds_13_sample_id_51", "ds_29_sample_id_27", "ds_86_sample_id_88", "ds_64_sample_id_94", "ds_20_sample_id_54", "ds_37_sample_id_25", "ds_27_sample_id_22", "ds_99_sample_id_32", "ds_51_sample_id_28", "ds_88_sample_id_9", "ds_103_sample_id_18", "ds_99_sample_id_42", "ds_74_sample_id_83", "ds_94_sample_id_66", "ds_0_sample_id_91", "ds_83_sample_id_74", "ds_83_sample_id_38", "ds_11_sample_id_37", "ds_71_sample_id_79", "ds_29_sample_id_0", "ds_88_sample_id_81", "ds_36_sample_id_78", "ds_24_sample_id_80", "ds_16_sample_id_87", "ds_41_sample_id_64", "ds_31_sample_id_68", "ds_50_sample_id_29", "ds_31_sample_id_96"], "group_12": ["ds_71_sample_id_47", "ds_39_sample_id_35", "ds_90_sample_id_41", "ds_82_sample_id_14", "ds_10_sample_id_31", "ds_86_sample_id_88", "ds_54_sample_id_1", "ds_85_sample_id_92", "ds_88_sample_id_9", "ds_11_sample_id_73", "ds_19_sample_id_59", "ds_100_sample_id_16", "ds_65_sample_id_39", "ds_97_sample_id_21", "ds_74_sample_id_83", "ds_54_sample_id_43", "ds_47_sample_id_58", "ds_20_sample_id_34", "ds_58_sample_id_71", "ds_31_sample_id_68", "ds_67_sample_id_6", "ds_64_sample_id_24", "ds_42_sample_id_48"], "group_1": ["ds_14_sample_id_49", "ds_39_sample_id_35", "ds_52_sample_id_7", "ds_82_sample_id_86", "ds_29_sample_id_27", "ds_82_sample_id_14", "ds_55_sample_id_19", "ds_103_sample_id_69", "ds_38_sample_id_84", "ds_85_sample_id_92", "ds_99_sample_id_32", "ds_64_sample_id_82", "ds_97_sample_id_21", "ds_92_sample_id_62", "ds_61_sample_id_60", "ds_18_sample_id_12", "ds_83_sample_id_38", "ds_11_sample_id_37", "ds_78_sample_id_52", "ds_88_sample_id_81", "ds_24_sample_id_80", "ds_69_sample_id_61", "ds_76_sample_id_67", "ds_20_sample_id_34", "ds_58_sample_id_71", "ds_41_sample_id_64", "ds_64_sample_id_24", "ds_98_sample_id_63"], "group_14": ["ds_14_sample_id_49", "ds_82_sample_id_86", "ds_90_sample_id_41", "ds_64_sample_id_94", "ds_20_sample_id_54", "ds_51_sample_id_28", "ds_11_sample_id_73", "ds_92_sample_id_62", "ds_96_sample_id_13", "ds_43_sample_id_2", "ds_47_sample_id_58", "ds_92_sample_id_90", "ds_63_sample_id_75", "ds_71_sample_id_79", "ds_29_sample_id_0", "ds_99_sample_id_40", "ds_36_sample_id_78", "ds_92_sample_id_50", "ds_14_sample_id_56", "ds_17_sample_id_72", "ds_76_sample_id_67", "ds_31_sample_id_68", "ds_50_sample_id_29", "ds_42_sample_id_3", "ds_64_sample_id_76"], "group_5": ["ds_13_sample_id_51", "ds_29_sample_id_27", "ds_90_sample_id_41", "ds_82_sample_id_14", "ds_89_sample_id_65", "ds_24_sample_id_5", "ds_55_sample_id_19", "ds_85_sample_id_92", "ds_30_sample_id_26", "ds_51_sample_id_28", "ds_92_sample_id_62", "ds_93_sample_id_10", "ds_83_sample_id_38", "ds_11_sample_id_37", "ds_76_sample_id_93", "ds_29_sample_id_0", "ds_36_sample_id_78", "ds_16_sample_id_87", "ds_69_sample_id_61", "ds_98_sample_id_95", "ds_58_sample_id_71", "ds_50_sample_id_29", "ds_35_sample_id_20", "ds_42_sample_id_48"], "group_8": ["ds_13_sample_id_51", "ds_52_sample_id_7", "ds_29_sample_id_27", "ds_24_sample_id_5", "ds_54_sample_id_1", "ds_103_sample_id_69", "ds_38_sample_id_84", "ds_30_sample_id_26", "ds_19_sample_id_59", "ds_68_sample_id_77", "ds_65_sample_id_39", "ds_74_sample_id_83", "ds_93_sample_id_10", "ds_61_sample_id_60", "ds_83_sample_id_74", "ds_7_sample_id_45", "ds_92_sample_id_90", "ds_63_sample_id_75", "ds_71_sample_id_79", "ds_29_sample_id_0", "ds_99_sample_id_40", "ds_16_sample_id_87", "ds_14_sample_id_56", "ds_17_sample_id_72", "ds_69_sample_id_61", "ds_31_sample_id_68", "ds_42_sample_id_48"], "group_9": ["ds_13_sample_id_51", "ds_52_sample_id_7", "ds_90_sample_id_41", "ds_82_sample_id_14", "ds_64_sample_id_94", "ds_38_sample_id_84", "ds_13_sample_id_85", "ds_51_sample_id_28", "ds_11_sample_id_73", "ds_65_sample_id_39", "ds_54_sample_id_43", "ds_92_sample_id_62", "ds_19_sample_id_30", "ds_80_sample_id_17", "ds_61_sample_id_60", "ds_7_sample_id_45", "ds_11_sample_id_37", "ds_92_sample_id_90", "ds_29_sample_id_0", "ds_99_sample_id_40", "ds_5_sample_id_33", "ds_17_sample_id_72", "ds_69_sample_id_61", "ds_76_sample_id_67", "ds_41_sample_id_64", "ds_73_sample_id_46", "ds_42_sample_id_3", "ds_64_sample_id_76"], "group_4": ["ds_39_sample_id_35", "ds_52_sample_id_7", "ds_29_sample_id_27", "ds_54_sample_id_1", "ds_64_sample_id_94", "ds_20_sample_id_54", "ds_60_sample_id_44", "ds_27_sample_id_22", "ds_99_sample_id_32", "ds_30_sample_id_26", "ds_2_sample_id_4", "ds_13_sample_id_85", "ds_88_sample_id_9", "ds_68_sample_id_77", "ds_74_sample_id_83", "ds_54_sample_id_43", "ds_19_sample_id_30", "ds_43_sample_id_2", "ds_18_sample_id_12", "ds_76_sample_id_93", "ds_98_sample_id_95", "ds_2_sample_id_70", "ds_64_sample_id_24", "ds_98_sample_id_63"], "group_15": ["ds_29_sample_id_27", "ds_89_sample_id_65", "ds_10_sample_id_31", "ds_24_sample_id_5", "ds_37_sample_id_25", "ds_38_sample_id_84", "ds_85_sample_id_92", "ds_64_sample_id_82", "ds_99_sample_id_42", "ds_19_sample_id_59", "ds_68_sample_id_77", "ds_100_sample_id_16", "ds_54_sample_id_43", "ds_19_sample_id_30", "ds_83_sample_id_38", "ds_32_sample_id_15", "ds_76_sample_id_93", "ds_63_sample_id_75", "ds_16_sample_id_87", "ds_69_sample_id_61", "ds_98_sample_id_95", "ds_73_sample_id_46", "ds_31_sample_id_68"], "group_0": ["ds_54_sample_id_1", "ds_55_sample_id_19", "ds_13_sample_id_85", "ds_51_sample_id_28", "ds_103_sample_id_18", "ds_11_sample_id_73", "ds_100_sample_id_16", "ds_19_sample_id_30", "ds_80_sample_id_17", "ds_61_sample_id_60", "ds_43_sample_id_2", "ds_0_sample_id_91", "ds_7_sample_id_45", "ds_18_sample_id_12", "ds_78_sample_id_52", "ds_99_sample_id_40", "ds_14_sample_id_56", "ds_76_sample_id_67", "ds_50_sample_id_29"]}}