{"ds_437_sample_id_0": [], "ds_357_sample_id_1": [], "ds_205_sample_id_2": [], "ds_350_sample_id_3": [], "ds_356_sample_id_4": ["DOMAIN_NAME", "IP_ADDRESS", "LOCATION", "PERSON"], "ds_481_sample_id_5": [], "ds_244_sample_id_6": [], "ds_450_sample_id_7": [], "ds_135_sample_id_8": [], "ds_303_sample_id_9": [], "ds_315_sample_id_10": [], "ds_412_sample_id_11": [], "ds_461_sample_id_12": [], "ds_394_sample_id_13": [], "ds_41_sample_id_14": ["DOMAIN_NAME", "LOCATION", "US_DRIVER_LICENSE"], "ds_501_sample_id_15": [], "ds_358_sample_id_16": ["DOMAIN_NAME", "IP_ADDRESS", "PERSON"], "ds_354_sample_id_17": [], "ds_281_sample_id_18": [], "ds_35_sample_id_19": [], "ds_94_sample_id_20": [], "ds_95_sample_id_21": [], "ds_17_sample_id_22": [], "ds_138_sample_id_23": [], "ds_415_sample_id_24": [], "ds_257_sample_id_25": [], "ds_288_sample_id_26": [], "ds_369_sample_id_27": [], "ds_523_sample_id_28": [], "ds_372_sample_id_29": ["LOCATION"], "ds_494_sample_id_30": [], "ds_131_sample_id_31": [], "ds_148_sample_id_32": [], "ds_285_sample_id_33": [], "ds_254_sample_id_34": [], "ds_74_sample_id_35": ["IP_ADDRESS", "US_DRIVER_LICENSE"], "ds_179_sample_id_36": [], "ds_426_sample_id_37": [], "ds_486_sample_id_38": [], "ds_283_sample_id_39": [], "ds_350_sample_id_40": [], "ds_200_sample_id_41": [], "ds_131_sample_id_42": [], "ds_467_sample_id_43": [], "ds_467_sample_id_44": [], "ds_429_sample_id_45": [], "ds_9_sample_id_46": [], "ds_117_sample_id_47": [], "ds_25_sample_id_48": [], "ds_285_sample_id_49": [], "ds_11_sample_id_50": [], "ds_332_sample_id_51": [], "ds_118_sample_id_52": [], "ds_343_sample_id_53": [], "ds_496_sample_id_54": [], "ds_529_sample_id_55": [], "ds_514_sample_id_56": [], "ds_157_sample_id_57": [], "ds_224_sample_id_58": [], "ds_401_sample_id_59": [], "ds_69_sample_id_60": [], "ds_314_sample_id_61": [], "ds_18_sample_id_62": [], "ds_469_sample_id_63": [], "ds_358_sample_id_64": ["DOMAIN_NAME", "IP_ADDRESS", "PERSON"], "ds_240_sample_id_65": [], "ds_271_sample_id_66": [], "ds_425_sample_id_67": [], "ds_475_sample_id_68": [], "ds_456_sample_id_69": [], "ds_113_sample_id_70": [], "ds_20_sample_id_71": [], "ds_532_sample_id_72": [], "ds_262_sample_id_73": [], "ds_250_sample_id_74": [], "ds_99_sample_id_75": ["CREDIT_CARD", "DOMAIN_NAME", "IP_ADDRESS", "LOCATION"], "ds_354_sample_id_76": [], "ds_6_sample_id_77": [], "ds_434_sample_id_78": [], "ds_416_sample_id_79": [], "ds_49_sample_id_80": [], "ds_417_sample_id_81": [], "ds_408_sample_id_82": [], "ds_411_sample_id_83": [], "ds_194_sample_id_84": [], "ds_121_sample_id_85": [], "ds_412_sample_id_86": [], "ds_418_sample_id_87": [], "ds_536_sample_id_88": [], "ds_253_sample_id_89": [], "ds_526_sample_id_90": [], "ds_341_sample_id_91": [], "ds_241_sample_id_92": [], "ds_510_sample_id_93": [], "ds_403_sample_id_94": [], "ds_332_sample_id_95": [], "ds_27_sample_id_96": [], "ds_29_sample_id_97": [], "ds_365_sample_id_98": [], "ds_34_sample_id_99": [], "ds_143_sample_id_100": [], "ds_223_sample_id_101": [], "ds_4_sample_id_102": [], "ds_162_sample_id_103": [], "ds_126_sample_id_104": [], "ds_438_sample_id_105": [], "ds_52_sample_id_106": [], "ds_61_sample_id_107": ["DOMAIN_NAME"], "ds_448_sample_id_108": [], "ds_303_sample_id_109": [], "ds_535_sample_id_110": [], "ds_472_sample_id_111": [], "ds_483_sample_id_112": [], "ds_105_sample_id_113": ["DOMAIN_NAME", "IP_ADDRESS", "PERSON", "US_DRIVER_LICENSE"], "ds_475_sample_id_114": [], "ds_99_sample_id_115": ["CREDIT_CARD", "DOMAIN_NAME", "IP_ADDRESS", "LOCATION"], "ds_508_sample_id_116": [], "ds_284_sample_id_117": [], "ds_197_sample_id_118": [], "ds_525_sample_id_119": [], "ds_207_sample_id_120": [], "ds_102_sample_id_121": ["CREDIT_CARD", "IP_ADDRESS"], "ds_367_sample_id_122": [], "ds_79_sample_id_123": [], "ds_272_sample_id_124": [], "ds_195_sample_id_125": [], "ds_331_sample_id_126": [], "ds_25_sample_id_127": [], "ds_109_sample_id_128": ["CREDIT_CARD"], "ds_512_sample_id_129": [], "ds_387_sample_id_130": [], "ds_359_sample_id_131": [], "ds_543_sample_id_132": [], "ds_377_sample_id_133": [], "ds_445_sample_id_134": [], "ds_171_sample_id_135": [], "ds_409_sample_id_136": [], "ds_362_sample_id_137": [], "ds_360_sample_id_138": [], "ds_436_sample_id_139": [], "ds_471_sample_id_140": [], "ds_540_sample_id_141": [], "ds_289_sample_id_142": [], "ds_61_sample_id_143": ["DOMAIN_NAME"], "ds_261_sample_id_144": [], "ds_501_sample_id_145": [], "ds_83_sample_id_146": [], "ds_431_sample_id_147": [], "ds_20_sample_id_148": [], "ds_228_sample_id_149": [], "ds_338_sample_id_150": [], "ds_270_sample_id_151": [], "ds_336_sample_id_152": [], "ds_271_sample_id_153": [], "ds_480_sample_id_154": [], "ds_526_sample_id_155": [], "ds_156_sample_id_156": [], "ds_71_sample_id_157": [], "ds_364_sample_id_158": [], "ds_401_sample_id_159": [], "ds_476_sample_id_160": [], "ds_382_sample_id_161": ["LOCATION", "PERSON", "PHONE_NUMBER"], "ds_403_sample_id_162": [], "ds_179_sample_id_163": [], "ds_307_sample_id_164": [], "ds_490_sample_id_165": [], "ds_347_sample_id_166": [], "ds_499_sample_id_167": [], "ds_454_sample_id_168": [], "ds_12_sample_id_169": [], "ds_293_sample_id_170": [], "ds_66_sample_id_171": ["DOMAIN_NAME", "IP_ADDRESS"], "ds_422_sample_id_172": [], "ds_302_sample_id_173": [], "ds_16_sample_id_174": [], "ds_103_sample_id_175": ["DOMAIN_NAME", "IP_ADDRESS"], "ds_111_sample_id_176": ["DOMAIN_NAME", "IP_ADDRESS"], "ds_475_sample_id_177": [], "ds_431_sample_id_178": [], "ds_162_sample_id_179": [], "ds_242_sample_id_180": [], "ds_302_sample_id_181": [], "ds_451_sample_id_182": [], "ds_258_sample_id_183": [], "ds_161_sample_id_184": [], "ds_130_sample_id_185": [], "ds_63_sample_id_186": ["DOMAIN_NAME", "LOCATION", "PERSON"], "ds_216_sample_id_187": [], "ds_211_sample_id_188": [], "ds_274_sample_id_189": [], "ds_112_sample_id_190": [], "ds_279_sample_id_191": [], "ds_111_sample_id_192": ["DOMAIN_NAME", "IP_ADDRESS"], "ds_361_sample_id_193": [], "ds_422_sample_id_194": [], "ds_307_sample_id_195": [], "ds_348_sample_id_196": [], "ds_309_sample_id_197": [], "ds_173_sample_id_198": [], "ds_123_sample_id_199": [], "ds_421_sample_id_200": [], "ds_365_sample_id_201": [], "ds_109_sample_id_202": ["CREDIT_CARD"], "ds_529_sample_id_203": [], "ds_94_sample_id_204": [], "ds_482_sample_id_205": [], "ds_272_sample_id_206": [], "ds_336_sample_id_207": [], "ds_33_sample_id_208": [], "ds_234_sample_id_209": [], "ds_351_sample_id_210": [], "ds_102_sample_id_211": ["CREDIT_CARD", "IP_ADDRESS"], "ds_192_sample_id_212": [], "ds_493_sample_id_213": [], "ds_137_sample_id_214": [], "ds_298_sample_id_215": [], "ds_130_sample_id_216": [], "ds_108_sample_id_217": ["CREDIT_CARD", "DOMAIN_NAME", "IP_ADDRESS", "LOCATION", "PERSON"], "ds_511_sample_id_218": [], "ds_539_sample_id_219": [], "ds_185_sample_id_220": [], "ds_429_sample_id_221": [], "ds_268_sample_id_222": [], "ds_171_sample_id_223": [], "ds_511_sample_id_224": [], "ds_427_sample_id_225": [], "ds_192_sample_id_226": [], "ds_520_sample_id_227": [], "ds_316_sample_id_228": [], "ds_280_sample_id_229": [], "ds_255_sample_id_230": [], "ds_455_sample_id_231": [], "ds_148_sample_id_232": [], "ds_88_sample_id_233": ["CREDIT_CARD", "DOMAIN_NAME", "IP_ADDRESS", "LOCATION", "PERSON"], "ds_0_sample_id_234": [], "ds_313_sample_id_235": [], "ds_487_sample_id_236": [], "ds_341_sample_id_237": [], "ds_542_sample_id_238": [], "ds_149_sample_id_239": [], "ds_421_sample_id_240": [], "ds_144_sample_id_241": [], "ds_14_sample_id_242": [], "ds_444_sample_id_243": [], "ds_5_sample_id_244": []}