{"user_group_edges": {"group_12": ["user_59_sample_id_5"], "group_11": ["user_195_sample_id_3"], "group_9": ["user_44_sample_id_8"], "group_6": ["user_39_sample_id_7", "user_91_sample_id_6", "user_43_sample_id_14", "user_83_sample_id_9", "user_4_sample_id_1"], "group_7": ["user_39_sample_id_7"], "group_15": ["user_4_sample_id_12"], "group_18": ["user_91_sample_id_6"], "group_14": ["user_157_sample_id_0"], "group_8": ["user_43_sample_id_14"], "group_0": ["user_83_sample_id_9"], "group_4": ["user_130_sample_id_11"], "group_19": ["user_130_sample_id_11", "user_46_sample_id_10", "user_154_sample_id_2"], "group_1": ["user_142_sample_id_13"], "group_2": ["user_46_sample_id_10"], "group_17": ["user_144_sample_id_4"], "group_3": ["user_154_sample_id_2"], "group_16": ["user_4_sample_id_1"]}, "group_data_store_edges": {"group_1": ["ds_67_sample_id_34", "ds_37_sample_id_36", "ds_0_sample_id_18", "ds_78_sample_id_33", "ds_82_sample_id_43", "ds_68_sample_id_8", "ds_62_sample_id_1", "ds_38_sample_id_28", "ds_7_sample_id_38", "ds_3_sample_id_40", "ds_17_sample_id_17", "ds_1_sample_id_64", "ds_69_sample_id_24", "ds_76_sample_id_27", "ds_32_sample_id_20", "ds_13_sample_id_12", "ds_84_sample_id_29", "ds_19_sample_id_60", "ds_59_sample_id_61", "ds_97_sample_id_26", "ds_27_sample_id_14", "ds_67_sample_id_6", "ds_16_sample_id_63", "ds_95_sample_id_2"], "group_2": ["ds_67_sample_id_34", "ds_88_sample_id_3", "ds_78_sample_id_33", "ds_68_sample_id_8", "ds_64_sample_id_10", "ds_7_sample_id_38", "ds_89_sample_id_9", "ds_60_sample_id_30", "ds_17_sample_id_17", "ds_27_sample_id_7", "ds_97_sample_id_16", "ds_32_sample_id_20", "ds_61_sample_id_50", "ds_13_sample_id_12", "ds_84_sample_id_29", "ds_24_sample_id_5", "ds_22_sample_id_22", "ds_28_sample_id_0", "ds_68_sample_id_49", "ds_16_sample_id_63", "ds_33_sample_id_52", "ds_101_sample_id_45", "ds_91_sample_id_55", "ds_1_sample_id_48"], "group_3": ["ds_67_sample_id_34", "ds_88_sample_id_3", "ds_0_sample_id_18", "ds_38_sample_id_28", "ds_3_sample_id_40", "ds_17_sample_id_17", "ds_1_sample_id_64", "ds_27_sample_id_7", "ds_69_sample_id_24", "ds_90_sample_id_58", "ds_95_sample_id_46", "ds_100_sample_id_62", "ds_63_sample_id_39", "ds_36_sample_id_32", "ds_55_sample_id_56", "ds_39_sample_id_42", "ds_19_sample_id_60", "ds_31_sample_id_51", "ds_59_sample_id_61", "ds_27_sample_id_14", "ds_68_sample_id_49", "ds_33_sample_id_52", "ds_5_sample_id_41", "ds_1_sample_id_48", "ds_67_sample_id_57"], "group_9": ["ds_67_sample_id_34", "ds_33_sample_id_13", "ds_0_sample_id_18", "ds_46_sample_id_44", "ds_38_sample_id_28", "ds_7_sample_id_38", "ds_3_sample_id_40", "ds_60_sample_id_30", "ds_76_sample_id_27", "ds_14_sample_id_31", "ds_39_sample_id_37", "ds_90_sample_id_58", "ds_95_sample_id_46", "ds_97_sample_id_16", "ds_32_sample_id_20", "ds_66_sample_id_47", "ds_55_sample_id_56", "ds_44_sample_id_15", "ds_31_sample_id_51", "ds_59_sample_id_61", "ds_67_sample_id_6", "ds_68_sample_id_49", "ds_33_sample_id_52", "ds_95_sample_id_2", "ds_1_sample_id_48"], "group_13": ["ds_67_sample_id_34", "ds_103_sample_id_19", "ds_0_sample_id_18", "ds_2_sample_id_21", "ds_78_sample_id_33", "ds_60_sample_id_25", "ds_46_sample_id_44", "ds_68_sample_id_8", "ds_62_sample_id_1", "ds_35_sample_id_23", "ds_38_sample_id_28", "ds_7_sample_id_38", "ds_3_sample_id_40", "ds_60_sample_id_30", "ds_1_sample_id_64", "ds_27_sample_id_7", "ds_69_sample_id_24", "ds_76_sample_id_27", "ds_39_sample_id_37", "ds_52_sample_id_53", "ds_90_sample_id_58", "ds_97_sample_id_16", "ds_100_sample_id_62", "ds_36_sample_id_32", "ds_55_sample_id_56", "ds_54_sample_id_4", "ds_47_sample_id_59", "ds_39_sample_id_42", "ds_51_sample_id_35", "ds_84_sample_id_29", "ds_31_sample_id_51", "ds_88_sample_id_11", "ds_27_sample_id_14", "ds_67_sample_id_6", "ds_33_sample_id_52", "ds_5_sample_id_41", "ds_101_sample_id_45", "ds_1_sample_id_48", "ds_67_sample_id_57"], "group_19": ["ds_67_sample_id_34", "ds_17_sample_id_17", "ds_63_sample_id_39", "ds_54_sample_id_4", "ds_47_sample_id_59", "ds_13_sample_id_12", "ds_28_sample_id_0", "ds_33_sample_id_52"], "group_0": ["ds_88_sample_id_3", "ds_37_sample_id_36", "ds_2_sample_id_21", "ds_78_sample_id_33", "ds_60_sample_id_25", "ds_82_sample_id_43", "ds_68_sample_id_8", "ds_35_sample_id_23", "ds_60_sample_id_30", "ds_17_sample_id_17", "ds_1_sample_id_64", "ds_27_sample_id_7", "ds_69_sample_id_24", "ds_52_sample_id_53", "ds_90_sample_id_58", "ds_95_sample_id_46", "ds_97_sample_id_16", "ds_66_sample_id_47", "ds_55_sample_id_56", "ds_47_sample_id_59", "ds_39_sample_id_42", "ds_59_sample_id_61", "ds_24_sample_id_5", "ds_28_sample_id_0", "ds_55_sample_id_54", "ds_91_sample_id_55"], "group_5": ["ds_88_sample_id_3", "ds_103_sample_id_19", "ds_37_sample_id_36", "ds_60_sample_id_25", "ds_82_sample_id_43", "ds_38_sample_id_28", "ds_7_sample_id_38", "ds_89_sample_id_9", "ds_17_sample_id_17", "ds_52_sample_id_53", "ds_90_sample_id_58", "ds_95_sample_id_46", "ds_100_sample_id_62", "ds_63_sample_id_39", "ds_55_sample_id_56", "ds_44_sample_id_15", "ds_54_sample_id_4", "ds_47_sample_id_59", "ds_51_sample_id_35", "ds_31_sample_id_51", "ds_59_sample_id_61", "ds_88_sample_id_11", "ds_22_sample_id_22", "ds_28_sample_id_0", "ds_67_sample_id_6", "ds_33_sample_id_52", "ds_5_sample_id_41", "ds_95_sample_id_2", "ds_55_sample_id_54", "ds_1_sample_id_48"], "group_8": ["ds_88_sample_id_3", "ds_78_sample_id_33", "ds_82_sample_id_43", "ds_68_sample_id_8", "ds_62_sample_id_1", "ds_35_sample_id_23", "ds_64_sample_id_10", "ds_7_sample_id_38", "ds_89_sample_id_9", "ds_60_sample_id_30", "ds_1_sample_id_64", "ds_69_sample_id_24", "ds_76_sample_id_27", "ds_14_sample_id_31", "ds_39_sample_id_37", "ds_95_sample_id_46", "ds_97_sample_id_16", "ds_63_sample_id_39", "ds_36_sample_id_32", "ds_55_sample_id_56", "ds_31_sample_id_51", "ds_97_sample_id_26", "ds_22_sample_id_22", "ds_67_sample_id_6", "ds_33_sample_id_52", "ds_101_sample_id_45", "ds_1_sample_id_48", "ds_67_sample_id_57"], "group_11": ["ds_88_sample_id_3", "ds_103_sample_id_19", "ds_82_sample_id_43", "ds_68_sample_id_8", "ds_62_sample_id_1", "ds_38_sample_id_28", "ds_89_sample_id_9", "ds_60_sample_id_30", "ds_69_sample_id_24", "ds_39_sample_id_37", "ds_90_sample_id_58", "ds_100_sample_id_62", "ds_63_sample_id_39", "ds_66_sample_id_47", "ds_55_sample_id_56", "ds_13_sample_id_12", "ds_51_sample_id_35", "ds_84_sample_id_29", "ds_31_sample_id_51", "ds_88_sample_id_11", "ds_24_sample_id_5", "ds_27_sample_id_14", "ds_68_sample_id_49", "ds_95_sample_id_2", "ds_55_sample_id_54", "ds_67_sample_id_57"], "group_14": ["ds_88_sample_id_3", "ds_78_sample_id_33", "ds_60_sample_id_25", "ds_68_sample_id_8", "ds_62_sample_id_1", "ds_89_sample_id_9", "ds_3_sample_id_40", "ds_17_sample_id_17", "ds_69_sample_id_24", "ds_52_sample_id_53", "ds_95_sample_id_46", "ds_66_sample_id_47", "ds_55_sample_id_56", "ds_61_sample_id_50", "ds_47_sample_id_59", "ds_31_sample_id_51", "ds_59_sample_id_61", "ds_88_sample_id_11", "ds_27_sample_id_14", "ds_67_sample_id_6", "ds_68_sample_id_49", "ds_5_sample_id_41", "ds_101_sample_id_45", "ds_95_sample_id_2"], "group_18": ["ds_88_sample_id_3", "ds_33_sample_id_13", "ds_78_sample_id_33", "ds_46_sample_id_44", "ds_68_sample_id_8", "ds_7_sample_id_38", "ds_27_sample_id_7", "ds_76_sample_id_27", "ds_14_sample_id_31", "ds_90_sample_id_58", "ds_95_sample_id_46", "ds_63_sample_id_39", "ds_32_sample_id_20", "ds_55_sample_id_56", "ds_54_sample_id_4", "ds_13_sample_id_12", "ds_39_sample_id_42", "ds_84_sample_id_29", "ds_59_sample_id_61", "ds_22_sample_id_22", "ds_67_sample_id_6", "ds_16_sample_id_63", "ds_33_sample_id_52", "ds_101_sample_id_45"], "group_7": ["ds_103_sample_id_19", "ds_33_sample_id_13", "ds_68_sample_id_8", "ds_62_sample_id_1", "ds_64_sample_id_10", "ds_89_sample_id_9", "ds_17_sample_id_17", "ds_69_sample_id_24", "ds_39_sample_id_37", "ds_52_sample_id_53", "ds_63_sample_id_39", "ds_39_sample_id_42", "ds_84_sample_id_29", "ds_19_sample_id_60", "ds_31_sample_id_51", "ds_88_sample_id_11", "ds_97_sample_id_26", "ds_22_sample_id_22", "ds_27_sample_id_14", "ds_33_sample_id_52", "ds_5_sample_id_41"], "group_12": ["ds_103_sample_id_19", "ds_37_sample_id_36", "ds_33_sample_id_13", "ds_60_sample_id_25", "ds_46_sample_id_44", "ds_68_sample_id_8", "ds_7_sample_id_38", "ds_17_sample_id_17", "ds_14_sample_id_31", "ds_90_sample_id_58", "ds_97_sample_id_16", "ds_63_sample_id_39", "ds_61_sample_id_50", "ds_13_sample_id_12", "ds_84_sample_id_29", "ds_31_sample_id_51", "ds_59_sample_id_61", "ds_97_sample_id_26", "ds_22_sample_id_22", "ds_28_sample_id_0", "ds_27_sample_id_14", "ds_5_sample_id_41", "ds_55_sample_id_54", "ds_67_sample_id_57"], "group_6": ["ds_37_sample_id_36", "ds_2_sample_id_21", "ds_62_sample_id_1", "ds_67_sample_id_6"], "group_15": ["ds_37_sample_id_36", "ds_33_sample_id_13", "ds_46_sample_id_44", "ds_68_sample_id_8", "ds_38_sample_id_28", "ds_7_sample_id_38", "ds_89_sample_id_9", "ds_3_sample_id_40", "ds_60_sample_id_30", "ds_17_sample_id_17", "ds_1_sample_id_64", "ds_76_sample_id_27", "ds_14_sample_id_31", "ds_39_sample_id_37", "ds_52_sample_id_53", "ds_97_sample_id_16", "ds_100_sample_id_62", "ds_32_sample_id_20", "ds_66_sample_id_47", "ds_44_sample_id_15", "ds_61_sample_id_50", "ds_47_sample_id_59", "ds_39_sample_id_42", "ds_51_sample_id_35", "ds_31_sample_id_51", "ds_88_sample_id_11", "ds_97_sample_id_26", "ds_28_sample_id_0", "ds_27_sample_id_14", "ds_5_sample_id_41", "ds_101_sample_id_45", "ds_95_sample_id_2", "ds_91_sample_id_55"], "group_4": ["ds_33_sample_id_13", "ds_60_sample_id_25", "ds_35_sample_id_23", "ds_64_sample_id_10", "ds_3_sample_id_40", "ds_1_sample_id_64", "ds_76_sample_id_27", "ds_52_sample_id_53", "ds_90_sample_id_58", "ds_63_sample_id_39", "ds_36_sample_id_32", "ds_32_sample_id_20", "ds_66_sample_id_47", "ds_54_sample_id_4", "ds_51_sample_id_35", "ds_84_sample_id_29", "ds_19_sample_id_60", "ds_31_sample_id_51", "ds_59_sample_id_61", "ds_88_sample_id_11", "ds_5_sample_id_41", "ds_95_sample_id_2", "ds_91_sample_id_55"], "group_17": ["ds_33_sample_id_13", "ds_78_sample_id_33", "ds_60_sample_id_25", "ds_46_sample_id_44", "ds_82_sample_id_43", "ds_68_sample_id_8", "ds_38_sample_id_28", "ds_7_sample_id_38", "ds_3_sample_id_40", "ds_60_sample_id_30", "ds_17_sample_id_17", "ds_27_sample_id_7", "ds_69_sample_id_24", "ds_14_sample_id_31", "ds_90_sample_id_58", "ds_100_sample_id_62", "ds_63_sample_id_39", "ds_55_sample_id_56", "ds_54_sample_id_4", "ds_47_sample_id_59", "ds_13_sample_id_12", "ds_19_sample_id_60", "ds_31_sample_id_51", "ds_67_sample_id_6", "ds_33_sample_id_52", "ds_55_sample_id_54", "ds_1_sample_id_48"], "group_10": ["ds_46_sample_id_44", "ds_68_sample_id_8", "ds_35_sample_id_23", "ds_60_sample_id_30", "ds_17_sample_id_17", "ds_1_sample_id_64", "ds_27_sample_id_7", "ds_69_sample_id_24", "ds_76_sample_id_27", "ds_95_sample_id_46", "ds_100_sample_id_62", "ds_36_sample_id_32", "ds_32_sample_id_20", "ds_55_sample_id_56", "ds_54_sample_id_4", "ds_13_sample_id_12", "ds_31_sample_id_51", "ds_59_sample_id_61", "ds_24_sample_id_5", "ds_22_sample_id_22", "ds_28_sample_id_0", "ds_67_sample_id_6", "ds_16_sample_id_63", "ds_33_sample_id_52", "ds_101_sample_id_45", "ds_95_sample_id_2", "ds_91_sample_id_55", "ds_1_sample_id_48", "ds_67_sample_id_57"], "group_16": ["ds_62_sample_id_1", "ds_64_sample_id_10", "ds_38_sample_id_28", "ds_1_sample_id_64", "ds_63_sample_id_39", "ds_55_sample_id_56", "ds_54_sample_id_4", "ds_51_sample_id_35", "ds_84_sample_id_29", "ds_97_sample_id_26", "ds_24_sample_id_5", "ds_27_sample_id_14", "ds_67_sample_id_6", "ds_33_sample_id_52", "ds_5_sample_id_41", "ds_101_sample_id_45", "ds_91_sample_id_55", "ds_1_sample_id_48"]}}