{"user_group_edges": {"group_1": ["user_136_sample_id_2", "user_302_sample_id_70", "user_194_sample_id_28", "user_89_sample_id_40", "user_18_sample_id_58", "user_12_sample_id_71", "user_58_sample_id_53", "user_327_sample_id_26", "user_37_sample_id_60", "user_513_sample_id_29", "user_448_sample_id_15", "user_285_sample_id_16", "user_97_sample_id_44", "user_80_sample_id_22", "user_403_sample_id_30", "user_43_sample_id_34", "user_399_sample_id_19", "user_159_sample_id_45", "user_454_sample_id_57", "user_37_sample_id_37"], "group_10": ["user_136_sample_id_2", "user_302_sample_id_70", "user_379_sample_id_62", "user_319_sample_id_35", "user_164_sample_id_23", "user_402_sample_id_5", "user_513_sample_id_29", "user_370_sample_id_38", "user_448_sample_id_15", "user_285_sample_id_16", "user_16_sample_id_39", "user_456_sample_id_75", "user_43_sample_id_34", "user_61_sample_id_43", "user_392_sample_id_59", "user_508_sample_id_17", "user_494_sample_id_6", "user_185_sample_id_72", "user_301_sample_id_47", "user_145_sample_id_68"], "group_11": ["user_136_sample_id_2", "user_179_sample_id_66", "user_102_sample_id_54", "user_77_sample_id_32", "user_18_sample_id_58", "user_137_sample_id_46", "user_429_sample_id_12", "user_166_sample_id_14", "user_197_sample_id_27", "user_402_sample_id_5", "user_291_sample_id_7", "user_456_sample_id_75", "user_39_sample_id_4", "user_508_sample_id_17", "user_494_sample_id_6"], "group_13": ["user_136_sample_id_2", "user_302_sample_id_70", "user_179_sample_id_66", "user_398_sample_id_73", "user_18_sample_id_58", "user_320_sample_id_31", "user_154_sample_id_56", "user_319_sample_id_35", "user_137_sample_id_46", "user_26_sample_id_3", "user_295_sample_id_48", "user_166_sample_id_14", "user_216_sample_id_18", "user_370_sample_id_38", "user_285_sample_id_16", "user_467_sample_id_8", "user_510_sample_id_69", "user_39_sample_id_4", "user_425_sample_id_25", "user_494_sample_id_6", "user_301_sample_id_47"], "group_15": ["user_136_sample_id_2", "user_302_sample_id_70", "user_194_sample_id_28", "user_429_sample_id_20", "user_429_sample_id_12", "user_513_sample_id_49", "user_37_sample_id_60", "user_372_sample_id_42", "user_402_sample_id_5", "user_370_sample_id_38", "user_448_sample_id_15", "user_70_sample_id_0", "user_467_sample_id_8", "user_448_sample_id_13", "user_399_sample_id_19", "user_494_sample_id_6", "user_89_sample_id_9", "user_1_sample_id_65"], "group_19": ["user_136_sample_id_2", "user_302_sample_id_70", "user_194_sample_id_28", "user_179_sample_id_66", "user_319_sample_id_35", "user_164_sample_id_23", "user_229_sample_id_64", "user_382_sample_id_51", "user_295_sample_id_48", "user_216_sample_id_18", "user_470_sample_id_24", "user_70_sample_id_0", "user_285_sample_id_16", "user_510_sample_id_69", "user_16_sample_id_39", "user_456_sample_id_75", "user_148_sample_id_77", "user_399_sample_id_19", "user_159_sample_id_45", "user_425_sample_id_25", "user_3_sample_id_52", "user_140_sample_id_36", "user_185_sample_id_72"], "group_9": ["user_302_sample_id_70", "user_102_sample_id_54", "user_379_sample_id_62", "user_187_sample_id_67", "user_319_sample_id_35", "user_229_sample_id_64", "user_410_sample_id_41", "user_26_sample_id_3", "user_470_sample_id_24", "user_399_sample_id_50", "user_184_sample_id_1", "user_373_sample_id_61", "user_80_sample_id_22", "user_121_sample_id_21", "user_61_sample_id_43", "user_448_sample_id_13", "user_159_sample_id_45", "user_140_sample_id_36", "user_1_sample_id_65"], "group_0": ["user_409_sample_id_74", "user_137_sample_id_46", "user_164_sample_id_23", "user_429_sample_id_20", "user_26_sample_id_3", "user_513_sample_id_49", "user_238_sample_id_11", "user_97_sample_id_44", "user_291_sample_id_7", "user_165_sample_id_33", "user_43_sample_id_34", "user_399_sample_id_19", "user_301_sample_id_47"], "group_4": ["user_409_sample_id_74", "user_319_sample_id_35", "user_399_sample_id_50", "user_197_sample_id_27", "user_238_sample_id_11", "user_513_sample_id_29", "user_70_sample_id_0", "user_80_sample_id_22", "user_467_sample_id_8", "user_165_sample_id_33", "user_148_sample_id_77", "user_39_sample_id_4", "user_122_sample_id_10", "user_185_sample_id_72"], "group_6": ["user_194_sample_id_28", "user_89_sample_id_40", "user_77_sample_id_32", "user_154_sample_id_56", "user_26_sample_id_3", "user_327_sample_id_26", "user_402_sample_id_5", "user_513_sample_id_29", "user_456_sample_id_75", "user_121_sample_id_21", "user_165_sample_id_33", "user_425_sample_id_25"], "group_7": ["user_194_sample_id_28", "user_398_sample_id_73", "user_89_sample_id_40", "user_187_sample_id_67", "user_105_sample_id_76", "user_166_sample_id_14", "user_37_sample_id_60", "user_399_sample_id_50", "user_448_sample_id_15", "user_80_sample_id_22", "user_291_sample_id_7", "user_148_sample_id_77", "user_61_sample_id_43", "user_37_sample_id_37", "user_89_sample_id_63"], "group_18": ["user_194_sample_id_28", "user_398_sample_id_73", "user_379_sample_id_62", "user_18_sample_id_58", "user_320_sample_id_31", "user_229_sample_id_64", "user_382_sample_id_51", "user_105_sample_id_76", "user_26_sample_id_3", "user_58_sample_id_53", "user_166_sample_id_14", "user_37_sample_id_60", "user_184_sample_id_1", "user_370_sample_id_38", "user_97_sample_id_44", "user_510_sample_id_69", "user_456_sample_id_75", "user_148_sample_id_77", "user_37_sample_id_37", "user_95_sample_id_55", "user_494_sample_id_6", "user_122_sample_id_10", "user_185_sample_id_72", "user_1_sample_id_65"], "group_2": ["user_179_sample_id_66", "user_77_sample_id_32", "user_382_sample_id_51", "user_429_sample_id_20", "user_37_sample_id_60", "user_372_sample_id_42", "user_197_sample_id_27", "user_238_sample_id_11", "user_370_sample_id_38", "user_448_sample_id_15", "user_285_sample_id_16", "user_291_sample_id_7", "user_95_sample_id_55", "user_3_sample_id_52", "user_140_sample_id_36", "user_89_sample_id_9"], "group_5": ["user_179_sample_id_66", "user_379_sample_id_62", "user_18_sample_id_58", "user_320_sample_id_31", "user_164_sample_id_23", "user_429_sample_id_20", "user_216_sample_id_18", "user_470_sample_id_24", "user_372_sample_id_42", "user_238_sample_id_11", "user_448_sample_id_15", "user_467_sample_id_8", "user_61_sample_id_43", "user_454_sample_id_57", "user_425_sample_id_25", "user_3_sample_id_52", "user_89_sample_id_63", "user_145_sample_id_68", "user_1_sample_id_65"], "group_14": ["user_179_sample_id_66", "user_319_sample_id_35", "user_295_sample_id_48", "user_399_sample_id_50", "user_197_sample_id_27", "user_373_sample_id_61", "user_70_sample_id_0", "user_97_sample_id_44", "user_510_sample_id_69", "user_392_sample_id_59", "user_454_sample_id_57", "user_37_sample_id_37", "user_95_sample_id_55", "user_3_sample_id_52", "user_89_sample_id_63", "user_89_sample_id_9", "user_1_sample_id_65"], "group_8": ["user_102_sample_id_54", "user_154_sample_id_56", "user_12_sample_id_71", "user_429_sample_id_20", "user_429_sample_id_12", "user_197_sample_id_27", "user_70_sample_id_0", "user_97_sample_id_44", "user_16_sample_id_39", "user_121_sample_id_21", "user_165_sample_id_33", "user_392_sample_id_59", "user_159_sample_id_45", "user_425_sample_id_25", "user_3_sample_id_52", "user_89_sample_id_63", "user_140_sample_id_36", "user_185_sample_id_72"], "group_17": ["user_102_sample_id_54", "user_398_sample_id_73", "user_187_sample_id_67", "user_137_sample_id_46", "user_429_sample_id_12", "user_295_sample_id_48", "user_327_sample_id_26", "user_216_sample_id_18", "user_37_sample_id_60", "user_470_sample_id_24", "user_372_sample_id_42", "user_513_sample_id_29", "user_70_sample_id_0", "user_285_sample_id_16", "user_291_sample_id_7", "user_121_sample_id_21", "user_61_sample_id_43", "user_448_sample_id_13", "user_454_sample_id_57", "user_95_sample_id_55"], "group_3": ["user_398_sample_id_73", "user_320_sample_id_31", "user_137_sample_id_46", "user_164_sample_id_23", "user_12_sample_id_71", "user_410_sample_id_41", "user_382_sample_id_51", "user_105_sample_id_76", "user_295_sample_id_48", "user_513_sample_id_49", "user_184_sample_id_1", "user_373_sample_id_61", "user_80_sample_id_22", "user_37_sample_id_37", "user_140_sample_id_36", "user_145_sample_id_68"], "group_16": ["user_320_sample_id_31", "user_105_sample_id_76", "user_295_sample_id_48", "user_470_sample_id_24", "user_184_sample_id_1", "user_372_sample_id_42", "user_402_sample_id_5", "user_456_sample_id_75", "user_148_sample_id_77", "user_403_sample_id_30", "user_454_sample_id_57", "user_95_sample_id_55", "user_122_sample_id_10", "user_301_sample_id_47"], "group_12": ["user_187_sample_id_67", "user_105_sample_id_76", "user_26_sample_id_3", "user_58_sample_id_53", "user_373_sample_id_61", "user_370_sample_id_38", "user_165_sample_id_33", "user_403_sample_id_30", "user_448_sample_id_13", "user_508_sample_id_17", "user_159_sample_id_45"]}, "group_data_store_edges": {"group_0": ["ds_195_sample_id_19", "ds_20_sample_id_40", "ds_188_sample_id_158", "ds_162_sample_id_15", "ds_146_sample_id_5", "ds_170_sample_id_90", "ds_112_sample_id_120", "ds_34_sample_id_107", "ds_133_sample_id_9", "ds_70_sample_id_54", "ds_101_sample_id_162", "ds_75_sample_id_131", "ds_15_sample_id_67", "ds_9_sample_id_79", "ds_78_sample_id_105", "ds_57_sample_id_148", "ds_137_sample_id_155", "ds_14_sample_id_163", "ds_138_sample_id_125", "ds_187_sample_id_53", "ds_145_sample_id_28", "ds_103_sample_id_21", "ds_131_sample_id_32", "ds_185_sample_id_157", "ds_8_sample_id_50", "ds_27_sample_id_18", "ds_12_sample_id_41", "ds_137_sample_id_42", "ds_10_sample_id_75", "ds_130_sample_id_34", "ds_87_sample_id_111", "ds_159_sample_id_29", "ds_65_sample_id_172", "ds_151_sample_id_59", "ds_58_sample_id_96", "ds_74_sample_id_93", "ds_38_sample_id_144", "ds_48_sample_id_135", "ds_76_sample_id_115", "ds_47_sample_id_31", "ds_18_sample_id_45", "ds_64_sample_id_169", "ds_45_sample_id_57", "ds_75_sample_id_78", "ds_192_sample_id_168", "ds_17_sample_id_37", "ds_181_sample_id_165", "ds_60_sample_id_160", "ds_157_sample_id_51", "ds_194_sample_id_145", "ds_118_sample_id_153", "ds_148_sample_id_61", "ds_142_sample_id_128", "ds_184_sample_id_138", "ds_135_sample_id_95", "ds_119_sample_id_117", "ds_61_sample_id_156", "ds_27_sample_id_1", "ds_13_sample_id_83", "ds_151_sample_id_136", "ds_33_sample_id_47", "ds_55_sample_id_7", "ds_40_sample_id_4", "ds_64_sample_id_122", "ds_69_sample_id_26", "ds_76_sample_id_81", "ds_146_sample_id_35", "ds_101_sample_id_27"], "group_6": ["ds_195_sample_id_19", "ds_200_sample_id_13", "ds_188_sample_id_158", "ds_117_sample_id_74", "ds_112_sample_id_120", "ds_29_sample_id_134", "ds_34_sample_id_107", "ds_133_sample_id_9", "ds_77_sample_id_149", "ds_101_sample_id_162", "ds_40_sample_id_150", "ds_181_sample_id_127", "ds_15_sample_id_67", "ds_57_sample_id_148", "ds_137_sample_id_155", "ds_153_sample_id_100", "ds_127_sample_id_167", "ds_178_sample_id_141", "ds_131_sample_id_32", "ds_8_sample_id_50", "ds_87_sample_id_80", "ds_55_sample_id_152", "ds_130_sample_id_34", "ds_189_sample_id_60", "ds_87_sample_id_111", "ds_143_sample_id_43", "ds_159_sample_id_29", "ds_65_sample_id_172", "ds_29_sample_id_86", "ds_58_sample_id_96", "ds_134_sample_id_8", "ds_74_sample_id_93", "ds_42_sample_id_171", "ds_38_sample_id_144", "ds_166_sample_id_56", "ds_46_sample_id_139", "ds_111_sample_id_101", "ds_195_sample_id_64", "ds_34_sample_id_106", "ds_13_sample_id_146", "ds_76_sample_id_115", "ds_134_sample_id_132", "ds_2_sample_id_82", "ds_18_sample_id_45", "ds_180_sample_id_123", "ds_126_sample_id_114", "ds_172_sample_id_129", "ds_45_sample_id_57", "ds_75_sample_id_78", "ds_192_sample_id_168", "ds_174_sample_id_112", "ds_11_sample_id_91", "ds_115_sample_id_151", "ds_152_sample_id_6", "ds_166_sample_id_94", "ds_17_sample_id_37", "ds_60_sample_id_160", "ds_199_sample_id_10", "ds_157_sample_id_51", "ds_59_sample_id_99", "ds_134_sample_id_38", "ds_170_sample_id_164", "ds_35_sample_id_0", "ds_113_sample_id_147", "ds_70_sample_id_44", "ds_61_sample_id_156", "ds_27_sample_id_1", "ds_13_sample_id_83", "ds_138_sample_id_87", "ds_151_sample_id_136", "ds_21_sample_id_109", "ds_33_sample_id_47", "ds_156_sample_id_65", "ds_35_sample_id_33", "ds_117_sample_id_85", "ds_64_sample_id_122", "ds_69_sample_id_26", "ds_41_sample_id_103", "ds_101_sample_id_27"], "group_8": ["ds_195_sample_id_19", "ds_195_sample_id_89", "ds_55_sample_id_126", "ds_20_sample_id_40", "ds_162_sample_id_15", "ds_117_sample_id_74", "ds_146_sample_id_5", "ds_70_sample_id_54", "ds_77_sample_id_149", "ds_15_sample_id_67", "ds_9_sample_id_79", "ds_5_sample_id_84", "ds_66_sample_id_46", "ds_84_sample_id_110", "ds_96_sample_id_14", "ds_137_sample_id_155", "ds_178_sample_id_141", "ds_6_sample_id_98", "ds_32_sample_id_66", "ds_8_sample_id_50", "ds_12_sample_id_41", "ds_55_sample_id_152", "ds_136_sample_id_154", "ds_130_sample_id_34", "ds_87_sample_id_111", "ds_159_sample_id_29", "ds_65_sample_id_172", "ds_29_sample_id_86", "ds_134_sample_id_8", "ds_42_sample_id_171", "ds_166_sample_id_56", "ds_48_sample_id_135", "ds_111_sample_id_101", "ds_76_sample_id_115", "ds_2_sample_id_82", "ds_34_sample_id_121", "ds_11_sample_id_91", "ds_182_sample_id_30", "ds_181_sample_id_165", "ds_177_sample_id_113", "ds_59_sample_id_99", "ds_77_sample_id_24", "ds_118_sample_id_153", "ds_148_sample_id_61", "ds_26_sample_id_3", "ds_142_sample_id_128", "ds_100_sample_id_133", "ds_119_sample_id_117", "ds_10_sample_id_11", "ds_70_sample_id_108", "ds_92_sample_id_140", "ds_151_sample_id_136", "ds_49_sample_id_2", "ds_60_sample_id_130", "ds_21_sample_id_109", "ds_33_sample_id_47", "ds_156_sample_id_65", "ds_35_sample_id_33", "ds_31_sample_id_68", "ds_111_sample_id_76", "ds_140_sample_id_104"], "group_9": ["ds_195_sample_id_19", "ds_195_sample_id_89", "ds_55_sample_id_126", "ds_40_sample_id_170", "ds_200_sample_id_13", "ds_20_sample_id_40", "ds_188_sample_id_158", "ds_117_sample_id_74", "ds_163_sample_id_72", "ds_112_sample_id_120", "ds_197_sample_id_48", "ds_40_sample_id_150", "ds_5_sample_id_84", "ds_46_sample_id_36", "ds_138_sample_id_125", "ds_8_sample_id_50", "ds_137_sample_id_42", "ds_87_sample_id_111", "ds_65_sample_id_172", "ds_58_sample_id_96", "ds_105_sample_id_69", "ds_166_sample_id_56", "ds_48_sample_id_135", "ds_111_sample_id_101", "ds_195_sample_id_64", "ds_139_sample_id_52", "ds_76_sample_id_115", "ds_54_sample_id_119", "ds_2_sample_id_82", "ds_64_sample_id_169", "ds_172_sample_id_129", "ds_174_sample_id_112", "ds_152_sample_id_6", "ds_17_sample_id_37", "ds_182_sample_id_30", "ds_177_sample_id_113", "ds_199_sample_id_10", "ds_194_sample_id_145", "ds_77_sample_id_24", "ds_170_sample_id_164", "ds_118_sample_id_153", "ds_65_sample_id_70", "ds_35_sample_id_0", "ds_100_sample_id_133", "ds_10_sample_id_11", "ds_170_sample_id_23", "ds_95_sample_id_92", "ds_81_sample_id_116", "ds_92_sample_id_140", "ds_151_sample_id_136", "ds_21_sample_id_109", "ds_40_sample_id_4", "ds_156_sample_id_65", "ds_35_sample_id_33", "ds_117_sample_id_85", "ds_152_sample_id_49"], "group_11": ["ds_195_sample_id_19", "ds_40_sample_id_170", "ds_20_sample_id_40", "ds_146_sample_id_5", "ds_170_sample_id_90", "ds_112_sample_id_120", "ds_133_sample_id_9", "ds_70_sample_id_54", "ds_181_sample_id_127", "ds_15_sample_id_67", "ds_46_sample_id_36", "ds_78_sample_id_105", "ds_84_sample_id_110", "ds_153_sample_id_100", "ds_145_sample_id_28", "ds_6_sample_id_98", "ds_103_sample_id_21", "ds_131_sample_id_32", "ds_29_sample_id_16", "ds_27_sample_id_18", "ds_10_sample_id_75", "ds_55_sample_id_152", "ds_146_sample_id_12", "ds_136_sample_id_154", "ds_39_sample_id_102", "ds_87_sample_id_111", "ds_58_sample_id_96", "ds_48_sample_id_135", "ds_32_sample_id_161", "ds_80_sample_id_71", "ds_195_sample_id_64", "ds_139_sample_id_52", "ds_34_sample_id_106", "ds_13_sample_id_146", "ds_54_sample_id_119", "ds_47_sample_id_31", "ds_2_sample_id_82", "ds_64_sample_id_169", "ds_172_sample_id_129", "ds_106_sample_id_88", "ds_152_sample_id_6", "ds_166_sample_id_94", "ds_65_sample_id_63", "ds_182_sample_id_30", "ds_181_sample_id_165", "ds_60_sample_id_160", "ds_157_sample_id_51", "ds_148_sample_id_61", "ds_26_sample_id_3", "ds_70_sample_id_44", "ds_61_sample_id_156", "ds_170_sample_id_23", "ds_27_sample_id_1", "ds_128_sample_id_159", "ds_193_sample_id_124", "ds_137_sample_id_20", "ds_70_sample_id_108", "ds_13_sample_id_83", "ds_40_sample_id_4", "ds_156_sample_id_65", "ds_35_sample_id_33", "ds_31_sample_id_68", "ds_56_sample_id_118", "ds_117_sample_id_85", "ds_152_sample_id_49", "ds_76_sample_id_81", "ds_146_sample_id_35", "ds_41_sample_id_103"], "group_13": ["ds_195_sample_id_19", "ds_20_sample_id_40", "ds_188_sample_id_158", "ds_162_sample_id_15", "ds_170_sample_id_90", "ds_70_sample_id_54", "ds_195_sample_id_143", "ds_9_sample_id_79", "ds_96_sample_id_14", "ds_153_sample_id_100", "ds_14_sample_id_163", "ds_138_sample_id_125", "ds_187_sample_id_53", "ds_145_sample_id_28", "ds_148_sample_id_58", "ds_103_sample_id_21", "ds_33_sample_id_73", "ds_57_sample_id_166", "ds_189_sample_id_60", "ds_39_sample_id_102", "ds_159_sample_id_29", "ds_105_sample_id_69", "ds_157_sample_id_62", "ds_80_sample_id_71", "ds_139_sample_id_52", "ds_34_sample_id_106", "ds_54_sample_id_119", "ds_18_sample_id_45", "ds_180_sample_id_123", "ds_126_sample_id_114", "ds_34_sample_id_121", "ds_192_sample_id_168", "ds_106_sample_id_88", "ds_11_sample_id_91", "ds_115_sample_id_151", "ds_152_sample_id_6", "ds_181_sample_id_165", "ds_134_sample_id_38", "ds_148_sample_id_61", "ds_142_sample_id_128", "ds_100_sample_id_133", "ds_70_sample_id_44", "ds_170_sample_id_23", "ds_128_sample_id_159", "ds_22_sample_id_55", "ds_70_sample_id_108", "ds_81_sample_id_116", "ds_60_sample_id_130", "ds_152_sample_id_49", "ds_69_sample_id_26", "ds_146_sample_id_35", "ds_101_sample_id_27"], "group_17": ["ds_195_sample_id_19", "ds_200_sample_id_13", "ds_133_sample_id_9", "ds_197_sample_id_48", "ds_181_sample_id_127", "ds_9_sample_id_79", "ds_5_sample_id_84", "ds_80_sample_id_39", "ds_6_sample_id_98", "ds_131_sample_id_32", "ds_185_sample_id_157", "ds_146_sample_id_12", "ds_159_sample_id_29", "ds_151_sample_id_59", "ds_29_sample_id_86", "ds_134_sample_id_8", "ds_105_sample_id_69", "ds_166_sample_id_56", "ds_48_sample_id_135", "ds_111_sample_id_101", "ds_34_sample_id_106", "ds_47_sample_id_31", "ds_126_sample_id_114", "ds_17_sample_id_37", "ds_65_sample_id_63", "ds_60_sample_id_160", "ds_59_sample_id_99", "ds_77_sample_id_24", "ds_65_sample_id_70", "ds_148_sample_id_61", "ds_26_sample_id_3", "ds_142_sample_id_128", "ds_10_sample_id_11", "ds_170_sample_id_23", "ds_13_sample_id_83", "ds_151_sample_id_136", "ds_55_sample_id_7", "ds_40_sample_id_4", "ds_198_sample_id_137", "ds_35_sample_id_33", "ds_146_sample_id_35"], "group_7": ["ds_195_sample_id_89", "ds_162_sample_id_15", "ds_146_sample_id_5", "ds_133_sample_id_9", "ds_75_sample_id_131", "ds_40_sample_id_150", "ds_181_sample_id_127", "ds_195_sample_id_143", "ds_78_sample_id_105", "ds_66_sample_id_46", "ds_192_sample_id_97", "ds_96_sample_id_14", "ds_14_sample_id_163", "ds_138_sample_id_125", "ds_144_sample_id_173", "ds_145_sample_id_28", "ds_178_sample_id_141", "ds_148_sample_id_58", "ds_103_sample_id_21", "ds_185_sample_id_157", "ds_32_sample_id_66", "ds_8_sample_id_50", "ds_87_sample_id_80", "ds_27_sample_id_18", "ds_137_sample_id_42", "ds_55_sample_id_152", "ds_57_sample_id_166", "ds_130_sample_id_34", "ds_39_sample_id_102", "ds_143_sample_id_43", "ds_159_sample_id_29", "ds_58_sample_id_96", "ds_105_sample_id_69", "ds_74_sample_id_93", "ds_38_sample_id_144", "ds_32_sample_id_161", "ds_195_sample_id_64", "ds_34_sample_id_106", "ds_2_sample_id_82", "ds_180_sample_id_123", "ds_172_sample_id_129", "ds_115_sample_id_151", "ds_17_sample_id_37", "ds_182_sample_id_30", "ds_177_sample_id_113", "ds_59_sample_id_99", "ds_134_sample_id_38", "ds_170_sample_id_164", "ds_35_sample_id_0", "ds_70_sample_id_44", "ds_10_sample_id_11", "ds_137_sample_id_20", "ds_95_sample_id_92", "ds_92_sample_id_140", "ds_49_sample_id_2", "ds_60_sample_id_130", "ds_21_sample_id_109", "ds_40_sample_id_4", "ds_198_sample_id_137", "ds_64_sample_id_122", "ds_76_sample_id_81", "ds_111_sample_id_76", "ds_3_sample_id_77", "ds_140_sample_id_104"], "group_10": ["ds_195_sample_id_89", "ds_40_sample_id_170", "ds_162_sample_id_15", "ds_170_sample_id_90", "ds_29_sample_id_134", "ds_34_sample_id_107", "ds_40_sample_id_150", "ds_181_sample_id_127", "ds_195_sample_id_143", "ds_9_sample_id_79", "ds_84_sample_id_110", "ds_192_sample_id_97", "ds_127_sample_id_167", "ds_138_sample_id_125", "ds_148_sample_id_58", "ds_8_sample_id_50", "ds_10_sample_id_75", "ds_33_sample_id_73", "ds_136_sample_id_154", "ds_143_sample_id_43", "ds_65_sample_id_172", "ds_48_sample_id_135", "ds_13_sample_id_146", "ds_76_sample_id_115", "ds_54_sample_id_119", "ds_47_sample_id_31", "ds_75_sample_id_78", "ds_192_sample_id_168", "ds_106_sample_id_88", "ds_166_sample_id_94", "ds_17_sample_id_37", "ds_65_sample_id_63", "ds_199_sample_id_10", "ds_59_sample_id_99", "ds_170_sample_id_164", "ds_118_sample_id_153", "ds_65_sample_id_70", "ds_26_sample_id_3", "ds_142_sample_id_128", "ds_184_sample_id_138", "ds_35_sample_id_0", "ds_135_sample_id_95", "ds_70_sample_id_44", "ds_27_sample_id_1", "ds_95_sample_id_92", "ds_49_sample_id_2", "ds_60_sample_id_130", "ds_40_sample_id_4", "ds_117_sample_id_85", "ds_69_sample_id_26", "ds_41_sample_id_103", "ds_3_sample_id_77", "ds_140_sample_id_104"], "group_12": ["ds_195_sample_id_89", "ds_55_sample_id_126", "ds_188_sample_id_158", "ds_117_sample_id_74", "ds_163_sample_id_72", "ds_146_sample_id_5", "ds_34_sample_id_107", "ds_133_sample_id_9", "ds_70_sample_id_54", "ds_77_sample_id_149", "ds_101_sample_id_162", "ds_197_sample_id_48", "ds_75_sample_id_131", "ds_181_sample_id_127", "ds_9_sample_id_79", "ds_46_sample_id_36", "ds_80_sample_id_39", "ds_14_sample_id_163", "ds_138_sample_id_125", "ds_144_sample_id_173", "ds_187_sample_id_53", "ds_178_sample_id_141", "ds_131_sample_id_32", "ds_12_sample_id_41", "ds_137_sample_id_42", "ds_10_sample_id_75", "ds_146_sample_id_12", "ds_136_sample_id_154", "ds_130_sample_id_34", "ds_189_sample_id_60", "ds_151_sample_id_59", "ds_157_sample_id_62", "ds_48_sample_id_135", "ds_195_sample_id_64", "ds_139_sample_id_52", "ds_47_sample_id_31", "ds_2_sample_id_82", "ds_126_sample_id_114", "ds_75_sample_id_78", "ds_106_sample_id_88", "ds_174_sample_id_112", "ds_11_sample_id_91", "ds_182_sample_id_30", "ds_181_sample_id_165", "ds_177_sample_id_113", "ds_157_sample_id_51", "ds_194_sample_id_145", "ds_77_sample_id_24", "ds_170_sample_id_164", "ds_118_sample_id_153", "ds_65_sample_id_70", "ds_184_sample_id_138", "ds_135_sample_id_95", "ds_119_sample_id_117", "ds_70_sample_id_44", "ds_61_sample_id_156", "ds_193_sample_id_124", "ds_137_sample_id_20", "ds_70_sample_id_108", "ds_13_sample_id_83", "ds_60_sample_id_130", "ds_21_sample_id_109", "ds_55_sample_id_7", "ds_17_sample_id_25", "ds_56_sample_id_118", "ds_117_sample_id_85", "ds_76_sample_id_81", "ds_3_sample_id_77"], "group_18": ["ds_195_sample_id_89", "ds_200_sample_id_13", "ds_163_sample_id_72", "ds_146_sample_id_5", "ds_70_sample_id_54", "ds_75_sample_id_131", "ds_40_sample_id_150", "ds_5_sample_id_84", "ds_80_sample_id_39", "ds_84_sample_id_110", "ds_192_sample_id_97", "ds_96_sample_id_14", "ds_57_sample_id_148", "ds_138_sample_id_125", "ds_103_sample_id_21", "ds_27_sample_id_18", "ds_137_sample_id_42", "ds_130_sample_id_34", "ds_134_sample_id_8", "ds_105_sample_id_69", "ds_74_sample_id_93", "ds_32_sample_id_161", "ds_34_sample_id_106", "ds_54_sample_id_119", "ds_64_sample_id_169", "ds_180_sample_id_123", "ds_34_sample_id_121", "ds_45_sample_id_57", "ds_174_sample_id_112", "ds_115_sample_id_151", "ds_152_sample_id_6", "ds_166_sample_id_94", "ds_181_sample_id_165", "ds_194_sample_id_145", "ds_142_sample_id_128", "ds_35_sample_id_0", "ds_113_sample_id_147", "ds_10_sample_id_11", "ds_128_sample_id_159", "ds_60_sample_id_130", "ds_33_sample_id_47", "ds_31_sample_id_68", "ds_56_sample_id_118", "ds_152_sample_id_49", "ds_179_sample_id_17"], "group_1": ["ds_55_sample_id_126", "ds_40_sample_id_170", "ds_163_sample_id_72", "ds_65_sample_id_22", "ds_77_sample_id_149", "ds_197_sample_id_48", "ds_181_sample_id_127", "ds_9_sample_id_79", "ds_66_sample_id_46", "ds_192_sample_id_97", "ds_96_sample_id_14", "ds_153_sample_id_100", "ds_127_sample_id_167", "ds_187_sample_id_53", "ds_29_sample_id_16", "ds_10_sample_id_75", "ds_55_sample_id_152", "ds_146_sample_id_12", "ds_159_sample_id_29", "ds_105_sample_id_69", "ds_46_sample_id_139", "ds_111_sample_id_101", "ds_2_sample_id_82", "ds_34_sample_id_121", "ds_45_sample_id_57", "ds_192_sample_id_168", "ds_106_sample_id_88", "ds_152_sample_id_6", "ds_166_sample_id_94", "ds_65_sample_id_63", "ds_60_sample_id_160", "ds_59_sample_id_99", "ds_170_sample_id_164", "ds_26_sample_id_3", "ds_35_sample_id_0", "ds_113_sample_id_147", "ds_61_sample_id_156", "ds_10_sample_id_11", "ds_170_sample_id_23", "ds_128_sample_id_159", "ds_22_sample_id_55", "ds_81_sample_id_116", "ds_92_sample_id_140", "ds_60_sample_id_130", "ds_33_sample_id_47", "ds_117_sample_id_85", "ds_152_sample_id_49", "ds_101_sample_id_27", "ds_140_sample_id_104"], "group_2": ["ds_55_sample_id_126", "ds_117_sample_id_74", "ds_163_sample_id_72", "ds_112_sample_id_120", "ds_29_sample_id_134", "ds_34_sample_id_107", "ds_70_sample_id_54", "ds_77_sample_id_149", "ds_101_sample_id_162", "ds_40_sample_id_150", "ds_15_sample_id_67", "ds_66_sample_id_46", "ds_80_sample_id_39", "ds_84_sample_id_110", "ds_192_sample_id_97", "ds_96_sample_id_14", "ds_153_sample_id_100", "ds_187_sample_id_53", "ds_145_sample_id_28", "ds_178_sample_id_141", "ds_6_sample_id_98", "ds_185_sample_id_157", "ds_32_sample_id_66", "ds_137_sample_id_42", "ds_33_sample_id_73", "ds_57_sample_id_166", "ds_189_sample_id_60", "ds_39_sample_id_102", "ds_143_sample_id_43", "ds_105_sample_id_69", "ds_38_sample_id_144", "ds_166_sample_id_56", "ds_80_sample_id_71", "ds_18_sample_id_45", "ds_64_sample_id_169", "ds_174_sample_id_112", "ds_152_sample_id_6", "ds_166_sample_id_94", "ds_182_sample_id_30", "ds_181_sample_id_165", "ds_177_sample_id_113", "ds_59_sample_id_99", "ds_134_sample_id_38", "ds_77_sample_id_24", "ds_148_sample_id_61", "ds_184_sample_id_138", "ds_70_sample_id_44", "ds_61_sample_id_156", "ds_27_sample_id_1", "ds_22_sample_id_55", "ds_137_sample_id_20", "ds_92_sample_id_140", "ds_151_sample_id_136", "ds_49_sample_id_2", "ds_55_sample_id_7", "ds_40_sample_id_4", "ds_76_sample_id_81", "ds_111_sample_id_76", "ds_146_sample_id_35"], "group_15": ["ds_55_sample_id_126", "ds_40_sample_id_170", "ds_146_sample_id_5", "ds_65_sample_id_22", "ds_170_sample_id_90", "ds_112_sample_id_120", "ds_34_sample_id_107", "ds_70_sample_id_54", "ds_181_sample_id_127", "ds_9_sample_id_79", "ds_5_sample_id_84", "ds_192_sample_id_97", "ds_137_sample_id_155", "ds_153_sample_id_100", "ds_138_sample_id_125", "ds_6_sample_id_98", "ds_185_sample_id_157", "ds_8_sample_id_50", "ds_12_sample_id_41", "ds_10_sample_id_75", "ds_55_sample_id_152", "ds_33_sample_id_73", "ds_65_sample_id_172", "ds_105_sample_id_69", "ds_157_sample_id_62", "ds_42_sample_id_171", "ds_38_sample_id_144", "ds_195_sample_id_64", "ds_139_sample_id_52", "ds_13_sample_id_146", "ds_76_sample_id_115", "ds_126_sample_id_114", "ds_172_sample_id_129", "ds_45_sample_id_57", "ds_106_sample_id_88", "ds_17_sample_id_37", "ds_182_sample_id_30", "ds_60_sample_id_160", "ds_157_sample_id_51", "ds_134_sample_id_38", "ds_77_sample_id_24", "ds_65_sample_id_70", "ds_142_sample_id_128", "ds_184_sample_id_138", "ds_100_sample_id_133", "ds_170_sample_id_23", "ds_22_sample_id_55", "ds_193_sample_id_124", "ds_137_sample_id_20", "ds_95_sample_id_92", "ds_81_sample_id_116", "ds_151_sample_id_136", "ds_21_sample_id_109", "ds_33_sample_id_47", "ds_156_sample_id_65", "ds_17_sample_id_25", "ds_31_sample_id_68", "ds_152_sample_id_49", "ds_69_sample_id_26", "ds_101_sample_id_27", "ds_179_sample_id_17"], "group_5": ["ds_40_sample_id_170", "ds_20_sample_id_40", "ds_117_sample_id_74", "ds_65_sample_id_22", "ds_29_sample_id_134", "ds_34_sample_id_107", "ds_133_sample_id_9", "ds_40_sample_id_150", "ds_9_sample_id_79", "ds_5_sample_id_84", "ds_80_sample_id_39", "ds_96_sample_id_14", "ds_57_sample_id_148", "ds_153_sample_id_100", "ds_138_sample_id_125", "ds_145_sample_id_28", "ds_178_sample_id_141", "ds_148_sample_id_58", "ds_6_sample_id_98", "ds_27_sample_id_18", "ds_12_sample_id_41", "ds_137_sample_id_42", "ds_136_sample_id_154", "ds_130_sample_id_34", "ds_143_sample_id_43", "ds_58_sample_id_96", "ds_42_sample_id_171", "ds_48_sample_id_135", "ds_134_sample_id_132", "ds_47_sample_id_31", "ds_18_sample_id_45", "ds_180_sample_id_123", "ds_126_sample_id_114", "ds_34_sample_id_121", "ds_172_sample_id_129", "ds_45_sample_id_57", "ds_75_sample_id_78", "ds_115_sample_id_151", "ds_182_sample_id_30", "ds_177_sample_id_113", "ds_134_sample_id_38", "ds_77_sample_id_24", "ds_65_sample_id_70", "ds_35_sample_id_0", "ds_135_sample_id_95", "ds_10_sample_id_11", "ds_170_sample_id_23", "ds_27_sample_id_1", "ds_70_sample_id_108", "ds_92_sample_id_140", "ds_55_sample_id_7", "ds_156_sample_id_65", "ds_198_sample_id_137", "ds_31_sample_id_68", "ds_64_sample_id_122", "ds_146_sample_id_35"], "group_14": ["ds_40_sample_id_170", "ds_20_sample_id_40", "ds_188_sample_id_158", "ds_163_sample_id_72", "ds_112_sample_id_120", "ds_29_sample_id_134", "ds_34_sample_id_107", "ds_133_sample_id_9", "ds_75_sample_id_131", "ds_40_sample_id_150", "ds_181_sample_id_127", "ds_46_sample_id_36", "ds_153_sample_id_100", "ds_14_sample_id_163", "ds_187_sample_id_53", "ds_145_sample_id_28", "ds_131_sample_id_32", "ds_185_sample_id_157", "ds_29_sample_id_16", "ds_27_sample_id_18", "ds_12_sample_id_41", "ds_10_sample_id_75", "ds_146_sample_id_12", "ds_161_sample_id_142", "ds_87_sample_id_111", "ds_151_sample_id_59", "ds_29_sample_id_86", "ds_157_sample_id_62", "ds_42_sample_id_171", "ds_38_sample_id_144", "ds_80_sample_id_71", "ds_34_sample_id_106", "ds_13_sample_id_146", "ds_134_sample_id_132", "ds_54_sample_id_119", "ds_47_sample_id_31", "ds_174_sample_id_112", "ds_115_sample_id_151", "ds_60_sample_id_160", "ds_177_sample_id_113", "ds_157_sample_id_51", "ds_59_sample_id_99", "ds_170_sample_id_164", "ds_118_sample_id_153", "ds_61_sample_id_156", "ds_92_sample_id_140", "ds_13_sample_id_83", "ds_151_sample_id_136", "ds_60_sample_id_130", "ds_156_sample_id_65", "ds_198_sample_id_137", "ds_35_sample_id_33", "ds_64_sample_id_122", "ds_111_sample_id_76", "ds_41_sample_id_103", "ds_179_sample_id_17", "ds_140_sample_id_104"], "group_19": ["ds_40_sample_id_170", "ds_117_sample_id_74", "ds_34_sample_id_107", "ds_197_sample_id_48", "ds_40_sample_id_150", "ds_15_sample_id_67", "ds_195_sample_id_143", "ds_9_sample_id_79", "ds_5_sample_id_84", "ds_78_sample_id_105", "ds_80_sample_id_39", "ds_84_sample_id_110", "ds_96_sample_id_14", "ds_153_sample_id_100", "ds_14_sample_id_163", "ds_127_sample_id_167", "ds_138_sample_id_125", "ds_178_sample_id_141", "ds_32_sample_id_66", "ds_8_sample_id_50", "ds_137_sample_id_42", "ds_10_sample_id_75", "ds_136_sample_id_154", "ds_39_sample_id_102", "ds_159_sample_id_29", "ds_58_sample_id_96", "ds_157_sample_id_62", "ds_166_sample_id_56", "ds_32_sample_id_161", "ds_195_sample_id_64", "ds_76_sample_id_115", "ds_134_sample_id_132", "ds_2_sample_id_82", "ds_18_sample_id_45", "ds_126_sample_id_114", "ds_34_sample_id_121", "ds_192_sample_id_168", "ds_11_sample_id_91", "ds_181_sample_id_165", "ds_60_sample_id_160", "ds_157_sample_id_51", "ds_59_sample_id_99", "ds_65_sample_id_70", "ds_148_sample_id_61", "ds_26_sample_id_3", "ds_142_sample_id_128", "ds_113_sample_id_147", "ds_27_sample_id_1", "ds_128_sample_id_159", "ds_95_sample_id_92", "ds_70_sample_id_108", "ds_138_sample_id_87", "ds_151_sample_id_136", "ds_152_sample_id_49", "ds_111_sample_id_76", "ds_101_sample_id_27", "ds_179_sample_id_17"], "group_3": ["ds_200_sample_id_13", "ds_188_sample_id_158", "ds_117_sample_id_74", "ds_146_sample_id_5", "ds_65_sample_id_22", "ds_34_sample_id_107", "ds_70_sample_id_54", "ds_77_sample_id_149", "ds_101_sample_id_162", "ds_75_sample_id_131", "ds_40_sample_id_150", "ds_181_sample_id_127", "ds_15_sample_id_67", "ds_195_sample_id_143", "ds_78_sample_id_105", "ds_80_sample_id_39", "ds_84_sample_id_110", "ds_192_sample_id_97", "ds_137_sample_id_155", "ds_153_sample_id_100", "ds_14_sample_id_163", "ds_144_sample_id_173", "ds_103_sample_id_21", "ds_131_sample_id_32", "ds_32_sample_id_66", "ds_87_sample_id_80", "ds_29_sample_id_16", "ds_27_sample_id_18", "ds_12_sample_id_41", "ds_161_sample_id_142", "ds_33_sample_id_73", "ds_57_sample_id_166", "ds_136_sample_id_154", "ds_39_sample_id_102", "ds_87_sample_id_111", "ds_159_sample_id_29", "ds_65_sample_id_172", "ds_151_sample_id_59", "ds_74_sample_id_93", "ds_32_sample_id_161", "ds_13_sample_id_146", "ds_2_sample_id_82", "ds_18_sample_id_45", "ds_172_sample_id_129", "ds_192_sample_id_168", "ds_11_sample_id_91", "ds_152_sample_id_6", "ds_166_sample_id_94", "ds_17_sample_id_37", "ds_181_sample_id_165", "ds_60_sample_id_160", "ds_199_sample_id_10", "ds_157_sample_id_51", "ds_59_sample_id_99", "ds_142_sample_id_128", "ds_184_sample_id_138", "ds_135_sample_id_95", "ds_70_sample_id_44", "ds_170_sample_id_23", "ds_22_sample_id_55", "ds_193_sample_id_124", "ds_95_sample_id_92", "ds_81_sample_id_116", "ds_138_sample_id_87", "ds_151_sample_id_136", "ds_49_sample_id_2", "ds_21_sample_id_109"], "group_16": ["ds_200_sample_id_13", "ds_20_sample_id_40", "ds_170_sample_id_90", "ds_29_sample_id_134", "ds_70_sample_id_54", "ds_101_sample_id_162", "ds_9_sample_id_79", "ds_66_sample_id_46", "ds_153_sample_id_100", "ds_14_sample_id_163", "ds_144_sample_id_173", "ds_103_sample_id_21", "ds_131_sample_id_32", "ds_185_sample_id_157", "ds_32_sample_id_66", "ds_87_sample_id_80", "ds_27_sample_id_18", "ds_137_sample_id_42", "ds_55_sample_id_152", "ds_161_sample_id_142", "ds_136_sample_id_154", "ds_130_sample_id_34", "ds_39_sample_id_102", "ds_65_sample_id_172", "ds_151_sample_id_59", "ds_58_sample_id_96", "ds_134_sample_id_8", "ds_105_sample_id_69", "ds_42_sample_id_171", "ds_38_sample_id_144", "ds_48_sample_id_135", "ds_80_sample_id_71", "ds_195_sample_id_64", "ds_34_sample_id_106", "ds_134_sample_id_132", "ds_18_sample_id_45", "ds_64_sample_id_169", "ds_180_sample_id_123", "ds_172_sample_id_129", "ds_75_sample_id_78", "ds_192_sample_id_168", "ds_106_sample_id_88", "ds_174_sample_id_112", "ds_152_sample_id_6", "ds_181_sample_id_165", "ds_157_sample_id_51", "ds_59_sample_id_99", "ds_134_sample_id_38", "ds_170_sample_id_164", "ds_65_sample_id_70", "ds_148_sample_id_61", "ds_142_sample_id_128", "ds_135_sample_id_95", "ds_61_sample_id_156", "ds_10_sample_id_11", "ds_27_sample_id_1", "ds_22_sample_id_55", "ds_193_sample_id_124", "ds_137_sample_id_20", "ds_95_sample_id_92", "ds_13_sample_id_83", "ds_138_sample_id_87", "ds_151_sample_id_136", "ds_55_sample_id_7", "ds_156_sample_id_65", "ds_17_sample_id_25", "ds_198_sample_id_137", "ds_152_sample_id_49", "ds_76_sample_id_81", "ds_101_sample_id_27"], "group_4": ["ds_162_sample_id_15", "ds_117_sample_id_74", "ds_170_sample_id_90", "ds_29_sample_id_134", "ds_34_sample_id_107", "ds_133_sample_id_9", "ds_70_sample_id_54", "ds_181_sample_id_127", "ds_66_sample_id_46", "ds_192_sample_id_97", "ds_96_sample_id_14", "ds_137_sample_id_155", "ds_153_sample_id_100", "ds_14_sample_id_163", "ds_127_sample_id_167", "ds_144_sample_id_173", "ds_187_sample_id_53", "ds_103_sample_id_21", "ds_131_sample_id_32", "ds_8_sample_id_50", "ds_87_sample_id_80", "ds_12_sample_id_41", "ds_137_sample_id_42", "ds_57_sample_id_166", "ds_130_sample_id_34", "ds_189_sample_id_60", "ds_39_sample_id_102", "ds_87_sample_id_111", "ds_143_sample_id_43", "ds_29_sample_id_86", "ds_157_sample_id_62", "ds_42_sample_id_171", "ds_166_sample_id_56", "ds_46_sample_id_139", "ds_80_sample_id_71", "ds_195_sample_id_64", "ds_134_sample_id_132", "ds_64_sample_id_169", "ds_34_sample_id_121", "ds_106_sample_id_88", "ds_174_sample_id_112", "ds_11_sample_id_91", "ds_65_sample_id_63", "ds_199_sample_id_10", "ds_194_sample_id_145", "ds_118_sample_id_153", "ds_26_sample_id_3", "ds_135_sample_id_95", "ds_100_sample_id_133", "ds_119_sample_id_117", "ds_170_sample_id_23", "ds_27_sample_id_1", "ds_70_sample_id_108", "ds_81_sample_id_116", "ds_151_sample_id_136", "ds_55_sample_id_7", "ds_117_sample_id_85", "ds_69_sample_id_26", "ds_76_sample_id_81", "ds_111_sample_id_76", "ds_41_sample_id_103", "ds_3_sample_id_77", "ds_101_sample_id_27"]}}