{"ds_15_sample_id_0": [], "ds_218_sample_id_1": [], "ds_117_sample_id_2": [], "ds_50_sample_id_3": [], "ds_309_sample_id_4": [], "ds_369_sample_id_5": ["DOMAIN_NAME", "LOCATION"], "ds_338_sample_id_6": [], "ds_115_sample_id_7": [], "ds_336_sample_id_8": [], "ds_57_sample_id_9": [], "ds_35_sample_id_10": [], "ds_252_sample_id_11": [], "ds_396_sample_id_12": ["DOMAIN_NAME"], "ds_190_sample_id_13": [], "ds_0_sample_id_14": [], "ds_347_sample_id_15": [], "ds_307_sample_id_16": [], "ds_10_sample_id_17": [], "ds_75_sample_id_18": [], "ds_224_sample_id_19": [], "ds_184_sample_id_20": [], "ds_311_sample_id_21": [], "ds_207_sample_id_22": [], "ds_247_sample_id_23": [], "ds_50_sample_id_24": [], "ds_248_sample_id_25": [], "ds_360_sample_id_26": ["CREDIT_CARD", "DOMAIN_NAME", "EMAIL_ADDRESS", "IP_ADDRESS", "LOCATION", "PERSON", "PHONE_NUMBER", "US_DRIVER_LICENSE"], "ds_123_sample_id_27": [], "ds_103_sample_id_28": [], "ds_395_sample_id_29": ["DOMAIN_NAME", "LOCATION", "PERSON", "US_DRIVER_LICENSE"], "ds_328_sample_id_30": [], "ds_395_sample_id_31": ["DOMAIN_NAME", "LOCATION", "PERSON", "US_DRIVER_LICENSE"], "ds_212_sample_id_32": [], "ds_331_sample_id_33": [], "ds_43_sample_id_34": ["DOMAIN_NAME", "EMAIL_ADDRESS", "LOCATION", "PERSON"], "ds_204_sample_id_35": [], "ds_396_sample_id_36": ["DOMAIN_NAME"], "ds_388_sample_id_37": ["DOMAIN_NAME", "LOCATION", "PHONE_NUMBER"], "ds_31_sample_id_38": [], "ds_361_sample_id_39": ["DOMAIN_NAME", "EMAIL_ADDRESS", "LOCATION", "PERSON", "PHONE_NUMBER"], "ds_254_sample_id_40": [], "ds_65_sample_id_41": [], "ds_129_sample_id_42": [], "ds_254_sample_id_43": [], "ds_351_sample_id_44": ["LOCATION", "PERSON"], "ds_303_sample_id_45": [], "ds_112_sample_id_46": [], "ds_295_sample_id_47": [], "ds_239_sample_id_48": [], "ds_369_sample_id_49": ["DOMAIN_NAME", "LOCATION"], "ds_333_sample_id_50": [], "ds_121_sample_id_51": [], "ds_11_sample_id_52": [], "ds_121_sample_id_53": [], "ds_48_sample_id_54": [], "ds_312_sample_id_55": [], "ds_54_sample_id_56": [], "ds_134_sample_id_57": ["DOMAIN_NAME", "IP_ADDRESS", "LOCATION"], "ds_35_sample_id_58": [], "ds_194_sample_id_59": [], "ds_392_sample_id_60": ["DOMAIN_NAME", "IP_ADDRESS", "LOCATION", "PERSON", "US_DRIVER_LICENSE"], "ds_306_sample_id_61": ["CREDIT_CARD", "DOMAIN_NAME", "EMAIL_ADDRESS", "IP_ADDRESS", "LOCATION", "PERSON", "PHONE_NUMBER"], "ds_179_sample_id_62": [], "ds_32_sample_id_63": [], "ds_313_sample_id_64": [], "ds_381_sample_id_65": ["CREDIT_CARD", "DOMAIN_NAME", "EMAIL_ADDRESS", "IP_ADDRESS", "LOCATION", "PERSON", "PHONE_NUMBER", "US_DRIVER_LICENSE"], "ds_11_sample_id_66": [], "ds_127_sample_id_67": [], "ds_131_sample_id_68": [], "ds_244_sample_id_69": [], "ds_395_sample_id_70": ["DOMAIN_NAME", "LOCATION", "PERSON", "US_DRIVER_LICENSE"], "ds_27_sample_id_71": [], "ds_5_sample_id_72": ["CREDIT_CARD", "DOMAIN_NAME", "IP_ADDRESS", "LOCATION", "PERSON"], "ds_347_sample_id_73": [], "ds_350_sample_id_74": ["LOCATION"], "ds_356_sample_id_75": ["EMAIL_ADDRESS", "PERSON"], "ds_287_sample_id_76": [], "ds_161_sample_id_77": [], "ds_100_sample_id_78": [], "ds_238_sample_id_79": [], "ds_35_sample_id_80": [], "ds_89_sample_id_81": [], "ds_99_sample_id_82": [], "ds_256_sample_id_83": [], "ds_92_sample_id_84": [], "ds_58_sample_id_85": [], "ds_45_sample_id_86": [], "ds_80_sample_id_87": [], "ds_57_sample_id_88": [], "ds_379_sample_id_89": [], "ds_116_sample_id_90": [], "ds_295_sample_id_91": [], "ds_47_sample_id_92": [], "ds_364_sample_id_93": ["DOMAIN_NAME", "LOCATION", "PERSON", "PHONE_NUMBER"], "ds_82_sample_id_94": [], "ds_60_sample_id_95": [], "ds_75_sample_id_96": [], "ds_11_sample_id_97": [], "ds_3_sample_id_98": [], "ds_286_sample_id_99": [], "ds_159_sample_id_100": [], "ds_296_sample_id_101": [], "ds_234_sample_id_102": [], "ds_352_sample_id_103": ["EMAIL_ADDRESS", "US_DRIVER_LICENSE"], "ds_139_sample_id_104": [], "ds_156_sample_id_105": [], "ds_351_sample_id_106": ["LOCATION", "PERSON"], "ds_70_sample_id_107": [], "ds_215_sample_id_108": [], "ds_320_sample_id_109": [], "ds_51_sample_id_110": [], "ds_363_sample_id_111": ["CREDIT_CARD", "DOMAIN_NAME", "EMAIL_ADDRESS", "IP_ADDRESS", "LOCATION", "PERSON", "PHONE_NUMBER", "US_DRIVER_LICENSE"], "ds_94_sample_id_112": [], "ds_374_sample_id_113": ["DOMAIN_NAME", "EMAIL_ADDRESS", "IP_ADDRESS", "LOCATION", "PERSON", "US_DRIVER_LICENSE"], "ds_104_sample_id_114": [], "ds_148_sample_id_115": [], "ds_302_sample_id_116": [], "ds_277_sample_id_117": [], "ds_50_sample_id_118": [], "ds_71_sample_id_119": [], "ds_82_sample_id_120": [], "ds_321_sample_id_121": [], "ds_206_sample_id_122": [], "ds_276_sample_id_123": [], "ds_357_sample_id_124": ["CREDIT_CARD", "IP_ADDRESS", "LOCATION", "PERSON", "PHONE_NUMBER", "US_DRIVER_LICENSE"], "ds_68_sample_id_125": [], "ds_62_sample_id_126": [], "ds_122_sample_id_127": [], "ds_132_sample_id_128": ["CREDIT_CARD", "DOMAIN_NAME", "EMAIL_ADDRESS", "LOCATION", "PERSON", "PHONE_NUMBER"], "ds_180_sample_id_129": [], "ds_82_sample_id_130": [], "ds_199_sample_id_131": [], "ds_103_sample_id_132": [], "ds_171_sample_id_133": [], "ds_238_sample_id_134": [], "ds_323_sample_id_135": [], "ds_123_sample_id_136": [], "ds_230_sample_id_137": [], "ds_192_sample_id_138": [], "ds_232_sample_id_139": [], "ds_374_sample_id_140": ["DOMAIN_NAME", "EMAIL_ADDRESS", "IP_ADDRESS", "LOCATION", "PERSON", "US_DRIVER_LICENSE"], "ds_11_sample_id_141": [], "ds_11_sample_id_142": [], "ds_140_sample_id_143": [], "ds_284_sample_id_144": [], "ds_345_sample_id_145": [], "ds_228_sample_id_146": [], "ds_199_sample_id_147": [], "ds_115_sample_id_148": [], "ds_283_sample_id_149": [], "ds_200_sample_id_150": [], "ds_6_sample_id_151": [], "ds_354_sample_id_152": ["CREDIT_CARD", "PHONE_NUMBER"], "ds_130_sample_id_153": [], "ds_369_sample_id_154": ["DOMAIN_NAME", "LOCATION"], "ds_178_sample_id_155": [], "ds_19_sample_id_156": [], "ds_278_sample_id_157": [], "ds_210_sample_id_158": [], "ds_121_sample_id_159": [], "ds_216_sample_id_160": [], "ds_99_sample_id_161": [], "ds_9_sample_id_162": [], "ds_255_sample_id_163": [], "ds_54_sample_id_164": [], "ds_347_sample_id_165": [], "ds_238_sample_id_166": [], "ds_300_sample_id_167": [], "ds_131_sample_id_168": [], "ds_275_sample_id_169": [], "ds_393_sample_id_170": ["DOMAIN_NAME", "LOCATION", "PERSON", "US_DRIVER_LICENSE"], "ds_16_sample_id_171": [], "ds_82_sample_id_172": [], "ds_149_sample_id_173": [], "ds_300_sample_id_174": [], "ds_301_sample_id_175": [], "ds_352_sample_id_176": ["EMAIL_ADDRESS", "US_DRIVER_LICENSE"], "ds_144_sample_id_177": ["DOMAIN_NAME", "EMAIL_ADDRESS", "IP_ADDRESS", "LOCATION", "PERSON"], "ds_108_sample_id_178": [], "ds_344_sample_id_179": [], "ds_170_sample_id_180": [], "ds_364_sample_id_181": ["DOMAIN_NAME", "LOCATION", "PERSON", "PHONE_NUMBER"], "ds_42_sample_id_182": [], "ds_345_sample_id_183": [], "ds_213_sample_id_184": [], "ds_288_sample_id_185": [], "ds_113_sample_id_186": [], "ds_166_sample_id_187": [], "ds_338_sample_id_188": [], "ds_304_sample_id_189": [], "ds_83_sample_id_190": [], "ds_239_sample_id_191": [], "ds_320_sample_id_192": [], "ds_75_sample_id_193": [], "ds_391_sample_id_194": ["DOMAIN_NAME", "EMAIL_ADDRESS", "IP_ADDRESS", "LOCATION", "PERSON", "US_DRIVER_LICENSE"], "ds_310_sample_id_195": [], "ds_45_sample_id_196": [], "ds_122_sample_id_197": [], "ds_87_sample_id_198": [], "ds_154_sample_id_199": ["DOMAIN_NAME", "EMAIL_ADDRESS", "IP_ADDRESS", "LOCATION", "PERSON"], "ds_28_sample_id_200": [], "ds_175_sample_id_201": [], "ds_160_sample_id_202": [], "ds_360_sample_id_203": ["CREDIT_CARD", "DOMAIN_NAME", "EMAIL_ADDRESS", "IP_ADDRESS", "LOCATION", "PERSON", "PHONE_NUMBER", "US_DRIVER_LICENSE"], "ds_190_sample_id_204": [], "ds_244_sample_id_205": [], "ds_349_sample_id_206": ["CREDIT_CARD", "DOMAIN_NAME", "EMAIL_ADDRESS", "IP_ADDRESS", "LOCATION", "PERSON", "PHONE_NUMBER", "US_DRIVER_LICENSE"], "ds_385_sample_id_207": ["LOCATION", "PERSON", "PHONE_NUMBER", "US_DRIVER_LICENSE"], "ds_204_sample_id_208": [], "ds_224_sample_id_209": [], "ds_158_sample_id_210": [], "ds_334_sample_id_211": [], "ds_393_sample_id_212": ["DOMAIN_NAME", "LOCATION", "PERSON", "US_DRIVER_LICENSE"], "ds_273_sample_id_213": [], "ds_135_sample_id_214": [], "ds_318_sample_id_215": [], "ds_349_sample_id_216": ["CREDIT_CARD", "DOMAIN_NAME", "EMAIL_ADDRESS", "IP_ADDRESS", "LOCATION", "PERSON", "PHONE_NUMBER", "US_DRIVER_LICENSE"], "ds_208_sample_id_217": [], "ds_147_sample_id_218": [], "ds_35_sample_id_219": [], "ds_266_sample_id_220": [], "ds_197_sample_id_221": [], "ds_378_sample_id_222": ["DOMAIN_NAME", "EMAIL_ADDRESS", "LOCATION", "PERSON", "PHONE_NUMBER", "US_DRIVER_LICENSE"], "ds_310_sample_id_223": [], "ds_263_sample_id_224": [], "ds_84_sample_id_225": [], "ds_318_sample_id_226": [], "ds_365_sample_id_227": ["DOMAIN_NAME", "EMAIL_ADDRESS", "LOCATION", "US_DRIVER_LICENSE"], "ds_261_sample_id_228": [], "ds_151_sample_id_229": [], "ds_311_sample_id_230": [], "ds_284_sample_id_231": [], "ds_148_sample_id_232": [], "ds_298_sample_id_233": [], "ds_5_sample_id_234": ["CREDIT_CARD", "DOMAIN_NAME", "IP_ADDRESS", "LOCATION", "PERSON"], "ds_351_sample_id_235": ["LOCATION", "PERSON"], "ds_341_sample_id_236": [], "ds_114_sample_id_237": [], "ds_152_sample_id_238": ["LOCATION"], "ds_237_sample_id_239": [], "ds_200_sample_id_240": [], "ds_179_sample_id_241": [], "ds_380_sample_id_242": ["CREDIT_CARD", "DOMAIN_NAME", "EMAIL_ADDRESS", "IP_ADDRESS", "LOCATION", "PERSON", "PHONE_NUMBER", "US_DRIVER_LICENSE"], "ds_268_sample_id_243": [], "ds_229_sample_id_244": [], "ds_336_sample_id_245": [], "ds_72_sample_id_246": [], "ds_194_sample_id_247": [], "ds_322_sample_id_248": [], "ds_347_sample_id_249": [], "ds_83_sample_id_250": [], "ds_356_sample_id_251": ["EMAIL_ADDRESS", "PERSON"], "ds_296_sample_id_252": [], "ds_171_sample_id_253": [], "ds_290_sample_id_254": [], "ds_260_sample_id_255": [], "ds_6_sample_id_256": [], "ds_292_sample_id_257": [], "ds_68_sample_id_258": [], "ds_287_sample_id_259": [], "ds_361_sample_id_260": ["DOMAIN_NAME", "EMAIL_ADDRESS", "LOCATION", "PERSON", "PHONE_NUMBER"], "ds_62_sample_id_261": [], "ds_147_sample_id_262": [], "ds_239_sample_id_263": [], "ds_355_sample_id_264": ["DOMAIN_NAME", "EMAIL_ADDRESS", "IP_ADDRESS", "LOCATION", "PERSON", "US_DRIVER_LICENSE"], "ds_266_sample_id_265": [], "ds_168_sample_id_266": [], "ds_346_sample_id_267": [], "ds_317_sample_id_268": [], "ds_182_sample_id_269": [], "ds_188_sample_id_270": [], "ds_269_sample_id_271": [], "ds_37_sample_id_272": ["CREDIT_CARD", "DOMAIN_NAME", "EMAIL_ADDRESS", "LOCATION", "PERSON", "PHONE_NUMBER"], "ds_197_sample_id_273": [], "ds_13_sample_id_274": [], "ds_268_sample_id_275": [], "ds_289_sample_id_276": [], "ds_15_sample_id_277": [], "ds_196_sample_id_278": [], "ds_167_sample_id_279": [], "ds_395_sample_id_280": ["DOMAIN_NAME", "LOCATION", "PERSON", "US_DRIVER_LICENSE"], "ds_45_sample_id_281": [], "ds_104_sample_id_282": [], "ds_243_sample_id_283": [], "ds_64_sample_id_284": [], "ds_50_sample_id_285": [], "ds_315_sample_id_286": [], "ds_53_sample_id_287": [], "ds_259_sample_id_288": []}