{"ds_395_sample_id_0": [], "ds_350_sample_id_1": [], "ds_404_sample_id_2": ["DOMAIN_NAME", "IP_ADDRESS", "PERSON", "US_DRIVER_LICENSE"], "ds_286_sample_id_3": [], "ds_517_sample_id_4": [], "ds_254_sample_id_5": [], "ds_62_sample_id_6": [], "ds_147_sample_id_7": [], "ds_42_sample_id_8": ["DOMAIN_NAME", "LOCATION"], "ds_297_sample_id_9": [], "ds_187_sample_id_10": [], "ds_88_sample_id_11": ["CREDIT_CARD", "DOMAIN_NAME", "IP_ADDRESS", "LOCATION", "PERSON"], "ds_530_sample_id_12": [], "ds_244_sample_id_13": [], "ds_12_sample_id_14": [], "ds_325_sample_id_15": [], "ds_524_sample_id_16": [], "ds_252_sample_id_17": [], "ds_512_sample_id_18": [], "ds_317_sample_id_19": [], "ds_197_sample_id_20": [], "ds_331_sample_id_21": [], "ds_540_sample_id_22": [], "ds_476_sample_id_23": [], "ds_325_sample_id_24": [], "ds_276_sample_id_25": [], "ds_405_sample_id_26": [], "ds_210_sample_id_27": [], "ds_376_sample_id_28": [], "ds_184_sample_id_29": [], "ds_203_sample_id_30": [], "ds_177_sample_id_31": [], "ds_408_sample_id_32": [], "ds_369_sample_id_33": [], "ds_494_sample_id_34": [], "ds_83_sample_id_35": [], "ds_287_sample_id_36": [], "ds_217_sample_id_37": [], "ds_107_sample_id_38": [], "ds_416_sample_id_39": [], "ds_303_sample_id_40": [], "ds_531_sample_id_41": [], "ds_44_sample_id_42": [], "ds_393_sample_id_43": [], "ds_293_sample_id_44": [], "ds_427_sample_id_45": [], "ds_464_sample_id_46": [], "ds_337_sample_id_47": ["DOMAIN_NAME", "IP_ADDRESS", "LOCATION", "PERSON"], "ds_275_sample_id_48": [], "ds_529_sample_id_49": [], "ds_367_sample_id_50": [], "ds_387_sample_id_51": [], "ds_222_sample_id_52": [], "ds_174_sample_id_53": [], "ds_133_sample_id_54": [], "ds_385_sample_id_55": [], "ds_160_sample_id_56": [], "ds_57_sample_id_57": [], "ds_286_sample_id_58": [], "ds_25_sample_id_59": [], "ds_479_sample_id_60": [], "ds_8_sample_id_61": [], "ds_187_sample_id_62": [], "ds_34_sample_id_63": [], "ds_26_sample_id_64": [], "ds_453_sample_id_65": [], "ds_119_sample_id_66": [], "ds_519_sample_id_67": [], "ds_335_sample_id_68": [], "ds_219_sample_id_69": [], "ds_510_sample_id_70": [], "ds_539_sample_id_71": [], "ds_156_sample_id_72": [], "ds_254_sample_id_73": [], "ds_486_sample_id_74": [], "ds_204_sample_id_75": [], "ds_387_sample_id_76": [], "ds_378_sample_id_77": ["CREDIT_CARD", "DOMAIN_NAME", "IP_ADDRESS"], "ds_381_sample_id_78": [], "ds_242_sample_id_79": [], "ds_246_sample_id_80": [], "ds_366_sample_id_81": [], "ds_513_sample_id_82": [], "ds_223_sample_id_83": [], "ds_236_sample_id_84": [], "ds_440_sample_id_85": [], "ds_321_sample_id_86": [], "ds_259_sample_id_87": [], "ds_445_sample_id_88": [], "ds_345_sample_id_89": [], "ds_197_sample_id_90": [], "ds_332_sample_id_91": [], "ds_534_sample_id_92": [], "ds_58_sample_id_93": ["DOMAIN_NAME", "IP_ADDRESS", "PERSON"], "ds_92_sample_id_94": [], "ds_442_sample_id_95": [], "ds_500_sample_id_96": [], "ds_75_sample_id_97": [], "ds_541_sample_id_98": [], "ds_425_sample_id_99": [], "ds_187_sample_id_100": [], "ds_186_sample_id_101": [], "ds_400_sample_id_102": [], "ds_415_sample_id_103": [], "ds_78_sample_id_104": ["DOMAIN_NAME"], "ds_360_sample_id_105": [], "ds_49_sample_id_106": [], "ds_262_sample_id_107": [], "ds_342_sample_id_108": [], "ds_65_sample_id_109": [], "ds_409_sample_id_110": [], "ds_97_sample_id_111": ["IP_ADDRESS"], "ds_237_sample_id_112": [], "ds_60_sample_id_113": [], "ds_393_sample_id_114": [], "ds_509_sample_id_115": [], "ds_79_sample_id_116": [], "ds_80_sample_id_117": [], "ds_282_sample_id_118": [], "ds_514_sample_id_119": [], "ds_440_sample_id_120": [], "ds_333_sample_id_121": [], "ds_176_sample_id_122": [], "ds_536_sample_id_123": [], "ds_377_sample_id_124": [], "ds_318_sample_id_125": [], "ds_450_sample_id_126": [], "ds_207_sample_id_127": [], "ds_407_sample_id_128": [], "ds_58_sample_id_129": ["DOMAIN_NAME", "IP_ADDRESS", "PERSON"], "ds_476_sample_id_130": [], "ds_276_sample_id_131": [], "ds_80_sample_id_132": [], "ds_17_sample_id_133": [], "ds_479_sample_id_134": [], "ds_39_sample_id_135": [], "ds_20_sample_id_136": [], "ds_468_sample_id_137": [], "ds_27_sample_id_138": [], "ds_308_sample_id_139": [], "ds_19_sample_id_140": [], "ds_17_sample_id_141": []}