{"user_group_edges": {"group_4": ["user_443_sample_id_8", "user_50_sample_id_1", "user_488_sample_id_22", "user_142_sample_id_2", "user_509_sample_id_30"], "group_8": ["user_443_sample_id_8", "user_63_sample_id_27", "user_489_sample_id_7", "user_513_sample_id_32", "user_266_sample_id_21"], "group_15": ["user_443_sample_id_8", "user_370_sample_id_29", "user_381_sample_id_10"], "group_2": ["user_291_sample_id_9", "user_389_sample_id_36", "user_396_sample_id_19", "user_513_sample_id_32"], "group_11": ["user_291_sample_id_9", "user_64_sample_id_25", "user_316_sample_id_5", "user_488_sample_id_22", "user_381_sample_id_10", "user_75_sample_id_0", "user_266_sample_id_21"], "group_12": ["user_291_sample_id_9", "user_458_sample_id_37", "user_356_sample_id_31"], "group_18": ["user_291_sample_id_9", "user_498_sample_id_15", "user_108_sample_id_16", "user_156_sample_id_12"], "group_1": ["user_140_sample_id_26", "user_134_sample_id_18", "user_453_sample_id_28", "user_488_sample_id_22", "user_292_sample_id_20", "user_75_sample_id_0", "user_212_sample_id_24"], "group_10": ["user_140_sample_id_26", "user_68_sample_id_14", "user_63_sample_id_27", "user_225_sample_id_13"], "group_7": ["user_386_sample_id_6", "user_489_sample_id_7", "user_50_sample_id_1"], "group_3": ["user_93_sample_id_4", "user_430_sample_id_35", "user_45_sample_id_17"], "group_5": ["user_93_sample_id_4", "user_262_sample_id_11", "user_45_sample_id_17"], "group_17": ["user_262_sample_id_11", "user_459_sample_id_34", "user_292_sample_id_20", "user_509_sample_id_30"], "group_6": ["user_64_sample_id_25", "user_496_sample_id_23", "user_316_sample_id_5", "user_156_sample_id_12"], "group_16": ["user_64_sample_id_25", "user_59_sample_id_33", "user_513_sample_id_32", "user_212_sample_id_24"], "group_19": ["user_64_sample_id_25", "user_459_sample_id_34", "user_453_sample_id_28", "user_108_sample_id_16", "user_212_sample_id_24"], "group_13": ["user_389_sample_id_36", "user_225_sample_id_13", "user_498_sample_id_15", "user_50_sample_id_1"], "group_14": ["user_498_sample_id_15", "user_50_sample_id_1", "user_59_sample_id_33", "user_356_sample_id_31", "user_142_sample_id_2"], "group_9": ["user_316_sample_id_5", "user_50_sample_id_1", "user_356_sample_id_31", "user_381_sample_id_10", "user_266_sample_id_21", "user_212_sample_id_24"], "group_0": ["user_10_sample_id_3"]}, "group_data_store_edges": {"group_9": ["ds_523_sample_id_121", "ds_4_sample_id_92", "ds_179_sample_id_44", "ds_368_sample_id_76", "ds_219_sample_id_40", "ds_86_sample_id_77", "ds_213_sample_id_29", "ds_460_sample_id_73", "ds_374_sample_id_17", "ds_471_sample_id_59", "ds_220_sample_id_23", "ds_288_sample_id_3", "ds_362_sample_id_49", "ds_25_sample_id_116", "ds_385_sample_id_37"], "group_10": ["ds_523_sample_id_121", "ds_338_sample_id_109", "ds_223_sample_id_103", "ds_227_sample_id_48", "ds_519_sample_id_13", "ds_181_sample_id_6", "ds_190_sample_id_93", "ds_392_sample_id_82", "ds_437_sample_id_100", "ds_475_sample_id_120", "ds_62_sample_id_4", "ds_483_sample_id_56", "ds_452_sample_id_30", "ds_39_sample_id_25", "ds_496_sample_id_46", "ds_525_sample_id_53", "ds_346_sample_id_83", "ds_323_sample_id_75", "ds_401_sample_id_110", "ds_326_sample_id_63", "ds_517_sample_id_24", "ds_243_sample_id_80", "ds_148_sample_id_16", "ds_351_sample_id_113", "ds_393_sample_id_35", "ds_231_sample_id_85", "ds_491_sample_id_20", "ds_275_sample_id_22", "ds_183_sample_id_72", "ds_543_sample_id_47", "ds_493_sample_id_91", "ds_417_sample_id_42", "ds_524_sample_id_62", "ds_275_sample_id_2", "ds_203_sample_id_54", "ds_195_sample_id_94"], "group_15": ["ds_523_sample_id_121", "ds_72_sample_id_15", "ds_338_sample_id_109", "ds_519_sample_id_13", "ds_392_sample_id_82", "ds_179_sample_id_44", "ds_382_sample_id_33", "ds_159_sample_id_5", "ds_124_sample_id_78", "ds_483_sample_id_56", "ds_452_sample_id_30", "ds_490_sample_id_88", "ds_206_sample_id_99", "ds_75_sample_id_128", "ds_323_sample_id_75", "ds_374_sample_id_17", "ds_70_sample_id_102", "ds_41_sample_id_74", "ds_265_sample_id_65", "ds_275_sample_id_2", "ds_134_sample_id_32", "ds_38_sample_id_12", "ds_400_sample_id_50", "ds_358_sample_id_95", "ds_195_sample_id_94"], "group_0": ["ds_521_sample_id_68", "ds_4_sample_id_92", "ds_519_sample_id_13", "ds_89_sample_id_69", "ds_527_sample_id_127", "ds_190_sample_id_93", "ds_159_sample_id_36", "ds_392_sample_id_82", "ds_13_sample_id_98", "ds_219_sample_id_40", "ds_333_sample_id_57", "ds_213_sample_id_29", "ds_321_sample_id_19", "ds_19_sample_id_101", "ds_89_sample_id_117", "ds_246_sample_id_21", "ds_162_sample_id_70", "ds_70_sample_id_102", "ds_493_sample_id_91", "ds_203_sample_id_54", "ds_170_sample_id_129", "ds_288_sample_id_3", "ds_396_sample_id_67", "ds_25_sample_id_116"], "group_2": ["ds_521_sample_id_68", "ds_533_sample_id_0", "ds_361_sample_id_111", "ds_134_sample_id_11", "ds_225_sample_id_39", "ds_190_sample_id_93", "ds_50_sample_id_7", "ds_437_sample_id_100", "ds_16_sample_id_31", "ds_485_sample_id_41", "ds_490_sample_id_88", "ds_401_sample_id_110", "ds_19_sample_id_101", "ds_89_sample_id_117", "ds_243_sample_id_80", "ds_246_sample_id_21", "ds_374_sample_id_17", "ds_275_sample_id_22", "ds_436_sample_id_125", "ds_223_sample_id_119", "ds_387_sample_id_45", "ds_331_sample_id_8", "ds_195_sample_id_94", "ds_385_sample_id_37", "ds_461_sample_id_118"], "group_3": ["ds_521_sample_id_68", "ds_72_sample_id_15", "ds_338_sample_id_109", "ds_227_sample_id_48", "ds_225_sample_id_39", "ds_159_sample_id_36", "ds_50_sample_id_7", "ds_179_sample_id_87", "ds_235_sample_id_84", "ds_179_sample_id_44", "ds_124_sample_id_78", "ds_453_sample_id_107", "ds_326_sample_id_63", "ds_363_sample_id_66", "ds_374_sample_id_17", "ds_275_sample_id_22", "ds_543_sample_id_47", "ds_462_sample_id_106", "ds_209_sample_id_14", "ds_524_sample_id_62", "ds_471_sample_id_59", "ds_261_sample_id_124", "ds_72_sample_id_96", "ds_288_sample_id_3", "ds_273_sample_id_61", "ds_110_sample_id_104", "ds_238_sample_id_18", "ds_331_sample_id_8", "ds_396_sample_id_67", "ds_98_sample_id_43"], "group_6": ["ds_521_sample_id_68", "ds_338_sample_id_109", "ds_223_sample_id_103", "ds_361_sample_id_111", "ds_519_sample_id_13", "ds_281_sample_id_86", "ds_181_sample_id_6", "ds_445_sample_id_64", "ds_392_sample_id_82", "ds_485_sample_id_41", "ds_124_sample_id_78", "ds_490_sample_id_88", "ds_206_sample_id_99", "ds_321_sample_id_19", "ds_19_sample_id_101", "ds_363_sample_id_66", "ds_432_sample_id_52", "ds_183_sample_id_72", "ds_107_sample_id_71", "ds_417_sample_id_42", "ds_220_sample_id_23", "ds_195_sample_id_94"], "group_13": ["ds_521_sample_id_68", "ds_72_sample_id_15", "ds_227_sample_id_48", "ds_151_sample_id_79", "ds_527_sample_id_127", "ds_179_sample_id_44", "ds_124_sample_id_78", "ds_33_sample_id_105", "ds_490_sample_id_88", "ds_525_sample_id_53", "ds_346_sample_id_83", "ds_206_sample_id_99", "ds_246_sample_id_21", "ds_148_sample_id_16", "ds_363_sample_id_66", "ds_209_sample_id_14", "ds_107_sample_id_28", "ds_261_sample_id_124", "ds_288_sample_id_3", "ds_273_sample_id_61", "ds_238_sample_id_18", "ds_362_sample_id_49", "ds_98_sample_id_43"], "group_14": ["ds_521_sample_id_68", "ds_72_sample_id_15", "ds_235_sample_id_84", "ds_179_sample_id_44", "ds_368_sample_id_76", "ds_490_sample_id_88", "ds_39_sample_id_25", "ds_219_sample_id_40", "ds_333_sample_id_57", "ds_417_sample_id_60", "ds_326_sample_id_63", "ds_416_sample_id_90", "ds_70_sample_id_102", "ds_183_sample_id_72", "ds_21_sample_id_38", "ds_134_sample_id_32", "ds_358_sample_id_95", "ds_170_sample_id_129", "ds_288_sample_id_3", "ds_110_sample_id_104", "ds_388_sample_id_108", "ds_461_sample_id_118"], "group_1": ["ds_338_sample_id_109", "ds_4_sample_id_92", "ds_207_sample_id_122", "ds_519_sample_id_13", "ds_281_sample_id_86", "ds_475_sample_id_120", "ds_452_sample_id_30", "ds_453_sample_id_107", "ds_180_sample_id_126", "ds_401_sample_id_110", "ds_246_sample_id_21", "ds_393_sample_id_35", "ds_436_sample_id_125", "ds_417_sample_id_42", "ds_441_sample_id_9", "ds_107_sample_id_28", "ds_471_sample_id_59", "ds_378_sample_id_115", "ds_238_sample_id_18", "ds_331_sample_id_8"], "group_17": ["ds_533_sample_id_0", "ds_4_sample_id_92", "ds_207_sample_id_122", "ds_151_sample_id_79", "ds_392_sample_id_82", "ds_62_sample_id_4", "ds_483_sample_id_56", "ds_13_sample_id_98", "ds_466_sample_id_10", "ds_517_sample_id_24", "ds_524_sample_id_62", "ds_107_sample_id_28", "ds_38_sample_id_12", "ds_400_sample_id_50", "ds_388_sample_id_108", "ds_362_sample_id_49"], "group_8": ["ds_223_sample_id_103", "ds_247_sample_id_89", "ds_225_sample_id_39", "ds_347_sample_id_27", "ds_159_sample_id_36", "ds_179_sample_id_87", "ds_62_sample_id_4", "ds_483_sample_id_56", "ds_452_sample_id_30", "ds_75_sample_id_128", "ds_19_sample_id_101", "ds_517_sample_id_24", "ds_363_sample_id_66", "ds_432_sample_id_52", "ds_543_sample_id_47", "ds_493_sample_id_91", "ds_107_sample_id_71", "ds_441_sample_id_9", "ds_38_sample_id_12", "ds_72_sample_id_96", "ds_331_sample_id_8", "ds_121_sample_id_114"], "group_12": ["ds_223_sample_id_103", "ds_207_sample_id_122", "ds_159_sample_id_36", "ds_437_sample_id_100", "ds_485_sample_id_41", "ds_382_sample_id_33", "ds_483_sample_id_56", "ds_33_sample_id_105", "ds_75_sample_id_128", "ds_351_sample_id_113", "ds_162_sample_id_70", "ds_436_sample_id_125", "ds_382_sample_id_81", "ds_209_sample_id_14", "ds_21_sample_id_38", "ds_38_sample_id_12", "ds_400_sample_id_50", "ds_273_sample_id_61", "ds_362_sample_id_49", "ds_195_sample_id_94"], "group_5": ["ds_361_sample_id_111", "ds_4_sample_id_92", "ds_89_sample_id_69", "ds_181_sample_id_6", "ds_16_sample_id_31", "ds_527_sample_id_97", "ds_73_sample_id_112", "ds_33_sample_id_105", "ds_180_sample_id_126", "ds_323_sample_id_75", "ds_517_sample_id_24", "ds_231_sample_id_85", "ds_382_sample_id_81", "ds_493_sample_id_91", "ds_21_sample_id_38", "ds_134_sample_id_32", "ds_98_sample_id_43"], "group_18": ["ds_361_sample_id_111", "ds_527_sample_id_127", "ds_336_sample_id_26", "ds_179_sample_id_87", "ds_416_sample_id_90", "ds_89_sample_id_117", "ds_148_sample_id_16", "ds_351_sample_id_113", "ds_436_sample_id_125", "ds_382_sample_id_81", "ds_134_sample_id_32", "ds_38_sample_id_12", "ds_400_sample_id_50", "ds_543_sample_id_1", "ds_358_sample_id_95", "ds_170_sample_id_129", "ds_223_sample_id_119", "ds_25_sample_id_116", "ds_461_sample_id_118"], "group_7": ["ds_227_sample_id_48", "ds_247_sample_id_89", "ds_336_sample_id_26", "ds_273_sample_id_34", "ds_159_sample_id_36", "ds_437_sample_id_100", "ds_16_sample_id_31", "ds_62_sample_id_4", "ds_33_sample_id_105", "ds_453_sample_id_107", "ds_219_sample_id_40", "ds_525_sample_id_53", "ds_450_sample_id_123", "ds_323_sample_id_75", "ds_401_sample_id_110", "ds_460_sample_id_73", "ds_416_sample_id_90", "ds_231_sample_id_85", "ds_462_sample_id_106", "ds_41_sample_id_74", "ds_107_sample_id_28", "ds_21_sample_id_38", "ds_275_sample_id_2", "ds_203_sample_id_54", "ds_261_sample_id_124", "ds_543_sample_id_1", "ds_273_sample_id_61"], "group_16": ["ds_4_sample_id_92", "ds_134_sample_id_11", "ds_16_sample_id_31", "ds_527_sample_id_97", "ds_13_sample_id_98", "ds_452_sample_id_30", "ds_219_sample_id_40", "ds_213_sample_id_29", "ds_326_sample_id_63", "ds_243_sample_id_80", "ds_393_sample_id_35", "ds_275_sample_id_22", "ds_471_sample_id_59", "ds_543_sample_id_1", "ds_358_sample_id_95", "ds_170_sample_id_129", "ds_195_sample_id_94"], "group_19": ["ds_207_sample_id_122", "ds_247_sample_id_89", "ds_134_sample_id_11", "ds_89_sample_id_69", "ds_336_sample_id_26", "ds_159_sample_id_36", "ds_475_sample_id_120", "ds_235_sample_id_84", "ds_453_sample_id_107", "ds_496_sample_id_46", "ds_525_sample_id_53", "ds_75_sample_id_128", "ds_321_sample_id_19", "ds_351_sample_id_113", "ds_374_sample_id_17", "ds_493_sample_id_91", "ds_417_sample_id_42", "ds_462_sample_id_106", "ds_209_sample_id_14", "ds_441_sample_id_9", "ds_107_sample_id_28", "ds_21_sample_id_38", "ds_220_sample_id_23", "ds_288_sample_id_3", "ds_121_sample_id_114", "ds_385_sample_id_37", "ds_461_sample_id_118"], "group_4": ["ds_181_sample_id_6", "ds_445_sample_id_64", "ds_235_sample_id_84", "ds_159_sample_id_5", "ds_490_sample_id_88", "ds_525_sample_id_53", "ds_517_sample_id_24", "ds_363_sample_id_66", "ds_491_sample_id_20", "ds_436_sample_id_125", "ds_110_sample_id_104", "ds_238_sample_id_18", "ds_396_sample_id_67"], "group_11": ["ds_485_sample_id_41", "ds_73_sample_id_112", "ds_213_sample_id_29", "ds_19_sample_id_101", "ds_162_sample_id_70", "ds_491_sample_id_20", "ds_199_sample_id_55", "ds_432_sample_id_52", "ds_543_sample_id_1", "ds_387_sample_id_45"]}}