{"user_group_edges": {"group_2": ["user_19_sample_id_19", "user_59_sample_id_21", "user_144_sample_id_29", "user_113_sample_id_23", "user_104_sample_id_12", "user_89_sample_id_7", "user_93_sample_id_18", "user_47_sample_id_22"], "group_3": ["user_19_sample_id_19", "user_104_sample_id_12", "user_33_sample_id_17"], "group_7": ["user_19_sample_id_19", "user_40_sample_id_31", "user_12_sample_id_8", "user_67_sample_id_2", "user_180_sample_id_11", "user_117_sample_id_13", "user_169_sample_id_26", "user_75_sample_id_25", "user_102_sample_id_0", "user_109_sample_id_28", "user_143_sample_id_10"], "group_9": ["user_19_sample_id_19", "user_64_sample_id_32", "user_59_sample_id_21", "user_144_sample_id_29", "user_31_sample_id_9", "user_113_sample_id_23", "user_180_sample_id_11", "user_92_sample_id_30", "user_75_sample_id_25", "user_73_sample_id_1", "user_109_sample_id_28"], "group_15": ["user_19_sample_id_19", "user_64_sample_id_32", "user_59_sample_id_21", "user_144_sample_id_29", "user_113_sample_id_23", "user_92_sample_id_30", "user_33_sample_id_3", "user_143_sample_id_10"], "group_1": ["user_64_sample_id_32", "user_104_sample_id_12", "user_53_sample_id_24", "user_102_sample_id_0", "user_192_sample_id_15", "user_73_sample_id_1", "user_101_sample_id_20"], "group_4": ["user_64_sample_id_32", "user_26_sample_id_34", "user_12_sample_id_8", "user_45_sample_id_16", "user_89_sample_id_7"], "group_5": ["user_199_sample_id_33", "user_12_sample_id_8", "user_180_sample_id_11", "user_137_sample_id_27"], "group_12": ["user_199_sample_id_33", "user_40_sample_id_31", "user_180_sample_id_11", "user_53_sample_id_24", "user_92_sample_id_30", "user_89_sample_id_7", "user_102_sample_id_0", "user_73_sample_id_1"], "group_18": ["user_199_sample_id_33", "user_31_sample_id_9", "user_104_sample_id_12", "user_109_sample_id_28"], "group_10": ["user_59_sample_id_21", "user_26_sample_id_34", "user_52_sample_id_35", "user_29_sample_id_14", "user_75_sample_id_25", "user_137_sample_id_27"], "group_13": ["user_59_sample_id_21", "user_101_sample_id_5", "user_44_sample_id_37", "user_101_sample_id_20"], "group_6": ["user_26_sample_id_34", "user_53_sample_id_24", "user_101_sample_id_20", "user_143_sample_id_10", "user_164_sample_id_6"], "group_8": ["user_144_sample_id_29", "user_29_sample_id_14", "user_33_sample_id_3", "user_164_sample_id_6"], "group_14": ["user_144_sample_id_29", "user_67_sample_id_2", "user_196_sample_id_36", "user_89_sample_id_7", "user_192_sample_id_15"], "group_11": ["user_40_sample_id_31", "user_52_sample_id_35", "user_101_sample_id_5", "user_93_sample_id_18", "user_33_sample_id_17"], "group_16": ["user_52_sample_id_35", "user_31_sample_id_9", "user_113_sample_id_23", "user_101_sample_id_5", "user_196_sample_id_36", "user_33_sample_id_3", "user_109_sample_id_28"], "group_0": ["user_31_sample_id_9", "user_45_sample_id_16", "user_169_sample_id_26", "user_196_sample_id_36", "user_73_sample_id_1"], "group_17": ["user_164_sample_id_4", "user_67_sample_id_2", "user_29_sample_id_14", "user_117_sample_id_13", "user_92_sample_id_30", "user_44_sample_id_37"], "group_19": ["user_164_sample_id_4", "user_53_sample_id_24", "user_47_sample_id_22"]}, "group_data_store_edges": {"group_0": ["ds_58_sample_id_121", "ds_9_sample_id_132", "ds_64_sample_id_57", "ds_85_sample_id_102", "ds_14_sample_id_186", "ds_13_sample_id_143", "ds_19_sample_id_95", "ds_41_sample_id_108", "ds_60_sample_id_171", "ds_75_sample_id_164", "ds_52_sample_id_51", "ds_77_sample_id_114", "ds_36_sample_id_53", "ds_90_sample_id_151", "ds_94_sample_id_155", "ds_100_sample_id_65", "ds_55_sample_id_156", "ds_88_sample_id_99", "ds_78_sample_id_152", "ds_60_sample_id_124", "ds_10_sample_id_182", "ds_1_sample_id_117", "ds_69_sample_id_24", "ds_91_sample_id_62", "ds_54_sample_id_146", "ds_72_sample_id_112", "ds_10_sample_id_135", "ds_46_sample_id_173", "ds_13_sample_id_26", "ds_69_sample_id_76", "ds_67_sample_id_25", "ds_26_sample_id_202", "ds_17_sample_id_205", "ds_73_sample_id_58", "ds_16_sample_id_75", "ds_36_sample_id_154", "ds_51_sample_id_68", "ds_30_sample_id_134", "ds_59_sample_id_87", "ds_4_sample_id_78", "ds_77_sample_id_170", "ds_5_sample_id_180", "ds_44_sample_id_139", "ds_92_sample_id_54", "ds_45_sample_id_110", "ds_36_sample_id_46", "ds_35_sample_id_67", "ds_43_sample_id_109", "ds_65_sample_id_70", "ds_95_sample_id_64", "ds_82_sample_id_61", "ds_95_sample_id_73", "ds_26_sample_id_31", "ds_30_sample_id_32", "ds_21_sample_id_184", "ds_49_sample_id_185", "ds_92_sample_id_3", "ds_43_sample_id_211", "ds_95_sample_id_72", "ds_76_sample_id_103", "ds_13_sample_id_197", "ds_66_sample_id_131", "ds_21_sample_id_198", "ds_33_sample_id_144", "ds_55_sample_id_17", "ds_4_sample_id_37", "ds_72_sample_id_125"], "group_4": ["ds_58_sample_id_121", "ds_64_sample_id_57", "ds_9_sample_id_41", "ds_95_sample_id_77", "ds_52_sample_id_51", "ds_68_sample_id_189", "ds_90_sample_id_151", "ds_69_sample_id_201", "ds_65_sample_id_130", "ds_24_sample_id_200", "ds_37_sample_id_39", "ds_14_sample_id_47", "ds_60_sample_id_124", "ds_12_sample_id_83", "ds_75_sample_id_2", "ds_8_sample_id_167", "ds_54_sample_id_146", "ds_13_sample_id_26", "ds_100_sample_id_104", "ds_73_sample_id_58", "ds_16_sample_id_75", "ds_54_sample_id_43", "ds_34_sample_id_49", "ds_51_sample_id_8", "ds_77_sample_id_170", "ds_5_sample_id_180", "ds_73_sample_id_44", "ds_44_sample_id_139", "ds_101_sample_id_136", "ds_35_sample_id_21", "ds_51_sample_id_60", "ds_17_sample_id_74", "ds_28_sample_id_11", "ds_45_sample_id_110", "ds_43_sample_id_109", "ds_65_sample_id_70", "ds_95_sample_id_64", "ds_99_sample_id_106", "ds_95_sample_id_73", "ds_30_sample_id_32", "ds_36_sample_id_174", "ds_21_sample_id_184", "ds_88_sample_id_162", "ds_76_sample_id_103", "ds_26_sample_id_175", "ds_33_sample_id_19", "ds_13_sample_id_197", "ds_1_sample_id_212", "ds_44_sample_id_16", "ds_30_sample_id_169", "ds_1_sample_id_116", "ds_33_sample_id_144", "ds_31_sample_id_4", "ds_10_sample_id_14", "ds_4_sample_id_37", "ds_17_sample_id_158"], "group_6": ["ds_58_sample_id_121", "ds_43_sample_id_86", "ds_31_sample_id_207", "ds_19_sample_id_95", "ds_39_sample_id_50", "ds_27_sample_id_120", "ds_91_sample_id_5", "ds_43_sample_id_192", "ds_94_sample_id_155", "ds_36_sample_id_35", "ds_79_sample_id_129", "ds_84_sample_id_190", "ds_55_sample_id_156", "ds_10_sample_id_182", "ds_40_sample_id_138", "ds_1_sample_id_117", "ds_69_sample_id_24", "ds_75_sample_id_2", "ds_1_sample_id_193", "ds_10_sample_id_135", "ds_46_sample_id_173", "ds_13_sample_id_26", "ds_11_sample_id_28", "ds_41_sample_id_188", "ds_90_sample_id_91", "ds_8_sample_id_59", "ds_55_sample_id_12", "ds_67_sample_id_25", "ds_27_sample_id_98", "ds_74_sample_id_140", "ds_22_sample_id_40", "ds_100_sample_id_104", "ds_80_sample_id_215", "ds_16_sample_id_75", "ds_54_sample_id_43", "ds_51_sample_id_68", "ds_59_sample_id_87", "ds_51_sample_id_8", "ds_58_sample_id_69", "ds_17_sample_id_74", "ds_32_sample_id_100", "ds_45_sample_id_110", "ds_35_sample_id_67", "ds_42_sample_id_178", "ds_73_sample_id_176", "ds_79_sample_id_15", "ds_100_sample_id_80", "ds_82_sample_id_61", "ds_95_sample_id_73", "ds_88_sample_id_162", "ds_76_sample_id_103", "ds_33_sample_id_19", "ds_8_sample_id_153", "ds_30_sample_id_169", "ds_94_sample_id_101", "ds_1_sample_id_116", "ds_17_sample_id_165", "ds_4_sample_id_37", "ds_72_sample_id_125"], "group_7": ["ds_58_sample_id_121", "ds_9_sample_id_132", "ds_44_sample_id_203", "ds_51_sample_id_210", "ds_14_sample_id_186", "ds_39_sample_id_50", "ds_41_sample_id_108", "ds_33_sample_id_27", "ds_77_sample_id_114", "ds_91_sample_id_5", "ds_69_sample_id_201", "ds_65_sample_id_130", "ds_32_sample_id_113", "ds_11_sample_id_38", "ds_34_sample_id_183", "ds_68_sample_id_92", "ds_36_sample_id_35", "ds_84_sample_id_190", "ds_55_sample_id_156", "ds_38_sample_id_55", "ds_16_sample_id_9", "ds_10_sample_id_182", "ds_40_sample_id_138", "ds_80_sample_id_118", "ds_28_sample_id_18", "ds_68_sample_id_161", "ds_54_sample_id_146", "ds_71_sample_id_45", "ds_11_sample_id_28", "ds_84_sample_id_66", "ds_90_sample_id_91", "ds_24_sample_id_52", "ds_89_sample_id_119", "ds_45_sample_id_181", "ds_26_sample_id_202", "ds_74_sample_id_140", "ds_20_sample_id_1", "ds_73_sample_id_58", "ds_80_sample_id_215", "ds_98_sample_id_206", "ds_30_sample_id_134", "ds_51_sample_id_8", "ds_17_sample_id_82", "ds_44_sample_id_139", "ds_101_sample_id_136", "ds_45_sample_id_133", "ds_32_sample_id_100", "ds_99_sample_id_106", "ds_55_sample_id_204", "ds_72_sample_id_71", "ds_95_sample_id_73", "ds_26_sample_id_31", "ds_13_sample_id_30", "ds_21_sample_id_184", "ds_14_sample_id_56", "ds_92_sample_id_3", "ds_100_sample_id_105", "ds_76_sample_id_103", "ds_33_sample_id_19", "ds_1_sample_id_212", "ds_30_sample_id_169", "ds_33_sample_id_144", "ds_31_sample_id_4"], "group_8": ["ds_58_sample_id_121", "ds_85_sample_id_102", "ds_44_sample_id_203", "ds_31_sample_id_207", "ds_14_sample_id_186", "ds_74_sample_id_209", "ds_20_sample_id_148", "ds_49_sample_id_128", "ds_39_sample_id_50", "ds_27_sample_id_120", "ds_95_sample_id_77", "ds_49_sample_id_187", "ds_36_sample_id_53", "ds_56_sample_id_137", "ds_102_sample_id_33", "ds_11_sample_id_38", "ds_100_sample_id_65", "ds_36_sample_id_35", "ds_24_sample_id_200", "ds_55_sample_id_156", "ds_88_sample_id_99", "ds_37_sample_id_39", "ds_38_sample_id_55", "ds_16_sample_id_9", "ds_68_sample_id_161", "ds_71_sample_id_45", "ds_72_sample_id_112", "ds_11_sample_id_28", "ds_73_sample_id_166", "ds_2_sample_id_141", "ds_100_sample_id_163", "ds_84_sample_id_66", "ds_90_sample_id_91", "ds_1_sample_id_160", "ds_28_sample_id_63", "ds_55_sample_id_12", "ds_26_sample_id_202", "ds_85_sample_id_196", "ds_80_sample_id_215", "ds_34_sample_id_49", "ds_4_sample_id_78", "ds_20_sample_id_157", "ds_18_sample_id_216", "ds_54_sample_id_23", "ds_44_sample_id_139", "ds_45_sample_id_110", "ds_43_sample_id_109", "ds_37_sample_id_142", "ds_65_sample_id_70", "ds_42_sample_id_178", "ds_73_sample_id_176", "ds_95_sample_id_64", "ds_91_sample_id_179", "ds_30_sample_id_93", "ds_14_sample_id_56", "ds_49_sample_id_185", "ds_92_sample_id_3", "ds_46_sample_id_29", "ds_47_sample_id_6", "ds_100_sample_id_105", "ds_26_sample_id_175", "ds_21_sample_id_198", "ds_1_sample_id_212", "ds_58_sample_id_22", "ds_44_sample_id_16", "ds_30_sample_id_169", "ds_1_sample_id_116", "ds_31_sample_id_4", "ds_29_sample_id_84", "ds_72_sample_id_125"], "group_16": ["ds_58_sample_id_121", "ds_60_sample_id_122", "ds_43_sample_id_86", "ds_64_sample_id_57", "ds_13_sample_id_143", "ds_20_sample_id_148", "ds_74_sample_id_115", "ds_33_sample_id_27", "ds_75_sample_id_164", "ds_91_sample_id_5", "ds_36_sample_id_53", "ds_74_sample_id_48", "ds_40_sample_id_138", "ds_69_sample_id_145", "ds_75_sample_id_2", "ds_8_sample_id_167", "ds_46_sample_id_173", "ds_73_sample_id_166", "ds_89_sample_id_119", "ds_11_sample_id_97", "ds_27_sample_id_98", "ds_73_sample_id_58", "ds_54_sample_id_43", "ds_51_sample_id_8", "ds_17_sample_id_82", "ds_58_sample_id_69", "ds_51_sample_id_60", "ds_10_sample_id_111", "ds_35_sample_id_67", "ds_72_sample_id_71", "ds_30_sample_id_93", "ds_36_sample_id_174", "ds_14_sample_id_56", "ds_46_sample_id_29", "ds_71_sample_id_214", "ds_26_sample_id_175", "ds_33_sample_id_19", "ds_1_sample_id_212", "ds_8_sample_id_153", "ds_51_sample_id_7", "ds_33_sample_id_144", "ds_29_sample_id_84", "ds_101_sample_id_127"], "group_12": ["ds_60_sample_id_122", "ds_93_sample_id_85", "ds_12_sample_id_123", "ds_43_sample_id_86", "ds_44_sample_id_203", "ds_31_sample_id_207", "ds_13_sample_id_143", "ds_74_sample_id_209", "ds_66_sample_id_88", "ds_41_sample_id_108", "ds_27_sample_id_120", "ds_17_sample_id_13", "ds_91_sample_id_5", "ds_90_sample_id_151", "ds_69_sample_id_201", "ds_57_sample_id_195", "ds_3_sample_id_79", "ds_24_sample_id_200", "ds_88_sample_id_99", "ds_78_sample_id_152", "ds_61_sample_id_36", "ds_74_sample_id_48", "ds_40_sample_id_138", "ds_10_sample_id_135", "ds_100_sample_id_163", "ds_84_sample_id_66", "ds_1_sample_id_160", "ds_11_sample_id_97", "ds_45_sample_id_181", "ds_4_sample_id_78", "ds_18_sample_id_216", "ds_3_sample_id_150", "ds_43_sample_id_109", "ds_37_sample_id_142", "ds_73_sample_id_176", "ds_26_sample_id_31", "ds_47_sample_id_6", "ds_39_sample_id_149", "ds_51_sample_id_7", "ds_44_sample_id_16", "ds_17_sample_id_165", "ds_55_sample_id_17", "ds_72_sample_id_125"], "group_15": ["ds_60_sample_id_122", "ds_85_sample_id_102", "ds_28_sample_id_89", "ds_49_sample_id_128", "ds_17_sample_id_13", "ds_95_sample_id_77", "ds_35_sample_id_10", "ds_52_sample_id_51", "ds_100_sample_id_65", "ds_36_sample_id_35", "ds_55_sample_id_156", "ds_0_sample_id_94", "ds_62_sample_id_172", "ds_28_sample_id_18", "ds_50_sample_id_168", "ds_49_sample_id_0", "ds_37_sample_id_107", "ds_72_sample_id_112", "ds_2_sample_id_141", "ds_41_sample_id_188", "ds_100_sample_id_163", "ds_28_sample_id_63", "ds_89_sample_id_119", "ds_8_sample_id_59", "ds_65_sample_id_34", "ds_22_sample_id_40", "ds_17_sample_id_205", "ds_73_sample_id_58", "ds_98_sample_id_206", "ds_17_sample_id_74", "ds_18_sample_id_194", "ds_28_sample_id_11", "ds_37_sample_id_142", "ds_95_sample_id_64", "ds_13_sample_id_30", "ds_71_sample_id_214", "ds_26_sample_id_175", "ds_13_sample_id_197", "ds_33_sample_id_144", "ds_17_sample_id_165", "ds_29_sample_id_84", "ds_17_sample_id_158"], "group_9": ["ds_9_sample_id_132", "ds_19_sample_id_95", "ds_20_sample_id_148", "ds_74_sample_id_115", "ds_95_sample_id_77", "ds_35_sample_id_10", "ds_65_sample_id_130", "ds_57_sample_id_195", "ds_79_sample_id_129", "ds_74_sample_id_199", "ds_24_sample_id_200", "ds_80_sample_id_118", "ds_14_sample_id_126", "ds_69_sample_id_24", "ds_69_sample_id_145", "ds_50_sample_id_168", "ds_8_sample_id_167", "ds_2_sample_id_191", "ds_11_sample_id_28", "ds_69_sample_id_76", "ds_24_sample_id_52", "ds_28_sample_id_63", "ds_91_sample_id_96", "ds_20_sample_id_1", "ds_30_sample_id_134", "ds_54_sample_id_23", "ds_92_sample_id_54", "ds_17_sample_id_74", "ds_18_sample_id_194", "ds_36_sample_id_46", "ds_55_sample_id_90", "ds_55_sample_id_204", "ds_95_sample_id_177", "ds_91_sample_id_179", "ds_36_sample_id_174", "ds_95_sample_id_72", "ds_51_sample_id_7", "ds_101_sample_id_127", "ds_10_sample_id_14"], "group_2": ["ds_93_sample_id_85", "ds_43_sample_id_86", "ds_74_sample_id_209", "ds_66_sample_id_88", "ds_49_sample_id_128", "ds_35_sample_id_10", "ds_52_sample_id_51", "ds_69_sample_id_201", "ds_65_sample_id_130", "ds_102_sample_id_33", "ds_32_sample_id_113", "ds_100_sample_id_65", "ds_34_sample_id_183", "ds_3_sample_id_79", "ds_78_sample_id_152", "ds_10_sample_id_182", "ds_62_sample_id_172", "ds_80_sample_id_118", "ds_14_sample_id_126", "ds_68_sample_id_161", "ds_10_sample_id_135", "ds_11_sample_id_28", "ds_2_sample_id_141", "ds_24_sample_id_52", "ds_65_sample_id_34", "ds_20_sample_id_1", "ds_17_sample_id_205", "ds_16_sample_id_75", "ds_59_sample_id_213", "ds_59_sample_id_87", "ds_20_sample_id_157", "ds_5_sample_id_180", "ds_35_sample_id_21", "ds_10_sample_id_111", "ds_17_sample_id_74", "ds_18_sample_id_194", "ds_55_sample_id_90", "ds_99_sample_id_106", "ds_36_sample_id_174", "ds_49_sample_id_185", "ds_46_sample_id_29", "ds_66_sample_id_131", "ds_21_sample_id_198", "ds_94_sample_id_101", "ds_1_sample_id_116", "ds_31_sample_id_4", "ds_29_sample_id_84"], "group_17": ["ds_93_sample_id_85", "ds_12_sample_id_123", "ds_85_sample_id_102", "ds_31_sample_id_207", "ds_14_sample_id_186", "ds_28_sample_id_89", "ds_13_sample_id_143", "ds_95_sample_id_77", "ds_60_sample_id_171", "ds_49_sample_id_187", "ds_43_sample_id_192", "ds_11_sample_id_38", "ds_68_sample_id_92", "ds_36_sample_id_35", "ds_37_sample_id_39", "ds_61_sample_id_36", "ds_74_sample_id_48", "ds_12_sample_id_83", "ds_28_sample_id_18", "ds_8_sample_id_167", "ds_49_sample_id_0", "ds_68_sample_id_161", "ds_1_sample_id_193", "ds_72_sample_id_112", "ds_10_sample_id_135", "ds_46_sample_id_173", "ds_73_sample_id_166", "ds_69_sample_id_76", "ds_2_sample_id_141", "ds_100_sample_id_163", "ds_84_sample_id_66", "ds_90_sample_id_91", "ds_1_sample_id_160", "ds_11_sample_id_97", "ds_65_sample_id_34", "ds_55_sample_id_12", "ds_67_sample_id_25", "ds_27_sample_id_98", "ds_22_sample_id_40", "ds_17_sample_id_205", "ds_85_sample_id_196", "ds_80_sample_id_215", "ds_36_sample_id_154", "ds_51_sample_id_68", "ds_77_sample_id_170", "ds_5_sample_id_180", "ds_73_sample_id_44", "ds_92_sample_id_54", "ds_10_sample_id_111", "ds_32_sample_id_100", "ds_72_sample_id_159", "ds_36_sample_id_46", "ds_43_sample_id_109", "ds_55_sample_id_90", "ds_65_sample_id_70", "ds_42_sample_id_178", "ds_55_sample_id_204", "ds_72_sample_id_71", "ds_100_sample_id_80", "ds_26_sample_id_31", "ds_30_sample_id_32", "ds_30_sample_id_93", "ds_47_sample_id_6", "ds_71_sample_id_214", "ds_13_sample_id_197", "ds_66_sample_id_131", "ds_1_sample_id_212", "ds_58_sample_id_22", "ds_10_sample_id_14", "ds_4_sample_id_37", "ds_17_sample_id_158"], "group_3": ["ds_12_sample_id_123", "ds_51_sample_id_210", "ds_66_sample_id_88", "ds_20_sample_id_148", "ds_39_sample_id_50", "ds_27_sample_id_120", "ds_52_sample_id_51", "ds_36_sample_id_53", "ds_56_sample_id_137", "ds_32_sample_id_113", "ds_57_sample_id_195", "ds_34_sample_id_183", "ds_40_sample_id_138", "ds_14_sample_id_126", "ds_8_sample_id_167", "ds_49_sample_id_0", "ds_91_sample_id_62", "ds_2_sample_id_191", "ds_100_sample_id_163", "ds_84_sample_id_66", "ds_55_sample_id_12", "ds_74_sample_id_140", "ds_20_sample_id_1", "ds_85_sample_id_196", "ds_73_sample_id_58", "ds_59_sample_id_213", "ds_34_sample_id_49", "ds_77_sample_id_170", "ds_18_sample_id_216", "ds_73_sample_id_44", "ds_3_sample_id_150", "ds_45_sample_id_110", "ds_43_sample_id_109", "ds_100_sample_id_20", "ds_79_sample_id_15", "ds_26_sample_id_31", "ds_30_sample_id_32", "ds_95_sample_id_72", "ds_100_sample_id_105", "ds_26_sample_id_175", "ds_58_sample_id_22", "ds_8_sample_id_153", "ds_94_sample_id_101", "ds_1_sample_id_116", "ds_55_sample_id_17", "ds_10_sample_id_14", "ds_4_sample_id_37", "ds_17_sample_id_158"], "group_5": ["ds_12_sample_id_123", "ds_85_sample_id_102", "ds_44_sample_id_203", "ds_14_sample_id_186", "ds_93_sample_id_208", "ds_9_sample_id_41", "ds_66_sample_id_88", "ds_74_sample_id_115", "ds_60_sample_id_171", "ds_75_sample_id_164", "ds_68_sample_id_189", "ds_90_sample_id_151", "ds_56_sample_id_137", "ds_94_sample_id_155", "ds_11_sample_id_38", "ds_68_sample_id_92", "ds_79_sample_id_129", "ds_24_sample_id_200", "ds_88_sample_id_99", "ds_37_sample_id_39", "ds_14_sample_id_47", "ds_60_sample_id_124", "ds_74_sample_id_48", "ds_62_sample_id_172", "ds_28_sample_id_18", "ds_1_sample_id_117", "ds_50_sample_id_168", "ds_68_sample_id_161", "ds_72_sample_id_112", "ds_10_sample_id_135", "ds_8_sample_id_59", "ds_45_sample_id_181", "ds_55_sample_id_12", "ds_26_sample_id_202", "ds_85_sample_id_196", "ds_100_sample_id_104", "ds_59_sample_id_87", "ds_20_sample_id_157", "ds_18_sample_id_216", "ds_73_sample_id_44", "ds_44_sample_id_139", "ds_71_sample_id_42", "ds_35_sample_id_21", "ds_51_sample_id_60", "ds_45_sample_id_133", "ds_32_sample_id_100", "ds_35_sample_id_67", "ds_55_sample_id_90", "ds_37_sample_id_142", "ds_42_sample_id_178", "ds_73_sample_id_176", "ds_79_sample_id_15", "ds_95_sample_id_64", "ds_55_sample_id_204", "ds_72_sample_id_71", "ds_95_sample_id_73", "ds_91_sample_id_179", "ds_13_sample_id_30", "ds_21_sample_id_184", "ds_26_sample_id_175", "ds_1_sample_id_212", "ds_58_sample_id_22", "ds_94_sample_id_101", "ds_31_sample_id_4", "ds_10_sample_id_14"], "group_11": ["ds_12_sample_id_123", "ds_64_sample_id_57", "ds_44_sample_id_203", "ds_28_sample_id_89", "ds_93_sample_id_208", "ds_13_sample_id_143", "ds_74_sample_id_209", "ds_20_sample_id_148", "ds_39_sample_id_50", "ds_74_sample_id_115", "ds_27_sample_id_120", "ds_35_sample_id_10", "ds_68_sample_id_189", "ds_49_sample_id_187", "ds_56_sample_id_137", "ds_69_sample_id_201", "ds_94_sample_id_155", "ds_88_sample_id_99", "ds_14_sample_id_47", "ds_38_sample_id_55", "ds_69_sample_id_24", "ds_49_sample_id_0", "ds_37_sample_id_107", "ds_15_sample_id_147", "ds_13_sample_id_26", "ds_73_sample_id_166", "ds_41_sample_id_188", "ds_24_sample_id_52", "ds_11_sample_id_97", "ds_45_sample_id_181", "ds_26_sample_id_202", "ds_100_sample_id_104", "ds_80_sample_id_215", "ds_36_sample_id_154", "ds_20_sample_id_157", "ds_35_sample_id_21", "ds_45_sample_id_133", "ds_72_sample_id_159", "ds_45_sample_id_110", "ds_95_sample_id_64", "ds_99_sample_id_106", "ds_100_sample_id_80", "ds_95_sample_id_73", "ds_91_sample_id_179", "ds_13_sample_id_30", "ds_21_sample_id_184", "ds_14_sample_id_56", "ds_71_sample_id_214", "ds_39_sample_id_149", "ds_76_sample_id_103", "ds_33_sample_id_19", "ds_13_sample_id_197", "ds_44_sample_id_16", "ds_55_sample_id_17"], "group_13": ["ds_12_sample_id_123", "ds_85_sample_id_102", "ds_31_sample_id_207", "ds_13_sample_id_143", "ds_19_sample_id_95", "ds_49_sample_id_128", "ds_60_sample_id_171", "ds_75_sample_id_164", "ds_77_sample_id_114", "ds_36_sample_id_53", "ds_90_sample_id_151", "ds_56_sample_id_137", "ds_36_sample_id_35", "ds_74_sample_id_199", "ds_24_sample_id_200", "ds_78_sample_id_152", "ds_14_sample_id_47", "ds_40_sample_id_138", "ds_1_sample_id_117", "ds_69_sample_id_145", "ds_50_sample_id_168", "ds_75_sample_id_2", "ds_91_sample_id_62", "ds_71_sample_id_45", "ds_1_sample_id_193", "ds_15_sample_id_147", "ds_11_sample_id_28", "ds_2_sample_id_141", "ds_89_sample_id_119", "ds_8_sample_id_59", "ds_74_sample_id_140", "ds_20_sample_id_1", "ds_73_sample_id_58", "ds_16_sample_id_75", "ds_36_sample_id_154", "ds_20_sample_id_157", "ds_71_sample_id_42", "ds_92_sample_id_54", "ds_51_sample_id_60", "ds_45_sample_id_133", "ds_3_sample_id_150", "ds_18_sample_id_194", "ds_36_sample_id_46", "ds_55_sample_id_90", "ds_42_sample_id_178", "ds_95_sample_id_177", "ds_95_sample_id_73", "ds_30_sample_id_93", "ds_14_sample_id_56", "ds_92_sample_id_3", "ds_46_sample_id_29", "ds_71_sample_id_214", "ds_13_sample_id_197", "ds_58_sample_id_22", "ds_8_sample_id_153"], "group_18": ["ds_12_sample_id_123", "ds_13_sample_id_143", "ds_27_sample_id_120", "ds_17_sample_id_13", "ds_90_sample_id_151", "ds_32_sample_id_113", "ds_100_sample_id_65", "ds_34_sample_id_183", "ds_36_sample_id_35", "ds_79_sample_id_129", "ds_24_sample_id_200", "ds_37_sample_id_39", "ds_61_sample_id_36", "ds_0_sample_id_94", "ds_38_sample_id_55", "ds_49_sample_id_0", "ds_90_sample_id_91", "ds_67_sample_id_25", "ds_22_sample_id_40", "ds_17_sample_id_205", "ds_18_sample_id_216", "ds_36_sample_id_46", "ds_55_sample_id_90", "ds_72_sample_id_71", "ds_82_sample_id_61", "ds_30_sample_id_93", "ds_14_sample_id_56", "ds_46_sample_id_29", "ds_71_sample_id_214", "ds_100_sample_id_105", "ds_26_sample_id_175", "ds_1_sample_id_212", "ds_8_sample_id_153", "ds_44_sample_id_16", "ds_29_sample_id_84", "ds_72_sample_id_125"], "group_10": ["ds_64_sample_id_57", "ds_51_sample_id_210", "ds_31_sample_id_207", "ds_14_sample_id_186", "ds_9_sample_id_41", "ds_19_sample_id_95", "ds_49_sample_id_128", "ds_95_sample_id_77", "ds_68_sample_id_189", "ds_91_sample_id_5", "ds_32_sample_id_113", "ds_94_sample_id_155", "ds_11_sample_id_38", "ds_68_sample_id_92", "ds_74_sample_id_199", "ds_88_sample_id_99", "ds_78_sample_id_152", "ds_14_sample_id_47", "ds_14_sample_id_126", "ds_1_sample_id_117", "ds_54_sample_id_146", "ds_72_sample_id_112", "ds_15_sample_id_147", "ds_46_sample_id_173", "ds_13_sample_id_26", "ds_73_sample_id_166", "ds_24_sample_id_52", "ds_67_sample_id_25", "ds_17_sample_id_205", "ds_59_sample_id_213", "ds_51_sample_id_8", "ds_4_sample_id_78", "ds_77_sample_id_170", "ds_20_sample_id_157", "ds_35_sample_id_21", "ds_10_sample_id_111", "ds_45_sample_id_110", "ds_55_sample_id_90", "ds_82_sample_id_61", "ds_95_sample_id_72", "ds_39_sample_id_149", "ds_26_sample_id_175", "ds_33_sample_id_19", "ds_21_sample_id_198", "ds_31_sample_id_4", "ds_55_sample_id_17", "ds_101_sample_id_127", "ds_72_sample_id_125"], "group_14": ["ds_64_sample_id_57", "ds_44_sample_id_203", "ds_51_sample_id_210", "ds_31_sample_id_207", "ds_28_sample_id_89", "ds_93_sample_id_208", "ds_74_sample_id_209", "ds_9_sample_id_41", "ds_49_sample_id_128", "ds_27_sample_id_120", "ds_77_sample_id_114", "ds_49_sample_id_187", "ds_56_sample_id_137", "ds_43_sample_id_192", "ds_102_sample_id_33", "ds_32_sample_id_113", "ds_11_sample_id_38", "ds_84_sample_id_190", "ds_14_sample_id_47", "ds_60_sample_id_124", "ds_14_sample_id_126", "ds_28_sample_id_18", "ds_69_sample_id_145", "ds_75_sample_id_2", "ds_8_sample_id_167", "ds_68_sample_id_161", "ds_71_sample_id_45", "ds_37_sample_id_107", "ds_13_sample_id_26", "ds_8_sample_id_59", "ds_91_sample_id_96", "ds_74_sample_id_140", "ds_22_sample_id_40", "ds_85_sample_id_196", "ds_36_sample_id_154", "ds_54_sample_id_43", "ds_34_sample_id_49", "ds_20_sample_id_157", "ds_18_sample_id_216", "ds_5_sample_id_180", "ds_73_sample_id_44", "ds_35_sample_id_21", "ds_32_sample_id_100", "ds_43_sample_id_109", "ds_100_sample_id_20", "ds_37_sample_id_142", "ds_42_sample_id_178", "ds_79_sample_id_15", "ds_100_sample_id_80", "ds_30_sample_id_32", "ds_91_sample_id_179", "ds_21_sample_id_184", "ds_49_sample_id_185", "ds_88_sample_id_162", "ds_43_sample_id_211", "ds_95_sample_id_72", "ds_39_sample_id_149", "ds_51_sample_id_7", "ds_30_sample_id_169", "ds_94_sample_id_101", "ds_1_sample_id_116", "ds_101_sample_id_127", "ds_10_sample_id_14"], "group_1": ["ds_51_sample_id_210", "ds_74_sample_id_209", "ds_17_sample_id_13", "ds_35_sample_id_10", "ds_49_sample_id_187", "ds_56_sample_id_137", "ds_69_sample_id_201", "ds_94_sample_id_155", "ds_100_sample_id_65", "ds_34_sample_id_183", "ds_78_sample_id_152", "ds_61_sample_id_36", "ds_16_sample_id_9", "ds_1_sample_id_193", "ds_15_sample_id_147", "ds_46_sample_id_173", "ds_13_sample_id_26", "ds_69_sample_id_76", "ds_41_sample_id_188", "ds_45_sample_id_181", "ds_55_sample_id_12", "ds_91_sample_id_96", "ds_85_sample_id_196", "ds_100_sample_id_104", "ds_80_sample_id_215", "ds_36_sample_id_154", "ds_59_sample_id_213", "ds_98_sample_id_206", "ds_51_sample_id_68", "ds_91_sample_id_81", "ds_77_sample_id_170", "ds_17_sample_id_82", "ds_101_sample_id_136", "ds_92_sample_id_54", "ds_45_sample_id_133", "ds_10_sample_id_111", "ds_72_sample_id_159", "ds_28_sample_id_11", "ds_36_sample_id_46", "ds_100_sample_id_20", "ds_95_sample_id_177", "ds_88_sample_id_162", "ds_92_sample_id_3", "ds_47_sample_id_6", "ds_66_sample_id_131", "ds_55_sample_id_17", "ds_10_sample_id_14", "ds_17_sample_id_158"], "group_19": ["ds_51_sample_id_210", "ds_14_sample_id_186", "ds_9_sample_id_41", "ds_19_sample_id_95", "ds_39_sample_id_50", "ds_27_sample_id_120", "ds_75_sample_id_164", "ds_43_sample_id_192", "ds_57_sample_id_195", "ds_68_sample_id_92", "ds_24_sample_id_200", "ds_88_sample_id_99", "ds_61_sample_id_36", "ds_10_sample_id_182", "ds_40_sample_id_138", "ds_91_sample_id_62", "ds_54_sample_id_146", "ds_37_sample_id_107", "ds_2_sample_id_191", "ds_72_sample_id_112", "ds_73_sample_id_166", "ds_26_sample_id_202", "ds_85_sample_id_196", "ds_100_sample_id_104", "ds_16_sample_id_75", "ds_59_sample_id_213", "ds_54_sample_id_43", "ds_30_sample_id_134", "ds_91_sample_id_81", "ds_4_sample_id_78", "ds_44_sample_id_139", "ds_35_sample_id_21", "ds_58_sample_id_69", "ds_51_sample_id_60", "ds_45_sample_id_133", "ds_17_sample_id_74", "ds_45_sample_id_110", "ds_43_sample_id_109", "ds_100_sample_id_20", "ds_73_sample_id_176", "ds_79_sample_id_15", "ds_72_sample_id_71", "ds_91_sample_id_179", "ds_30_sample_id_93", "ds_21_sample_id_184", "ds_14_sample_id_56", "ds_49_sample_id_185", "ds_43_sample_id_211", "ds_46_sample_id_29", "ds_76_sample_id_103", "ds_33_sample_id_19", "ds_8_sample_id_153", "ds_31_sample_id_4", "ds_17_sample_id_165", "ds_55_sample_id_17", "ds_72_sample_id_125"]}}