{"user_group_edges": {"group_2": ["user_504_sample_id_18", "user_614_sample_id_15", "user_615_sample_id_19", "user_150_sample_id_6", "user_724_sample_id_50", "user_254_sample_id_10", "user_91_sample_id_43", "user_675_sample_id_14", "user_149_sample_id_52", "user_975_sample_id_40", "user_779_sample_id_26", "user_421_sample_id_46"], "group_9": ["user_504_sample_id_18", "user_189_sample_id_13", "user_262_sample_id_5", "user_591_sample_id_33", "user_149_sample_id_52", "user_85_sample_id_42", "user_960_sample_id_23"], "group_6": ["user_408_sample_id_27", "user_150_sample_id_6", "user_724_sample_id_50", "user_866_sample_id_8", "user_975_sample_id_40", "user_342_sample_id_31", "user_297_sample_id_30", "user_1001_sample_id_9", "user_787_sample_id_25"], "group_10": ["user_408_sample_id_27", "user_400_sample_id_21", "user_835_sample_id_0", "user_927_sample_id_48", "user_691_sample_id_1", "user_880_sample_id_7", "user_617_sample_id_39"], "group_12": ["user_408_sample_id_27", "user_614_sample_id_15", "user_559_sample_id_38", "user_829_sample_id_32", "user_189_sample_id_41", "user_960_sample_id_2", "user_691_sample_id_1", "user_975_sample_id_40", "user_297_sample_id_30"], "group_0": ["user_415_sample_id_45", "user_848_sample_id_11", "user_866_sample_id_8", "user_500_sample_id_12", "user_149_sample_id_52", "user_904_sample_id_47", "user_752_sample_id_35", "user_447_sample_id_20", "user_960_sample_id_23", "user_421_sample_id_46", "user_738_sample_id_37"], "group_4": ["user_415_sample_id_45", "user_91_sample_id_43", "user_189_sample_id_41", "user_752_sample_id_35", "user_960_sample_id_23", "user_620_sample_id_49", "user_194_sample_id_24"], "group_17": ["user_415_sample_id_45", "user_946_sample_id_16", "user_559_sample_id_38", "user_829_sample_id_32", "user_615_sample_id_19", "user_854_sample_id_28", "user_960_sample_id_2", "user_927_sample_id_48", "user_399_sample_id_51", "user_691_sample_id_1", "user_738_sample_id_37"], "group_1": ["user_848_sample_id_11", "user_829_sample_id_32", "user_262_sample_id_5", "user_399_sample_id_51", "user_342_sample_id_31", "user_568_sample_id_36", "user_194_sample_id_24"], "group_13": ["user_848_sample_id_11", "user_357_sample_id_4", "user_189_sample_id_13", "user_724_sample_id_50", "user_691_sample_id_1", "user_779_sample_id_26", "user_297_sample_id_30", "user_1001_sample_id_9", "user_194_sample_id_24", "user_787_sample_id_25"], "group_15": ["user_848_sample_id_11", "user_357_sample_id_4", "user_946_sample_id_16", "user_175_sample_id_3", "user_724_sample_id_50", "user_254_sample_id_10", "user_854_sample_id_28", "user_399_sample_id_51", "user_852_sample_id_44", "user_85_sample_id_42", "user_421_sample_id_46", "user_297_sample_id_30", "user_620_sample_id_49", "user_1001_sample_id_9"], "group_5": ["user_614_sample_id_15", "user_262_sample_id_5", "user_615_sample_id_19", "user_175_sample_id_3", "user_957_sample_id_29", "user_500_sample_id_12", "user_927_sample_id_48", "user_399_sample_id_51", "user_675_sample_id_14", "user_149_sample_id_52", "user_904_sample_id_47", "user_779_sample_id_26", "user_617_sample_id_39", "user_297_sample_id_30"], "group_14": ["user_614_sample_id_15", "user_615_sample_id_19", "user_772_sample_id_22", "user_975_sample_id_40", "user_481_sample_id_17", "user_666_sample_id_34", "user_1001_sample_id_9"], "group_19": ["user_614_sample_id_15", "user_400_sample_id_21", "user_559_sample_id_38", "user_957_sample_id_29", "user_675_sample_id_14", "user_752_sample_id_35"], "group_11": ["user_357_sample_id_4", "user_591_sample_id_33", "user_91_sample_id_43", "user_880_sample_id_7", "user_904_sample_id_47", "user_852_sample_id_44", "user_481_sample_id_17", "user_421_sample_id_46", "user_620_sample_id_49", "user_568_sample_id_36"], "group_7": ["user_946_sample_id_16", "user_829_sample_id_32", "user_835_sample_id_0", "user_666_sample_id_34", "user_738_sample_id_37", "user_620_sample_id_49", "user_787_sample_id_25"], "group_16": ["user_946_sample_id_16", "user_262_sample_id_5", "user_772_sample_id_22", "user_957_sample_id_29", "user_85_sample_id_42", "user_568_sample_id_36"], "group_18": ["user_829_sample_id_32", "user_150_sample_id_6", "user_724_sample_id_50", "user_254_sample_id_10", "user_866_sample_id_8", "user_960_sample_id_2", "user_675_sample_id_14", "user_904_sample_id_47", "user_447_sample_id_20", "user_85_sample_id_42", "user_960_sample_id_23", "user_738_sample_id_37"], "group_3": ["user_615_sample_id_19", "user_591_sample_id_33", "user_175_sample_id_3", "user_500_sample_id_12", "user_852_sample_id_44", "user_447_sample_id_20", "user_342_sample_id_31"], "group_8": ["user_866_sample_id_8", "user_854_sample_id_28", "user_500_sample_id_12", "user_927_sample_id_48", "user_880_sample_id_7", "user_779_sample_id_26", "user_666_sample_id_34", "user_568_sample_id_36"]}, "group_data_store_edges": {"group_0": ["ds_61_sample_id_17", "ds_209_sample_id_42", "ds_382_sample_id_2", "ds_19_sample_id_120", "ds_101_sample_id_159", "ds_205_sample_id_58", "ds_59_sample_id_119", "ds_347_sample_id_47", "ds_159_sample_id_207", "ds_383_sample_id_141", "ds_10_sample_id_125", "ds_122_sample_id_82", "ds_394_sample_id_153", "ds_144_sample_id_178", "ds_118_sample_id_41", "ds_120_sample_id_46", "ds_76_sample_id_88", "ds_41_sample_id_131", "ds_281_sample_id_148", "ds_250_sample_id_162", "ds_127_sample_id_201", "ds_37_sample_id_117", "ds_366_sample_id_165", "ds_264_sample_id_173", "ds_260_sample_id_204", "ds_152_sample_id_97", "ds_1_sample_id_91", "ds_301_sample_id_174", "ds_202_sample_id_156", "ds_274_sample_id_45", "ds_131_sample_id_139", "ds_357_sample_id_154", "ds_382_sample_id_92", "ds_234_sample_id_43", "ds_25_sample_id_122", "ds_231_sample_id_181", "ds_171_sample_id_152", "ds_337_sample_id_68", "ds_120_sample_id_76", "ds_76_sample_id_166", "ds_38_sample_id_70", "ds_346_sample_id_32"], "group_9": ["ds_61_sample_id_17", "ds_287_sample_id_33", "ds_331_sample_id_196", "ds_19_sample_id_120", "ds_259_sample_id_31", "ds_70_sample_id_182", "ds_165_sample_id_23", "ds_274_sample_id_129", "ds_295_sample_id_124", "ds_254_sample_id_59", "ds_157_sample_id_26", "ds_247_sample_id_176", "ds_160_sample_id_6", "ds_211_sample_id_4", "ds_93_sample_id_13", "ds_22_sample_id_107", "ds_207_sample_id_171", "ds_293_sample_id_113", "ds_281_sample_id_148", "ds_131_sample_id_147", "ds_291_sample_id_105", "ds_121_sample_id_208", "ds_51_sample_id_127", "ds_250_sample_id_162", "ds_32_sample_id_137", "ds_302_sample_id_150", "ds_242_sample_id_79", "ds_127_sample_id_201", "ds_18_sample_id_14", "ds_39_sample_id_95", "ds_246_sample_id_170", "ds_366_sample_id_165", "ds_173_sample_id_194", "ds_95_sample_id_93", "ds_175_sample_id_151", "ds_100_sample_id_98", "ds_242_sample_id_193", "ds_274_sample_id_45", "ds_333_sample_id_155", "ds_97_sample_id_114", "ds_131_sample_id_139", "ds_91_sample_id_213", "ds_266_sample_id_206", "ds_80_sample_id_192", "ds_166_sample_id_53", "ds_170_sample_id_128", "ds_382_sample_id_92", "ds_25_sample_id_122", "ds_192_sample_id_85", "ds_146_sample_id_185", "ds_268_sample_id_134", "ds_21_sample_id_195", "ds_96_sample_id_179", "ds_244_sample_id_209", "ds_47_sample_id_216", "ds_223_sample_id_63", "ds_149_sample_id_130", "ds_346_sample_id_32"], "group_10": ["ds_61_sample_id_17", "ds_287_sample_id_33", "ds_101_sample_id_159", "ds_219_sample_id_77", "ds_82_sample_id_73", "ds_257_sample_id_72", "ds_135_sample_id_163", "ds_347_sample_id_47", "ds_274_sample_id_129", "ds_159_sample_id_207", "ds_31_sample_id_50", "ds_308_sample_id_202", "ds_50_sample_id_40", "ds_185_sample_id_7", "ds_157_sample_id_26", "ds_160_sample_id_6", "ds_211_sample_id_4", "ds_22_sample_id_107", "ds_120_sample_id_46", "ds_345_sample_id_217", "ds_281_sample_id_148", "ds_121_sample_id_208", "ds_127_sample_id_201", "ds_18_sample_id_14", "ds_288_sample_id_169", "ds_173_sample_id_194", "ds_58_sample_id_164", "ds_264_sample_id_173", "ds_51_sample_id_158", "ds_100_sample_id_98", "ds_134_sample_id_157", "ds_67_sample_id_123", "ds_14_sample_id_203", "ds_244_sample_id_177", "ds_284_sample_id_175", "ds_91_sample_id_213", "ds_12_sample_id_112", "ds_258_sample_id_21", "ds_80_sample_id_192", "ds_382_sample_id_92", "ds_68_sample_id_11", "ds_205_sample_id_144", "ds_146_sample_id_185", "ds_137_sample_id_199", "ds_76_sample_id_166", "ds_280_sample_id_29", "ds_223_sample_id_63", "ds_183_sample_id_22", "ds_67_sample_id_19", "ds_395_sample_id_145"], "group_14": ["ds_61_sample_id_17", "ds_115_sample_id_71", "ds_287_sample_id_33", "ds_345_sample_id_140", "ds_266_sample_id_30", "ds_382_sample_id_2", "ds_171_sample_id_180", "ds_59_sample_id_104", "ds_101_sample_id_159", "ds_3_sample_id_106", "ds_346_sample_id_189", "ds_135_sample_id_163", "ds_165_sample_id_23", "ds_259_sample_id_83", "ds_308_sample_id_202", "ds_185_sample_id_7", "ds_352_sample_id_62", "ds_126_sample_id_1", "ds_238_sample_id_78", "ds_239_sample_id_118", "ds_118_sample_id_41", "ds_281_sample_id_148", "ds_92_sample_id_27", "ds_0_sample_id_55", "ds_288_sample_id_169", "ds_95_sample_id_93", "ds_51_sample_id_158", "ds_208_sample_id_24", "ds_134_sample_id_157", "ds_360_sample_id_9", "ds_244_sample_id_177", "ds_202_sample_id_156", "ds_156_sample_id_18", "ds_73_sample_id_52", "ds_91_sample_id_51", "ds_358_sample_id_115", "ds_27_sample_id_75", "ds_176_sample_id_101", "ds_181_sample_id_66", "ds_33_sample_id_143", "ds_231_sample_id_181", "ds_171_sample_id_152", "ds_195_sample_id_142", "ds_337_sample_id_68", "ds_123_sample_id_187", "ds_260_sample_id_8", "ds_21_sample_id_195", "ds_273_sample_id_74", "ds_152_sample_id_25", "ds_67_sample_id_19", "ds_86_sample_id_20", "ds_318_sample_id_96", "ds_346_sample_id_32", "ds_395_sample_id_145"], "group_8": ["ds_124_sample_id_60", "ds_209_sample_id_42", "ds_382_sample_id_2", "ds_82_sample_id_73", "ds_2_sample_id_90", "ds_59_sample_id_119", "ds_135_sample_id_163", "ds_159_sample_id_207", "ds_122_sample_id_82", "ds_295_sample_id_124", "ds_308_sample_id_202", "ds_389_sample_id_186", "ds_120_sample_id_46", "ds_72_sample_id_28", "ds_264_sample_id_198", "ds_379_sample_id_183", "ds_41_sample_id_131", "ds_281_sample_id_148", "ds_131_sample_id_147", "ds_291_sample_id_105", "ds_32_sample_id_137", "ds_62_sample_id_12", "ds_366_sample_id_165", "ds_366_sample_id_161", "ds_175_sample_id_151", "ds_51_sample_id_158", "ds_100_sample_id_98", "ds_253_sample_id_5", "ds_12_sample_id_112", "ds_73_sample_id_52", "ds_176_sample_id_101", "ds_68_sample_id_11", "ds_171_sample_id_152", "ds_192_sample_id_85", "ds_268_sample_id_134", "ds_260_sample_id_8", "ds_273_sample_id_74", "ds_280_sample_id_29", "ds_47_sample_id_216", "ds_223_sample_id_63", "ds_183_sample_id_22"], "group_13": ["ds_124_sample_id_60", "ds_382_sample_id_2", "ds_19_sample_id_120", "ds_219_sample_id_77", "ds_3_sample_id_106", "ds_11_sample_id_44", "ds_205_sample_id_58", "ds_10_sample_id_67", "ds_342_sample_id_87", "ds_220_sample_id_15", "ds_159_sample_id_207", "ds_120_sample_id_190", "ds_50_sample_id_40", "ds_160_sample_id_6", "ds_274_sample_id_211", "ds_281_sample_id_148", "ds_32_sample_id_137", "ds_127_sample_id_201", "ds_0_sample_id_55", "ds_37_sample_id_117", "ds_313_sample_id_215", "ds_288_sample_id_169", "ds_173_sample_id_194", "ds_264_sample_id_173", "ds_192_sample_id_110", "ds_208_sample_id_24", "ds_301_sample_id_174", "ds_67_sample_id_123", "ds_32_sample_id_132", "ds_12_sample_id_112", "ds_73_sample_id_52", "ds_91_sample_id_51", "ds_33_sample_id_143", "ds_76_sample_id_214", "ds_192_sample_id_85", "ds_12_sample_id_138", "ds_137_sample_id_199", "ds_260_sample_id_8", "ds_273_sample_id_74", "ds_183_sample_id_22", "ds_67_sample_id_19", "ds_38_sample_id_70", "ds_305_sample_id_200", "ds_149_sample_id_130"], "group_4": ["ds_115_sample_id_71", "ds_345_sample_id_140", "ds_266_sample_id_30", "ds_382_sample_id_2", "ds_53_sample_id_191", "ds_3_sample_id_205", "ds_205_sample_id_58", "ds_346_sample_id_189", "ds_114_sample_id_212", "ds_35_sample_id_197", "ds_220_sample_id_15", "ds_159_sample_id_207", "ds_259_sample_id_83", "ds_118_sample_id_80", "ds_247_sample_id_176", "ds_93_sample_id_13", "ds_274_sample_id_211", "ds_22_sample_id_107", "ds_345_sample_id_217", "ds_76_sample_id_88", "ds_264_sample_id_198", "ds_51_sample_id_127", "ds_8_sample_id_86", "ds_39_sample_id_95", "ds_274_sample_id_3", "ds_256_sample_id_109", "ds_135_sample_id_38", "ds_134_sample_id_157", "ds_301_sample_id_174", "ds_244_sample_id_177", "ds_274_sample_id_45", "ds_106_sample_id_121", "ds_65_sample_id_10", "ds_91_sample_id_213", "ds_80_sample_id_192", "ds_104_sample_id_48", "ds_176_sample_id_101", "ds_234_sample_id_43", "ds_33_sample_id_143", "ds_231_sample_id_181", "ds_205_sample_id_144", "ds_192_sample_id_85", "ds_195_sample_id_142", "ds_268_sample_id_134", "ds_320_sample_id_100", "ds_21_sample_id_195", "ds_38_sample_id_70", "ds_318_sample_id_96", "ds_149_sample_id_130"], "group_7": ["ds_115_sample_id_71", "ds_287_sample_id_33", "ds_345_sample_id_140", "ds_331_sample_id_196", "ds_171_sample_id_180", "ds_272_sample_id_188", "ds_101_sample_id_159", "ds_3_sample_id_205", "ds_70_sample_id_182", "ds_71_sample_id_184", "ds_270_sample_id_133", "ds_35_sample_id_197", "ds_184_sample_id_54", "ds_348_sample_id_167", "ds_264_sample_id_198", "ds_379_sample_id_183", "ds_250_sample_id_162", "ds_18_sample_id_14", "ds_288_sample_id_169", "ds_246_sample_id_170", "ds_173_sample_id_194", "ds_50_sample_id_56", "ds_366_sample_id_161", "ds_192_sample_id_110", "ds_175_sample_id_151", "ds_208_sample_id_24", "ds_242_sample_id_193", "ds_145_sample_id_39", "ds_91_sample_id_213", "ds_266_sample_id_206", "ds_73_sample_id_52", "ds_173_sample_id_69", "ds_166_sample_id_53", "ds_181_sample_id_66", "ds_210_sample_id_108", "ds_234_sample_id_43", "ds_231_sample_id_181", "ds_146_sample_id_185", "ds_123_sample_id_187", "ds_320_sample_id_100", "ds_348_sample_id_146", "ds_96_sample_id_179", "ds_221_sample_id_35", "ds_313_sample_id_34", "ds_149_sample_id_130"], "group_16": ["ds_115_sample_id_71", "ds_209_sample_id_42", "ds_287_sample_id_33", "ds_345_sample_id_140", "ds_337_sample_id_64", "ds_272_sample_id_188", "ds_101_sample_id_159", "ds_3_sample_id_205", "ds_70_sample_id_182", "ds_71_sample_id_184", "ds_346_sample_id_189", "ds_59_sample_id_119", "ds_347_sample_id_47", "ds_293_sample_id_113", "ds_345_sample_id_217", "ds_379_sample_id_183", "ds_41_sample_id_131", "ds_51_sample_id_127", "ds_250_sample_id_162", "ds_32_sample_id_137", "ds_313_sample_id_215", "ds_366_sample_id_165", "ds_366_sample_id_161", "ds_256_sample_id_109", "ds_135_sample_id_38", "ds_134_sample_id_157", "ds_284_sample_id_175", "ds_274_sample_id_45", "ds_216_sample_id_135", "ds_266_sample_id_61", "ds_12_sample_id_112", "ds_80_sample_id_192", "ds_224_sample_id_136", "ds_33_sample_id_143", "ds_192_sample_id_85", "ds_146_sample_id_185", "ds_282_sample_id_116", "ds_123_sample_id_187", "ds_76_sample_id_166", "ds_348_sample_id_146", "ds_320_sample_id_81", "ds_96_sample_id_179", "ds_223_sample_id_63", "ds_183_sample_id_22"], "group_6": ["ds_209_sample_id_42", "ds_376_sample_id_149", "ds_382_sample_id_2", "ds_19_sample_id_120", "ds_2_sample_id_90", "ds_3_sample_id_106", "ds_373_sample_id_210", "ds_114_sample_id_212", "ds_35_sample_id_197", "ds_205_sample_id_103", "ds_241_sample_id_168", "ds_254_sample_id_59", "ds_144_sample_id_178", "ds_118_sample_id_41", "ds_345_sample_id_217", "ds_264_sample_id_198", "ds_291_sample_id_105", "ds_121_sample_id_208", "ds_51_sample_id_127", "ds_8_sample_id_86", "ds_242_sample_id_79", "ds_18_sample_id_14", "ds_66_sample_id_37", "ds_91_sample_id_65", "ds_366_sample_id_165", "ds_264_sample_id_173", "ds_381_sample_id_99", "ds_244_sample_id_177", "ds_284_sample_id_175", "ds_274_sample_id_45", "ds_97_sample_id_114", "ds_91_sample_id_51", "ds_382_sample_id_92", "ds_224_sample_id_136", "ds_123_sample_id_187", "ds_260_sample_id_8", "ds_21_sample_id_195", "ds_348_sample_id_146", "ds_320_sample_id_81", "ds_96_sample_id_179", "ds_221_sample_id_35", "ds_183_sample_id_22", "ds_313_sample_id_34"], "group_18": ["ds_209_sample_id_42", "ds_376_sample_id_149", "ds_331_sample_id_196", "ds_219_sample_id_77", "ds_3_sample_id_106", "ds_10_sample_id_125", "ds_122_sample_id_82", "ds_126_sample_id_1", "ds_127_sample_id_201", "ds_91_sample_id_65", "ds_246_sample_id_170", "ds_173_sample_id_194", "ds_78_sample_id_16", "ds_192_sample_id_110", "ds_381_sample_id_99", "ds_135_sample_id_38", "ds_51_sample_id_158", "ds_360_sample_id_9", "ds_14_sample_id_203", "ds_202_sample_id_156", "ds_12_sample_id_112", "ds_266_sample_id_206", "ds_358_sample_id_115", "ds_80_sample_id_192", "ds_357_sample_id_154", "ds_131_sample_id_126", "ds_176_sample_id_101", "ds_181_sample_id_66", "ds_234_sample_id_43", "ds_68_sample_id_11", "ds_224_sample_id_136", "ds_76_sample_id_214", "ds_268_sample_id_134", "ds_76_sample_id_166", "ds_261_sample_id_0", "ds_273_sample_id_74", "ds_221_sample_id_35", "ds_183_sample_id_22", "ds_86_sample_id_20", "ds_318_sample_id_96", "ds_149_sample_id_130", "ds_346_sample_id_32"], "group_17": ["ds_376_sample_id_149", "ds_59_sample_id_104", "ds_257_sample_id_72", "ds_11_sample_id_44", "ds_205_sample_id_58", "ds_114_sample_id_212", "ds_165_sample_id_23", "ds_120_sample_id_190", "ds_383_sample_id_141", "ds_295_sample_id_124", "ds_72_sample_id_172", "ds_205_sample_id_103", "ds_185_sample_id_7", "ds_254_sample_id_59", "ds_184_sample_id_54", "ds_211_sample_id_4", "ds_238_sample_id_78", "ds_76_sample_id_88", "ds_131_sample_id_147", "ds_62_sample_id_12", "ds_302_sample_id_150", "ds_18_sample_id_14", "ds_394_sample_id_89", "ds_66_sample_id_37", "ds_39_sample_id_95", "ds_264_sample_id_173", "ds_260_sample_id_204", "ds_152_sample_id_97", "ds_381_sample_id_99", "ds_100_sample_id_98", "ds_67_sample_id_123", "ds_32_sample_id_132", "ds_202_sample_id_156", "ds_156_sample_id_18", "ds_216_sample_id_135", "ds_91_sample_id_51", "ds_358_sample_id_115", "ds_166_sample_id_53", "ds_68_sample_id_11", "ds_33_sample_id_143", "ds_76_sample_id_214", "ds_12_sample_id_138", "ds_283_sample_id_102", "ds_260_sample_id_8", "ds_320_sample_id_100", "ds_280_sample_id_29", "ds_221_sample_id_35", "ds_244_sample_id_209", "ds_305_sample_id_200"], "group_1": ["ds_287_sample_id_33", "ds_345_sample_id_140", "ds_266_sample_id_30", "ds_272_sample_id_188", "ds_219_sample_id_77", "ds_82_sample_id_73", "ds_257_sample_id_72", "ds_59_sample_id_119", "ds_347_sample_id_47", "ds_259_sample_id_83", "ds_72_sample_id_172", "ds_50_sample_id_40", "ds_185_sample_id_7", "ds_211_sample_id_4", "ds_144_sample_id_178", "ds_22_sample_id_107", "ds_239_sample_id_118", "ds_293_sample_id_113", "ds_76_sample_id_88", "ds_264_sample_id_198", "ds_246_sample_id_170", "ds_78_sample_id_16", "ds_192_sample_id_110", "ds_152_sample_id_97", "ds_135_sample_id_38", "ds_394_sample_id_111", "ds_284_sample_id_175", "ds_156_sample_id_18", "ds_333_sample_id_155", "ds_106_sample_id_121", "ds_145_sample_id_39", "ds_97_sample_id_114", "ds_131_sample_id_139", "ds_325_sample_id_49", "ds_12_sample_id_112", "ds_266_sample_id_206", "ds_166_sample_id_53", "ds_131_sample_id_126", "ds_25_sample_id_122", "ds_283_sample_id_102", "ds_282_sample_id_116", "ds_137_sample_id_199", "ds_260_sample_id_8", "ds_395_sample_id_145"], "group_12": ["ds_287_sample_id_33", "ds_345_sample_id_140", "ds_272_sample_id_188", "ds_369_sample_id_84", "ds_10_sample_id_67", "ds_342_sample_id_87", "ds_71_sample_id_184", "ds_135_sample_id_163", "ds_10_sample_id_125", "ds_295_sample_id_124", "ds_308_sample_id_202", "ds_72_sample_id_172", "ds_205_sample_id_103", "ds_211_sample_id_4", "ds_274_sample_id_211", "ds_144_sample_id_178", "ds_22_sample_id_107", "ds_239_sample_id_118", "ds_293_sample_id_113", "ds_76_sample_id_88", "ds_379_sample_id_183", "ds_291_sample_id_105", "ds_121_sample_id_208", "ds_250_sample_id_162", "ds_0_sample_id_55", "ds_37_sample_id_117", "ds_173_sample_id_194", "ds_58_sample_id_164", "ds_175_sample_id_151", "ds_253_sample_id_5", "ds_301_sample_id_174", "ds_14_sample_id_203", "ds_156_sample_id_18", "ds_97_sample_id_114", "ds_325_sample_id_49", "ds_80_sample_id_192", "ds_25_sample_id_122", "ds_283_sample_id_102", "ds_320_sample_id_100", "ds_280_sample_id_29", "ds_244_sample_id_209", "ds_47_sample_id_216", "ds_223_sample_id_63", "ds_67_sample_id_19", "ds_313_sample_id_34", "ds_305_sample_id_200", "ds_318_sample_id_96", "ds_395_sample_id_145"], "group_2": ["ds_266_sample_id_30", "ds_337_sample_id_64", "ds_171_sample_id_180", "ds_82_sample_id_73", "ds_3_sample_id_205", "ds_10_sample_id_67", "ds_342_sample_id_87", "ds_346_sample_id_189", "ds_59_sample_id_119", "ds_80_sample_id_94", "ds_274_sample_id_129", "ds_31_sample_id_50", "ds_126_sample_id_1", "ds_157_sample_id_26", "ds_394_sample_id_153", "ds_118_sample_id_41", "ds_120_sample_id_46", "ds_72_sample_id_28", "ds_121_sample_id_208", "ds_51_sample_id_127", "ds_8_sample_id_86", "ds_274_sample_id_3", "ds_32_sample_id_132", "ds_145_sample_id_39", "ds_97_sample_id_114", "ds_131_sample_id_139", "ds_266_sample_id_206", "ds_173_sample_id_69", "ds_131_sample_id_126", "ds_104_sample_id_48", "ds_12_sample_id_138", "ds_337_sample_id_68", "ds_123_sample_id_187", "ds_261_sample_id_0", "ds_280_sample_id_29", "ds_38_sample_id_70", "ds_313_sample_id_34"], "group_11": ["ds_266_sample_id_30", "ds_337_sample_id_64", "ds_59_sample_id_104", "ds_272_sample_id_188", "ds_101_sample_id_159", "ds_205_sample_id_58", "ds_10_sample_id_67", "ds_342_sample_id_87", "ds_70_sample_id_182", "ds_71_sample_id_184", "ds_114_sample_id_212", "ds_270_sample_id_133", "ds_220_sample_id_15", "ds_80_sample_id_94", "ds_159_sample_id_207", "ds_120_sample_id_190", "ds_259_sample_id_83", "ds_205_sample_id_103", "ds_118_sample_id_80", "ds_389_sample_id_186", "ds_207_sample_id_171", "ds_293_sample_id_113", "ds_264_sample_id_198", "ds_291_sample_id_105", "ds_121_sample_id_208", "ds_32_sample_id_137", "ds_242_sample_id_79", "ds_18_sample_id_14", "ds_66_sample_id_37", "ds_288_sample_id_169", "ds_91_sample_id_65", "ds_173_sample_id_194", "ds_50_sample_id_56", "ds_58_sample_id_164", "ds_192_sample_id_110", "ds_95_sample_id_93", "ds_100_sample_id_98", "ds_1_sample_id_91", "ds_242_sample_id_193", "ds_333_sample_id_155", "ds_106_sample_id_121", "ds_216_sample_id_135", "ds_29_sample_id_57", "ds_91_sample_id_213", "ds_12_sample_id_112", "ds_91_sample_id_51", "ds_27_sample_id_75", "ds_166_sample_id_53", "ds_170_sample_id_128", "ds_176_sample_id_101", "ds_181_sample_id_66", "ds_210_sample_id_108", "ds_283_sample_id_102", "ds_282_sample_id_116", "ds_137_sample_id_199", "ds_320_sample_id_100", "ds_21_sample_id_195", "ds_244_sample_id_209"], "group_5": ["ds_337_sample_id_64", "ds_53_sample_id_191", "ds_259_sample_id_31", "ds_3_sample_id_205", "ds_2_sample_id_90", "ds_11_sample_id_44", "ds_342_sample_id_87", "ds_270_sample_id_133", "ds_126_sample_id_1", "ds_247_sample_id_176", "ds_93_sample_id_13", "ds_238_sample_id_78", "ds_72_sample_id_28", "ds_0_sample_id_55", "ds_394_sample_id_89", "ds_274_sample_id_3", "ds_95_sample_id_93", "ds_256_sample_id_109", "ds_396_sample_id_36", "ds_208_sample_id_24", "ds_134_sample_id_157", "ds_202_sample_id_156", "ds_106_sample_id_121", "ds_29_sample_id_57", "ds_173_sample_id_69", "ds_357_sample_id_154", "ds_104_sample_id_48", "ds_210_sample_id_108", "ds_231_sample_id_181", "ds_205_sample_id_144", "ds_137_sample_id_199", "ds_152_sample_id_25", "ds_47_sample_id_216", "ds_223_sample_id_63", "ds_318_sample_id_96"], "group_3": ["ds_331_sample_id_196", "ds_101_sample_id_159", "ds_219_sample_id_77", "ds_3_sample_id_205", "ds_11_sample_id_44", "ds_373_sample_id_210", "ds_259_sample_id_83", "ds_50_sample_id_40", "ds_205_sample_id_103", "ds_241_sample_id_168", "ds_352_sample_id_62", "ds_126_sample_id_1", "ds_274_sample_id_211", "ds_238_sample_id_78", "ds_207_sample_id_171", "ds_76_sample_id_88", "ds_250_sample_id_162", "ds_32_sample_id_137", "ds_62_sample_id_12", "ds_302_sample_id_150", "ds_242_sample_id_79", "ds_0_sample_id_55", "ds_313_sample_id_215", "ds_78_sample_id_16", "ds_274_sample_id_3", "ds_192_sample_id_110", "ds_396_sample_id_36", "ds_360_sample_id_9", "ds_301_sample_id_174", "ds_67_sample_id_123", "ds_244_sample_id_177", "ds_32_sample_id_132", "ds_156_sample_id_18", "ds_333_sample_id_155", "ds_106_sample_id_121", "ds_131_sample_id_139", "ds_25_sample_id_122", "ds_205_sample_id_144", "ds_192_sample_id_85", "ds_282_sample_id_116", "ds_137_sample_id_199", "ds_337_sample_id_68", "ds_268_sample_id_134", "ds_152_sample_id_25", "ds_67_sample_id_19", "ds_313_sample_id_34", "ds_86_sample_id_20"], "group_15": ["ds_53_sample_id_191", "ds_369_sample_id_84", "ds_257_sample_id_72", "ds_70_sample_id_182", "ds_114_sample_id_212", "ds_35_sample_id_197", "ds_165_sample_id_23", "ds_72_sample_id_172", "ds_352_sample_id_62", "ds_254_sample_id_59", "ds_211_sample_id_4", "ds_93_sample_id_13", "ds_274_sample_id_211", "ds_348_sample_id_167", "ds_144_sample_id_178", "ds_389_sample_id_186", "ds_207_sample_id_171", "ds_118_sample_id_41", "ds_120_sample_id_46", "ds_131_sample_id_147", "ds_62_sample_id_12", "ds_92_sample_id_27", "ds_242_sample_id_79", "ds_173_sample_id_194", "ds_50_sample_id_56", "ds_260_sample_id_204", "ds_253_sample_id_5", "ds_1_sample_id_91", "ds_394_sample_id_111", "ds_266_sample_id_61", "ds_29_sample_id_57", "ds_131_sample_id_139", "ds_358_sample_id_115", "ds_27_sample_id_75", "ds_170_sample_id_128", "ds_224_sample_id_136", "ds_33_sample_id_143", "ds_283_sample_id_102", "ds_146_sample_id_185", "ds_123_sample_id_187", "ds_120_sample_id_76", "ds_76_sample_id_166", "ds_348_sample_id_146", "ds_320_sample_id_81", "ds_273_sample_id_74", "ds_152_sample_id_25", "ds_47_sample_id_216", "ds_86_sample_id_20"], "group_19": ["ds_171_sample_id_180", "ds_59_sample_id_104", "ds_219_sample_id_77", "ds_369_sample_id_84", "ds_373_sample_id_210", "ds_10_sample_id_67", "ds_270_sample_id_133", "ds_135_sample_id_163", "ds_165_sample_id_23", "ds_159_sample_id_207", "ds_308_sample_id_202", "ds_50_sample_id_40", "ds_205_sample_id_103", "ds_184_sample_id_54", "ds_211_sample_id_4", "ds_93_sample_id_13", "ds_274_sample_id_211", "ds_348_sample_id_167", "ds_389_sample_id_186", "ds_345_sample_id_217", "ds_76_sample_id_88", "ds_121_sample_id_208", "ds_51_sample_id_127", "ds_127_sample_id_201", "ds_18_sample_id_14", "ds_39_sample_id_95", "ds_366_sample_id_161", "ds_152_sample_id_97", "ds_135_sample_id_38", "ds_208_sample_id_24", "ds_242_sample_id_193", "ds_284_sample_id_175", "ds_202_sample_id_156", "ds_333_sample_id_155", "ds_216_sample_id_135", "ds_65_sample_id_10", "ds_325_sample_id_49", "ds_358_sample_id_115", "ds_27_sample_id_75", "ds_382_sample_id_92", "ds_76_sample_id_214", "ds_123_sample_id_187", "ds_260_sample_id_8", "ds_320_sample_id_81", "ds_96_sample_id_179", "ds_152_sample_id_25", "ds_221_sample_id_35", "ds_183_sample_id_22", "ds_38_sample_id_70", "ds_318_sample_id_96", "ds_346_sample_id_32", "ds_395_sample_id_145"]}}