{"ds_42_sample_id_0": [], "ds_31_sample_id_1": [], "ds_19_sample_id_2": ["DOMAIN_NAME", "EMAIL_ADDRESS", "IP_ADDRESS", "PERSON"], "ds_44_sample_id_3": ["DOMAIN_NAME", "IP_ADDRESS", "PERSON"], "ds_12_sample_id_4": [], "ds_8_sample_id_5": [], "ds_36_sample_id_6": [], "ds_8_sample_id_7": [], "ds_2_sample_id_8": [], "ds_18_sample_id_9": [], "ds_49_sample_id_10": [], "ds_59_sample_id_11": [], "ds_41_sample_id_12": [], "ds_59_sample_id_13": [], "ds_39_sample_id_14": [], "ds_8_sample_id_15": [], "ds_47_sample_id_16": [], "ds_41_sample_id_17": [], "ds_57_sample_id_18": [], "ds_50_sample_id_19": [], "ds_46_sample_id_20": [], "ds_4_sample_id_21": [], "ds_63_sample_id_22": [], "ds_57_sample_id_23": [], "ds_12_sample_id_24": [], "ds_17_sample_id_25": [], "ds_42_sample_id_26": [], "ds_58_sample_id_27": [], "ds_64_sample_id_28": [], "ds_37_sample_id_29": [], "ds_31_sample_id_30": [], "ds_51_sample_id_31": [], "ds_35_sample_id_32": [], "ds_42_sample_id_33": [], "ds_40_sample_id_34": [], "ds_28_sample_id_35": [], "ds_64_sample_id_36": [], "ds_22_sample_id_37": ["DOMAIN_NAME"], "ds_6_sample_id_38": [], "ds_40_sample_id_39": [], "ds_52_sample_id_40": ["PERSON"], "ds_49_sample_id_41": [], "ds_55_sample_id_42": [], "ds_35_sample_id_43": [], "ds_20_sample_id_44": [], "ds_31_sample_id_45": [], "ds_16_sample_id_46": [], "ds_44_sample_id_47": ["DOMAIN_NAME", "IP_ADDRESS", "PERSON"], "ds_66_sample_id_48": [], "ds_43_sample_id_49": [], "ds_63_sample_id_50": [], "ds_41_sample_id_51": [], "ds_26_sample_id_52": ["DOMAIN_NAME", "IP_ADDRESS", "PERSON"], "ds_45_sample_id_53": ["DOMAIN_NAME", "IP_ADDRESS", "PERSON"], "ds_22_sample_id_54": ["DOMAIN_NAME"], "ds_33_sample_id_55": [], "ds_45_sample_id_56": ["DOMAIN_NAME", "IP_ADDRESS", "PERSON"], "ds_52_sample_id_57": ["PERSON"], "ds_37_sample_id_58": [], "ds_57_sample_id_59": [], "ds_53_sample_id_60": ["DOMAIN_NAME", "IP_ADDRESS", "PERSON"], "ds_13_sample_id_61": [], "ds_24_sample_id_62": [], "ds_38_sample_id_63": [], "ds_63_sample_id_64": [], "ds_18_sample_id_65": [], "ds_63_sample_id_66": [], "ds_20_sample_id_67": [], "ds_4_sample_id_68": [], "ds_58_sample_id_69": [], "ds_11_sample_id_70": ["DOMAIN_NAME", "EMAIL_ADDRESS", "IP_ADDRESS", "PERSON"], "ds_49_sample_id_71": [], "ds_62_sample_id_72": [], "ds_58_sample_id_73": [], "ds_12_sample_id_74": [], "ds_16_sample_id_75": [], "ds_9_sample_id_76": [], "ds_29_sample_id_77": [], "ds_17_sample_id_78": [], "ds_40_sample_id_79": [], "ds_10_sample_id_80": [], "ds_33_sample_id_81": [], "ds_18_sample_id_82": [], "ds_33_sample_id_83": [], "ds_65_sample_id_84": [], "ds_60_sample_id_85": [], "ds_46_sample_id_86": [], "ds_57_sample_id_87": [], "ds_15_sample_id_88": [], "ds_63_sample_id_89": [], "ds_25_sample_id_90": [], "ds_44_sample_id_91": ["DOMAIN_NAME", "IP_ADDRESS", "PERSON"], "ds_60_sample_id_92": [], "ds_9_sample_id_93": [], "ds_7_sample_id_94": [], "ds_66_sample_id_95": [], "ds_11_sample_id_96": ["DOMAIN_NAME", "EMAIL_ADDRESS", "IP_ADDRESS", "PERSON"], "ds_55_sample_id_97": [], "ds_59_sample_id_98": [], "ds_57_sample_id_99": [], "ds_1_sample_id_100": [], "ds_35_sample_id_101": [], "ds_56_sample_id_102": [], "ds_6_sample_id_103": [], "ds_15_sample_id_104": [], "ds_17_sample_id_105": [], "ds_61_sample_id_106": [], "ds_26_sample_id_107": ["DOMAIN_NAME", "IP_ADDRESS", "PERSON"], "ds_66_sample_id_108": [], "ds_24_sample_id_109": [], "ds_45_sample_id_110": ["DOMAIN_NAME", "IP_ADDRESS", "PERSON"], "ds_48_sample_id_111": ["DOMAIN_NAME", "IP_ADDRESS", "PERSON"], "ds_32_sample_id_112": [], "ds_52_sample_id_113": ["PERSON"], "ds_6_sample_id_114": [], "ds_12_sample_id_115": [], "ds_43_sample_id_116": [], "ds_51_sample_id_117": [], "ds_52_sample_id_118": ["PERSON"], "ds_15_sample_id_119": [], "ds_39_sample_id_120": [], "ds_47_sample_id_121": [], "ds_49_sample_id_122": [], "ds_46_sample_id_123": [], "ds_46_sample_id_124": [], "ds_48_sample_id_125": ["DOMAIN_NAME", "IP_ADDRESS", "PERSON"], "ds_42_sample_id_126": [], "ds_63_sample_id_127": [], "ds_14_sample_id_128": [], "ds_37_sample_id_129": [], "ds_62_sample_id_130": [], "ds_13_sample_id_131": [], "ds_28_sample_id_132": [], "ds_13_sample_id_133": [], "ds_54_sample_id_134": [], "ds_10_sample_id_135": [], "ds_13_sample_id_136": [], "ds_16_sample_id_137": [], "ds_41_sample_id_138": [], "ds_9_sample_id_139": [], "ds_26_sample_id_140": ["DOMAIN_NAME", "IP_ADDRESS", "PERSON"], "ds_42_sample_id_141": [], "ds_42_sample_id_142": [], "ds_27_sample_id_143": ["DOMAIN_NAME", "IP_ADDRESS"], "ds_37_sample_id_144": [], "ds_30_sample_id_145": [], "ds_36_sample_id_146": [], "ds_57_sample_id_147": [], "ds_53_sample_id_148": ["DOMAIN_NAME", "IP_ADDRESS", "PERSON"], "ds_35_sample_id_149": [], "ds_1_sample_id_150": [], "ds_61_sample_id_151": [], "ds_25_sample_id_152": [], "ds_52_sample_id_153": ["PERSON"], "ds_14_sample_id_154": [], "ds_5_sample_id_155": [], "ds_35_sample_id_156": [], "ds_10_sample_id_157": [], "ds_30_sample_id_158": [], "ds_21_sample_id_159": [], "ds_51_sample_id_160": [], "ds_5_sample_id_161": [], "ds_6_sample_id_162": [], "ds_55_sample_id_163": [], "ds_64_sample_id_164": [], "ds_25_sample_id_165": [], "ds_10_sample_id_166": [], "ds_2_sample_id_167": [], "ds_61_sample_id_168": [], "ds_38_sample_id_169": [], "ds_2_sample_id_170": [], "ds_40_sample_id_171": [], "ds_51_sample_id_172": [], "ds_4_sample_id_173": [], "ds_59_sample_id_174": [], "ds_61_sample_id_175": [], "ds_29_sample_id_176": [], "ds_23_sample_id_177": ["DOMAIN_NAME", "IP_ADDRESS"], "ds_30_sample_id_178": [], "ds_64_sample_id_179": [], "ds_16_sample_id_180": [], "ds_23_sample_id_181": ["DOMAIN_NAME", "IP_ADDRESS"], "ds_45_sample_id_182": ["DOMAIN_NAME", "IP_ADDRESS", "PERSON"], "ds_61_sample_id_183": [], "ds_32_sample_id_184": [], "ds_20_sample_id_185": [], "ds_10_sample_id_186": [], "ds_37_sample_id_187": [], "ds_35_sample_id_188": [], "ds_23_sample_id_189": ["DOMAIN_NAME", "IP_ADDRESS"], "ds_56_sample_id_190": [], "ds_5_sample_id_191": [], "ds_9_sample_id_192": [], "ds_8_sample_id_193": [], "ds_37_sample_id_194": [], "ds_26_sample_id_195": ["DOMAIN_NAME", "IP_ADDRESS", "PERSON"], "ds_6_sample_id_196": [], "ds_58_sample_id_197": [], "ds_27_sample_id_198": ["DOMAIN_NAME", "IP_ADDRESS"], "ds_43_sample_id_199": [], "ds_30_sample_id_200": [], "ds_62_sample_id_201": [], "ds_33_sample_id_202": [], "ds_2_sample_id_203": [], "ds_34_sample_id_204": [], "ds_35_sample_id_205": [], "ds_35_sample_id_206": [], "ds_40_sample_id_207": [], "ds_63_sample_id_208": [], "ds_11_sample_id_209": ["DOMAIN_NAME", "EMAIL_ADDRESS", "IP_ADDRESS", "PERSON"], "ds_20_sample_id_210": [], "ds_49_sample_id_211": [], "ds_51_sample_id_212": [], "ds_7_sample_id_213": [], "ds_18_sample_id_214": [], "ds_6_sample_id_215": [], "ds_65_sample_id_216": [], "ds_43_sample_id_217": [], "ds_55_sample_id_218": [], "ds_24_sample_id_219": [], "ds_63_sample_id_220": [], "ds_43_sample_id_221": [], "ds_40_sample_id_222": [], "ds_20_sample_id_223": [], "ds_60_sample_id_224": [], "ds_56_sample_id_225": [], "ds_49_sample_id_226": [], "ds_19_sample_id_227": ["DOMAIN_NAME", "EMAIL_ADDRESS", "IP_ADDRESS", "PERSON"], "ds_34_sample_id_228": [], "ds_2_sample_id_229": [], "ds_21_sample_id_230": [], "ds_48_sample_id_231": ["DOMAIN_NAME", "IP_ADDRESS", "PERSON"], "ds_55_sample_id_232": [], "ds_10_sample_id_233": [], "ds_6_sample_id_234": [], "ds_48_sample_id_235": ["DOMAIN_NAME", "IP_ADDRESS", "PERSON"], "ds_21_sample_id_236": [], "ds_19_sample_id_237": ["DOMAIN_NAME", "EMAIL_ADDRESS", "IP_ADDRESS", "PERSON"], "ds_0_sample_id_238": ["PERSON"], "ds_15_sample_id_239": [], "ds_42_sample_id_240": [], "ds_2_sample_id_241": [], "ds_15_sample_id_242": [], "ds_39_sample_id_243": [], "ds_1_sample_id_244": [], "ds_59_sample_id_245": [], "ds_48_sample_id_246": ["DOMAIN_NAME", "IP_ADDRESS", "PERSON"], "ds_57_sample_id_247": [], "ds_10_sample_id_248": [], "ds_30_sample_id_249": [], "ds_55_sample_id_250": [], "ds_11_sample_id_251": ["DOMAIN_NAME", "EMAIL_ADDRESS", "IP_ADDRESS", "PERSON"], "ds_13_sample_id_252": [], "ds_6_sample_id_253": [], "ds_20_sample_id_254": [], "ds_64_sample_id_255": [], "ds_6_sample_id_256": [], "ds_8_sample_id_257": [], "ds_10_sample_id_258": [], "ds_47_sample_id_259": [], "ds_46_sample_id_260": [], "ds_22_sample_id_261": ["DOMAIN_NAME"], "ds_8_sample_id_262": [], "ds_62_sample_id_263": [], "ds_1_sample_id_264": [], "ds_59_sample_id_265": [], "ds_19_sample_id_266": ["DOMAIN_NAME", "EMAIL_ADDRESS", "IP_ADDRESS", "PERSON"], "ds_35_sample_id_267": [], "ds_39_sample_id_268": [], "ds_26_sample_id_269": ["DOMAIN_NAME", "IP_ADDRESS", "PERSON"], "ds_19_sample_id_270": ["DOMAIN_NAME", "EMAIL_ADDRESS", "IP_ADDRESS", "PERSON"], "ds_6_sample_id_271": [], "ds_4_sample_id_272": [], "ds_42_sample_id_273": [], "ds_40_sample_id_274": [], "ds_43_sample_id_275": [], "ds_42_sample_id_276": [], "ds_35_sample_id_277": [], "ds_33_sample_id_278": [], "ds_36_sample_id_279": [], "ds_1_sample_id_280": [], "ds_51_sample_id_281": [], "ds_3_sample_id_282": ["DOMAIN_NAME", "EMAIL_ADDRESS", "IP_ADDRESS", "PERSON"], "ds_34_sample_id_283": [], "ds_63_sample_id_284": [], "ds_18_sample_id_285": [], "ds_45_sample_id_286": ["DOMAIN_NAME", "IP_ADDRESS", "PERSON"], "ds_38_sample_id_287": [], "ds_4_sample_id_288": [], "ds_0_sample_id_289": ["PERSON"], "ds_62_sample_id_290": [], "ds_6_sample_id_291": [], "ds_50_sample_id_292": [], "ds_33_sample_id_293": [], "ds_50_sample_id_294": [], "ds_39_sample_id_295": [], "ds_32_sample_id_296": [], "ds_5_sample_id_297": [], "ds_10_sample_id_298": [], "ds_31_sample_id_299": [], "ds_12_sample_id_300": [], "ds_48_sample_id_301": ["DOMAIN_NAME", "IP_ADDRESS", "PERSON"], "ds_6_sample_id_302": [], "ds_19_sample_id_303": ["DOMAIN_NAME", "EMAIL_ADDRESS", "IP_ADDRESS", "PERSON"], "ds_7_sample_id_304": [], "ds_25_sample_id_305": [], "ds_11_sample_id_306": ["DOMAIN_NAME", "EMAIL_ADDRESS", "IP_ADDRESS", "PERSON"], "ds_65_sample_id_307": [], "ds_32_sample_id_308": [], "ds_1_sample_id_309": [], "ds_30_sample_id_310": [], "ds_26_sample_id_311": ["DOMAIN_NAME", "IP_ADDRESS", "PERSON"], "ds_19_sample_id_312": ["DOMAIN_NAME", "EMAIL_ADDRESS", "IP_ADDRESS", "PERSON"], "ds_46_sample_id_313": [], "ds_43_sample_id_314": [], "ds_60_sample_id_315": [], "ds_43_sample_id_316": [], "ds_3_sample_id_317": ["DOMAIN_NAME", "EMAIL_ADDRESS", "IP_ADDRESS", "PERSON"], "ds_33_sample_id_318": [], "ds_42_sample_id_319": [], "ds_50_sample_id_320": [], "ds_3_sample_id_321": ["DOMAIN_NAME", "EMAIL_ADDRESS", "IP_ADDRESS", "PERSON"], "ds_35_sample_id_322": [], "ds_45_sample_id_323": ["DOMAIN_NAME", "IP_ADDRESS", "PERSON"], "ds_62_sample_id_324": [], "ds_2_sample_id_325": [], "ds_17_sample_id_326": [], "ds_35_sample_id_327": [], "ds_21_sample_id_328": [], "ds_61_sample_id_329": [], "ds_27_sample_id_330": ["DOMAIN_NAME", "IP_ADDRESS"], "ds_53_sample_id_331": ["DOMAIN_NAME", "IP_ADDRESS", "PERSON"], "ds_28_sample_id_332": [], "ds_2_sample_id_333": [], "ds_1_sample_id_334": [], "ds_24_sample_id_335": [], "ds_34_sample_id_336": [], "ds_44_sample_id_337": ["DOMAIN_NAME", "IP_ADDRESS", "PERSON"], "ds_30_sample_id_338": [], "ds_54_sample_id_339": [], "ds_21_sample_id_340": [], "ds_34_sample_id_341": [], "ds_45_sample_id_342": ["DOMAIN_NAME", "IP_ADDRESS", "PERSON"], "ds_22_sample_id_343": ["DOMAIN_NAME"], "ds_56_sample_id_344": [], "ds_5_sample_id_345": [], "ds_52_sample_id_346": ["PERSON"], "ds_4_sample_id_347": [], "ds_46_sample_id_348": [], "ds_52_sample_id_349": ["PERSON"], "ds_8_sample_id_350": [], "ds_29_sample_id_351": [], "ds_66_sample_id_352": [], "ds_50_sample_id_353": [], "ds_49_sample_id_354": [], "ds_4_sample_id_355": [], "ds_12_sample_id_356": [], "ds_55_sample_id_357": [], "ds_14_sample_id_358": [], "ds_47_sample_id_359": [], "ds_24_sample_id_360": [], "ds_6_sample_id_361": [], "ds_48_sample_id_362": ["DOMAIN_NAME", "IP_ADDRESS", "PERSON"], "ds_54_sample_id_363": [], "ds_43_sample_id_364": [], "ds_54_sample_id_365": [], "ds_16_sample_id_366": [], "ds_52_sample_id_367": ["PERSON"], "ds_6_sample_id_368": [], "ds_64_sample_id_369": [], "ds_0_sample_id_370": ["PERSON"], "ds_38_sample_id_371": [], "ds_16_sample_id_372": [], "ds_37_sample_id_373": [], "ds_2_sample_id_374": [], "ds_35_sample_id_375": [], "ds_34_sample_id_376": [], "ds_23_sample_id_377": ["DOMAIN_NAME", "IP_ADDRESS"], "ds_51_sample_id_378": [], "ds_58_sample_id_379": [], "ds_5_sample_id_380": [], "ds_1_sample_id_381": [], "ds_8_sample_id_382": [], "ds_39_sample_id_383": [], "ds_9_sample_id_384": [], "ds_42_sample_id_385": [], "ds_11_sample_id_386": ["DOMAIN_NAME", "EMAIL_ADDRESS", "IP_ADDRESS", "PERSON"], "ds_36_sample_id_387": [], "ds_60_sample_id_388": [], "ds_32_sample_id_389": [], "ds_66_sample_id_390": [], "ds_35_sample_id_391": [], "ds_30_sample_id_392": [], "ds_57_sample_id_393": [], "ds_43_sample_id_394": [], "ds_32_sample_id_395": [], "ds_4_sample_id_396": [], "ds_16_sample_id_397": [], "ds_61_sample_id_398": [], "ds_3_sample_id_399": ["DOMAIN_NAME", "EMAIL_ADDRESS", "IP_ADDRESS", "PERSON"], "ds_30_sample_id_400": [], "ds_33_sample_id_401": [], "ds_23_sample_id_402": ["DOMAIN_NAME", "IP_ADDRESS"], "ds_31_sample_id_403": [], "ds_37_sample_id_404": [], "ds_7_sample_id_405": [], "ds_9_sample_id_406": [], "ds_20_sample_id_407": [], "ds_26_sample_id_408": ["DOMAIN_NAME", "IP_ADDRESS", "PERSON"], "ds_25_sample_id_409": [], "ds_39_sample_id_410": [], "ds_32_sample_id_411": [], "ds_43_sample_id_412": [], "ds_4_sample_id_413": [], "ds_32_sample_id_414": [], "ds_62_sample_id_415": [], "ds_9_sample_id_416": [], "ds_34_sample_id_417": [], "ds_13_sample_id_418": [], "ds_30_sample_id_419": [], "ds_60_sample_id_420": [], "ds_41_sample_id_421": [], "ds_27_sample_id_422": ["DOMAIN_NAME", "IP_ADDRESS"], "ds_37_sample_id_423": [], "ds_4_sample_id_424": [], "ds_23_sample_id_425": ["DOMAIN_NAME", "IP_ADDRESS"], "ds_2_sample_id_426": [], "ds_42_sample_id_427": [], "ds_39_sample_id_428": [], "ds_23_sample_id_429": ["DOMAIN_NAME", "IP_ADDRESS"], "ds_22_sample_id_430": ["DOMAIN_NAME"], "ds_43_sample_id_431": [], "ds_28_sample_id_432": [], "ds_56_sample_id_433": [], "ds_41_sample_id_434": [], "ds_12_sample_id_435": [], "ds_48_sample_id_436": ["DOMAIN_NAME", "IP_ADDRESS", "PERSON"], "ds_46_sample_id_437": [], "ds_15_sample_id_438": [], "ds_52_sample_id_439": ["PERSON"], "ds_45_sample_id_440": ["DOMAIN_NAME", "IP_ADDRESS", "PERSON"], "ds_45_sample_id_441": ["DOMAIN_NAME", "IP_ADDRESS", "PERSON"], "ds_53_sample_id_442": ["DOMAIN_NAME", "IP_ADDRESS", "PERSON"], "ds_1_sample_id_443": [], "ds_66_sample_id_444": [], "ds_60_sample_id_445": [], "ds_20_sample_id_446": [], "ds_54_sample_id_447": [], "ds_7_sample_id_448": [], "ds_65_sample_id_449": [], "ds_52_sample_id_450": ["PERSON"], "ds_51_sample_id_451": [], "ds_30_sample_id_452": [], "ds_22_sample_id_453": ["DOMAIN_NAME"], "ds_14_sample_id_454": [], "ds_53_sample_id_455": ["DOMAIN_NAME", "IP_ADDRESS", "PERSON"], "ds_42_sample_id_456": [], "ds_5_sample_id_457": [], "ds_0_sample_id_458": ["PERSON"], "ds_66_sample_id_459": [], "ds_3_sample_id_460": ["DOMAIN_NAME", "EMAIL_ADDRESS", "IP_ADDRESS", "PERSON"], "ds_22_sample_id_461": ["DOMAIN_NAME"], "ds_12_sample_id_462": [], "ds_38_sample_id_463": [], "ds_65_sample_id_464": [], "ds_62_sample_id_465": [], "ds_45_sample_id_466": ["DOMAIN_NAME", "IP_ADDRESS", "PERSON"], "ds_33_sample_id_467": [], "ds_43_sample_id_468": [], "ds_12_sample_id_469": [], "ds_40_sample_id_470": [], "ds_48_sample_id_471": ["DOMAIN_NAME", "IP_ADDRESS", "PERSON"], "ds_33_sample_id_472": [], "ds_44_sample_id_473": ["DOMAIN_NAME", "IP_ADDRESS", "PERSON"], "ds_31_sample_id_474": [], "ds_60_sample_id_475": [], "ds_56_sample_id_476": [], "ds_59_sample_id_477": [], "ds_37_sample_id_478": [], "ds_10_sample_id_479": [], "ds_25_sample_id_480": [], "ds_5_sample_id_481": [], "ds_55_sample_id_482": [], "ds_63_sample_id_483": [], "ds_25_sample_id_484": [], "ds_47_sample_id_485": [], "ds_44_sample_id_486": ["DOMAIN_NAME", "IP_ADDRESS", "PERSON"], "ds_1_sample_id_487": [], "ds_17_sample_id_488": [], "ds_51_sample_id_489": [], "ds_31_sample_id_490": [], "ds_47_sample_id_491": [], "ds_29_sample_id_492": [], "ds_12_sample_id_493": [], "ds_11_sample_id_494": ["DOMAIN_NAME", "EMAIL_ADDRESS", "IP_ADDRESS", "PERSON"], "ds_50_sample_id_495": [], "ds_54_sample_id_496": [], "ds_27_sample_id_497": ["DOMAIN_NAME", "IP_ADDRESS"], "ds_9_sample_id_498": [], "ds_48_sample_id_499": ["DOMAIN_NAME", "IP_ADDRESS", "PERSON"], "ds_9_sample_id_500": [], "ds_22_sample_id_501": ["DOMAIN_NAME"], "ds_47_sample_id_502": [], "ds_43_sample_id_503": [], "ds_24_sample_id_504": [], "ds_5_sample_id_505": [], "ds_23_sample_id_506": ["DOMAIN_NAME", "IP_ADDRESS"], "ds_52_sample_id_507": ["PERSON"], "ds_54_sample_id_508": [], "ds_23_sample_id_509": ["DOMAIN_NAME", "IP_ADDRESS"], "ds_16_sample_id_510": [], "ds_18_sample_id_511": [], "ds_9_sample_id_512": [], "ds_47_sample_id_513": [], "ds_13_sample_id_514": [], "ds_5_sample_id_515": [], "ds_49_sample_id_516": [], "ds_60_sample_id_517": [], "ds_57_sample_id_518": [], "ds_20_sample_id_519": [], "ds_45_sample_id_520": ["DOMAIN_NAME", "IP_ADDRESS", "PERSON"], "ds_41_sample_id_521": [], "ds_38_sample_id_522": [], "ds_44_sample_id_523": ["DOMAIN_NAME", "IP_ADDRESS", "PERSON"], "ds_55_sample_id_524": [], "ds_18_sample_id_525": [], "ds_56_sample_id_526": [], "ds_54_sample_id_527": [], "ds_14_sample_id_528": [], "ds_19_sample_id_529": ["DOMAIN_NAME", "EMAIL_ADDRESS", "IP_ADDRESS", "PERSON"], "ds_32_sample_id_530": [], "ds_51_sample_id_531": [], "ds_48_sample_id_532": ["DOMAIN_NAME", "IP_ADDRESS", "PERSON"], "ds_14_sample_id_533": [], "ds_48_sample_id_534": ["DOMAIN_NAME", "IP_ADDRESS", "PERSON"], "ds_38_sample_id_535": [], "ds_60_sample_id_536": [], "ds_38_sample_id_537": [], "ds_59_sample_id_538": [], "ds_1_sample_id_539": [], "ds_39_sample_id_540": [], "ds_18_sample_id_541": [], "ds_25_sample_id_542": [], "ds_55_sample_id_543": [], "ds_44_sample_id_544": ["DOMAIN_NAME", "IP_ADDRESS", "PERSON"], "ds_22_sample_id_545": ["DOMAIN_NAME"], "ds_23_sample_id_546": ["DOMAIN_NAME", "IP_ADDRESS"], "ds_36_sample_id_547": [], "ds_41_sample_id_548": [], "ds_19_sample_id_549": ["DOMAIN_NAME", "EMAIL_ADDRESS", "IP_ADDRESS", "PERSON"], "ds_29_sample_id_550": [], "ds_0_sample_id_551": ["PERSON"], "ds_3_sample_id_552": ["DOMAIN_NAME", "EMAIL_ADDRESS", "IP_ADDRESS", "PERSON"], "ds_5_sample_id_553": [], "ds_7_sample_id_554": [], "ds_4_sample_id_555": [], "ds_52_sample_id_556": ["PERSON"], "ds_20_sample_id_557": [], "ds_56_sample_id_558": [], "ds_32_sample_id_559": [], "ds_3_sample_id_560": ["DOMAIN_NAME", "EMAIL_ADDRESS", "IP_ADDRESS", "PERSON"], "ds_7_sample_id_561": [], "ds_16_sample_id_562": [], "ds_32_sample_id_563": [], "ds_50_sample_id_564": [], "ds_39_sample_id_565": [], "ds_64_sample_id_566": [], "ds_50_sample_id_567": [], "ds_62_sample_id_568": [], "ds_30_sample_id_569": [], "ds_13_sample_id_570": [], "ds_21_sample_id_571": [], "ds_23_sample_id_572": ["DOMAIN_NAME", "IP_ADDRESS"], "ds_52_sample_id_573": ["PERSON"], "ds_60_sample_id_574": [], "ds_66_sample_id_575": [], "ds_34_sample_id_576": [], "ds_12_sample_id_577": [], "ds_15_sample_id_578": [], "ds_20_sample_id_579": [], "ds_20_sample_id_580": [], "ds_14_sample_id_581": [], "ds_43_sample_id_582": [], "ds_43_sample_id_583": [], "ds_39_sample_id_584": [], "ds_44_sample_id_585": ["DOMAIN_NAME", "IP_ADDRESS", "PERSON"], "ds_12_sample_id_586": [], "ds_2_sample_id_587": [], "ds_6_sample_id_588": [], "ds_30_sample_id_589": [], "ds_57_sample_id_590": [], "ds_6_sample_id_591": [], "ds_4_sample_id_592": [], "ds_27_sample_id_593": ["DOMAIN_NAME", "IP_ADDRESS"], "ds_46_sample_id_594": [], "ds_63_sample_id_595": [], "ds_65_sample_id_596": [], "ds_36_sample_id_597": [], "ds_25_sample_id_598": [], "ds_46_sample_id_599": [], "ds_30_sample_id_600": [], "ds_26_sample_id_601": ["DOMAIN_NAME", "IP_ADDRESS", "PERSON"], "ds_50_sample_id_602": [], "ds_15_sample_id_603": [], "ds_16_sample_id_604": [], "ds_46_sample_id_605": [], "ds_18_sample_id_606": [], "ds_54_sample_id_607": [], "ds_9_sample_id_608": [], "ds_29_sample_id_609": [], "ds_24_sample_id_610": [], "ds_39_sample_id_611": [], "ds_29_sample_id_612": [], "ds_39_sample_id_613": [], "ds_40_sample_id_614": [], "ds_18_sample_id_615": [], "ds_45_sample_id_616": ["DOMAIN_NAME", "IP_ADDRESS", "PERSON"], "ds_35_sample_id_617": [], "ds_65_sample_id_618": [], "ds_19_sample_id_619": ["DOMAIN_NAME", "EMAIL_ADDRESS", "IP_ADDRESS", "PERSON"], "ds_31_sample_id_620": [], "ds_24_sample_id_621": [], "ds_64_sample_id_622": [], "ds_36_sample_id_623": [], "ds_21_sample_id_624": [], "ds_65_sample_id_625": [], "ds_7_sample_id_626": [], "ds_54_sample_id_627": [], "ds_33_sample_id_628": [], "ds_64_sample_id_629": [], "ds_63_sample_id_630": [], "ds_62_sample_id_631": [], "ds_26_sample_id_632": ["DOMAIN_NAME", "IP_ADDRESS", "PERSON"], "ds_58_sample_id_633": [], "ds_24_sample_id_634": [], "ds_16_sample_id_635": [], "ds_6_sample_id_636": [], "ds_43_sample_id_637": [], "ds_54_sample_id_638": [], "ds_18_sample_id_639": [], "ds_65_sample_id_640": [], "ds_54_sample_id_641": [], "ds_58_sample_id_642": [], "ds_11_sample_id_643": ["DOMAIN_NAME", "EMAIL_ADDRESS", "IP_ADDRESS", "PERSON"], "ds_19_sample_id_644": ["DOMAIN_NAME", "EMAIL_ADDRESS", "IP_ADDRESS", "PERSON"], "ds_48_sample_id_645": ["DOMAIN_NAME", "IP_ADDRESS", "PERSON"], "ds_22_sample_id_646": ["DOMAIN_NAME"], "ds_66_sample_id_647": [], "ds_60_sample_id_648": [], "ds_45_sample_id_649": ["DOMAIN_NAME", "IP_ADDRESS", "PERSON"], "ds_60_sample_id_650": [], "ds_62_sample_id_651": [], "ds_33_sample_id_652": [], "ds_47_sample_id_653": [], "ds_18_sample_id_654": [], "ds_14_sample_id_655": [], "ds_37_sample_id_656": [], "ds_3_sample_id_657": ["DOMAIN_NAME", "EMAIL_ADDRESS", "IP_ADDRESS", "PERSON"], "ds_35_sample_id_658": [], "ds_41_sample_id_659": [], "ds_16_sample_id_660": [], "ds_33_sample_id_661": [], "ds_27_sample_id_662": ["DOMAIN_NAME", "IP_ADDRESS"], "ds_35_sample_id_663": [], "ds_17_sample_id_664": [], "ds_5_sample_id_665": [], "ds_42_sample_id_666": [], "ds_63_sample_id_667": [], "ds_41_sample_id_668": [], "ds_58_sample_id_669": [], "ds_2_sample_id_670": [], "ds_60_sample_id_671": [], "ds_38_sample_id_672": [], "ds_60_sample_id_673": [], "ds_66_sample_id_674": [], "ds_40_sample_id_675": [], "ds_58_sample_id_676": [], "ds_2_sample_id_677": [], "ds_26_sample_id_678": ["DOMAIN_NAME", "IP_ADDRESS", "PERSON"], "ds_13_sample_id_679": [], "ds_53_sample_id_680": ["DOMAIN_NAME", "IP_ADDRESS", "PERSON"], "ds_42_sample_id_681": [], "ds_41_sample_id_682": [], "ds_13_sample_id_683": [], "ds_38_sample_id_684": [], "ds_54_sample_id_685": [], "ds_34_sample_id_686": [], "ds_5_sample_id_687": [], "ds_62_sample_id_688": [], "ds_44_sample_id_689": ["DOMAIN_NAME", "IP_ADDRESS", "PERSON"], "ds_51_sample_id_690": [], "ds_14_sample_id_691": [], "ds_2_sample_id_692": [], "ds_31_sample_id_693": [], "ds_30_sample_id_694": [], "ds_50_sample_id_695": [], "ds_49_sample_id_696": [], "ds_40_sample_id_697": [], "ds_41_sample_id_698": [], "ds_7_sample_id_699": [], "ds_66_sample_id_700": [], "ds_7_sample_id_701": [], "ds_6_sample_id_702": [], "ds_23_sample_id_703": ["DOMAIN_NAME", "IP_ADDRESS"], "ds_45_sample_id_704": ["DOMAIN_NAME", "IP_ADDRESS", "PERSON"], "ds_37_sample_id_705": [], "ds_57_sample_id_706": [], "ds_0_sample_id_707": ["PERSON"], "ds_19_sample_id_708": ["DOMAIN_NAME", "EMAIL_ADDRESS", "IP_ADDRESS", "PERSON"], "ds_15_sample_id_709": [], "ds_3_sample_id_710": ["DOMAIN_NAME", "EMAIL_ADDRESS", "IP_ADDRESS", "PERSON"], "ds_30_sample_id_711": [], "ds_41_sample_id_712": [], "ds_61_sample_id_713": [], "ds_40_sample_id_714": [], "ds_51_sample_id_715": [], "ds_2_sample_id_716": [], "ds_39_sample_id_717": [], "ds_24_sample_id_718": [], "ds_6_sample_id_719": [], "ds_34_sample_id_720": [], "ds_7_sample_id_721": [], "ds_41_sample_id_722": [], "ds_44_sample_id_723": ["DOMAIN_NAME", "IP_ADDRESS", "PERSON"], "ds_40_sample_id_724": [], "ds_8_sample_id_725": [], "ds_55_sample_id_726": [], "ds_10_sample_id_727": [], "ds_1_sample_id_728": [], "ds_16_sample_id_729": [], "ds_28_sample_id_730": [], "ds_61_sample_id_731": [], "ds_0_sample_id_732": ["PERSON"], "ds_63_sample_id_733": [], "ds_19_sample_id_734": ["DOMAIN_NAME", "EMAIL_ADDRESS", "IP_ADDRESS", "PERSON"], "ds_55_sample_id_735": [], "ds_63_sample_id_736": [], "ds_54_sample_id_737": [], "ds_2_sample_id_738": [], "ds_26_sample_id_739": ["DOMAIN_NAME", "IP_ADDRESS", "PERSON"], "ds_55_sample_id_740": [], "ds_6_sample_id_741": [], "ds_41_sample_id_742": [], "ds_14_sample_id_743": [], "ds_20_sample_id_744": [], "ds_1_sample_id_745": [], "ds_7_sample_id_746": [], "ds_17_sample_id_747": [], "ds_63_sample_id_748": [], "ds_64_sample_id_749": [], "ds_20_sample_id_750": [], "ds_5_sample_id_751": [], "ds_20_sample_id_752": [], "ds_16_sample_id_753": [], "ds_23_sample_id_754": ["DOMAIN_NAME", "IP_ADDRESS"], "ds_4_sample_id_755": [], "ds_35_sample_id_756": [], "ds_55_sample_id_757": [], "ds_34_sample_id_758": [], "ds_8_sample_id_759": [], "ds_41_sample_id_760": [], "ds_42_sample_id_761": [], "ds_49_sample_id_762": [], "ds_33_sample_id_763": [], "ds_52_sample_id_764": ["PERSON"], "ds_55_sample_id_765": [], "ds_7_sample_id_766": [], "ds_41_sample_id_767": [], "ds_58_sample_id_768": [], "ds_5_sample_id_769": [], "ds_31_sample_id_770": [], "ds_11_sample_id_771": ["DOMAIN_NAME", "EMAIL_ADDRESS", "IP_ADDRESS", "PERSON"], "ds_4_sample_id_772": [], "ds_36_sample_id_773": [], "ds_39_sample_id_774": [], "ds_16_sample_id_775": [], "ds_65_sample_id_776": [], "ds_27_sample_id_777": ["DOMAIN_NAME", "IP_ADDRESS"], "ds_13_sample_id_778": [], "ds_20_sample_id_779": [], "ds_17_sample_id_780": [], "ds_18_sample_id_781": [], "ds_63_sample_id_782": [], "ds_8_sample_id_783": [], "ds_52_sample_id_784": ["PERSON"], "ds_41_sample_id_785": [], "ds_34_sample_id_786": [], "ds_26_sample_id_787": ["DOMAIN_NAME", "IP_ADDRESS", "PERSON"], "ds_27_sample_id_788": ["DOMAIN_NAME", "IP_ADDRESS"], "ds_59_sample_id_789": [], "ds_30_sample_id_790": [], "ds_12_sample_id_791": [], "ds_65_sample_id_792": [], "ds_21_sample_id_793": [], "ds_9_sample_id_794": [], "ds_2_sample_id_795": [], "ds_47_sample_id_796": [], "ds_4_sample_id_797": [], "ds_64_sample_id_798": [], "ds_17_sample_id_799": [], "ds_10_sample_id_800": [], "ds_1_sample_id_801": [], "ds_6_sample_id_802": [], "ds_35_sample_id_803": [], "ds_56_sample_id_804": [], "ds_60_sample_id_805": [], "ds_15_sample_id_806": [], "ds_43_sample_id_807": [], "ds_38_sample_id_808": [], "ds_43_sample_id_809": [], "ds_7_sample_id_810": [], "ds_5_sample_id_811": [], "ds_58_sample_id_812": [], "ds_19_sample_id_813": ["DOMAIN_NAME", "EMAIL_ADDRESS", "IP_ADDRESS", "PERSON"], "ds_12_sample_id_814": [], "ds_8_sample_id_815": [], "ds_4_sample_id_816": [], "ds_37_sample_id_817": [], "ds_39_sample_id_818": [], "ds_61_sample_id_819": [], "ds_0_sample_id_820": ["PERSON"], "ds_23_sample_id_821": ["DOMAIN_NAME", "IP_ADDRESS"], "ds_64_sample_id_822": [], "ds_26_sample_id_823": ["DOMAIN_NAME", "IP_ADDRESS", "PERSON"], "ds_11_sample_id_824": ["DOMAIN_NAME", "EMAIL_ADDRESS", "IP_ADDRESS", "PERSON"], "ds_47_sample_id_825": [], "ds_51_sample_id_826": [], "ds_13_sample_id_827": [], "ds_49_sample_id_828": [], "ds_18_sample_id_829": [], "ds_49_sample_id_830": [], "ds_1_sample_id_831": [], "ds_11_sample_id_832": ["DOMAIN_NAME", "EMAIL_ADDRESS", "IP_ADDRESS", "PERSON"], "ds_53_sample_id_833": ["DOMAIN_NAME", "IP_ADDRESS", "PERSON"], "ds_26_sample_id_834": ["DOMAIN_NAME", "IP_ADDRESS", "PERSON"], "ds_41_sample_id_835": [], "ds_16_sample_id_836": [], "ds_2_sample_id_837": [], "ds_49_sample_id_838": [], "ds_38_sample_id_839": [], "ds_6_sample_id_840": [], "ds_53_sample_id_841": ["DOMAIN_NAME", "IP_ADDRESS", "PERSON"], "ds_62_sample_id_842": [], "ds_4_sample_id_843": [], "ds_38_sample_id_844": [], "ds_10_sample_id_845": [], "ds_46_sample_id_846": [], "ds_38_sample_id_847": [], "ds_22_sample_id_848": ["DOMAIN_NAME"], "ds_56_sample_id_849": [], "ds_54_sample_id_850": [], "ds_5_sample_id_851": [], "ds_18_sample_id_852": [], "ds_40_sample_id_853": [], "ds_1_sample_id_854": [], "ds_49_sample_id_855": [], "ds_54_sample_id_856": [], "ds_47_sample_id_857": [], "ds_58_sample_id_858": [], "ds_21_sample_id_859": [], "ds_44_sample_id_860": ["DOMAIN_NAME", "IP_ADDRESS", "PERSON"], "ds_25_sample_id_861": [], "ds_37_sample_id_862": [], "ds_52_sample_id_863": ["PERSON"], "ds_5_sample_id_864": [], "ds_6_sample_id_865": [], "ds_65_sample_id_866": [], "ds_51_sample_id_867": [], "ds_39_sample_id_868": [], "ds_50_sample_id_869": [], "ds_51_sample_id_870": [], "ds_66_sample_id_871": [], "ds_35_sample_id_872": [], "ds_49_sample_id_873": [], "ds_25_sample_id_874": [], "ds_42_sample_id_875": [], "ds_57_sample_id_876": [], "ds_49_sample_id_877": [], "ds_38_sample_id_878": [], "ds_23_sample_id_879": ["DOMAIN_NAME", "IP_ADDRESS"], "ds_56_sample_id_880": [], "ds_24_sample_id_881": [], "ds_41_sample_id_882": [], "ds_61_sample_id_883": [], "ds_58_sample_id_884": [], "ds_34_sample_id_885": [], "ds_18_sample_id_886": [], "ds_42_sample_id_887": [], "ds_28_sample_id_888": [], "ds_22_sample_id_889": ["DOMAIN_NAME"], "ds_65_sample_id_890": [], "ds_53_sample_id_891": ["DOMAIN_NAME", "IP_ADDRESS", "PERSON"], "ds_27_sample_id_892": ["DOMAIN_NAME", "IP_ADDRESS"], "ds_44_sample_id_893": ["DOMAIN_NAME", "IP_ADDRESS", "PERSON"], "ds_9_sample_id_894": [], "ds_0_sample_id_895": ["PERSON"], "ds_22_sample_id_896": ["DOMAIN_NAME"], "ds_1_sample_id_897": [], "ds_48_sample_id_898": ["DOMAIN_NAME", "IP_ADDRESS", "PERSON"], "ds_25_sample_id_899": [], "ds_19_sample_id_900": ["DOMAIN_NAME", "EMAIL_ADDRESS", "IP_ADDRESS", "PERSON"], "ds_57_sample_id_901": [], "ds_61_sample_id_902": [], "ds_47_sample_id_903": [], "ds_13_sample_id_904": [], "ds_0_sample_id_905": ["PERSON"], "ds_4_sample_id_906": [], "ds_8_sample_id_907": [], "ds_45_sample_id_908": ["DOMAIN_NAME", "IP_ADDRESS", "PERSON"], "ds_32_sample_id_909": [], "ds_16_sample_id_910": [], "ds_27_sample_id_911": ["DOMAIN_NAME", "IP_ADDRESS"], "ds_36_sample_id_912": [], "ds_66_sample_id_913": [], "ds_30_sample_id_914": [], "ds_62_sample_id_915": [], "ds_51_sample_id_916": [], "ds_44_sample_id_917": ["DOMAIN_NAME", "IP_ADDRESS", "PERSON"], "ds_61_sample_id_918": [], "ds_60_sample_id_919": []}