{"user_group_edges": {"group_9": ["user_1579_sample_id_0", "user_1488_sample_id_33", "user_1369_sample_id_26", "user_1260_sample_id_32", "user_1621_sample_id_1", "user_879_sample_id_24"], "group_16": ["user_1579_sample_id_0", "user_454_sample_id_20", "user_3_sample_id_19", "user_1087_sample_id_11", "user_567_sample_id_17", "user_662_sample_id_18"], "group_17": ["user_1579_sample_id_0", "user_1488_sample_id_33", "user_702_sample_id_6", "user_819_sample_id_7", "user_1621_sample_id_1", "user_1_sample_id_16", "user_504_sample_id_15"], "group_18": ["user_1579_sample_id_0", "user_872_sample_id_4", "user_334_sample_id_8", "user_1369_sample_id_26", "user_3_sample_id_19"], "group_6": ["user_1263_sample_id_34", "user_1488_sample_id_33", "user_1338_sample_id_2", "user_1260_sample_id_32", "user_1_sample_id_16"], "group_11": ["user_1263_sample_id_34", "user_72_sample_id_27", "user_1026_sample_id_10", "user_1039_sample_id_12", "user_963_sample_id_23"], "group_13": ["user_1263_sample_id_34", "user_512_sample_id_25", "user_1557_sample_id_28", "user_567_sample_id_17", "user_63_sample_id_21"], "group_12": ["user_872_sample_id_4", "user_702_sample_id_6", "user_1338_sample_id_2", "user_903_sample_id_13", "user_504_sample_id_15", "user_1039_sample_id_12"], "group_14": ["user_872_sample_id_4", "user_819_sample_id_7", "user_828_sample_id_5", "user_1557_sample_id_28", "user_662_sample_id_18"], "group_1": ["user_512_sample_id_9", "user_742_sample_id_30", "user_879_sample_id_24", "user_676_sample_id_22", "user_662_sample_id_18", "user_63_sample_id_21"], "group_2": ["user_512_sample_id_9", "user_72_sample_id_27", "user_1293_sample_id_3", "user_334_sample_id_8", "user_3_sample_id_19", "user_1557_sample_id_28", "user_63_sample_id_21"], "group_8": ["user_512_sample_id_9", "user_454_sample_id_20", "user_819_sample_id_7", "user_1026_sample_id_10", "user_472_sample_id_31"], "group_5": ["user_454_sample_id_20", "user_742_sample_id_30", "user_257_sample_id_29", "user_1488_sample_id_33"], "group_19": ["user_454_sample_id_20", "user_334_sample_id_8", "user_676_sample_id_22", "user_472_sample_id_31", "user_504_sample_id_15"], "group_0": ["user_72_sample_id_27", "user_1293_sample_id_3", "user_517_sample_id_14", "user_702_sample_id_6", "user_903_sample_id_13", "user_1260_sample_id_32", "user_1087_sample_id_11"], "group_7": ["user_72_sample_id_27", "user_517_sample_id_14", "user_257_sample_id_29", "user_702_sample_id_6", "user_1338_sample_id_2"], "group_10": ["user_72_sample_id_27", "user_903_sample_id_13", "user_512_sample_id_25", "user_828_sample_id_5", "user_1026_sample_id_10", "user_63_sample_id_21"], "group_3": ["user_742_sample_id_30", "user_1293_sample_id_3", "user_1621_sample_id_1", "user_1_sample_id_16", "user_472_sample_id_31", "user_662_sample_id_18"], "group_15": ["user_1293_sample_id_3", "user_512_sample_id_25", "user_1260_sample_id_32", "user_676_sample_id_22", "user_1039_sample_id_12", "user_963_sample_id_23"], "group_4": ["user_517_sample_id_14", "user_1488_sample_id_33", "user_334_sample_id_8", "user_1369_sample_id_26", "user_963_sample_id_23"]}, "group_data_store_edges": {"group_4": ["ds_60_sample_id_88", "ds_117_sample_id_215", "ds_74_sample_id_177", "ds_93_sample_id_144", "ds_99_sample_id_70", "ds_60_sample_id_59", "ds_11_sample_id_140", "ds_45_sample_id_149", "ds_22_sample_id_94", "ds_18_sample_id_212", "ds_63_sample_id_211", "ds_29_sample_id_60", "ds_39_sample_id_73", "ds_101_sample_id_81", "ds_16_sample_id_8", "ds_6_sample_id_21", "ds_1_sample_id_84", "ds_84_sample_id_92", "ds_19_sample_id_78", "ds_36_sample_id_22", "ds_63_sample_id_150", "ds_42_sample_id_82", "ds_44_sample_id_132", "ds_83_sample_id_79", "ds_114_sample_id_151", "ds_41_sample_id_131", "ds_113_sample_id_205", "ds_50_sample_id_194", "ds_72_sample_id_76", "ds_39_sample_id_102", "ds_2_sample_id_141", "ds_34_sample_id_97", "ds_81_sample_id_52", "ds_17_sample_id_166", "ds_79_sample_id_127", "ds_7_sample_id_43", "ds_21_sample_id_26", "ds_101_sample_id_175", "ds_40_sample_id_153", "ds_7_sample_id_220", "ds_24_sample_id_68", "ds_36_sample_id_0", "ds_77_sample_id_163", "ds_70_sample_id_169", "ds_30_sample_id_69", "ds_69_sample_id_106", "ds_33_sample_id_41", "ds_60_sample_id_160", "ds_23_sample_id_122", "ds_34_sample_id_185", "ds_85_sample_id_179", "ds_64_sample_id_181", "ds_0_sample_id_49", "ds_29_sample_id_164", "ds_84_sample_id_25", "ds_40_sample_id_30", "ds_112_sample_id_207", "ds_94_sample_id_12", "ds_71_sample_id_217", "ds_99_sample_id_206", "ds_78_sample_id_137", "ds_77_sample_id_1", "ds_3_sample_id_170", "ds_73_sample_id_13", "ds_104_sample_id_5", "ds_7_sample_id_31", "ds_63_sample_id_103", "ds_73_sample_id_126", "ds_21_sample_id_14"], "group_5": ["ds_60_sample_id_88", "ds_117_sample_id_215", "ds_44_sample_id_28", "ds_2_sample_id_96", "ds_93_sample_id_144", "ds_60_sample_id_59", "ds_0_sample_id_222", "ds_55_sample_id_115", "ds_105_sample_id_3", "ds_63_sample_id_158", "ds_115_sample_id_121", "ds_63_sample_id_211", "ds_18_sample_id_19", "ds_116_sample_id_210", "ds_8_sample_id_38", "ds_70_sample_id_124", "ds_6_sample_id_21", "ds_1_sample_id_84", "ds_84_sample_id_92", "ds_28_sample_id_195", "ds_5_sample_id_182", "ds_80_sample_id_48", "ds_78_sample_id_10", "ds_110_sample_id_148", "ds_63_sample_id_150", "ds_42_sample_id_82", "ds_65_sample_id_47", "ds_44_sample_id_132", "ds_19_sample_id_134", "ds_14_sample_id_100", "ds_21_sample_id_191", "ds_28_sample_id_187", "ds_79_sample_id_120", "ds_90_sample_id_202", "ds_38_sample_id_50", "ds_39_sample_id_102", "ds_100_sample_id_89", "ds_2_sample_id_141", "ds_34_sample_id_97", "ds_26_sample_id_171", "ds_21_sample_id_26", "ds_76_sample_id_64", "ds_46_sample_id_74", "ds_36_sample_id_0", "ds_90_sample_id_6", "ds_23_sample_id_23", "ds_107_sample_id_90", "ds_117_sample_id_117", "ds_98_sample_id_192", "ds_77_sample_id_190", "ds_33_sample_id_41", "ds_112_sample_id_143", "ds_23_sample_id_122", "ds_34_sample_id_185", "ds_19_sample_id_105", "ds_64_sample_id_181", "ds_0_sample_id_49", "ds_99_sample_id_188", "ds_84_sample_id_25", "ds_100_sample_id_165", "ds_81_sample_id_145", "ds_40_sample_id_30", "ds_14_sample_id_156", "ds_95_sample_id_133", "ds_76_sample_id_213", "ds_102_sample_id_174", "ds_103_sample_id_72", "ds_72_sample_id_45", "ds_49_sample_id_16", "ds_65_sample_id_71", "ds_66_sample_id_183", "ds_104_sample_id_5", "ds_7_sample_id_31", "ds_63_sample_id_103", "ds_73_sample_id_126"], "group_8": ["ds_60_sample_id_88", "ds_44_sample_id_28", "ds_2_sample_id_96", "ds_73_sample_id_196", "ds_74_sample_id_177", "ds_73_sample_id_157", "ds_99_sample_id_70", "ds_56_sample_id_32", "ds_58_sample_id_219", "ds_45_sample_id_149", "ds_63_sample_id_158", "ds_76_sample_id_178", "ds_29_sample_id_60", "ds_18_sample_id_19", "ds_116_sample_id_210", "ds_83_sample_id_154", "ds_7_sample_id_173", "ds_1_sample_id_221", "ds_8_sample_id_38", "ds_6_sample_id_21", "ds_1_sample_id_84", "ds_58_sample_id_135", "ds_28_sample_id_195", "ds_18_sample_id_61", "ds_42_sample_id_82", "ds_32_sample_id_136", "ds_22_sample_id_107", "ds_44_sample_id_132", "ds_83_sample_id_79", "ds_83_sample_id_197", "ds_41_sample_id_131", "ds_113_sample_id_205", "ds_100_sample_id_89", "ds_36_sample_id_29", "ds_26_sample_id_171", "ds_79_sample_id_127", "ds_101_sample_id_175", "ds_98_sample_id_56", "ds_68_sample_id_27", "ds_1_sample_id_147", "ds_48_sample_id_189", "ds_101_sample_id_186", "ds_72_sample_id_161", "ds_53_sample_id_37", "ds_90_sample_id_6", "ds_97_sample_id_24", "ds_44_sample_id_66", "ds_53_sample_id_33", "ds_30_sample_id_69", "ds_20_sample_id_111", "ds_118_sample_id_200", "ds_9_sample_id_113", "ds_60_sample_id_160", "ds_54_sample_id_53", "ds_0_sample_id_49", "ds_84_sample_id_25", "ds_94_sample_id_223", "ds_67_sample_id_129", "ds_20_sample_id_83", "ds_41_sample_id_204", "ds_106_sample_id_128", "ds_95_sample_id_133", "ds_86_sample_id_51", "ds_72_sample_id_45", "ds_73_sample_id_13", "ds_106_sample_id_99", "ds_65_sample_id_71", "ds_66_sample_id_183", "ds_0_sample_id_199", "ds_32_sample_id_18", "ds_22_sample_id_58", "ds_79_sample_id_17"], "group_9": ["ds_60_sample_id_88", "ds_44_sample_id_28", "ds_2_sample_id_96", "ds_26_sample_id_138", "ds_85_sample_id_86", "ds_73_sample_id_157", "ds_99_sample_id_70", "ds_84_sample_id_176", "ds_58_sample_id_219", "ds_84_sample_id_168", "ds_45_sample_id_149", "ds_105_sample_id_3", "ds_22_sample_id_94", "ds_76_sample_id_178", "ds_107_sample_id_36", "ds_29_sample_id_60", "ds_39_sample_id_73", "ds_83_sample_id_154", "ds_7_sample_id_173", "ds_60_sample_id_218", "ds_49_sample_id_108", "ds_75_sample_id_11", "ds_101_sample_id_81", "ds_113_sample_id_91", "ds_8_sample_id_38", "ds_16_sample_id_167", "ds_1_sample_id_84", "ds_115_sample_id_98", "ds_5_sample_id_182", "ds_36_sample_id_172", "ds_36_sample_id_22", "ds_100_sample_id_139", "ds_65_sample_id_47", "ds_91_sample_id_180", "ds_29_sample_id_112", "ds_21_sample_id_191", "ds_41_sample_id_131", "ds_113_sample_id_205", "ds_79_sample_id_120", "ds_70_sample_id_152", "ds_38_sample_id_50", "ds_72_sample_id_76", "ds_100_sample_id_89", "ds_81_sample_id_52", "ds_26_sample_id_171", "ds_92_sample_id_7", "ds_21_sample_id_26", "ds_68_sample_id_27", "ds_1_sample_id_147", "ds_7_sample_id_220", "ds_101_sample_id_186", "ds_72_sample_id_161", "ds_46_sample_id_74", "ds_24_sample_id_68", "ds_36_sample_id_0", "ds_90_sample_id_6", "ds_117_sample_id_117", "ds_98_sample_id_192", "ds_77_sample_id_190", "ds_53_sample_id_114", "ds_70_sample_id_169", "ds_30_sample_id_69", "ds_20_sample_id_111", "ds_118_sample_id_200", "ds_112_sample_id_143", "ds_34_sample_id_185", "ds_54_sample_id_53", "ds_19_sample_id_105", "ds_11_sample_id_4", "ds_0_sample_id_49", "ds_104_sample_id_34", "ds_40_sample_id_30", "ds_72_sample_id_46", "ds_44_sample_id_110", "ds_94_sample_id_12", "ds_14_sample_id_156", "ds_49_sample_id_201", "ds_65_sample_id_71", "ds_118_sample_id_125", "ds_107_sample_id_162", "ds_21_sample_id_14", "ds_79_sample_id_17"], "group_11": ["ds_60_sample_id_88", "ds_44_sample_id_28", "ds_85_sample_id_86", "ds_99_sample_id_70", "ds_45_sample_id_149", "ds_117_sample_id_87", "ds_105_sample_id_3", "ds_63_sample_id_158", "ds_76_sample_id_178", "ds_18_sample_id_19", "ds_116_sample_id_210", "ds_37_sample_id_63", "ds_94_sample_id_155", "ds_90_sample_id_130", "ds_28_sample_id_195", "ds_61_sample_id_95", "ds_110_sample_id_148", "ds_111_sample_id_67", "ds_19_sample_id_134", "ds_21_sample_id_191", "ds_88_sample_id_9", "ds_50_sample_id_194", "ds_38_sample_id_50", "ds_72_sample_id_76", "ds_39_sample_id_102", "ds_34_sample_id_97", "ds_81_sample_id_52", "ds_79_sample_id_127", "ds_92_sample_id_7", "ds_7_sample_id_43", "ds_86_sample_id_203", "ds_74_sample_id_93", "ds_101_sample_id_186", "ds_53_sample_id_37", "ds_57_sample_id_15", "ds_16_sample_id_62", "ds_117_sample_id_117", "ds_98_sample_id_192", "ds_77_sample_id_190", "ds_30_sample_id_69", "ds_33_sample_id_41", "ds_112_sample_id_143", "ds_19_sample_id_105", "ds_11_sample_id_4", "ds_85_sample_id_179", "ds_0_sample_id_49", "ds_104_sample_id_34", "ds_94_sample_id_223", "ds_67_sample_id_129", "ds_0_sample_id_57", "ds_41_sample_id_204", "ds_40_sample_id_30", "ds_72_sample_id_46", "ds_99_sample_id_206", "ds_14_sample_id_156", "ds_49_sample_id_201", "ds_76_sample_id_213", "ds_86_sample_id_51", "ds_49_sample_id_16", "ds_16_sample_id_2", "ds_107_sample_id_54", "ds_66_sample_id_183", "ds_63_sample_id_103"], "group_15": ["ds_60_sample_id_88", "ds_84_sample_id_39", "ds_44_sample_id_28", "ds_26_sample_id_138", "ds_73_sample_id_157", "ds_99_sample_id_70", "ds_0_sample_id_222", "ds_84_sample_id_176", "ds_118_sample_id_146", "ds_72_sample_id_184", "ds_84_sample_id_168", "ds_105_sample_id_3", "ds_107_sample_id_36", "ds_60_sample_id_218", "ds_49_sample_id_108", "ds_94_sample_id_155", "ds_113_sample_id_91", "ds_8_sample_id_38", "ds_70_sample_id_124", "ds_6_sample_id_21", "ds_84_sample_id_92", "ds_80_sample_id_48", "ds_19_sample_id_78", "ds_36_sample_id_172", "ds_51_sample_id_119", "ds_36_sample_id_22", "ds_100_sample_id_139", "ds_42_sample_id_82", "ds_22_sample_id_107", "ds_91_sample_id_180", "ds_83_sample_id_79", "ds_83_sample_id_197", "ds_41_sample_id_131", "ds_90_sample_id_202", "ds_72_sample_id_76", "ds_36_sample_id_29", "ds_26_sample_id_171", "ds_92_sample_id_7", "ds_18_sample_id_20", "ds_40_sample_id_153", "ds_68_sample_id_27", "ds_1_sample_id_147", "ds_86_sample_id_123", "ds_23_sample_id_23", "ds_57_sample_id_15", "ds_44_sample_id_66", "ds_109_sample_id_35", "ds_77_sample_id_190", "ds_20_sample_id_111", "ds_118_sample_id_200", "ds_78_sample_id_85", "ds_33_sample_id_41", "ds_60_sample_id_160", "ds_23_sample_id_122", "ds_34_sample_id_185", "ds_99_sample_id_188", "ds_94_sample_id_223", "ds_95_sample_id_133", "ds_76_sample_id_213", "ds_38_sample_id_75", "ds_16_sample_id_2", "ds_65_sample_id_71", "ds_73_sample_id_126", "ds_0_sample_id_199", "ds_79_sample_id_17"], "group_18": ["ds_60_sample_id_88", "ds_26_sample_id_138", "ds_30_sample_id_142", "ds_18_sample_id_212", "ds_29_sample_id_60", "ds_116_sample_id_210", "ds_39_sample_id_73", "ds_83_sample_id_154", "ds_49_sample_id_108", "ds_101_sample_id_81", "ds_48_sample_id_80", "ds_70_sample_id_124", "ds_61_sample_id_95", "ds_65_sample_id_47", "ds_22_sample_id_107", "ds_83_sample_id_79", "ds_14_sample_id_100", "ds_83_sample_id_197", "ds_88_sample_id_9", "ds_28_sample_id_187", "ds_41_sample_id_131", "ds_79_sample_id_120", "ds_90_sample_id_202", "ds_70_sample_id_152", "ds_39_sample_id_102", "ds_100_sample_id_89", "ds_26_sample_id_171", "ds_92_sample_id_7", "ds_101_sample_id_175", "ds_18_sample_id_20", "ds_98_sample_id_56", "ds_72_sample_id_161", "ds_86_sample_id_123", "ds_48_sample_id_77", "ds_90_sample_id_6", "ds_77_sample_id_163", "ds_57_sample_id_15", "ds_53_sample_id_114", "ds_70_sample_id_169", "ds_118_sample_id_200", "ds_33_sample_id_41", "ds_9_sample_id_113", "ds_11_sample_id_4", "ds_64_sample_id_181", "ds_81_sample_id_145", "ds_100_sample_id_208", "ds_41_sample_id_204", "ds_72_sample_id_46", "ds_94_sample_id_12", "ds_78_sample_id_137", "ds_49_sample_id_201", "ds_77_sample_id_1", "ds_102_sample_id_174", "ds_38_sample_id_75", "ds_41_sample_id_44", "ds_72_sample_id_45", "ds_48_sample_id_214", "ds_8_sample_id_193", "ds_16_sample_id_2", "ds_66_sample_id_183", "ds_104_sample_id_5", "ds_7_sample_id_31", "ds_32_sample_id_18", "ds_22_sample_id_58", "ds_107_sample_id_162", "ds_44_sample_id_40"], "group_0": ["ds_84_sample_id_39", "ds_26_sample_id_138", "ds_74_sample_id_177", "ds_99_sample_id_70", "ds_0_sample_id_222", "ds_58_sample_id_219", "ds_72_sample_id_184", "ds_11_sample_id_140", "ds_66_sample_id_159", "ds_105_sample_id_3", "ds_63_sample_id_158", "ds_22_sample_id_94", "ds_12_sample_id_216", "ds_63_sample_id_211", "ds_29_sample_id_60", "ds_23_sample_id_101", "ds_49_sample_id_108", "ds_75_sample_id_11", "ds_101_sample_id_81", "ds_8_sample_id_38", "ds_48_sample_id_80", "ds_6_sample_id_21", "ds_90_sample_id_130", "ds_115_sample_id_98", "ds_80_sample_id_48", "ds_42_sample_id_82", "ds_65_sample_id_47", "ds_22_sample_id_107", "ds_14_sample_id_100", "ds_83_sample_id_197", "ds_88_sample_id_9", "ds_73_sample_id_104", "ds_79_sample_id_120", "ds_50_sample_id_194", "ds_7_sample_id_42", "ds_72_sample_id_76", "ds_36_sample_id_29", "ds_26_sample_id_171", "ds_17_sample_id_166", "ds_92_sample_id_7", "ds_98_sample_id_56", "ds_40_sample_id_153", "ds_68_sample_id_27", "ds_48_sample_id_189", "ds_86_sample_id_123", "ds_48_sample_id_77", "ds_36_sample_id_0", "ds_90_sample_id_6", "ds_44_sample_id_66", "ds_107_sample_id_90", "ds_117_sample_id_117", "ds_109_sample_id_35", "ds_84_sample_id_25", "ds_40_sample_id_30", "ds_44_sample_id_110", "ds_94_sample_id_12", "ds_78_sample_id_137", "ds_14_sample_id_156", "ds_49_sample_id_201", "ds_102_sample_id_174", "ds_38_sample_id_75", "ds_41_sample_id_44", "ds_48_sample_id_214", "ds_73_sample_id_13", "ds_49_sample_id_16", "ds_16_sample_id_2", "ds_118_sample_id_125", "ds_21_sample_id_14", "ds_44_sample_id_40", "ds_79_sample_id_17"], "group_3": ["ds_84_sample_id_39", "ds_2_sample_id_96", "ds_74_sample_id_177", "ds_93_sample_id_144", "ds_0_sample_id_222", "ds_118_sample_id_146", "ds_30_sample_id_142", "ds_58_sample_id_219", "ds_11_sample_id_140", "ds_117_sample_id_87", "ds_26_sample_id_198", "ds_63_sample_id_211", "ds_116_sample_id_210", "ds_49_sample_id_108", "ds_75_sample_id_11", "ds_101_sample_id_81", "ds_94_sample_id_155", "ds_113_sample_id_91", "ds_6_sample_id_21", "ds_84_sample_id_92", "ds_90_sample_id_130", "ds_80_sample_id_48", "ds_36_sample_id_172", "ds_51_sample_id_119", "ds_61_sample_id_95", "ds_63_sample_id_150", "ds_42_sample_id_82", "ds_22_sample_id_107", "ds_104_sample_id_209", "ds_44_sample_id_132", "ds_19_sample_id_134", "ds_14_sample_id_100", "ds_114_sample_id_151", "ds_88_sample_id_9", "ds_73_sample_id_104", "ds_28_sample_id_187", "ds_79_sample_id_120", "ds_90_sample_id_202", "ds_38_sample_id_50", "ds_72_sample_id_76", "ds_2_sample_id_141", "ds_34_sample_id_97", "ds_81_sample_id_52", "ds_17_sample_id_166", "ds_7_sample_id_43", "ds_21_sample_id_26", "ds_18_sample_id_20", "ds_86_sample_id_203", "ds_91_sample_id_55", "ds_1_sample_id_147", "ds_74_sample_id_93", "ds_76_sample_id_64", "ds_48_sample_id_77", "ds_24_sample_id_68", "ds_90_sample_id_6", "ds_23_sample_id_23", "ds_77_sample_id_163", "ds_57_sample_id_15", "ds_44_sample_id_66", "ds_16_sample_id_62", "ds_117_sample_id_117", "ds_109_sample_id_35", "ds_53_sample_id_33", "ds_30_sample_id_69", "ds_78_sample_id_85", "ds_23_sample_id_122", "ds_11_sample_id_4", "ds_100_sample_id_165", "ds_20_sample_id_83", "ds_81_sample_id_145", "ds_100_sample_id_208", "ds_0_sample_id_57", "ds_112_sample_id_207", "ds_94_sample_id_12", "ds_77_sample_id_1", "ds_3_sample_id_170", "ds_48_sample_id_214", "ds_7_sample_id_31", "ds_73_sample_id_126", "ds_118_sample_id_125", "ds_22_sample_id_58"], "group_6": ["ds_84_sample_id_39", "ds_2_sample_id_96", "ds_74_sample_id_177", "ds_73_sample_id_157", "ds_30_sample_id_142", "ds_58_sample_id_219", "ds_11_sample_id_140", "ds_84_sample_id_168", "ds_45_sample_id_149", "ds_63_sample_id_158", "ds_76_sample_id_178", "ds_26_sample_id_198", "ds_12_sample_id_216", "ds_23_sample_id_101", "ds_7_sample_id_173", "ds_75_sample_id_11", "ds_1_sample_id_221", "ds_94_sample_id_155", "ds_23_sample_id_109", "ds_113_sample_id_91", "ds_16_sample_id_167", "ds_58_sample_id_135", "ds_90_sample_id_130", "ds_18_sample_id_61", "ds_5_sample_id_182", "ds_19_sample_id_78", "ds_36_sample_id_22", "ds_61_sample_id_95", "ds_100_sample_id_139", "ds_32_sample_id_136", "ds_104_sample_id_209", "ds_29_sample_id_112", "ds_14_sample_id_100", "ds_113_sample_id_205", "ds_38_sample_id_50", "ds_79_sample_id_127", "ds_98_sample_id_56", "ds_68_sample_id_27", "ds_48_sample_id_189", "ds_48_sample_id_77", "ds_53_sample_id_37", "ds_97_sample_id_24", "ds_77_sample_id_163", "ds_107_sample_id_90", "ds_98_sample_id_192", "ds_77_sample_id_190", "ds_70_sample_id_169", "ds_118_sample_id_200", "ds_78_sample_id_85", "ds_60_sample_id_160", "ds_11_sample_id_4", "ds_85_sample_id_179", "ds_64_sample_id_181", "ds_0_sample_id_49", "ds_104_sample_id_34", "ds_67_sample_id_129", "ds_100_sample_id_165", "ds_20_sample_id_83", "ds_81_sample_id_145", "ds_100_sample_id_208", "ds_0_sample_id_57", "ds_112_sample_id_207", "ds_44_sample_id_110", "ds_94_sample_id_12", "ds_71_sample_id_217", "ds_99_sample_id_206", "ds_49_sample_id_201", "ds_86_sample_id_51", "ds_41_sample_id_44", "ds_72_sample_id_45", "ds_73_sample_id_13", "ds_49_sample_id_16", "ds_106_sample_id_99", "ds_104_sample_id_5", "ds_73_sample_id_126", "ds_118_sample_id_125", "ds_0_sample_id_199", "ds_107_sample_id_162"], "group_13": ["ds_84_sample_id_39", "ds_44_sample_id_28", "ds_73_sample_id_196", "ds_93_sample_id_144", "ds_0_sample_id_222", "ds_118_sample_id_146", "ds_30_sample_id_142", "ds_58_sample_id_219", "ds_11_sample_id_140", "ds_66_sample_id_159", "ds_45_sample_id_149", "ds_55_sample_id_115", "ds_22_sample_id_94", "ds_26_sample_id_198", "ds_12_sample_id_216", "ds_18_sample_id_212", "ds_23_sample_id_101", "ds_7_sample_id_173", "ds_49_sample_id_108", "ds_101_sample_id_81", "ds_28_sample_id_195", "ds_5_sample_id_182", "ds_80_sample_id_48", "ds_19_sample_id_78", "ds_78_sample_id_10", "ds_110_sample_id_148", "ds_65_sample_id_47", "ds_104_sample_id_209", "ds_44_sample_id_132", "ds_19_sample_id_134", "ds_28_sample_id_187", "ds_113_sample_id_205", "ds_79_sample_id_120", "ds_7_sample_id_42", "ds_39_sample_id_102", "ds_100_sample_id_89", "ds_2_sample_id_141", "ds_17_sample_id_166", "ds_79_sample_id_127", "ds_7_sample_id_43", "ds_21_sample_id_26", "ds_101_sample_id_175", "ds_18_sample_id_20", "ds_91_sample_id_55", "ds_40_sample_id_153", "ds_74_sample_id_93", "ds_76_sample_id_64", "ds_101_sample_id_186", "ds_72_sample_id_161", "ds_36_sample_id_0", "ds_23_sample_id_23", "ds_77_sample_id_163", "ds_57_sample_id_15", "ds_98_sample_id_192", "ds_53_sample_id_33", "ds_77_sample_id_190", "ds_53_sample_id_114", "ds_24_sample_id_65", "ds_30_sample_id_69", "ds_69_sample_id_106", "ds_20_sample_id_111", "ds_112_sample_id_143", "ds_23_sample_id_122", "ds_34_sample_id_185", "ds_54_sample_id_53", "ds_19_sample_id_105", "ds_0_sample_id_49", "ds_29_sample_id_164", "ds_84_sample_id_25", "ds_94_sample_id_223", "ds_67_sample_id_129", "ds_100_sample_id_208", "ds_40_sample_id_30", "ds_94_sample_id_12", "ds_78_sample_id_137", "ds_77_sample_id_1", "ds_76_sample_id_213", "ds_102_sample_id_174", "ds_103_sample_id_72", "ds_48_sample_id_214", "ds_73_sample_id_13", "ds_49_sample_id_16", "ds_107_sample_id_54", "ds_106_sample_id_99", "ds_65_sample_id_71", "ds_7_sample_id_31", "ds_73_sample_id_126", "ds_118_sample_id_125", "ds_32_sample_id_18", "ds_22_sample_id_58", "ds_21_sample_id_14", "ds_44_sample_id_40", "ds_79_sample_id_17"], "group_1": ["ds_117_sample_id_215", "ds_2_sample_id_96", "ds_73_sample_id_196", "ds_85_sample_id_86", "ds_93_sample_id_144", "ds_0_sample_id_222", "ds_84_sample_id_176", "ds_45_sample_id_149", "ds_105_sample_id_3", "ds_115_sample_id_121", "ds_18_sample_id_212", "ds_29_sample_id_60", "ds_16_sample_id_118", "ds_39_sample_id_73", "ds_75_sample_id_11", "ds_1_sample_id_221", "ds_37_sample_id_63", "ds_113_sample_id_91", "ds_16_sample_id_8", "ds_58_sample_id_135", "ds_90_sample_id_130", "ds_80_sample_id_48", "ds_19_sample_id_78", "ds_51_sample_id_119", "ds_78_sample_id_10", "ds_63_sample_id_150", "ds_100_sample_id_139", "ds_42_sample_id_82", "ds_91_sample_id_180", "ds_19_sample_id_134", "ds_88_sample_id_9", "ds_73_sample_id_104", "ds_90_sample_id_202", "ds_70_sample_id_152", "ds_2_sample_id_141", "ds_34_sample_id_97", "ds_81_sample_id_52", "ds_17_sample_id_166", "ds_79_sample_id_127", "ds_7_sample_id_43", "ds_21_sample_id_26", "ds_101_sample_id_175", "ds_18_sample_id_20", "ds_86_sample_id_203", "ds_91_sample_id_55", "ds_40_sample_id_153", "ds_74_sample_id_93", "ds_7_sample_id_220", "ds_101_sample_id_186", "ds_72_sample_id_161", "ds_86_sample_id_123", "ds_48_sample_id_77", "ds_53_sample_id_37", "ds_36_sample_id_0", "ds_97_sample_id_24", "ds_16_sample_id_116", "ds_44_sample_id_66", "ds_16_sample_id_62", "ds_98_sample_id_192", "ds_53_sample_id_33", "ds_77_sample_id_190", "ds_53_sample_id_114", "ds_30_sample_id_69", "ds_69_sample_id_106", "ds_20_sample_id_111", "ds_9_sample_id_113", "ds_60_sample_id_160", "ds_23_sample_id_122", "ds_85_sample_id_179", "ds_29_sample_id_164", "ds_99_sample_id_188", "ds_104_sample_id_34", "ds_84_sample_id_25", "ds_94_sample_id_223", "ds_81_sample_id_145", "ds_0_sample_id_57", "ds_41_sample_id_204", "ds_72_sample_id_46", "ds_44_sample_id_110", "ds_78_sample_id_137", "ds_14_sample_id_156", "ds_49_sample_id_201", "ds_76_sample_id_213", "ds_38_sample_id_75", "ds_3_sample_id_170", "ds_8_sample_id_193", "ds_32_sample_id_18", "ds_107_sample_id_162"], "group_7": ["ds_117_sample_id_215", "ds_26_sample_id_138", "ds_74_sample_id_177", "ds_56_sample_id_32", "ds_118_sample_id_146", "ds_72_sample_id_184", "ds_11_sample_id_140", "ds_115_sample_id_121", "ds_63_sample_id_211", "ds_107_sample_id_36", "ds_39_sample_id_73", "ds_83_sample_id_154", "ds_60_sample_id_218", "ds_75_sample_id_11", "ds_101_sample_id_81", "ds_8_sample_id_38", "ds_16_sample_id_167", "ds_16_sample_id_8", "ds_19_sample_id_78", "ds_110_sample_id_148", "ds_65_sample_id_47", "ds_22_sample_id_107", "ds_111_sample_id_67", "ds_83_sample_id_79", "ds_19_sample_id_134", "ds_29_sample_id_112", "ds_114_sample_id_151", "ds_83_sample_id_197", "ds_88_sample_id_9", "ds_73_sample_id_104", "ds_113_sample_id_205", "ds_7_sample_id_42", "ds_34_sample_id_97", "ds_36_sample_id_29", "ds_17_sample_id_166", "ds_7_sample_id_43", "ds_21_sample_id_26", "ds_86_sample_id_203", "ds_1_sample_id_147", "ds_74_sample_id_93", "ds_76_sample_id_64", "ds_48_sample_id_77", "ds_97_sample_id_24", "ds_16_sample_id_116", "ds_23_sample_id_23", "ds_57_sample_id_15", "ds_53_sample_id_33", "ds_53_sample_id_114", "ds_118_sample_id_200", "ds_78_sample_id_85", "ds_112_sample_id_143", "ds_99_sample_id_188", "ds_104_sample_id_34", "ds_100_sample_id_165", "ds_20_sample_id_83", "ds_41_sample_id_204", "ds_78_sample_id_137", "ds_77_sample_id_1", "ds_106_sample_id_128", "ds_95_sample_id_133", "ds_86_sample_id_51", "ds_38_sample_id_75", "ds_8_sample_id_193", "ds_107_sample_id_54", "ds_65_sample_id_71", "ds_104_sample_id_5", "ds_7_sample_id_31", "ds_63_sample_id_103", "ds_0_sample_id_199", "ds_22_sample_id_58", "ds_21_sample_id_14"], "group_10": ["ds_117_sample_id_215", "ds_44_sample_id_28", "ds_93_sample_id_144", "ds_84_sample_id_176", "ds_118_sample_id_146", "ds_30_sample_id_142", "ds_72_sample_id_184", "ds_11_sample_id_140", "ds_66_sample_id_159", "ds_45_sample_id_149", "ds_117_sample_id_87", "ds_63_sample_id_158", "ds_76_sample_id_178", "ds_115_sample_id_121", "ds_26_sample_id_198", "ds_63_sample_id_211", "ds_16_sample_id_118", "ds_116_sample_id_210", "ds_39_sample_id_73", "ds_1_sample_id_221", "ds_37_sample_id_63", "ds_23_sample_id_109", "ds_58_sample_id_135", "ds_84_sample_id_92", "ds_28_sample_id_195", "ds_115_sample_id_98", "ds_80_sample_id_48", "ds_19_sample_id_78", "ds_36_sample_id_172", "ds_78_sample_id_10", "ds_63_sample_id_150", "ds_44_sample_id_132", "ds_29_sample_id_112", "ds_88_sample_id_9", "ds_7_sample_id_42", "ds_38_sample_id_50", "ds_34_sample_id_97", "ds_81_sample_id_52", "ds_7_sample_id_43", "ds_21_sample_id_26", "ds_91_sample_id_55", "ds_68_sample_id_27", "ds_1_sample_id_147", "ds_76_sample_id_64", "ds_48_sample_id_189", "ds_7_sample_id_220", "ds_101_sample_id_186", "ds_46_sample_id_74", "ds_48_sample_id_77", "ds_53_sample_id_37", "ds_97_sample_id_24", "ds_44_sample_id_66", "ds_98_sample_id_192", "ds_109_sample_id_35", "ds_70_sample_id_169", "ds_20_sample_id_111", "ds_118_sample_id_200", "ds_33_sample_id_41", "ds_112_sample_id_143", "ds_23_sample_id_122", "ds_34_sample_id_185", "ds_64_sample_id_181", "ds_0_sample_id_49", "ds_29_sample_id_164", "ds_104_sample_id_34", "ds_84_sample_id_25", "ds_100_sample_id_165", "ds_100_sample_id_208", "ds_0_sample_id_57", "ds_40_sample_id_30", "ds_112_sample_id_207", "ds_72_sample_id_46", "ds_44_sample_id_110", "ds_49_sample_id_201", "ds_3_sample_id_170", "ds_72_sample_id_45", "ds_48_sample_id_214", "ds_107_sample_id_54", "ds_66_sample_id_183", "ds_7_sample_id_31", "ds_32_sample_id_18", "ds_44_sample_id_40"], "group_14": ["ds_117_sample_id_215", "ds_2_sample_id_96", "ds_74_sample_id_177", "ds_93_sample_id_144", "ds_73_sample_id_157", "ds_0_sample_id_222", "ds_56_sample_id_32", "ds_72_sample_id_184", "ds_55_sample_id_115", "ds_105_sample_id_3", "ds_115_sample_id_121", "ds_26_sample_id_198", "ds_7_sample_id_173", "ds_75_sample_id_11", "ds_101_sample_id_81", "ds_94_sample_id_155", "ds_23_sample_id_109", "ds_16_sample_id_167", "ds_16_sample_id_8", "ds_48_sample_id_80", "ds_70_sample_id_124", "ds_18_sample_id_61", "ds_5_sample_id_182", "ds_80_sample_id_48", "ds_36_sample_id_172", "ds_51_sample_id_119", "ds_61_sample_id_95", "ds_42_sample_id_82", "ds_22_sample_id_107", "ds_111_sample_id_67", "ds_83_sample_id_79", "ds_21_sample_id_191", "ds_83_sample_id_197", "ds_73_sample_id_104", "ds_113_sample_id_205", "ds_79_sample_id_120", "ds_50_sample_id_194", "ds_70_sample_id_152", "ds_34_sample_id_97", "ds_17_sample_id_166", "ds_7_sample_id_43", "ds_21_sample_id_26", "ds_76_sample_id_64", "ds_72_sample_id_161", "ds_53_sample_id_37", "ds_36_sample_id_0", "ds_23_sample_id_23", "ds_57_sample_id_15", "ds_16_sample_id_62", "ds_107_sample_id_90", "ds_98_sample_id_192", "ds_70_sample_id_169", "ds_30_sample_id_69", "ds_69_sample_id_106", "ds_112_sample_id_143", "ds_60_sample_id_160", "ds_23_sample_id_122", "ds_34_sample_id_185", "ds_54_sample_id_53", "ds_19_sample_id_105", "ds_85_sample_id_179", "ds_29_sample_id_164", "ds_67_sample_id_129", "ds_81_sample_id_145", "ds_100_sample_id_208", "ds_40_sample_id_30", "ds_112_sample_id_207", "ds_94_sample_id_12", "ds_71_sample_id_217", "ds_103_sample_id_72", "ds_86_sample_id_51", "ds_38_sample_id_75", "ds_41_sample_id_44", "ds_48_sample_id_214", "ds_49_sample_id_16", "ds_8_sample_id_193", "ds_104_sample_id_5", "ds_73_sample_id_126", "ds_22_sample_id_58", "ds_107_sample_id_162", "ds_44_sample_id_40"], "group_19": ["ds_117_sample_id_215", "ds_56_sample_id_32", "ds_30_sample_id_142", "ds_117_sample_id_87", "ds_105_sample_id_3", "ds_22_sample_id_94", "ds_18_sample_id_212", "ds_16_sample_id_118", "ds_23_sample_id_101", "ds_7_sample_id_173", "ds_23_sample_id_109", "ds_16_sample_id_167", "ds_70_sample_id_124", "ds_115_sample_id_98", "ds_18_sample_id_61", "ds_36_sample_id_22", "ds_78_sample_id_10", "ds_61_sample_id_95", "ds_110_sample_id_148", "ds_100_sample_id_139", "ds_32_sample_id_136", "ds_104_sample_id_209", "ds_111_sample_id_67", "ds_29_sample_id_112", "ds_114_sample_id_151", "ds_50_sample_id_194", "ds_2_sample_id_141", "ds_92_sample_id_7", "ds_18_sample_id_20", "ds_7_sample_id_220", "ds_77_sample_id_163", "ds_107_sample_id_90", "ds_109_sample_id_35", "ds_53_sample_id_33", "ds_53_sample_id_114", "ds_24_sample_id_65", "ds_70_sample_id_169", "ds_20_sample_id_111", "ds_78_sample_id_85", "ds_33_sample_id_41", "ds_23_sample_id_122", "ds_85_sample_id_179", "ds_84_sample_id_25", "ds_100_sample_id_165", "ds_20_sample_id_83", "ds_100_sample_id_208", "ds_41_sample_id_204", "ds_99_sample_id_206", "ds_78_sample_id_137", "ds_77_sample_id_1", "ds_106_sample_id_128", "ds_95_sample_id_133", "ds_102_sample_id_174", "ds_103_sample_id_72", "ds_38_sample_id_75", "ds_118_sample_id_125", "ds_32_sample_id_18", "ds_22_sample_id_58", "ds_21_sample_id_14"], "group_2": ["ds_44_sample_id_28", "ds_99_sample_id_70", "ds_60_sample_id_59", "ds_84_sample_id_176", "ds_56_sample_id_32", "ds_72_sample_id_184", "ds_11_sample_id_140", "ds_66_sample_id_159", "ds_22_sample_id_94", "ds_26_sample_id_198", "ds_12_sample_id_216", "ds_29_sample_id_60", "ds_16_sample_id_118", "ds_83_sample_id_154", "ds_23_sample_id_101", "ds_37_sample_id_63", "ds_16_sample_id_8", "ds_48_sample_id_80", "ds_84_sample_id_92", "ds_51_sample_id_119", "ds_63_sample_id_150", "ds_32_sample_id_136", "ds_44_sample_id_132", "ds_29_sample_id_112", "ds_14_sample_id_100", "ds_88_sample_id_9", "ds_73_sample_id_104", "ds_90_sample_id_202", "ds_7_sample_id_42", "ds_39_sample_id_102", "ds_2_sample_id_141", "ds_7_sample_id_43", "ds_101_sample_id_175", "ds_98_sample_id_56", "ds_68_sample_id_27", "ds_1_sample_id_147", "ds_46_sample_id_74", "ds_97_sample_id_24", "ds_23_sample_id_23", "ds_57_sample_id_15", "ds_44_sample_id_66", "ds_98_sample_id_192", "ds_109_sample_id_35", "ds_53_sample_id_33", "ds_30_sample_id_69", "ds_23_sample_id_122", "ds_67_sample_id_129", "ds_81_sample_id_145", "ds_0_sample_id_57", "ds_41_sample_id_204", "ds_94_sample_id_12", "ds_71_sample_id_217", "ds_99_sample_id_206", "ds_14_sample_id_156", "ds_95_sample_id_133", "ds_102_sample_id_174", "ds_3_sample_id_170", "ds_49_sample_id_16", "ds_107_sample_id_54", "ds_106_sample_id_99", "ds_7_sample_id_31", "ds_73_sample_id_126", "ds_32_sample_id_18", "ds_21_sample_id_14"], "group_12": ["ds_44_sample_id_28", "ds_73_sample_id_196", "ds_85_sample_id_86", "ds_60_sample_id_59", "ds_72_sample_id_184", "ds_55_sample_id_115", "ds_63_sample_id_211", "ds_107_sample_id_36", "ds_16_sample_id_118", "ds_39_sample_id_73", "ds_7_sample_id_173", "ds_60_sample_id_218", "ds_75_sample_id_11", "ds_1_sample_id_221", "ds_101_sample_id_81", "ds_37_sample_id_63", "ds_16_sample_id_167", "ds_16_sample_id_8", "ds_48_sample_id_80", "ds_84_sample_id_92", "ds_115_sample_id_98", "ds_51_sample_id_119", "ds_78_sample_id_10", "ds_110_sample_id_148", "ds_100_sample_id_139", "ds_32_sample_id_136", "ds_104_sample_id_209", "ds_91_sample_id_180", "ds_111_sample_id_67", "ds_14_sample_id_100", "ds_79_sample_id_120", "ds_70_sample_id_152", "ds_39_sample_id_102", "ds_92_sample_id_7", "ds_7_sample_id_43", "ds_18_sample_id_20", "ds_40_sample_id_153", "ds_72_sample_id_161", "ds_46_sample_id_74", "ds_24_sample_id_68", "ds_16_sample_id_62", "ds_107_sample_id_90", "ds_109_sample_id_35", "ds_77_sample_id_190", "ds_69_sample_id_106", "ds_78_sample_id_85", "ds_33_sample_id_41", "ds_9_sample_id_113", "ds_94_sample_id_223", "ds_20_sample_id_83", "ds_81_sample_id_145", "ds_72_sample_id_46", "ds_94_sample_id_12", "ds_14_sample_id_156", "ds_76_sample_id_213", "ds_103_sample_id_72", "ds_38_sample_id_75", "ds_41_sample_id_44", "ds_3_sample_id_170", "ds_48_sample_id_214", "ds_73_sample_id_13", "ds_65_sample_id_71", "ds_66_sample_id_183", "ds_107_sample_id_162"], "group_17": ["ds_2_sample_id_96", "ds_60_sample_id_59", "ds_84_sample_id_176", "ds_56_sample_id_32", "ds_118_sample_id_146", "ds_63_sample_id_211", "ds_18_sample_id_19", "ds_7_sample_id_173", "ds_1_sample_id_221", "ds_37_sample_id_63", "ds_23_sample_id_109", "ds_113_sample_id_91", "ds_16_sample_id_167", "ds_48_sample_id_80", "ds_6_sample_id_21", "ds_1_sample_id_84", "ds_90_sample_id_130", "ds_28_sample_id_195", "ds_18_sample_id_61", "ds_36_sample_id_22", "ds_110_sample_id_148", "ds_22_sample_id_107", "ds_91_sample_id_180", "ds_111_sample_id_67", "ds_114_sample_id_151", "ds_21_sample_id_191", "ds_73_sample_id_104", "ds_28_sample_id_187", "ds_90_sample_id_202", "ds_7_sample_id_42", "ds_70_sample_id_152", "ds_38_sample_id_50", "ds_72_sample_id_76", "ds_81_sample_id_52", "ds_92_sample_id_7", "ds_101_sample_id_175", "ds_86_sample_id_203", "ds_98_sample_id_56", "ds_91_sample_id_55", "ds_86_sample_id_123", "ds_46_sample_id_74", "ds_24_sample_id_68", "ds_16_sample_id_116", "ds_117_sample_id_117", "ds_24_sample_id_65", "ds_69_sample_id_106", "ds_33_sample_id_41", "ds_60_sample_id_160", "ds_54_sample_id_53", "ds_11_sample_id_4", "ds_29_sample_id_164", "ds_67_sample_id_129", "ds_72_sample_id_46", "ds_44_sample_id_110", "ds_102_sample_id_174", "ds_86_sample_id_51", "ds_41_sample_id_44", "ds_8_sample_id_193", "ds_107_sample_id_54", "ds_63_sample_id_103", "ds_0_sample_id_199", "ds_44_sample_id_40"], "group_16": ["ds_73_sample_id_196", "ds_60_sample_id_59", "ds_84_sample_id_176", "ds_84_sample_id_168", "ds_45_sample_id_149", "ds_117_sample_id_87", "ds_63_sample_id_158", "ds_115_sample_id_121", "ds_18_sample_id_212", "ds_63_sample_id_211", "ds_107_sample_id_36", "ds_29_sample_id_60", "ds_18_sample_id_19", "ds_16_sample_id_118", "ds_116_sample_id_210", "ds_39_sample_id_73", "ds_83_sample_id_154", "ds_60_sample_id_218", "ds_1_sample_id_221", "ds_37_sample_id_63", "ds_23_sample_id_109", "ds_48_sample_id_80", "ds_58_sample_id_135", "ds_115_sample_id_98", "ds_18_sample_id_61", "ds_5_sample_id_182", "ds_80_sample_id_48", "ds_36_sample_id_22", "ds_78_sample_id_10", "ds_61_sample_id_95", "ds_63_sample_id_150", "ds_100_sample_id_139", "ds_32_sample_id_136", "ds_104_sample_id_209", "ds_91_sample_id_180", "ds_111_sample_id_67", "ds_114_sample_id_151", "ds_21_sample_id_191", "ds_41_sample_id_131", "ds_38_sample_id_50", "ds_2_sample_id_141", "ds_101_sample_id_175", "ds_18_sample_id_20", "ds_86_sample_id_203", "ds_98_sample_id_56", "ds_1_sample_id_147", "ds_76_sample_id_64", "ds_7_sample_id_220", "ds_53_sample_id_37", "ds_24_sample_id_68", "ds_36_sample_id_0", "ds_44_sample_id_66", "ds_117_sample_id_117", "ds_109_sample_id_35", "ds_53_sample_id_33", "ds_53_sample_id_114", "ds_24_sample_id_65", "ds_69_sample_id_106", "ds_78_sample_id_85", "ds_9_sample_id_113", "ds_60_sample_id_160", "ds_34_sample_id_185", "ds_19_sample_id_105", "ds_11_sample_id_4", "ds_64_sample_id_181", "ds_0_sample_id_49", "ds_99_sample_id_188", "ds_94_sample_id_223", "ds_67_sample_id_129", "ds_72_sample_id_46", "ds_44_sample_id_110", "ds_71_sample_id_217", "ds_49_sample_id_201", "ds_106_sample_id_128", "ds_95_sample_id_133", "ds_103_sample_id_72", "ds_86_sample_id_51", "ds_41_sample_id_44", "ds_16_sample_id_2", "ds_106_sample_id_99", "ds_66_sample_id_183", "ds_7_sample_id_31", "ds_32_sample_id_18"]}}