{"user_group_edges": {"group_3": ["user_34_sample_id_43", "user_70_sample_id_38", "user_13_sample_id_29", "user_57_sample_id_34", "user_34_sample_id_37", "user_18_sample_id_5", "user_3_sample_id_22", "user_1_sample_id_46", "user_81_sample_id_0", "user_20_sample_id_26", "user_99_sample_id_16", "user_81_sample_id_27"], "group_7": ["user_34_sample_id_43", "user_70_sample_id_38", "user_97_sample_id_28", "user_100_sample_id_17", "user_93_sample_id_25", "user_34_sample_id_37", "user_75_sample_id_9", "user_77_sample_id_32", "user_76_sample_id_41", "user_22_sample_id_42", "user_47_sample_id_45", "user_99_sample_id_16", "user_35_sample_id_44", "user_81_sample_id_27"], "group_13": ["user_34_sample_id_43", "user_12_sample_id_40", "user_70_sample_id_38", "user_80_sample_id_11", "user_100_sample_id_17", "user_93_sample_id_25", "user_21_sample_id_15", "user_84_sample_id_31", "user_75_sample_id_9", "user_82_sample_id_3", "user_3_sample_id_24"], "group_15": ["user_34_sample_id_43", "user_5_sample_id_19", "user_10_sample_id_48", "user_3_sample_id_22", "user_21_sample_id_15", "user_15_sample_id_4", "user_85_sample_id_10", "user_76_sample_id_41", "user_82_sample_id_3", "user_3_sample_id_24", "user_47_sample_id_45", "user_99_sample_id_16", "user_63_sample_id_33"], "group_2": ["user_5_sample_id_19", "user_70_sample_id_38", "user_10_sample_id_48", "user_13_sample_id_29", "user_93_sample_id_25", "user_59_sample_id_36", "user_13_sample_id_50", "user_15_sample_id_14", "user_40_sample_id_30", "user_18_sample_id_35"], "group_6": ["user_5_sample_id_19", "user_99_sample_id_21", "user_57_sample_id_34", "user_18_sample_id_5", "user_63_sample_id_12", "user_84_sample_id_31", "user_1_sample_id_46", "user_67_sample_id_23", "user_20_sample_id_26", "user_99_sample_id_52", "user_77_sample_id_32", "user_87_sample_id_49", "user_62_sample_id_51", "user_22_sample_id_42"], "group_5": ["user_99_sample_id_21", "user_12_sample_id_40", "user_34_sample_id_37", "user_81_sample_id_0", "user_66_sample_id_2", "user_40_sample_id_30", "user_62_sample_id_51", "user_35_sample_id_44", "user_63_sample_id_33"], "group_14": ["user_99_sample_id_21", "user_10_sample_id_48", "user_80_sample_id_11", "user_57_sample_id_34", "user_100_sample_id_17", "user_15_sample_id_4", "user_13_sample_id_47", "user_93_sample_id_8", "user_67_sample_id_23", "user_27_sample_id_7", "user_87_sample_id_49", "user_99_sample_id_16", "user_87_sample_id_6"], "group_18": ["user_99_sample_id_21", "user_10_sample_id_48", "user_13_sample_id_29", "user_97_sample_id_28", "user_18_sample_id_5", "user_13_sample_id_47", "user_75_sample_id_9", "user_99_sample_id_52", "user_77_sample_id_32", "user_15_sample_id_14", "user_63_sample_id_39", "user_3_sample_id_24", "user_18_sample_id_35"], "group_4": ["user_12_sample_id_40", "user_57_sample_id_34", "user_59_sample_id_36", "user_13_sample_id_50", "user_67_sample_id_23", "user_7_sample_id_1", "user_85_sample_id_10", "user_63_sample_id_39", "user_87_sample_id_49", "user_47_sample_id_45"], "group_10": ["user_12_sample_id_40", "user_13_sample_id_29", "user_80_sample_id_11", "user_21_sample_id_15", "user_81_sample_id_0", "user_27_sample_id_7", "user_77_sample_id_32", "user_15_sample_id_14", "user_22_sample_id_42", "user_18_sample_id_35", "user_63_sample_id_33"], "group_12": ["user_12_sample_id_40", "user_3_sample_id_22", "user_59_sample_id_36", "user_99_sample_id_52", "user_40_sample_id_30", "user_99_sample_id_16", "user_87_sample_id_6", "user_81_sample_id_27"], "group_17": ["user_80_sample_id_11", "user_24_sample_id_18", "user_13_sample_id_47", "user_85_sample_id_10", "user_77_sample_id_32", "user_76_sample_id_41", "user_87_sample_id_49", "user_18_sample_id_35", "user_63_sample_id_33"], "group_9": ["user_97_sample_id_28", "user_57_sample_id_34", "user_24_sample_id_18", "user_84_sample_id_31", "user_98_sample_id_20", "user_75_sample_id_9", "user_63_sample_id_39", "user_40_sample_id_30"], "group_1": ["user_100_sample_id_17", "user_34_sample_id_37", "user_18_sample_id_5", "user_41_sample_id_13", "user_13_sample_id_50", "user_7_sample_id_1", "user_20_sample_id_26", "user_82_sample_id_3", "user_3_sample_id_24", "user_99_sample_id_16", "user_35_sample_id_44"], "group_11": ["user_93_sample_id_25", "user_21_sample_id_15", "user_66_sample_id_2", "user_41_sample_id_13", "user_93_sample_id_8", "user_7_sample_id_1", "user_98_sample_id_20", "user_15_sample_id_14", "user_62_sample_id_51"], "group_8": ["user_34_sample_id_37", "user_18_sample_id_5", "user_21_sample_id_15", "user_1_sample_id_46", "user_41_sample_id_13", "user_98_sample_id_20", "user_15_sample_id_14", "user_87_sample_id_49", "user_82_sample_id_3", "user_87_sample_id_6", "user_63_sample_id_33"], "group_16": ["user_3_sample_id_22", "user_21_sample_id_15", "user_84_sample_id_31", "user_81_sample_id_0", "user_13_sample_id_47", "user_13_sample_id_50", "user_85_sample_id_10", "user_63_sample_id_39", "user_87_sample_id_6"], "group_0": ["user_24_sample_id_18", "user_63_sample_id_12", "user_81_sample_id_0", "user_41_sample_id_13", "user_93_sample_id_8", "user_67_sample_id_23", "user_27_sample_id_7", "user_76_sample_id_41"], "group_19": ["user_15_sample_id_4", "user_84_sample_id_31", "user_66_sample_id_2", "user_75_sample_id_9", "user_27_sample_id_7", "user_99_sample_id_52", "user_82_sample_id_3", "user_47_sample_id_45", "user_87_sample_id_6", "user_35_sample_id_44"]}, "group_data_store_edges": {"group_2": ["ds_805_sample_id_21", "ds_725_sample_id_45", "ds_295_sample_id_7", "ds_493_sample_id_138", "ds_363_sample_id_2", "ds_238_sample_id_122", "ds_341_sample_id_97", "ds_29_sample_id_92", "ds_326_sample_id_52", "ds_540_sample_id_64", "ds_826_sample_id_63", "ds_43_sample_id_145", "ds_573_sample_id_12", "ds_123_sample_id_102", "ds_259_sample_id_123", "ds_212_sample_id_72", "ds_34_sample_id_95", "ds_105_sample_id_125", "ds_843_sample_id_94", "ds_204_sample_id_148", "ds_284_sample_id_131", "ds_453_sample_id_57", "ds_572_sample_id_146", "ds_48_sample_id_137", "ds_834_sample_id_67", "ds_382_sample_id_65", "ds_670_sample_id_79", "ds_787_sample_id_107", "ds_596_sample_id_101", "ds_292_sample_id_30", "ds_376_sample_id_40", "ds_635_sample_id_46", "ds_447_sample_id_4", "ds_40_sample_id_108", "ds_578_sample_id_61", "ds_57_sample_id_8", "ds_677_sample_id_5", "ds_298_sample_id_141", "ds_359_sample_id_106", "ds_827_sample_id_153", "ds_535_sample_id_117", "ds_56_sample_id_62", "ds_178_sample_id_25", "ds_534_sample_id_58"], "group_3": ["ds_805_sample_id_21", "ds_501_sample_id_39", "ds_178_sample_id_19", "ds_205_sample_id_128", "ds_295_sample_id_7", "ds_12_sample_id_113", "ds_29_sample_id_92", "ds_753_sample_id_149", "ds_455_sample_id_151", "ds_274_sample_id_42", "ds_540_sample_id_64", "ds_826_sample_id_63", "ds_43_sample_id_145", "ds_589_sample_id_129", "ds_461_sample_id_99", "ds_177_sample_id_86", "ds_585_sample_id_88", "ds_289_sample_id_32", "ds_127_sample_id_134", "ds_204_sample_id_148", "ds_782_sample_id_93", "ds_499_sample_id_139", "ds_391_sample_id_104", "ds_563_sample_id_76", "ds_48_sample_id_137", "ds_778_sample_id_78", "ds_205_sample_id_116", "ds_289_sample_id_130", "ds_292_sample_id_30", "ds_133_sample_id_38", "ds_376_sample_id_40", "ds_746_sample_id_144", "ds_635_sample_id_46", "ds_360_sample_id_90", "ds_120_sample_id_98", "ds_459_sample_id_6", "ds_57_sample_id_8", "ds_7_sample_id_56", "ds_655_sample_id_15", "ds_155_sample_id_109", "ds_56_sample_id_62"], "group_17": ["ds_805_sample_id_21", "ds_72_sample_id_133", "ds_775_sample_id_85", "ds_407_sample_id_37", "ds_482_sample_id_34", "ds_251_sample_id_91", "ds_206_sample_id_71", "ds_455_sample_id_151", "ds_326_sample_id_52", "ds_597_sample_id_77", "ds_573_sample_id_12", "ds_477_sample_id_41", "ds_461_sample_id_99", "ds_133_sample_id_49", "ds_123_sample_id_102", "ds_749_sample_id_89", "ds_283_sample_id_112", "ds_284_sample_id_131", "ds_481_sample_id_114", "ds_572_sample_id_146", "ds_324_sample_id_152", "ds_598_sample_id_69", "ds_834_sample_id_67", "ds_277_sample_id_82", "ds_710_sample_id_136", "ds_670_sample_id_79", "ds_205_sample_id_116", "ds_146_sample_id_22", "ds_133_sample_id_38", "ds_376_sample_id_40", "ds_865_sample_id_119", "ds_360_sample_id_90", "ds_470_sample_id_50", "ds_43_sample_id_27", "ds_726_sample_id_81", "ds_271_sample_id_3"], "group_1": ["ds_501_sample_id_39", "ds_871_sample_id_33", "ds_775_sample_id_85", "ds_205_sample_id_128", "ds_363_sample_id_2", "ds_12_sample_id_113", "ds_826_sample_id_96", "ds_597_sample_id_77", "ds_161_sample_id_47", "ds_477_sample_id_41", "ds_123_sample_id_102", "ds_34_sample_id_95", "ds_845_sample_id_11", "ds_160_sample_id_80", "ds_160_sample_id_31", "ds_311_sample_id_126", "ds_783_sample_id_135", "ds_692_sample_id_51", "ds_453_sample_id_57", "ds_561_sample_id_28", "ds_324_sample_id_1", "ds_710_sample_id_136", "ds_508_sample_id_18", "ds_670_sample_id_79", "ds_205_sample_id_116", "ds_630_sample_id_132", "ds_289_sample_id_130", "ds_146_sample_id_22", "ds_376_sample_id_40", "ds_746_sample_id_144", "ds_792_sample_id_13", "ds_2_sample_id_73", "ds_298_sample_id_141", "ds_523_sample_id_84", "ds_535_sample_id_105", "ds_701_sample_id_44", "ds_155_sample_id_109", "ds_178_sample_id_25"], "group_4": ["ds_501_sample_id_39", "ds_178_sample_id_19", "ds_482_sample_id_34", "ds_363_sample_id_2", "ds_12_sample_id_113", "ds_232_sample_id_48", "ds_29_sample_id_92", "ds_357_sample_id_54", "ds_113_sample_id_60", "ds_43_sample_id_145", "ds_673_sample_id_20", "ds_573_sample_id_12", "ds_589_sample_id_129", "ds_105_sample_id_125", "ds_845_sample_id_11", "ds_177_sample_id_86", "ds_160_sample_id_31", "ds_311_sample_id_126", "ds_127_sample_id_134", "ds_499_sample_id_139", "ds_729_sample_id_111", "ds_710_sample_id_136", "ds_205_sample_id_116", "ds_573_sample_id_124", "ds_740_sample_id_26", "ds_635_sample_id_46", "ds_360_sample_id_90", "ds_459_sample_id_6", "ds_578_sample_id_61", "ds_118_sample_id_68", "ds_677_sample_id_5", "ds_470_sample_id_50", "ds_262_sample_id_140", "ds_271_sample_id_3", "ds_827_sample_id_153", "ds_155_sample_id_109", "ds_534_sample_id_58", "ds_821_sample_id_29"], "group_5": ["ds_501_sample_id_39", "ds_820_sample_id_115", "ds_12_sample_id_113", "ds_869_sample_id_10", "ds_206_sample_id_71", "ds_540_sample_id_64", "ds_589_sample_id_129", "ds_585_sample_id_88", "ds_783_sample_id_135", "ds_127_sample_id_134", "ds_204_sample_id_148", "ds_481_sample_id_114", "ds_778_sample_id_78", "ds_382_sample_id_65", "ds_787_sample_id_107", "ds_596_sample_id_101", "ds_289_sample_id_130", "ds_740_sample_id_26", "ds_561_sample_id_17", "ds_760_sample_id_0", "ds_583_sample_id_23", "ds_792_sample_id_13", "ds_118_sample_id_68", "ds_677_sample_id_5", "ds_2_sample_id_73", "ds_298_sample_id_141", "ds_93_sample_id_120", "ds_43_sample_id_27", "ds_535_sample_id_105", "ds_726_sample_id_81", "ds_271_sample_id_3", "ds_155_sample_id_109", "ds_178_sample_id_25"], "group_6": ["ds_501_sample_id_39", "ds_725_sample_id_45", "ds_205_sample_id_128", "ds_314_sample_id_83", "ds_753_sample_id_149", "ds_826_sample_id_96", "ds_161_sample_id_47", "ds_673_sample_id_20", "ds_461_sample_id_99", "ds_212_sample_id_72", "ds_682_sample_id_150", "ds_695_sample_id_66", "ds_160_sample_id_31", "ds_311_sample_id_126", "ds_640_sample_id_103", "ds_783_sample_id_135", "ds_481_sample_id_114", "ds_572_sample_id_146", "ds_324_sample_id_152", "ds_508_sample_id_18", "ds_146_sample_id_22", "ds_292_sample_id_30", "ds_133_sample_id_38", "ds_746_sample_id_144", "ds_635_sample_id_46", "ds_561_sample_id_17", "ds_360_sample_id_90", "ds_60_sample_id_100", "ds_786_sample_id_9", "ds_2_sample_id_73", "ds_359_sample_id_106", "ds_701_sample_id_44", "ds_535_sample_id_117", "ds_155_sample_id_109"], "group_10": ["ds_501_sample_id_39", "ds_72_sample_id_133", "ds_226_sample_id_127", "ds_493_sample_id_138", "ds_695_sample_id_16", "ds_96_sample_id_147", "ds_869_sample_id_10", "ds_455_sample_id_151", "ds_113_sample_id_60", "ds_43_sample_id_145", "ds_589_sample_id_129", "ds_579_sample_id_43", "ds_585_sample_id_88", "ds_160_sample_id_31", "ds_204_sample_id_148", "ds_782_sample_id_93", "ds_499_sample_id_139", "ds_284_sample_id_131", "ds_598_sample_id_69", "ds_778_sample_id_78", "ds_491_sample_id_110", "ds_277_sample_id_82", "ds_607_sample_id_55", "ds_306_sample_id_118", "ds_133_sample_id_38", "ds_570_sample_id_121", "ds_60_sample_id_100", "ds_40_sample_id_108", "ds_7_sample_id_56", "ds_535_sample_id_105", "ds_534_sample_id_58", "ds_821_sample_id_29"], "group_8": ["ds_871_sample_id_33", "ds_72_sample_id_133", "ds_775_sample_id_85", "ds_407_sample_id_37", "ds_363_sample_id_2", "ds_869_sample_id_10", "ds_29_sample_id_92", "ds_274_sample_id_42", "ds_673_sample_id_20", "ds_477_sample_id_41", "ds_123_sample_id_102", "ds_259_sample_id_123", "ds_843_sample_id_94", "ds_579_sample_id_43", "ds_585_sample_id_88", "ds_160_sample_id_31", "ds_749_sample_id_89", "ds_391_sample_id_104", "ds_453_sample_id_57", "ds_48_sample_id_137", "ds_598_sample_id_69", "ds_710_sample_id_136", "ds_607_sample_id_55", "ds_740_sample_id_26", "ds_146_sample_id_22", "ds_865_sample_id_119", "ds_720_sample_id_59", "ds_40_sample_id_108", "ds_61_sample_id_24", "ds_359_sample_id_106", "ds_43_sample_id_27", "ds_535_sample_id_117", "ds_178_sample_id_25", "ds_534_sample_id_58"], "group_11": ["ds_871_sample_id_33", "ds_226_sample_id_127", "ds_482_sample_id_34", "ds_493_sample_id_138", "ds_251_sample_id_91", "ds_29_sample_id_92", "ds_520_sample_id_143", "ds_326_sample_id_52", "ds_826_sample_id_96", "ds_540_sample_id_64", "ds_597_sample_id_77", "ds_259_sample_id_123", "ds_695_sample_id_66", "ds_843_sample_id_94", "ds_177_sample_id_86", "ds_749_sample_id_89", "ds_311_sample_id_126", "ds_783_sample_id_135", "ds_283_sample_id_112", "ds_692_sample_id_51", "ds_284_sample_id_131", "ds_391_sample_id_104", "ds_48_sample_id_137", "ds_834_sample_id_67", "ds_382_sample_id_65", "ds_630_sample_id_132", "ds_796_sample_id_74", "ds_306_sample_id_118", "ds_146_sample_id_22", "ds_118_sample_id_68", "ds_359_sample_id_106", "ds_93_sample_id_120", "ds_43_sample_id_27", "ds_523_sample_id_84", "ds_701_sample_id_44", "ds_178_sample_id_25", "ds_821_sample_id_29"], "group_16": ["ds_871_sample_id_33", "ds_820_sample_id_115", "ds_157_sample_id_142", "ds_205_sample_id_128", "ds_407_sample_id_37", "ds_363_sample_id_2", "ds_274_sample_id_42", "ds_461_sample_id_99", "ds_133_sample_id_49", "ds_579_sample_id_43", "ds_177_sample_id_86", "ds_289_sample_id_32", "ds_749_sample_id_89", "ds_640_sample_id_103", "ds_127_sample_id_134", "ds_283_sample_id_112", "ds_453_sample_id_57", "ds_324_sample_id_152", "ds_598_sample_id_69", "ds_290_sample_id_70", "ds_670_sample_id_79", "ds_607_sample_id_55", "ds_573_sample_id_124", "ds_596_sample_id_101", "ds_133_sample_id_38", "ds_720_sample_id_59", "ds_40_sample_id_108", "ds_578_sample_id_61", "ds_206_sample_id_87", "ds_677_sample_id_5", "ds_7_sample_id_56", "ds_523_sample_id_84", "ds_262_sample_id_140", "ds_701_sample_id_44"], "group_19": ["ds_871_sample_id_33", "ds_157_sample_id_142", "ds_407_sample_id_37", "ds_226_sample_id_127", "ds_482_sample_id_34", "ds_232_sample_id_48", "ds_753_sample_id_149", "ds_826_sample_id_96", "ds_161_sample_id_47", "ds_573_sample_id_12", "ds_477_sample_id_41", "ds_133_sample_id_49", "ds_845_sample_id_11", "ds_877_sample_id_35", "ds_579_sample_id_43", "ds_127_sample_id_134", "ds_499_sample_id_139", "ds_284_sample_id_131", "ds_481_sample_id_114", "ds_324_sample_id_152", "ds_778_sample_id_78", "ds_277_sample_id_82", "ds_710_sample_id_136", "ds_508_sample_id_18", "ds_607_sample_id_55", "ds_289_sample_id_130", "ds_292_sample_id_30", "ds_865_sample_id_119", "ds_570_sample_id_121", "ds_120_sample_id_98", "ds_677_sample_id_5", "ds_43_sample_id_27", "ds_469_sample_id_14", "ds_726_sample_id_81", "ds_655_sample_id_15", "ds_535_sample_id_117", "ds_56_sample_id_62", "ds_821_sample_id_29"], "group_0": ["ds_725_sample_id_45", "ds_72_sample_id_133", "ds_178_sample_id_19", "ds_775_sample_id_85", "ds_820_sample_id_115", "ds_295_sample_id_7", "ds_251_sample_id_91", "ds_341_sample_id_97", "ds_206_sample_id_71", "ds_357_sample_id_54", "ds_455_sample_id_151", "ds_113_sample_id_60", "ds_540_sample_id_64", "ds_826_sample_id_63", "ds_477_sample_id_41", "ds_259_sample_id_123", "ds_34_sample_id_95", "ds_105_sample_id_125", "ds_877_sample_id_35", "ds_843_sample_id_94", "ds_289_sample_id_32", "ds_311_sample_id_126", "ds_783_sample_id_135", "ds_127_sample_id_134", "ds_283_sample_id_112", "ds_563_sample_id_76", "ds_324_sample_id_152", "ds_48_sample_id_137", "ds_834_sample_id_67", "ds_491_sample_id_110", "ds_508_sample_id_18", "ds_573_sample_id_124", "ds_376_sample_id_40", "ds_447_sample_id_4", "ds_60_sample_id_100", "ds_720_sample_id_59", "ds_583_sample_id_23", "ds_578_sample_id_61", "ds_57_sample_id_8", "ds_206_sample_id_87", "ds_677_sample_id_5", "ds_298_sample_id_141", "ds_93_sample_id_120", "ds_262_sample_id_140", "ds_726_sample_id_81", "ds_271_sample_id_3", "ds_56_sample_id_62", "ds_534_sample_id_58", "ds_821_sample_id_29"], "group_13": ["ds_725_sample_id_45", "ds_157_sample_id_142", "ds_205_sample_id_128", "ds_493_sample_id_138", "ds_251_sample_id_91", "ds_869_sample_id_10", "ds_29_sample_id_92", "ds_274_sample_id_42", "ds_113_sample_id_60", "ds_597_sample_id_77", "ds_682_sample_id_150", "ds_160_sample_id_80", "ds_778_sample_id_78", "ds_277_sample_id_82", "ds_630_sample_id_132", "ds_607_sample_id_55", "ds_596_sample_id_101", "ds_740_sample_id_26", "ds_146_sample_id_22", "ds_376_sample_id_40", "ds_570_sample_id_121", "ds_118_sample_id_68", "ds_57_sample_id_8", "ds_206_sample_id_87", "ds_523_sample_id_84", "ds_535_sample_id_105"], "group_15": ["ds_725_sample_id_45", "ds_72_sample_id_133", "ds_178_sample_id_19", "ds_775_sample_id_85", "ds_295_sample_id_7", "ds_341_sample_id_97", "ds_520_sample_id_143", "ds_357_sample_id_54", "ds_274_sample_id_42", "ds_326_sample_id_52", "ds_597_sample_id_77", "ds_673_sample_id_20", "ds_461_sample_id_99", "ds_133_sample_id_49", "ds_682_sample_id_150", "ds_177_sample_id_86", "ds_640_sample_id_103", "ds_692_sample_id_51", "ds_598_sample_id_69", "ds_324_sample_id_1", "ds_491_sample_id_110", "ds_382_sample_id_65", "ds_290_sample_id_70", "ds_630_sample_id_132", "ds_573_sample_id_124", "ds_740_sample_id_26", "ds_865_sample_id_119", "ds_447_sample_id_4", "ds_720_sample_id_59", "ds_120_sample_id_98", "ds_792_sample_id_13", "ds_726_sample_id_81", "ds_655_sample_id_15"], "group_7": ["ds_72_sample_id_133", "ds_820_sample_id_115", "ds_314_sample_id_83", "ds_232_sample_id_48", "ds_46_sample_id_53", "ds_357_sample_id_54", "ds_826_sample_id_63", "ds_573_sample_id_12", "ds_34_sample_id_95", "ds_695_sample_id_66", "ds_877_sample_id_35", "ds_843_sample_id_94", "ds_160_sample_id_80", "ds_289_sample_id_32", "ds_749_sample_id_89", "ds_204_sample_id_148", "ds_782_sample_id_93", "ds_499_sample_id_139", "ds_563_sample_id_76", "ds_572_sample_id_146", "ds_834_sample_id_67", "ds_670_sample_id_79", "ds_630_sample_id_132", "ds_787_sample_id_107", "ds_740_sample_id_26", "ds_561_sample_id_17", "ds_447_sample_id_4", "ds_360_sample_id_90", "ds_60_sample_id_100", "ds_760_sample_id_0", "ds_583_sample_id_23", "ds_786_sample_id_9", "ds_61_sample_id_24", "ds_7_sample_id_56", "ds_93_sample_id_120", "ds_701_sample_id_44", "ds_827_sample_id_153", "ds_186_sample_id_75"], "group_9": ["ds_72_sample_id_133", "ds_178_sample_id_19", "ds_157_sample_id_142", "ds_341_sample_id_97", "ds_869_sample_id_10", "ds_753_sample_id_149", "ds_206_sample_id_71", "ds_357_sample_id_54", "ds_43_sample_id_145", "ds_589_sample_id_129", "ds_34_sample_id_95", "ds_105_sample_id_125", "ds_682_sample_id_150", "ds_877_sample_id_35", "ds_289_sample_id_32", "ds_311_sample_id_126", "ds_127_sample_id_134", "ds_283_sample_id_112", "ds_692_sample_id_51", "ds_324_sample_id_152", "ds_382_sample_id_65", "ds_710_sample_id_136", "ds_573_sample_id_124", "ds_746_sample_id_144", "ds_561_sample_id_17", "ds_570_sample_id_121", "ds_40_sample_id_108", "ds_459_sample_id_6", "ds_677_sample_id_5", "ds_271_sample_id_3", "ds_534_sample_id_58"], "group_12": ["ds_775_sample_id_85", "ds_482_sample_id_34", "ds_493_sample_id_138", "ds_251_sample_id_91", "ds_363_sample_id_2", "ds_695_sample_id_16", "ds_238_sample_id_122", "ds_12_sample_id_113", "ds_96_sample_id_147", "ds_520_sample_id_143", "ds_455_sample_id_151", "ds_477_sample_id_41", "ds_133_sample_id_49", "ds_682_sample_id_150", "ds_845_sample_id_11", "ds_585_sample_id_88", "ds_127_sample_id_134", "ds_563_sample_id_76", "ds_453_sample_id_57", "ds_48_sample_id_137", "ds_598_sample_id_69", "ds_778_sample_id_78", "ds_491_sample_id_110", "ds_290_sample_id_70", "ds_508_sample_id_18", "ds_670_sample_id_79", "ds_596_sample_id_101", "ds_306_sample_id_118", "ds_376_sample_id_40", "ds_746_sample_id_144", "ds_635_sample_id_46", "ds_561_sample_id_17", "ds_447_sample_id_4", "ds_60_sample_id_100", "ds_760_sample_id_0", "ds_583_sample_id_23", "ds_578_sample_id_61", "ds_786_sample_id_9", "ds_61_sample_id_24", "ds_131_sample_id_36", "ds_535_sample_id_105", "ds_726_sample_id_81", "ds_186_sample_id_75", "ds_155_sample_id_109"], "group_14": ["ds_157_sample_id_142", "ds_226_sample_id_127", "ds_482_sample_id_34", "ds_493_sample_id_138", "ds_251_sample_id_91", "ds_238_sample_id_122", "ds_341_sample_id_97", "ds_232_sample_id_48", "ds_46_sample_id_53", "ds_869_sample_id_10", "ds_206_sample_id_71", "ds_161_sample_id_47", "ds_573_sample_id_12", "ds_695_sample_id_66", "ds_845_sample_id_11", "ds_585_sample_id_88", "ds_561_sample_id_28", "ds_491_sample_id_110", "ds_277_sample_id_82", "ds_290_sample_id_70", "ds_796_sample_id_74", "ds_306_sample_id_118", "ds_133_sample_id_38", "ds_583_sample_id_23", "ds_120_sample_id_98", "ds_61_sample_id_24", "ds_523_sample_id_84", "ds_535_sample_id_117", "ds_56_sample_id_62"], "group_18": ["ds_314_sample_id_83", "ds_695_sample_id_16", "ds_12_sample_id_113", "ds_96_sample_id_147", "ds_869_sample_id_10", "ds_753_sample_id_149", "ds_455_sample_id_151", "ds_259_sample_id_123", "ds_34_sample_id_95", "ds_105_sample_id_125", "ds_877_sample_id_35", "ds_579_sample_id_43", "ds_598_sample_id_69", "ds_561_sample_id_28", "ds_324_sample_id_1", "ds_277_sample_id_82", "ds_670_sample_id_79", "ds_205_sample_id_116", "ds_630_sample_id_132", "ds_787_sample_id_107", "ds_133_sample_id_38", "ds_720_sample_id_59", "ds_760_sample_id_0", "ds_120_sample_id_98", "ds_459_sample_id_6", "ds_118_sample_id_68", "ds_786_sample_id_9", "ds_131_sample_id_36", "ds_93_sample_id_120", "ds_523_sample_id_84", "ds_469_sample_id_14", "ds_535_sample_id_105", "ds_655_sample_id_15", "ds_186_sample_id_75", "ds_155_sample_id_109"]}}