{"ds_533_sample_id_0": [], "ds_543_sample_id_1": [], "ds_275_sample_id_2": [], "ds_288_sample_id_3": [], "ds_62_sample_id_4": [], "ds_159_sample_id_5": [], "ds_181_sample_id_6": [], "ds_50_sample_id_7": ["DOMAIN_NAME", "IP_ADDRESS", "US_DRIVER_LICENSE"], "ds_331_sample_id_8": [], "ds_441_sample_id_9": [], "ds_466_sample_id_10": [], "ds_134_sample_id_11": ["IP_ADDRESS", "LOCATION"], "ds_38_sample_id_12": [], "ds_519_sample_id_13": [], "ds_209_sample_id_14": [], "ds_72_sample_id_15": [], "ds_148_sample_id_16": [], "ds_374_sample_id_17": [], "ds_238_sample_id_18": [], "ds_321_sample_id_19": [], "ds_491_sample_id_20": [], "ds_246_sample_id_21": [], "ds_275_sample_id_22": [], "ds_220_sample_id_23": [], "ds_517_sample_id_24": [], "ds_39_sample_id_25": [], "ds_336_sample_id_26": [], "ds_347_sample_id_27": [], "ds_107_sample_id_28": [], "ds_213_sample_id_29": [], "ds_452_sample_id_30": [], "ds_16_sample_id_31": [], "ds_134_sample_id_32": ["IP_ADDRESS", "LOCATION"], "ds_382_sample_id_33": ["LOCATION", "PERSON", "PHONE_NUMBER"], "ds_273_sample_id_34": [], "ds_393_sample_id_35": [], "ds_159_sample_id_36": [], "ds_385_sample_id_37": [], "ds_21_sample_id_38": [], "ds_225_sample_id_39": [], "ds_219_sample_id_40": [], "ds_485_sample_id_41": [], "ds_417_sample_id_42": [], "ds_98_sample_id_43": ["DOMAIN_NAME", "IP_ADDRESS", "LOCATION", "US_DRIVER_LICENSE"], "ds_179_sample_id_44": [], "ds_387_sample_id_45": [], "ds_496_sample_id_46": [], "ds_543_sample_id_47": [], "ds_227_sample_id_48": [], "ds_362_sample_id_49": [], "ds_400_sample_id_50": [], "ds_108_sample_id_51": ["CREDIT_CARD", "DOMAIN_NAME", "IP_ADDRESS", "LOCATION", "PERSON"], "ds_432_sample_id_52": [], "ds_525_sample_id_53": [], "ds_203_sample_id_54": [], "ds_199_sample_id_55": [], "ds_483_sample_id_56": [], "ds_333_sample_id_57": [], "ds_136_sample_id_58": [], "ds_471_sample_id_59": [], "ds_417_sample_id_60": [], "ds_273_sample_id_61": [], "ds_524_sample_id_62": [], "ds_326_sample_id_63": [], "ds_445_sample_id_64": [], "ds_265_sample_id_65": [], "ds_363_sample_id_66": [], "ds_396_sample_id_67": [], "ds_521_sample_id_68": [], "ds_89_sample_id_69": ["DOMAIN_NAME", "EMAIL_ADDRESS", "PERSON", "PHONE_NUMBER"], "ds_162_sample_id_70": [], "ds_107_sample_id_71": [], "ds_183_sample_id_72": [], "ds_460_sample_id_73": [], "ds_41_sample_id_74": ["DOMAIN_NAME", "LOCATION", "US_DRIVER_LICENSE"], "ds_323_sample_id_75": [], "ds_368_sample_id_76": [], "ds_86_sample_id_77": ["LOCATION"], "ds_124_sample_id_78": [], "ds_151_sample_id_79": [], "ds_243_sample_id_80": [], "ds_382_sample_id_81": ["LOCATION", "PERSON", "PHONE_NUMBER"], "ds_392_sample_id_82": [], "ds_346_sample_id_83": [], "ds_235_sample_id_84": [], "ds_231_sample_id_85": [], "ds_281_sample_id_86": [], "ds_179_sample_id_87": [], "ds_490_sample_id_88": [], "ds_247_sample_id_89": [], "ds_416_sample_id_90": [], "ds_493_sample_id_91": [], "ds_4_sample_id_92": [], "ds_190_sample_id_93": [], "ds_195_sample_id_94": [], "ds_358_sample_id_95": ["DOMAIN_NAME", "IP_ADDRESS", "PERSON"], "ds_72_sample_id_96": [], "ds_527_sample_id_97": [], "ds_13_sample_id_98": [], "ds_206_sample_id_99": ["DOMAIN_NAME"], "ds_437_sample_id_100": [], "ds_19_sample_id_101": [], "ds_70_sample_id_102": [], "ds_223_sample_id_103": [], "ds_110_sample_id_104": ["DOMAIN_NAME", "IP_ADDRESS"], "ds_33_sample_id_105": [], "ds_462_sample_id_106": [], "ds_453_sample_id_107": [], "ds_388_sample_id_108": ["DOMAIN_NAME", "IP_ADDRESS", "LOCATION"], "ds_338_sample_id_109": [], "ds_401_sample_id_110": [], "ds_361_sample_id_111": [], "ds_73_sample_id_112": ["DOMAIN_NAME", "LOCATION", "PERSON", "US_DRIVER_LICENSE"], "ds_351_sample_id_113": [], "ds_121_sample_id_114": [], "ds_378_sample_id_115": ["CREDIT_CARD", "DOMAIN_NAME", "IP_ADDRESS"], "ds_25_sample_id_116": [], "ds_89_sample_id_117": ["DOMAIN_NAME", "EMAIL_ADDRESS", "PERSON", "PHONE_NUMBER"], "ds_461_sample_id_118": [], "ds_223_sample_id_119": [], "ds_475_sample_id_120": [], "ds_523_sample_id_121": [], "ds_207_sample_id_122": [], "ds_450_sample_id_123": [], "ds_261_sample_id_124": [], "ds_436_sample_id_125": [], "ds_180_sample_id_126": [], "ds_527_sample_id_127": [], "ds_75_sample_id_128": [], "ds_170_sample_id_129": []}