{"ds_4134_sample_id_0": [], "ds_1294_sample_id_1": [], "ds_4484_sample_id_2": [], "ds_8888_sample_id_3": [], "ds_9143_sample_id_4": [], "ds_9168_sample_id_5": [], "ds_8989_sample_id_6": [], "ds_53_sample_id_7": [], "ds_6552_sample_id_8": [], "ds_4696_sample_id_9": [], "ds_4452_sample_id_10": [], "ds_3710_sample_id_11": [], "ds_8822_sample_id_12": [], "ds_7598_sample_id_13": [], "ds_9752_sample_id_14": [], "ds_8693_sample_id_15": [], "ds_6551_sample_id_16": [], "ds_7008_sample_id_17": [], "ds_6402_sample_id_18": [], "ds_6717_sample_id_19": [], "ds_893_sample_id_20": [], "ds_3964_sample_id_21": [], "ds_4923_sample_id_22": [], "ds_470_sample_id_23": [], "ds_416_sample_id_24": [], "ds_6223_sample_id_25": [], "ds_8283_sample_id_26": [], "ds_4779_sample_id_27": [], "ds_10986_sample_id_28": [], "ds_1775_sample_id_29": [], "ds_4464_sample_id_30": [], "ds_1342_sample_id_31": [], "ds_1031_sample_id_32": [], "ds_6302_sample_id_33": [], "ds_2989_sample_id_34": [], "ds_6043_sample_id_35": [], "ds_5084_sample_id_36": [], "ds_9731_sample_id_37": [], "ds_4417_sample_id_38": [], "ds_11196_sample_id_39": [], "ds_5905_sample_id_40": [], "ds_5719_sample_id_41": [], "ds_6029_sample_id_42": [], "ds_9959_sample_id_43": [], "ds_3087_sample_id_44": [], "ds_11128_sample_id_45": [], "ds_4799_sample_id_46": [], "ds_6986_sample_id_47": [], "ds_6554_sample_id_48": [], "ds_6521_sample_id_49": [], "ds_5382_sample_id_50": [], "ds_2224_sample_id_51": [], "ds_10536_sample_id_52": [], "ds_1033_sample_id_53": [], "ds_6518_sample_id_54": [], "ds_4462_sample_id_55": [], "ds_4794_sample_id_56": [], "ds_10693_sample_id_57": [], "ds_4075_sample_id_58": [], "ds_5371_sample_id_59": [], "ds_4025_sample_id_60": [], "ds_1054_sample_id_61": [], "ds_7769_sample_id_62": [], "ds_5464_sample_id_63": [], "ds_2259_sample_id_64": [], "ds_9621_sample_id_65": [], "ds_1894_sample_id_66": [], "ds_1243_sample_id_67": [], "ds_5089_sample_id_68": [], "ds_2660_sample_id_69": [], "ds_478_sample_id_70": [], "ds_11095_sample_id_71": [], "ds_9740_sample_id_72": [], "ds_2416_sample_id_73": [], "ds_8929_sample_id_74": [], "ds_7037_sample_id_75": [], "ds_2219_sample_id_76": [], "ds_6618_sample_id_77": [], "ds_4425_sample_id_78": [], "ds_8199_sample_id_79": [], "ds_5004_sample_id_80": [], "ds_7265_sample_id_81": [], "ds_1036_sample_id_82": [], "ds_4781_sample_id_83": [], "ds_4131_sample_id_84": [], "ds_8117_sample_id_85": [], "ds_2045_sample_id_86": [], "ds_8802_sample_id_87": [], "ds_1148_sample_id_88": [], "ds_4313_sample_id_89": [], "ds_935_sample_id_90": [], "ds_3834_sample_id_91": [], "ds_3027_sample_id_92": [], "ds_1665_sample_id_93": [], "ds_2656_sample_id_94": [], "ds_8253_sample_id_95": [], "ds_18_sample_id_96": [], "ds_7536_sample_id_97": [], "ds_4538_sample_id_98": [], "ds_10942_sample_id_99": [], "ds_10380_sample_id_100": [], "ds_6296_sample_id_101": [], "ds_4755_sample_id_102": [], "ds_8358_sample_id_103": [], "ds_6477_sample_id_104": [], "ds_7535_sample_id_105": [], "ds_6889_sample_id_106": [], "ds_889_sample_id_107": [], "ds_11155_sample_id_108": [], "ds_5534_sample_id_109": [], "ds_990_sample_id_110": [], "ds_1442_sample_id_111": [], "ds_142_sample_id_112": [], "ds_4645_sample_id_113": [], "ds_10506_sample_id_114": [], "ds_3025_sample_id_115": [], "ds_6239_sample_id_116": [], "ds_9734_sample_id_117": [], "ds_10158_sample_id_118": [], "ds_9751_sample_id_119": [], "ds_7277_sample_id_120": [], "ds_4174_sample_id_121": [], "ds_9146_sample_id_122": [], "ds_7597_sample_id_123": [], "ds_3470_sample_id_124": [], "ds_9786_sample_id_125": [], "ds_5649_sample_id_126": [], "ds_2394_sample_id_127": [], "ds_6548_sample_id_128": [], "ds_5933_sample_id_129": [], "ds_10578_sample_id_130": [], "ds_8295_sample_id_131": [], "ds_8768_sample_id_132": [], "ds_5365_sample_id_133": [], "ds_11481_sample_id_134": [], "ds_5087_sample_id_135": [], "ds_2662_sample_id_136": [], "ds_2449_sample_id_137": [], "ds_7999_sample_id_138": [], "ds_3575_sample_id_139": [], "ds_897_sample_id_140": [], "ds_8057_sample_id_141": [], "ds_3582_sample_id_142": [], "ds_3788_sample_id_143": [], "ds_3105_sample_id_144": [], "ds_5851_sample_id_145": [], "ds_4513_sample_id_146": [], "ds_3513_sample_id_147": [], "ds_4807_sample_id_148": [], "ds_59_sample_id_149": [], "ds_1500_sample_id_150": [], "ds_323_sample_id_151": [], "ds_8375_sample_id_152": [], "ds_273_sample_id_153": [], "ds_1557_sample_id_154": [], "ds_9600_sample_id_155": [], "ds_5925_sample_id_156": [], "ds_10882_sample_id_157": [], "ds_3047_sample_id_158": [], "ds_1840_sample_id_159": [], "ds_6540_sample_id_160": [], "ds_4955_sample_id_161": [], "ds_7666_sample_id_162": [], "ds_2302_sample_id_163": [], "ds_8467_sample_id_164": [], "ds_2866_sample_id_165": [], "ds_3438_sample_id_166": [], "ds_4437_sample_id_167": [], "ds_9604_sample_id_168": [], "ds_10158_sample_id_169": [], "ds_1287_sample_id_170": [], "ds_8103_sample_id_171": [], "ds_1431_sample_id_172": [], "ds_1497_sample_id_173": [], "ds_11370_sample_id_174": [], "ds_10671_sample_id_175": [], "ds_9951_sample_id_176": [], "ds_1914_sample_id_177": [], "ds_2007_sample_id_178": [], "ds_8256_sample_id_179": [], "ds_9556_sample_id_180": [], "ds_7251_sample_id_181": [], "ds_7802_sample_id_182": [], "ds_5144_sample_id_183": [], "ds_10726_sample_id_184": [], "ds_8107_sample_id_185": [], "ds_9590_sample_id_186": [], "ds_975_sample_id_187": [], "ds_1324_sample_id_188": [], "ds_9580_sample_id_189": [], "ds_3039_sample_id_190": [], "ds_8287_sample_id_191": [], "ds_9392_sample_id_192": [], "ds_3651_sample_id_193": [], "ds_7679_sample_id_194": [], "ds_7148_sample_id_195": [], "ds_9075_sample_id_196": [], "ds_6666_sample_id_197": [], "ds_7053_sample_id_198": [], "ds_10680_sample_id_199": [], "ds_11372_sample_id_200": [], "ds_59_sample_id_201": [], "ds_9753_sample_id_202": [], "ds_10968_sample_id_203": [], "ds_7815_sample_id_204": [], "ds_9201_sample_id_205": [], "ds_241_sample_id_206": [], "ds_8547_sample_id_207": [], "ds_4417_sample_id_208": [], "ds_1816_sample_id_209": [], "ds_8445_sample_id_210": [], "ds_11011_sample_id_211": [], "ds_7672_sample_id_212": [], "ds_11358_sample_id_213": [], "ds_10180_sample_id_214": [], "ds_6943_sample_id_215": [], "ds_6723_sample_id_216": [], "ds_10554_sample_id_217": [], "ds_11085_sample_id_218": [], "ds_10964_sample_id_219": [], "ds_1487_sample_id_220": [], "ds_333_sample_id_221": [], "ds_5983_sample_id_222": [], "ds_8541_sample_id_223": [], "ds_6386_sample_id_224": [], "ds_3120_sample_id_225": [], "ds_8214_sample_id_226": [], "ds_2788_sample_id_227": [], "ds_2021_sample_id_228": [], "ds_4255_sample_id_229": [], "ds_9789_sample_id_230": [], "ds_9148_sample_id_231": [], "ds_8257_sample_id_232": [], "ds_9307_sample_id_233": [], "ds_3583_sample_id_234": [], "ds_6508_sample_id_235": [], "ds_8967_sample_id_236": [], "ds_4334_sample_id_237": [], "ds_8335_sample_id_238": [], "ds_6029_sample_id_239": [], "ds_4659_sample_id_240": [], "ds_5707_sample_id_241": [], "ds_4422_sample_id_242": [], "ds_10658_sample_id_243": [], "ds_11389_sample_id_244": [], "ds_10792_sample_id_245": [], "ds_9446_sample_id_246": [], "ds_2742_sample_id_247": [], "ds_9073_sample_id_248": [], "ds_10346_sample_id_249": [], "ds_10063_sample_id_250": [], "ds_9161_sample_id_251": [], "ds_2980_sample_id_252": [], "ds_11470_sample_id_253": [], "ds_4778_sample_id_254": [], "ds_10173_sample_id_255": [], "ds_10801_sample_id_256": [], "ds_3319_sample_id_257": [], "ds_10877_sample_id_258": [], "ds_5906_sample_id_259": [], "ds_7812_sample_id_260": [], "ds_3198_sample_id_261": [], "ds_7849_sample_id_262": [], "ds_7843_sample_id_263": [], "ds_10534_sample_id_264": [], "ds_8601_sample_id_265": [], "ds_1285_sample_id_266": [], "ds_1823_sample_id_267": [], "ds_7394_sample_id_268": [], "ds_10366_sample_id_269": [], "ds_3314_sample_id_270": [], "ds_7501_sample_id_271": [], "ds_8096_sample_id_272": [], "ds_8489_sample_id_273": [], "ds_9102_sample_id_274": [], "ds_6004_sample_id_275": [], "ds_10067_sample_id_276": [], "ds_4630_sample_id_277": [], "ds_10849_sample_id_278": [], "ds_6799_sample_id_279": [], "ds_3674_sample_id_280": [], "ds_6120_sample_id_281": [], "ds_6211_sample_id_282": [], "ds_10653_sample_id_283": [], "ds_5968_sample_id_284": [], "ds_632_sample_id_285": [], "ds_2321_sample_id_286": [], "ds_6543_sample_id_287": [], "ds_1985_sample_id_288": [], "ds_4447_sample_id_289": [], "ds_1986_sample_id_290": [], "ds_2994_sample_id_291": [], "ds_4658_sample_id_292": [], "ds_859_sample_id_293": [], "ds_3619_sample_id_294": [], "ds_1007_sample_id_295": [], "ds_6606_sample_id_296": [], "ds_6581_sample_id_297": [], "ds_8282_sample_id_298": [], "ds_1548_sample_id_299": [], "ds_1042_sample_id_300": [], "ds_962_sample_id_301": [], "ds_8046_sample_id_302": [], "ds_6258_sample_id_303": [], "ds_1953_sample_id_304": [], "ds_4356_sample_id_305": [], "ds_3337_sample_id_306": [], "ds_7958_sample_id_307": [], "ds_2231_sample_id_308": [], "ds_5928_sample_id_309": [], "ds_10749_sample_id_310": [], "ds_5467_sample_id_311": [], "ds_7963_sample_id_312": [], "ds_2655_sample_id_313": [], "ds_4186_sample_id_314": [], "ds_7930_sample_id_315": [], "ds_3053_sample_id_316": [], "ds_2235_sample_id_317": [], "ds_2705_sample_id_318": [], "ds_1161_sample_id_319": [], "ds_6518_sample_id_320": [], "ds_5703_sample_id_321": [], "ds_3912_sample_id_322": [], "ds_3640_sample_id_323": [], "ds_8110_sample_id_324": [], "ds_10435_sample_id_325": [], "ds_6677_sample_id_326": [], "ds_5100_sample_id_327": [], "ds_1073_sample_id_328": [], "ds_7446_sample_id_329": [], "ds_2654_sample_id_330": [], "ds_4528_sample_id_331": [], "ds_3071_sample_id_332": [], "ds_2703_sample_id_333": [], "ds_5887_sample_id_334": [], "ds_3470_sample_id_335": [], "ds_10243_sample_id_336": [], "ds_2271_sample_id_337": [], "ds_8039_sample_id_338": [], "ds_5555_sample_id_339": [], "ds_782_sample_id_340": [], "ds_9081_sample_id_341": [], "ds_78_sample_id_342": [], "ds_8408_sample_id_343": [], "ds_5446_sample_id_344": [], "ds_2179_sample_id_345": [], "ds_6567_sample_id_346": [], "ds_707_sample_id_347": [], "ds_4158_sample_id_348": [], "ds_4041_sample_id_349": [], "ds_8228_sample_id_350": [], "ds_646_sample_id_351": [], "ds_2412_sample_id_352": [], "ds_566_sample_id_353": [], "ds_481_sample_id_354": [], "ds_6397_sample_id_355": [], "ds_459_sample_id_356": [], "ds_2545_sample_id_357": [], "ds_8963_sample_id_358": [], "ds_9047_sample_id_359": [], "ds_663_sample_id_360": [], "ds_1257_sample_id_361": [], "ds_7676_sample_id_362": [], "ds_4386_sample_id_363": [], "ds_3238_sample_id_364": [], "ds_4415_sample_id_365": [], "ds_2635_sample_id_366": [], "ds_4158_sample_id_367": [], "ds_10959_sample_id_368": [], "ds_4753_sample_id_369": [], "ds_6119_sample_id_370": [], "ds_7231_sample_id_371": [], "ds_9639_sample_id_372": [], "ds_6538_sample_id_373": [], "ds_8570_sample_id_374": [], "ds_2054_sample_id_375": [], "ds_4693_sample_id_376": [], "ds_3323_sample_id_377": [], "ds_8014_sample_id_378": [], "ds_10677_sample_id_379": [], "ds_10107_sample_id_380": [], "ds_233_sample_id_381": [], "ds_2728_sample_id_382": [], "ds_7317_sample_id_383": [], "ds_7793_sample_id_384": [], "ds_9904_sample_id_385": [], "ds_3055_sample_id_386": [], "ds_1530_sample_id_387": [], "ds_10650_sample_id_388": [], "ds_9635_sample_id_389": [], "ds_3031_sample_id_390": [], "ds_7351_sample_id_391": [], "ds_6643_sample_id_392": [], "ds_514_sample_id_393": [], "ds_6355_sample_id_394": [], "ds_5614_sample_id_395": [], "ds_6289_sample_id_396": [], "ds_1337_sample_id_397": [], "ds_6940_sample_id_398": [], "ds_5897_sample_id_399": [], "ds_3029_sample_id_400": [], "ds_8146_sample_id_401": [], "ds_9960_sample_id_402": [], "ds_1452_sample_id_403": [], "ds_4800_sample_id_404": [], "ds_3473_sample_id_405": [], "ds_8381_sample_id_406": [], "ds_4571_sample_id_407": [], "ds_3244_sample_id_408": [], "ds_8304_sample_id_409": [], "ds_7763_sample_id_410": [], "ds_9709_sample_id_411": [], "ds_7278_sample_id_412": [], "ds_6662_sample_id_413": [], "ds_10598_sample_id_414": [], "ds_7642_sample_id_415": [], "ds_708_sample_id_416": [], "ds_3743_sample_id_417": [], "ds_9808_sample_id_418": [], "ds_6058_sample_id_419": [], "ds_5483_sample_id_420": [], "ds_9594_sample_id_421": [], "ds_9227_sample_id_422": [], "ds_6333_sample_id_423": [], "ds_1912_sample_id_424": [], "ds_5657_sample_id_425": [], "ds_9453_sample_id_426": [], "ds_2123_sample_id_427": [], "ds_11083_sample_id_428": [], "ds_6675_sample_id_429": [], "ds_737_sample_id_430": [], "ds_5170_sample_id_431": [], "ds_1181_sample_id_432": [], "ds_6208_sample_id_433": [], "ds_1356_sample_id_434": [], "ds_10839_sample_id_435": [], "ds_7518_sample_id_436": [], "ds_5514_sample_id_437": [], "ds_3355_sample_id_438": [], "ds_6780_sample_id_439": [], "ds_9270_sample_id_440": [], "ds_5479_sample_id_441": [], "ds_1568_sample_id_442": [], "ds_10218_sample_id_443": [], "ds_8034_sample_id_444": [], "ds_8936_sample_id_445": [], "ds_1870_sample_id_446": [], "ds_3593_sample_id_447": [], "ds_5274_sample_id_448": [], "ds_6549_sample_id_449": [], "ds_9215_sample_id_450": [], "ds_3753_sample_id_451": [], "ds_4732_sample_id_452": [], "ds_10120_sample_id_453": [], "ds_10722_sample_id_454": [], "ds_3722_sample_id_455": [], "ds_5736_sample_id_456": [], "ds_3432_sample_id_457": [], "ds_4988_sample_id_458": [], "ds_1602_sample_id_459": [], "ds_11444_sample_id_460": [], "ds_2274_sample_id_461": [], "ds_3987_sample_id_462": [], "ds_5749_sample_id_463": [], "ds_6364_sample_id_464": [], "ds_173_sample_id_465": [], "ds_5477_sample_id_466": [], "ds_8320_sample_id_467": [], "ds_5932_sample_id_468": [], "ds_3873_sample_id_469": [], "ds_7821_sample_id_470": [], "ds_290_sample_id_471": [], "ds_11096_sample_id_472": [], "ds_3223_sample_id_473": [], "ds_10403_sample_id_474": [], "ds_6243_sample_id_475": [], "ds_2878_sample_id_476": [], "ds_6149_sample_id_477": [], "ds_5454_sample_id_478": [], "ds_3317_sample_id_479": [], "ds_3429_sample_id_480": [], "ds_624_sample_id_481": [], "ds_5337_sample_id_482": [], "ds_29_sample_id_483": [], "ds_9631_sample_id_484": [], "ds_2963_sample_id_485": [], "ds_9858_sample_id_486": [], "ds_1489_sample_id_487": [], "ds_217_sample_id_488": [], "ds_2070_sample_id_489": [], "ds_7982_sample_id_490": [], "ds_493_sample_id_491": [], "ds_827_sample_id_492": [], "ds_2433_sample_id_493": [], "ds_5922_sample_id_494": [], "ds_7563_sample_id_495": [], "ds_11319_sample_id_496": [], "ds_7381_sample_id_497": [], "ds_8731_sample_id_498": [], "ds_8221_sample_id_499": [], "ds_2708_sample_id_500": [], "ds_928_sample_id_501": [], "ds_8080_sample_id_502": [], "ds_4816_sample_id_503": [], "ds_2415_sample_id_504": [], "ds_7165_sample_id_505": [], "ds_8415_sample_id_506": [], "ds_935_sample_id_507": [], "ds_1753_sample_id_508": [], "ds_7975_sample_id_509": [], "ds_8423_sample_id_510": [], "ds_1023_sample_id_511": [], "ds_3372_sample_id_512": [], "ds_10243_sample_id_513": [], "ds_5786_sample_id_514": [], "ds_5173_sample_id_515": [], "ds_4016_sample_id_516": [], "ds_8212_sample_id_517": [], "ds_6922_sample_id_518": [], "ds_11219_sample_id_519": [], "ds_4017_sample_id_520": [], "ds_3863_sample_id_521": [], "ds_10505_sample_id_522": [], "ds_10637_sample_id_523": [], "ds_9490_sample_id_524": [], "ds_5793_sample_id_525": [], "ds_3425_sample_id_526": [], "ds_6352_sample_id_527": [], "ds_5838_sample_id_528": [], "ds_2518_sample_id_529": [], "ds_5416_sample_id_530": [], "ds_11118_sample_id_531": [], "ds_7343_sample_id_532": [], "ds_5839_sample_id_533": [], "ds_8408_sample_id_534": [], "ds_9749_sample_id_535": [], "ds_3187_sample_id_536": [], "ds_10435_sample_id_537": [], "ds_3261_sample_id_538": [], "ds_5851_sample_id_539": [], "ds_2378_sample_id_540": [], "ds_1015_sample_id_541": [], "ds_11258_sample_id_542": [], "ds_4428_sample_id_543": [], "ds_7170_sample_id_544": [], "ds_1591_sample_id_545": [], "ds_4106_sample_id_546": [], "ds_11287_sample_id_547": [], "ds_7445_sample_id_548": [], "ds_3209_sample_id_549": [], "ds_9420_sample_id_550": [], "ds_2696_sample_id_551": [], "ds_4925_sample_id_552": [], "ds_8375_sample_id_553": [], "ds_4196_sample_id_554": [], "ds_2253_sample_id_555": [], "ds_3377_sample_id_556": [], "ds_5693_sample_id_557": [], "ds_2421_sample_id_558": [], "ds_3736_sample_id_559": [], "ds_6168_sample_id_560": [], "ds_867_sample_id_561": [], "ds_8538_sample_id_562": [], "ds_6194_sample_id_563": [], "ds_4540_sample_id_564": [], "ds_942_sample_id_565": [], "ds_8841_sample_id_566": [], "ds_5355_sample_id_567": [], "ds_1876_sample_id_568": [], "ds_6111_sample_id_569": [], "ds_6426_sample_id_570": [], "ds_4282_sample_id_571": [], "ds_7322_sample_id_572": [], "ds_6332_sample_id_573": [], "ds_5321_sample_id_574": [], "ds_10458_sample_id_575": [], "ds_9817_sample_id_576": [], "ds_2126_sample_id_577": [], "ds_1369_sample_id_578": [], "ds_6965_sample_id_579": [], "ds_5481_sample_id_580": [], "ds_7893_sample_id_581": [], "ds_3133_sample_id_582": [], "ds_2889_sample_id_583": [], "ds_8564_sample_id_584": [], "ds_9793_sample_id_585": [], "ds_317_sample_id_586": [], "ds_3732_sample_id_587": [], "ds_1636_sample_id_588": [], "ds_1289_sample_id_589": [], "ds_8203_sample_id_590": [], "ds_7796_sample_id_591": [], "ds_3046_sample_id_592": [], "ds_11457_sample_id_593": [], "ds_10539_sample_id_594": [], "ds_189_sample_id_595": [], "ds_8561_sample_id_596": [], "ds_10170_sample_id_597": [], "ds_2434_sample_id_598": [], "ds_1039_sample_id_599": [], "ds_9867_sample_id_600": [], "ds_5352_sample_id_601": [], "ds_8877_sample_id_602": [], "ds_717_sample_id_603": [], "ds_10039_sample_id_604": [], "ds_8523_sample_id_605": [], "ds_4450_sample_id_606": [], "ds_5982_sample_id_607": [], "ds_9043_sample_id_608": [], "ds_3235_sample_id_609": [], "ds_6917_sample_id_610": [], "ds_664_sample_id_611": [], "ds_8460_sample_id_612": [], "ds_11115_sample_id_613": [], "ds_6071_sample_id_614": [], "ds_7193_sample_id_615": [], "ds_1643_sample_id_616": [], "ds_11500_sample_id_617": [], "ds_4890_sample_id_618": [], "ds_11300_sample_id_619": [], "ds_6368_sample_id_620": [], "ds_1898_sample_id_621": [], "ds_9228_sample_id_622": [], "ds_3480_sample_id_623": [], "ds_9092_sample_id_624": [], "ds_10986_sample_id_625": [], "ds_768_sample_id_626": [], "ds_5099_sample_id_627": [], "ds_588_sample_id_628": [], "ds_2488_sample_id_629": [], "ds_8305_sample_id_630": [], "ds_9542_sample_id_631": [], "ds_2512_sample_id_632": [], "ds_2237_sample_id_633": [], "ds_7168_sample_id_634": [], "ds_10373_sample_id_635": [], "ds_8733_sample_id_636": [], "ds_2777_sample_id_637": [], "ds_4307_sample_id_638": [], "ds_7797_sample_id_639": [], "ds_7491_sample_id_640": [], "ds_8734_sample_id_641": [], "ds_4166_sample_id_642": [], "ds_2037_sample_id_643": [], "ds_63_sample_id_644": [], "ds_4333_sample_id_645": [], "ds_804_sample_id_646": [], "ds_5472_sample_id_647": [], "ds_1554_sample_id_648": [], "ds_6065_sample_id_649": [], "ds_8200_sample_id_650": [], "ds_5232_sample_id_651": [], "ds_8102_sample_id_652": [], "ds_2480_sample_id_653": [], "ds_10123_sample_id_654": [], "ds_4688_sample_id_655": [], "ds_1986_sample_id_656": [], "ds_10217_sample_id_657": [], "ds_2489_sample_id_658": [], "ds_8118_sample_id_659": [], "ds_5176_sample_id_660": [], "ds_29_sample_id_661": [], "ds_10328_sample_id_662": [], "ds_3261_sample_id_663": [], "ds_1258_sample_id_664": [], "ds_449_sample_id_665": [], "ds_10500_sample_id_666": [], "ds_9706_sample_id_667": [], "ds_10993_sample_id_668": [], "ds_7180_sample_id_669": []}