{"ds_709_sample_id_0": [], "ds_420_sample_id_1": [], "ds_441_sample_id_2": [], "ds_516_sample_id_3": [], "ds_652_sample_id_4": [], "ds_528_sample_id_5": [], "ds_682_sample_id_6": [], "ds_283_sample_id_7": [], "ds_738_sample_id_8": [], "ds_673_sample_id_9": [], "ds_529_sample_id_10": [], "ds_117_sample_id_11": [], "ds_308_sample_id_12": [], "ds_469_sample_id_13": [], "ds_432_sample_id_14": [], "ds_335_sample_id_15": [], "ds_708_sample_id_16": [], "ds_158_sample_id_17": [], "ds_765_sample_id_18": [], "ds_390_sample_id_19": [], "ds_148_sample_id_20": [], "ds_780_sample_id_21": [], "ds_877_sample_id_22": [], "ds_641_sample_id_23": [], "ds_151_sample_id_24": [], "ds_493_sample_id_25": [], "ds_813_sample_id_26": [], "ds_175_sample_id_27": [], "ds_355_sample_id_28": [], "ds_177_sample_id_29": [], "ds_780_sample_id_30": [], "ds_68_sample_id_31": [], "ds_778_sample_id_32": [], "ds_93_sample_id_33": [], "ds_675_sample_id_34": [], "ds_502_sample_id_35": [], "ds_303_sample_id_36": [], "ds_698_sample_id_37": [], "ds_598_sample_id_38": [], "ds_269_sample_id_39": [], "ds_353_sample_id_40": [], "ds_684_sample_id_41": [], "ds_561_sample_id_42": [], "ds_853_sample_id_43": [], "ds_805_sample_id_44": [], "ds_273_sample_id_45": ["DOMAIN_NAME", "EMAIL_ADDRESS"], "ds_358_sample_id_46": [], "ds_846_sample_id_47": [], "ds_187_sample_id_48": [], "ds_101_sample_id_49": [], "ds_246_sample_id_50": [], "ds_554_sample_id_51": [], "ds_532_sample_id_52": [], "ds_81_sample_id_53": [], "ds_107_sample_id_54": [], "ds_215_sample_id_55": [], "ds_107_sample_id_56": [], "ds_450_sample_id_57": [], "ds_831_sample_id_58": [], "ds_597_sample_id_59": [], "ds_169_sample_id_60": [], "ds_743_sample_id_61": [], "ds_436_sample_id_62": [], "ds_856_sample_id_63": [], "ds_360_sample_id_64": [], "ds_846_sample_id_65": [], "ds_531_sample_id_66": [], "ds_59_sample_id_67": [], "ds_592_sample_id_68": [], "ds_270_sample_id_69": [], "ds_50_sample_id_70": [], "ds_189_sample_id_71": [], "ds_254_sample_id_72": [], "ds_855_sample_id_73": [], "ds_129_sample_id_74": ["DOMAIN_NAME", "EMAIL_ADDRESS", "IP_ADDRESS", "PERSON"], "ds_256_sample_id_75": [], "ds_847_sample_id_76": [], "ds_568_sample_id_77": [], "ds_284_sample_id_78": [], "ds_787_sample_id_79": [], "ds_127_sample_id_80": [], "ds_334_sample_id_81": [], "ds_367_sample_id_82": [], "ds_783_sample_id_83": [], "ds_311_sample_id_84": [], "ds_349_sample_id_85": [], "ds_315_sample_id_86": [], "ds_235_sample_id_87": [], "ds_535_sample_id_88": [], "ds_287_sample_id_89": [], "ds_297_sample_id_90": [], "ds_377_sample_id_91": [], "ds_186_sample_id_92": [], "ds_196_sample_id_93": ["DOMAIN_NAME", "EMAIL_ADDRESS"], "ds_580_sample_id_94": [], "ds_820_sample_id_95": [], "ds_520_sample_id_96": [], "ds_233_sample_id_97": [], "ds_24_sample_id_98": [], "ds_449_sample_id_99": [], "ds_526_sample_id_100": [], "ds_538_sample_id_101": [], "ds_70_sample_id_102": [], "ds_522_sample_id_103": [], "ds_158_sample_id_104": [], "ds_550_sample_id_105": [], "ds_180_sample_id_106": [], "ds_756_sample_id_107": [], "ds_204_sample_id_108": [], "ds_495_sample_id_109": [], "ds_175_sample_id_110": [], "ds_239_sample_id_111": [], "ds_204_sample_id_112": [], "ds_690_sample_id_113": [], "ds_502_sample_id_114": [], "ds_245_sample_id_115": [], "ds_78_sample_id_116": [], "ds_24_sample_id_117": [], "ds_316_sample_id_118": [], "ds_476_sample_id_119": [], "ds_469_sample_id_120": [], "ds_127_sample_id_121": [], "ds_403_sample_id_122": [], "ds_467_sample_id_123": [], "ds_709_sample_id_124": [], "ds_625_sample_id_125": [], "ds_244_sample_id_126": [], "ds_471_sample_id_127": [], "ds_43_sample_id_128": [], "ds_763_sample_id_129": [], "ds_108_sample_id_130": [], "ds_344_sample_id_131": [], "ds_616_sample_id_132": [], "ds_280_sample_id_133": [], "ds_132_sample_id_134": ["DOMAIN_NAME", "EMAIL_ADDRESS", "IP_ADDRESS", "PERSON"], "ds_305_sample_id_135": [], "ds_840_sample_id_136": [], "ds_28_sample_id_137": [], "ds_366_sample_id_138": [], "ds_312_sample_id_139": [], "ds_553_sample_id_140": [], "ds_853_sample_id_141": [], "ds_126_sample_id_142": [], "ds_71_sample_id_143": [], "ds_77_sample_id_144": [], "ds_823_sample_id_145": [], "ds_672_sample_id_146": [], "ds_424_sample_id_147": [], "ds_553_sample_id_148": [], "ds_755_sample_id_149": [], "ds_659_sample_id_150": [], "ds_252_sample_id_151": [], "ds_17_sample_id_152": [], "ds_433_sample_id_153": [], "ds_838_sample_id_154": [], "ds_200_sample_id_155": [], "ds_237_sample_id_156": [], "ds_12_sample_id_157": [], "ds_611_sample_id_158": [], "ds_239_sample_id_159": [], "ds_13_sample_id_160": [], "ds_66_sample_id_161": [], "ds_132_sample_id_162": ["DOMAIN_NAME", "EMAIL_ADDRESS", "IP_ADDRESS", "PERSON"], "ds_755_sample_id_163": [], "ds_485_sample_id_164": [], "ds_514_sample_id_165": [], "ds_733_sample_id_166": [], "ds_380_sample_id_167": [], "ds_806_sample_id_168": [], "ds_419_sample_id_169": [], "ds_684_sample_id_170": [], "ds_100_sample_id_171": [], "ds_771_sample_id_172": [], "ds_705_sample_id_173": [], "ds_244_sample_id_174": [], "ds_590_sample_id_175": [], "ds_671_sample_id_176": [], "ds_810_sample_id_177": [], "ds_781_sample_id_178": [], "ds_604_sample_id_179": [], "ds_72_sample_id_180": [], "ds_362_sample_id_181": [], "ds_793_sample_id_182": [], "ds_632_sample_id_183": [], "ds_247_sample_id_184": [], "ds_841_sample_id_185": [], "ds_440_sample_id_186": [], "ds_822_sample_id_187": [], "ds_453_sample_id_188": [], "ds_2_sample_id_189": [], "ds_147_sample_id_190": [], "ds_217_sample_id_191": [], "ds_709_sample_id_192": [], "ds_757_sample_id_193": [], "ds_557_sample_id_194": [], "ds_212_sample_id_195": [], "ds_623_sample_id_196": [], "ds_293_sample_id_197": [], "ds_876_sample_id_198": [], "ds_832_sample_id_199": [], "ds_426_sample_id_200": [], "ds_4_sample_id_201": [], "ds_376_sample_id_202": [], "ds_180_sample_id_203": [], "ds_350_sample_id_204": [], "ds_488_sample_id_205": [], "ds_82_sample_id_206": [], "ds_426_sample_id_207": [], "ds_128_sample_id_208": [], "ds_696_sample_id_209": [], "ds_10_sample_id_210": [], "ds_694_sample_id_211": [], "ds_234_sample_id_212": [], "ds_48_sample_id_213": [], "ds_517_sample_id_214": [], "ds_142_sample_id_215": [], "ds_157_sample_id_216": [], "ds_874_sample_id_217": [], "ds_701_sample_id_218": [], "ds_279_sample_id_219": [], "ds_273_sample_id_220": ["DOMAIN_NAME", "EMAIL_ADDRESS"], "ds_157_sample_id_221": [], "ds_575_sample_id_222": [], "ds_210_sample_id_223": [], "ds_218_sample_id_224": [], "ds_712_sample_id_225": [], "ds_397_sample_id_226": [], "ds_874_sample_id_227": [], "ds_568_sample_id_228": [], "ds_853_sample_id_229": [], "ds_297_sample_id_230": [], "ds_149_sample_id_231": [], "ds_781_sample_id_232": [], "ds_42_sample_id_233": [], "ds_828_sample_id_234": [], "ds_328_sample_id_235": [], "ds_651_sample_id_236": [], "ds_264_sample_id_237": [], "ds_186_sample_id_238": [], "ds_858_sample_id_239": [], "ds_360_sample_id_240": [], "ds_710_sample_id_241": [], "ds_741_sample_id_242": [], "ds_294_sample_id_243": [], "ds_376_sample_id_244": [], "ds_850_sample_id_245": [], "ds_202_sample_id_246": [], "ds_191_sample_id_247": [], "ds_509_sample_id_248": [], "ds_504_sample_id_249": [], "ds_84_sample_id_250": [], "ds_227_sample_id_251": [], "ds_629_sample_id_252": [], "ds_212_sample_id_253": [], "ds_782_sample_id_254": [], "ds_812_sample_id_255": [], "ds_429_sample_id_256": [], "ds_340_sample_id_257": [], "ds_763_sample_id_258": [], "ds_295_sample_id_259": [], "ds_463_sample_id_260": [], "ds_404_sample_id_261": [], "ds_756_sample_id_262": [], "ds_388_sample_id_263": [], "ds_465_sample_id_264": [], "ds_706_sample_id_265": [], "ds_697_sample_id_266": [], "ds_345_sample_id_267": [], "ds_777_sample_id_268": [], "ds_362_sample_id_269": [], "ds_367_sample_id_270": [], "ds_767_sample_id_271": [], "ds_861_sample_id_272": [], "ds_767_sample_id_273": [], "ds_495_sample_id_274": [], "ds_350_sample_id_275": [], "ds_136_sample_id_276": [], "ds_793_sample_id_277": [], "ds_580_sample_id_278": [], "ds_683_sample_id_279": [], "ds_574_sample_id_280": [], "ds_727_sample_id_281": [], "ds_627_sample_id_282": [], "ds_761_sample_id_283": [], "ds_442_sample_id_284": [], "ds_744_sample_id_285": [], "ds_453_sample_id_286": [], "ds_295_sample_id_287": [], "ds_276_sample_id_288": [], "ds_177_sample_id_289": [], "ds_286_sample_id_290": [], "ds_548_sample_id_291": [], "ds_858_sample_id_292": [], "ds_85_sample_id_293": []}