{"user_group_edges": {"group_1": ["user_89_sample_id_29", "user_85_sample_id_45", "user_11_sample_id_9", "user_25_sample_id_69", "user_13_sample_id_28", "user_16_sample_id_53", "user_98_sample_id_52", "user_17_sample_id_64", "user_82_sample_id_43", "user_27_sample_id_65", "user_61_sample_id_32", "user_20_sample_id_41", "user_73_sample_id_54", "user_13_sample_id_30"], "group_3": ["user_89_sample_id_29", "user_43_sample_id_48", "user_54_sample_id_17", "user_95_sample_id_57", "user_86_sample_id_56", "user_3_sample_id_51", "user_83_sample_id_36", "user_7_sample_id_18", "user_63_sample_id_34", "user_39_sample_id_7"], "group_11": ["user_89_sample_id_29", "user_68_sample_id_26", "user_84_sample_id_55", "user_47_sample_id_5", "user_64_sample_id_11", "user_27_sample_id_61", "user_11_sample_id_47", "user_98_sample_id_21", "user_50_sample_id_33", "user_90_sample_id_15"], "group_4": ["user_68_sample_id_26", "user_68_sample_id_42", "user_65_sample_id_31", "user_46_sample_id_16", "user_87_sample_id_66", "user_43_sample_id_48", "user_64_sample_id_24", "user_47_sample_id_58", "user_82_sample_id_43", "user_3_sample_id_51", "user_82_sample_id_4", "user_93_sample_id_23", "user_91_sample_id_10", "user_10_sample_id_3"], "group_9": ["user_68_sample_id_26", "user_16_sample_id_44", "user_93_sample_id_49", "user_25_sample_id_69", "user_18_sample_id_1", "user_27_sample_id_65", "user_83_sample_id_36"], "group_16": ["user_68_sample_id_26", "user_85_sample_id_45", "user_68_sample_id_42", "user_84_sample_id_55", "user_54_sample_id_6", "user_39_sample_id_22", "user_27_sample_id_61", "user_13_sample_id_28", "user_78_sample_id_62", "user_8_sample_id_37", "user_27_sample_id_8", "user_26_sample_id_25", "user_93_sample_id_23", "user_11_sample_id_27", "user_50_sample_id_33"], "group_10": ["user_85_sample_id_45", "user_68_sample_id_42", "user_1_sample_id_2", "user_39_sample_id_22", "user_25_sample_id_69", "user_18_sample_id_1", "user_86_sample_id_56", "user_98_sample_id_21"], "group_0": ["user_80_sample_id_40", "user_84_sample_id_55", "user_29_sample_id_59", "user_65_sample_id_39", "user_11_sample_id_9", "user_39_sample_id_22", "user_27_sample_id_61", "user_59_sample_id_63", "user_100_sample_id_20", "user_27_sample_id_65", "user_24_sample_id_14", "user_11_sample_id_27", "user_49_sample_id_50"], "group_6": ["user_80_sample_id_40", "user_21_sample_id_0", "user_53_sample_id_19", "user_65_sample_id_31", "user_8_sample_id_37", "user_66_sample_id_38", "user_18_sample_id_1", "user_64_sample_id_24", "user_11_sample_id_47", "user_3_sample_id_51", "user_11_sample_id_27", "user_10_sample_id_3", "user_49_sample_id_50", "user_13_sample_id_30"], "group_17": ["user_80_sample_id_40", "user_1_sample_id_2", "user_87_sample_id_66", "user_93_sample_id_49", "user_13_sample_id_28", "user_27_sample_id_8", "user_64_sample_id_35", "user_79_sample_id_60", "user_71_sample_id_68", "user_39_sample_id_7", "user_90_sample_id_15"], "group_14": ["user_68_sample_id_42", "user_16_sample_id_44", "user_65_sample_id_31", "user_64_sample_id_11", "user_65_sample_id_39", "user_78_sample_id_62", "user_16_sample_id_53", "user_61_sample_id_32", "user_7_sample_id_18", "user_82_sample_id_4"], "group_8": ["user_21_sample_id_0", "user_79_sample_id_12", "user_29_sample_id_59", "user_66_sample_id_38", "user_95_sample_id_57", "user_48_sample_id_67", "user_79_sample_id_60", "user_36_sample_id_13", "user_91_sample_id_10"], "group_12": ["user_21_sample_id_0", "user_1_sample_id_2", "user_65_sample_id_31", "user_46_sample_id_16", "user_43_sample_id_48", "user_100_sample_id_20", "user_51_sample_id_46", "user_7_sample_id_18", "user_36_sample_id_13", "user_20_sample_id_41", "user_93_sample_id_23", "user_39_sample_id_7"], "group_7": ["user_84_sample_id_55", "user_65_sample_id_39", "user_25_sample_id_69", "user_13_sample_id_28", "user_98_sample_id_52", "user_48_sample_id_67", "user_47_sample_id_58", "user_24_sample_id_14", "user_26_sample_id_25", "user_82_sample_id_4", "user_39_sample_id_7"], "group_19": ["user_16_sample_id_44", "user_47_sample_id_5", "user_46_sample_id_16", "user_64_sample_id_11", "user_87_sample_id_66", "user_11_sample_id_9", "user_78_sample_id_62", "user_59_sample_id_63", "user_64_sample_id_24", "user_51_sample_id_46", "user_73_sample_id_54", "user_49_sample_id_50", "user_13_sample_id_30"], "group_5": ["user_54_sample_id_6", "user_53_sample_id_19", "user_29_sample_id_59", "user_39_sample_id_22", "user_16_sample_id_53", "user_47_sample_id_58", "user_17_sample_id_64", "user_86_sample_id_56", "user_27_sample_id_8", "user_64_sample_id_35", "user_51_sample_id_46", "user_36_sample_id_13", "user_63_sample_id_34", "user_73_sample_id_54", "user_91_sample_id_10", "user_49_sample_id_50", "user_50_sample_id_33"], "group_13": ["user_54_sample_id_6", "user_87_sample_id_66", "user_29_sample_id_59", "user_27_sample_id_61", "user_78_sample_id_62", "user_59_sample_id_63", "user_64_sample_id_35", "user_24_sample_id_14", "user_7_sample_id_18", "user_98_sample_id_21", "user_26_sample_id_25", "user_73_sample_id_54", "user_10_sample_id_3", "user_49_sample_id_50", "user_13_sample_id_30"], "group_18": ["user_54_sample_id_6", "user_79_sample_id_12", "user_54_sample_id_17", "user_98_sample_id_52", "user_48_sample_id_67", "user_11_sample_id_47", "user_71_sample_id_68", "user_3_sample_id_51", "user_61_sample_id_32", "user_90_sample_id_15"], "group_2": ["user_53_sample_id_19", "user_47_sample_id_5", "user_46_sample_id_16", "user_11_sample_id_9", "user_8_sample_id_37", "user_43_sample_id_48", "user_54_sample_id_17", "user_59_sample_id_63", "user_64_sample_id_24", "user_100_sample_id_20", "user_27_sample_id_65", "user_24_sample_id_14", "user_83_sample_id_36", "user_63_sample_id_34", "user_93_sample_id_23", "user_10_sample_id_3", "user_90_sample_id_15"], "group_15": ["user_53_sample_id_19", "user_47_sample_id_5", "user_65_sample_id_31", "user_64_sample_id_11", "user_11_sample_id_9", "user_43_sample_id_48", "user_48_sample_id_67", "user_100_sample_id_20", "user_47_sample_id_58", "user_17_sample_id_64", "user_11_sample_id_47", "user_82_sample_id_43", "user_83_sample_id_36", "user_98_sample_id_21"]}, "group_data_store_edges": {"group_4": ["ds_68_sample_id_216", "ds_26_sample_id_45", "ds_645_sample_id_85", "ds_173_sample_id_214", "ds_368_sample_id_152", "ds_452_sample_id_167", "ds_696_sample_id_156", "ds_669_sample_id_107", "ds_847_sample_id_28", "ds_590_sample_id_67", "ds_36_sample_id_245", "ds_323_sample_id_192", "ds_351_sample_id_201", "ds_875_sample_id_112", "ds_65_sample_id_46", "ds_613_sample_id_272", "ds_380_sample_id_285", "ds_761_sample_id_143", "ds_444_sample_id_279", "ds_236_sample_id_33", "ds_320_sample_id_75", "ds_41_sample_id_124", "ds_821_sample_id_213", "ds_717_sample_id_117", "ds_388_sample_id_157", "ds_849_sample_id_20", "ds_678_sample_id_135", "ds_215_sample_id_219", "ds_13_sample_id_37", "ds_79_sample_id_99", "ds_775_sample_id_29", "ds_11_sample_id_70", "ds_817_sample_id_36", "ds_47_sample_id_137", "ds_578_sample_id_177", "ds_849_sample_id_89", "ds_186_sample_id_203", "ds_289_sample_id_131", "ds_241_sample_id_40", "ds_362_sample_id_32", "ds_169_sample_id_155", "ds_795_sample_id_196", "ds_868_sample_id_115", "ds_146_sample_id_52", "ds_608_sample_id_73", "ds_595_sample_id_119", "ds_81_sample_id_87", "ds_448_sample_id_111", "ds_704_sample_id_151", "ds_39_sample_id_86", "ds_397_sample_id_109", "ds_544_sample_id_97", "ds_563_sample_id_15", "ds_775_sample_id_231", "ds_662_sample_id_263", "ds_201_sample_id_269", "ds_450_sample_id_168", "ds_165_sample_id_200", "ds_482_sample_id_134", "ds_492_sample_id_6", "ds_347_sample_id_183", "ds_688_sample_id_30", "ds_721_sample_id_265", "ds_809_sample_id_57", "ds_317_sample_id_179", "ds_372_sample_id_19", "ds_772_sample_id_103", "ds_37_sample_id_209", "ds_353_sample_id_110", "ds_808_sample_id_215", "ds_850_sample_id_190", "ds_401_sample_id_123", "ds_616_sample_id_34", "ds_414_sample_id_150", "ds_677_sample_id_116", "ds_795_sample_id_158", "ds_760_sample_id_145"], "group_8": ["ds_68_sample_id_216", "ds_547_sample_id_185", "ds_218_sample_id_98", "ds_604_sample_id_242", "ds_738_sample_id_241", "ds_344_sample_id_64", "ds_471_sample_id_74", "ds_107_sample_id_114", "ds_86_sample_id_10", "ds_540_sample_id_193", "ds_368_sample_id_152", "ds_463_sample_id_247", "ds_639_sample_id_26", "ds_772_sample_id_284", "ds_468_sample_id_191", "ds_411_sample_id_180", "ds_847_sample_id_28", "ds_140_sample_id_162", "ds_590_sample_id_67", "ds_353_sample_id_39", "ds_832_sample_id_56", "ds_351_sample_id_201", "ds_875_sample_id_286", "ds_65_sample_id_46", "ds_613_sample_id_272", "ds_380_sample_id_285", "ds_616_sample_id_106", "ds_253_sample_id_187", "ds_103_sample_id_47", "ds_444_sample_id_279", "ds_774_sample_id_81", "ds_15_sample_id_266", "ds_710_sample_id_130", "ds_142_sample_id_17", "ds_821_sample_id_213", "ds_717_sample_id_117", "ds_593_sample_id_91", "ds_388_sample_id_157", "ds_215_sample_id_219", "ds_252_sample_id_2", "ds_82_sample_id_253", "ds_715_sample_id_226", "ds_450_sample_id_105", "ds_505_sample_id_1", "ds_775_sample_id_29", "ds_825_sample_id_171", "ds_209_sample_id_102", "ds_11_sample_id_70", "ds_2_sample_id_113", "ds_536_sample_id_127", "ds_870_sample_id_261", "ds_264_sample_id_54", "ds_279_sample_id_195", "ds_756_sample_id_230", "ds_836_sample_id_163", "ds_627_sample_id_78", "ds_578_sample_id_177", "ds_827_sample_id_271", "ds_498_sample_id_63", "ds_849_sample_id_89", "ds_318_sample_id_189", "ds_382_sample_id_165", "ds_186_sample_id_203", "ds_557_sample_id_153", "ds_672_sample_id_51", "ds_135_sample_id_199", "ds_769_sample_id_38", "ds_289_sample_id_131", "ds_67_sample_id_248", "ds_241_sample_id_40", "ds_877_sample_id_23", "ds_140_sample_id_212", "ds_362_sample_id_32", "ds_224_sample_id_182", "ds_44_sample_id_234", "ds_305_sample_id_186", "ds_649_sample_id_249", "ds_328_sample_id_83", "ds_672_sample_id_254", "ds_794_sample_id_218", "ds_100_sample_id_141", "ds_390_sample_id_275", "ds_137_sample_id_59", "ds_541_sample_id_217", "ds_146_sample_id_52", "ds_394_sample_id_252", "ds_5_sample_id_251", "ds_81_sample_id_87", "ds_697_sample_id_96", "ds_704_sample_id_151", "ds_39_sample_id_86", "ds_563_sample_id_15", "ds_775_sample_id_231", "ds_791_sample_id_50", "ds_450_sample_id_168", "ds_432_sample_id_270", "ds_482_sample_id_134", "ds_281_sample_id_133", "ds_522_sample_id_194", "ds_801_sample_id_88", "ds_435_sample_id_43", "ds_300_sample_id_246", "ds_361_sample_id_125", "ds_772_sample_id_103", "ds_134_sample_id_76", "ds_476_sample_id_259", "ds_679_sample_id_14", "ds_175_sample_id_239", "ds_353_sample_id_110", "ds_267_sample_id_258", "ds_808_sample_id_215", "ds_432_sample_id_225", "ds_850_sample_id_190", "ds_34_sample_id_202", "ds_401_sample_id_123", "ds_616_sample_id_34", "ds_312_sample_id_211", "ds_677_sample_id_116", "ds_795_sample_id_158"], "group_9": ["ds_68_sample_id_216", "ds_547_sample_id_185", "ds_244_sample_id_41", "ds_471_sample_id_74", "ds_798_sample_id_174", "ds_86_sample_id_10", "ds_173_sample_id_214", "ds_521_sample_id_264", "ds_696_sample_id_156", "ds_847_sample_id_28", "ds_134_sample_id_164", "ds_332_sample_id_90", "ds_444_sample_id_279", "ds_258_sample_id_147", "ds_678_sample_id_135", "ds_668_sample_id_84", "ds_414_sample_id_172", "ds_235_sample_id_170", "ds_40_sample_id_240", "ds_13_sample_id_37", "ds_292_sample_id_9", "ds_575_sample_id_255", "ds_775_sample_id_29", "ds_825_sample_id_171", "ds_2_sample_id_113", "ds_47_sample_id_137", "ds_570_sample_id_132", "ds_581_sample_id_5", "ds_279_sample_id_195", "ds_756_sample_id_230", "ds_71_sample_id_160", "ds_578_sample_id_177", "ds_151_sample_id_93", "ds_402_sample_id_223", "ds_82_sample_id_148", "ds_852_sample_id_243", "ds_241_sample_id_40", "ds_169_sample_id_155", "ds_44_sample_id_234", "ds_305_sample_id_186", "ds_795_sample_id_196", "ds_312_sample_id_206", "ds_462_sample_id_173", "ds_649_sample_id_249", "ds_328_sample_id_83", "ds_390_sample_id_275", "ds_868_sample_id_115", "ds_394_sample_id_252", "ds_284_sample_id_287", "ds_652_sample_id_227", "ds_292_sample_id_149", "ds_276_sample_id_104", "ds_39_sample_id_86", "ds_397_sample_id_109", "ds_408_sample_id_229", "ds_552_sample_id_282", "ds_113_sample_id_268", "ds_64_sample_id_260", "ds_432_sample_id_270", "ds_281_sample_id_133", "ds_801_sample_id_88", "ds_361_sample_id_125", "ds_616_sample_id_34", "ds_414_sample_id_150", "ds_707_sample_id_237", "ds_760_sample_id_145"], "group_14": ["ds_68_sample_id_216", "ds_547_sample_id_185", "ds_244_sample_id_41", "ds_667_sample_id_68", "ds_344_sample_id_64", "ds_478_sample_id_18", "ds_463_sample_id_247", "ds_772_sample_id_284", "ds_468_sample_id_191", "ds_411_sample_id_180", "ds_140_sample_id_162", "ds_137_sample_id_280", "ds_65_sample_id_46", "ds_613_sample_id_272", "ds_332_sample_id_90", "ds_670_sample_id_222", "ds_15_sample_id_266", "ds_236_sample_id_33", "ds_320_sample_id_75", "ds_241_sample_id_274", "ds_835_sample_id_118", "ds_142_sample_id_17", "ds_599_sample_id_11", "ds_205_sample_id_77", "ds_648_sample_id_72", "ds_668_sample_id_84", "ds_501_sample_id_8", "ds_252_sample_id_2", "ds_82_sample_id_253", "ds_235_sample_id_170", "ds_282_sample_id_79", "ds_86_sample_id_82", "ds_446_sample_id_142", "ds_505_sample_id_1", "ds_775_sample_id_29", "ds_825_sample_id_171", "ds_11_sample_id_70", "ds_857_sample_id_244", "ds_536_sample_id_127", "ds_870_sample_id_261", "ds_53_sample_id_16", "ds_519_sample_id_146", "ds_279_sample_id_195", "ds_756_sample_id_230", "ds_791_sample_id_161", "ds_627_sample_id_78", "ds_71_sample_id_160", "ds_179_sample_id_100", "ds_151_sample_id_93", "ds_827_sample_id_271", "ds_318_sample_id_189", "ds_557_sample_id_153", "ds_769_sample_id_38", "ds_489_sample_id_205", "ds_877_sample_id_23", "ds_362_sample_id_32", "ds_44_sample_id_234", "ds_305_sample_id_186", "ds_136_sample_id_232", "ds_649_sample_id_249", "ds_328_sample_id_83", "ds_694_sample_id_166", "ds_541_sample_id_217", "ds_394_sample_id_252", "ds_684_sample_id_184", "ds_292_sample_id_149", "ds_704_sample_id_151", "ds_39_sample_id_86", "ds_573_sample_id_236", "ds_376_sample_id_159", "ds_662_sample_id_263", "ds_113_sample_id_268", "ds_64_sample_id_260", "ds_432_sample_id_270", "ds_482_sample_id_134", "ds_509_sample_id_58", "ds_127_sample_id_44", "ds_361_sample_id_210", "ds_492_sample_id_6", "ds_522_sample_id_194", "ds_688_sample_id_30", "ds_775_sample_id_66", "ds_832_sample_id_0", "ds_134_sample_id_65", "ds_415_sample_id_250", "ds_612_sample_id_12", "ds_134_sample_id_76", "ds_476_sample_id_259", "ds_10_sample_id_13", "ds_432_sample_id_225", "ds_34_sample_id_202", "ds_275_sample_id_27", "ds_312_sample_id_211", "ds_707_sample_id_237"], "group_16": ["ds_68_sample_id_216", "ds_218_sample_id_98", "ds_430_sample_id_208", "ds_49_sample_id_55", "ds_26_sample_id_45", "ds_604_sample_id_242", "ds_645_sample_id_85", "ds_86_sample_id_10", "ds_540_sample_id_193", "ds_521_sample_id_264", "ds_452_sample_id_167", "ds_463_sample_id_247", "ds_639_sample_id_26", "ds_696_sample_id_156", "ds_140_sample_id_162", "ds_590_sample_id_67", "ds_353_sample_id_39", "ds_332_sample_id_90", "ds_616_sample_id_106", "ds_253_sample_id_187", "ds_103_sample_id_47", "ds_241_sample_id_274", "ds_827_sample_id_25", "ds_821_sample_id_213", "ds_336_sample_id_198", "ds_717_sample_id_117", "ds_599_sample_id_11", "ds_678_sample_id_135", "ds_215_sample_id_219", "ds_196_sample_id_277", "ds_668_sample_id_84", "ds_550_sample_id_62", "ds_252_sample_id_2", "ds_82_sample_id_253", "ds_715_sample_id_226", "ds_235_sample_id_170", "ds_282_sample_id_79", "ds_273_sample_id_288", "ds_679_sample_id_278", "ds_86_sample_id_82", "ds_446_sample_id_142", "ds_775_sample_id_29", "ds_338_sample_id_176", "ds_870_sample_id_261", "ds_47_sample_id_137", "ds_519_sample_id_146", "ds_179_sample_id_100", "ds_402_sample_id_223", "ds_382_sample_id_165", "ds_557_sample_id_153", "ds_135_sample_id_199", "ds_198_sample_id_60", "ds_668_sample_id_22", "ds_877_sample_id_23", "ds_44_sample_id_234", "ds_305_sample_id_186", "ds_795_sample_id_196", "ds_672_sample_id_254", "ds_794_sample_id_218", "ds_100_sample_id_141", "ds_555_sample_id_136", "ds_137_sample_id_59", "ds_356_sample_id_273", "ds_541_sample_id_217", "ds_146_sample_id_52", "ds_284_sample_id_287", "ds_608_sample_id_73", "ds_595_sample_id_119", "ds_81_sample_id_87", "ds_704_sample_id_151", "ds_136_sample_id_101", "ds_544_sample_id_97", "ds_775_sample_id_231", "ds_662_sample_id_263", "ds_450_sample_id_168", "ds_552_sample_id_282", "ds_571_sample_id_120", "ds_64_sample_id_260", "ds_127_sample_id_44", "ds_361_sample_id_210", "ds_281_sample_id_133", "ds_775_sample_id_66", "ds_801_sample_id_88", "ds_833_sample_id_188", "ds_435_sample_id_43", "ds_134_sample_id_65", "ds_809_sample_id_57", "ds_415_sample_id_250", "ds_612_sample_id_12", "ds_432_sample_id_126", "ds_372_sample_id_19", "ds_10_sample_id_13", "ds_353_sample_id_110", "ds_193_sample_id_262", "ds_432_sample_id_225", "ds_399_sample_id_92", "ds_532_sample_id_267", "ds_352_sample_id_256"], "group_19": ["ds_68_sample_id_216", "ds_430_sample_id_208", "ds_604_sample_id_242", "ds_645_sample_id_85", "ds_798_sample_id_174", "ds_107_sample_id_114", "ds_540_sample_id_193", "ds_269_sample_id_94", "ds_452_sample_id_167", "ds_463_sample_id_247", "ds_582_sample_id_138", "ds_669_sample_id_107", "ds_411_sample_id_180", "ds_140_sample_id_162", "ds_134_sample_id_164", "ds_353_sample_id_39", "ds_283_sample_id_129", "ds_323_sample_id_192", "ds_351_sample_id_201", "ds_137_sample_id_280", "ds_875_sample_id_286", "ds_332_sample_id_90", "ds_616_sample_id_106", "ds_236_sample_id_33", "ds_827_sample_id_25", "ds_510_sample_id_48", "ds_578_sample_id_207", "ds_821_sample_id_213", "ds_336_sample_id_198", "ds_1_sample_id_154", "ds_258_sample_id_147", "ds_215_sample_id_219", "ds_668_sample_id_84", "ds_550_sample_id_62", "ds_414_sample_id_172", "ds_715_sample_id_226", "ds_235_sample_id_170", "ds_273_sample_id_288", "ds_40_sample_id_240", "ds_86_sample_id_82", "ds_446_sample_id_142", "ds_505_sample_id_1", "ds_338_sample_id_176", "ds_817_sample_id_36", "ds_53_sample_id_16", "ds_264_sample_id_54", "ds_756_sample_id_230", "ds_578_sample_id_177", "ds_849_sample_id_89", "ds_318_sample_id_189", "ds_186_sample_id_203", "ds_672_sample_id_51", "ds_289_sample_id_131", "ds_82_sample_id_148", "ds_241_sample_id_40", "ds_44_sample_id_234", "ds_328_sample_id_83", "ds_308_sample_id_42", "ds_100_sample_id_141", "ds_555_sample_id_136", "ds_137_sample_id_59", "ds_356_sample_id_273", "ds_146_sample_id_52", "ds_595_sample_id_119", "ds_81_sample_id_87", "ds_292_sample_id_149", "ds_39_sample_id_86", "ds_573_sample_id_236", "ds_397_sample_id_109", "ds_544_sample_id_97", "ds_563_sample_id_15", "ds_662_sample_id_263", "ds_201_sample_id_269", "ds_571_sample_id_120", "ds_432_sample_id_270", "ds_482_sample_id_134", "ds_347_sample_id_183", "ds_522_sample_id_194", "ds_775_sample_id_66", "ds_801_sample_id_88", "ds_435_sample_id_43", "ds_612_sample_id_12", "ds_361_sample_id_125", "ds_372_sample_id_19", "ds_10_sample_id_13", "ds_193_sample_id_262", "ds_399_sample_id_92", "ds_401_sample_id_123", "ds_460_sample_id_139"], "group_1": ["ds_547_sample_id_185", "ds_244_sample_id_41", "ds_645_sample_id_85", "ds_651_sample_id_169", "ds_743_sample_id_197", "ds_86_sample_id_10", "ds_368_sample_id_152", "ds_521_sample_id_264", "ds_565_sample_id_95", "ds_468_sample_id_191", "ds_411_sample_id_180", "ds_847_sample_id_28", "ds_140_sample_id_162", "ds_590_sample_id_67", "ds_554_sample_id_224", "ds_134_sample_id_164", "ds_353_sample_id_39", "ds_36_sample_id_245", "ds_657_sample_id_7", "ds_875_sample_id_286", "ds_65_sample_id_46", "ds_761_sample_id_143", "ds_103_sample_id_47", "ds_413_sample_id_283", "ds_774_sample_id_81", "ds_15_sample_id_266", "ds_320_sample_id_75", "ds_41_sample_id_124", "ds_710_sample_id_130", "ds_510_sample_id_48", "ds_835_sample_id_118", "ds_578_sample_id_207", "ds_1_sample_id_154", "ds_593_sample_id_91", "ds_258_sample_id_147", "ds_215_sample_id_219", "ds_106_sample_id_21", "ds_82_sample_id_253", "ds_282_sample_id_79", "ds_679_sample_id_278", "ds_347_sample_id_24", "ds_13_sample_id_37", "ds_292_sample_id_9", "ds_505_sample_id_1", "ds_761_sample_id_4", "ds_2_sample_id_113", "ds_536_sample_id_127", "ds_870_sample_id_261", "ds_570_sample_id_132", "ds_264_sample_id_54", "ds_728_sample_id_49", "ds_813_sample_id_144", "ds_756_sample_id_230", "ds_836_sample_id_163", "ds_627_sample_id_78", "ds_71_sample_id_160", "ds_498_sample_id_63", "ds_769_sample_id_38", "ds_289_sample_id_131", "ds_82_sample_id_148", "ds_456_sample_id_221", "ds_241_sample_id_40", "ds_219_sample_id_235", "ds_224_sample_id_182", "ds_169_sample_id_155", "ds_312_sample_id_206", "ds_462_sample_id_173", "ds_649_sample_id_249", "ds_328_sample_id_83", "ds_308_sample_id_42", "ds_794_sample_id_218", "ds_390_sample_id_275", "ds_137_sample_id_59", "ds_541_sample_id_217", "ds_652_sample_id_227", "ds_81_sample_id_87", "ds_276_sample_id_104", "ds_376_sample_id_159", "ds_775_sample_id_231", "ds_408_sample_id_229", "ds_791_sample_id_50", "ds_450_sample_id_168", "ds_552_sample_id_282", "ds_64_sample_id_260", "ds_127_sample_id_44", "ds_361_sample_id_210", "ds_522_sample_id_194", "ds_435_sample_id_43", "ds_415_sample_id_250", "ds_300_sample_id_246", "ds_817_sample_id_204", "ds_772_sample_id_103", "ds_175_sample_id_239", "ds_808_sample_id_215", "ds_193_sample_id_262", "ds_432_sample_id_225", "ds_399_sample_id_92", "ds_34_sample_id_202", "ds_401_sample_id_123", "ds_532_sample_id_267", "ds_312_sample_id_211", "ds_357_sample_id_71", "ds_460_sample_id_139", "ds_352_sample_id_256", "ds_108_sample_id_69", "ds_450_sample_id_3", "ds_760_sample_id_145"], "group_2": ["ds_547_sample_id_185", "ds_218_sample_id_98", "ds_26_sample_id_45", "ds_738_sample_id_241", "ds_743_sample_id_197", "ds_728_sample_id_108", "ds_86_sample_id_10", "ds_772_sample_id_284", "ds_411_sample_id_180", "ds_847_sample_id_28", "ds_134_sample_id_164", "ds_657_sample_id_7", "ds_832_sample_id_56", "ds_616_sample_id_106", "ds_253_sample_id_187", "ds_241_sample_id_274", "ds_510_sample_id_48", "ds_578_sample_id_207", "ds_593_sample_id_91", "ds_258_sample_id_147", "ds_678_sample_id_135", "ds_106_sample_id_21", "ds_679_sample_id_278", "ds_40_sample_id_240", "ds_13_sample_id_37", "ds_575_sample_id_255", "ds_505_sample_id_1", "ds_761_sample_id_4", "ds_310_sample_id_257", "ds_857_sample_id_244", "ds_536_sample_id_127", "ds_8_sample_id_281", "ds_581_sample_id_5", "ds_813_sample_id_144", "ds_199_sample_id_238", "ds_382_sample_id_165", "ds_557_sample_id_153", "ds_672_sample_id_51", "ds_135_sample_id_199", "ds_198_sample_id_60", "ds_194_sample_id_220", "ds_362_sample_id_32", "ds_169_sample_id_155", "ds_829_sample_id_80", "ds_132_sample_id_35", "ds_672_sample_id_254", "ds_390_sample_id_275", "ds_555_sample_id_136", "ds_137_sample_id_59", "ds_356_sample_id_273", "ds_394_sample_id_252", "ds_5_sample_id_251", "ds_595_sample_id_119", "ds_652_sample_id_227", "ds_448_sample_id_111", "ds_573_sample_id_236", "ds_544_sample_id_97", "ds_408_sample_id_229", "ds_201_sample_id_269", "ds_552_sample_id_282", "ds_509_sample_id_58", "ds_377_sample_id_128", "ds_688_sample_id_30", "ds_721_sample_id_265", "ds_801_sample_id_88", "ds_418_sample_id_276", "ds_833_sample_id_188", "ds_415_sample_id_250", "ds_361_sample_id_125", "ds_372_sample_id_19", "ds_512_sample_id_122", "ds_10_sample_id_13", "ds_788_sample_id_228", "ds_353_sample_id_110", "ds_808_sample_id_215", "ds_442_sample_id_175", "ds_616_sample_id_34", "ds_460_sample_id_139", "ds_677_sample_id_116", "ds_352_sample_id_256", "ds_795_sample_id_158"], "group_3": ["ds_547_sample_id_185", "ds_218_sample_id_98", "ds_430_sample_id_208", "ds_49_sample_id_55", "ds_743_sample_id_197", "ds_107_sample_id_114", "ds_86_sample_id_10", "ds_173_sample_id_214", "ds_540_sample_id_193", "ds_269_sample_id_94", "ds_521_sample_id_264", "ds_452_sample_id_167", "ds_463_sample_id_247", "ds_639_sample_id_26", "ds_590_sample_id_67", "ds_323_sample_id_192", "ds_137_sample_id_280", "ds_875_sample_id_286", "ds_65_sample_id_46", "ds_380_sample_id_285", "ds_413_sample_id_283", "ds_670_sample_id_222", "ds_774_sample_id_81", "ds_236_sample_id_33", "ds_41_sample_id_124", "ds_241_sample_id_274", "ds_827_sample_id_25", "ds_510_sample_id_48", "ds_578_sample_id_207", "ds_717_sample_id_117", "ds_388_sample_id_157", "ds_599_sample_id_11", "ds_678_sample_id_135", "ds_550_sample_id_62", "ds_252_sample_id_2", "ds_82_sample_id_253", "ds_715_sample_id_226", "ds_273_sample_id_288", "ds_347_sample_id_24", "ds_13_sample_id_37", "ds_86_sample_id_82", "ds_446_sample_id_142", "ds_761_sample_id_4", "ds_338_sample_id_176", "ds_209_sample_id_102", "ds_857_sample_id_244", "ds_817_sample_id_36", "ds_728_sample_id_49", "ds_813_sample_id_144", "ds_627_sample_id_78", "ds_578_sample_id_177", "ds_498_sample_id_63", "ds_402_sample_id_223", "ds_82_sample_id_148", "ds_852_sample_id_243", "ds_668_sample_id_22", "ds_456_sample_id_221", "ds_241_sample_id_40", "ds_877_sample_id_23", "ds_219_sample_id_235", "ds_169_sample_id_155", "ds_795_sample_id_196", "ds_462_sample_id_173", "ds_136_sample_id_232", "ds_649_sample_id_249", "ds_100_sample_id_141", "ds_555_sample_id_136", "ds_137_sample_id_59", "ds_541_sample_id_217", "ds_394_sample_id_252", "ds_608_sample_id_73", "ds_292_sample_id_149", "ds_276_sample_id_104", "ds_448_sample_id_111", "ds_397_sample_id_109", "ds_376_sample_id_159", "ds_544_sample_id_97", "ds_775_sample_id_231", "ds_201_sample_id_269", "ds_791_sample_id_50", "ds_450_sample_id_168", "ds_113_sample_id_268", "ds_64_sample_id_260", "ds_509_sample_id_58", "ds_522_sample_id_194", "ds_688_sample_id_30", "ds_775_sample_id_66", "ds_134_sample_id_65", "ds_809_sample_id_57", "ds_300_sample_id_246", "ds_432_sample_id_126", "ds_817_sample_id_204", "ds_361_sample_id_125", "ds_134_sample_id_76", "ds_476_sample_id_259", "ds_622_sample_id_233", "ds_432_sample_id_225", "ds_850_sample_id_190", "ds_399_sample_id_92", "ds_34_sample_id_202", "ds_351_sample_id_181", "ds_357_sample_id_71", "ds_450_sample_id_3"], "group_12": ["ds_547_sample_id_185", "ds_430_sample_id_208", "ds_26_sample_id_45", "ds_604_sample_id_242", "ds_667_sample_id_68", "ds_738_sample_id_241", "ds_728_sample_id_108", "ds_173_sample_id_214", "ds_452_sample_id_167", "ds_582_sample_id_138", "ds_772_sample_id_284", "ds_411_sample_id_180", "ds_847_sample_id_28", "ds_353_sample_id_39", "ds_657_sample_id_7", "ds_832_sample_id_56", "ds_137_sample_id_280", "ds_875_sample_id_112", "ds_875_sample_id_286", "ds_444_sample_id_279", "ds_670_sample_id_222", "ds_340_sample_id_121", "ds_739_sample_id_178", "ds_835_sample_id_118", "ds_142_sample_id_17", "ds_578_sample_id_207", "ds_717_sample_id_117", "ds_258_sample_id_147", "ds_849_sample_id_20", "ds_599_sample_id_11", "ds_196_sample_id_277", "ds_205_sample_id_77", "ds_106_sample_id_21", "ds_252_sample_id_2", "ds_414_sample_id_172", "ds_679_sample_id_278", "ds_347_sample_id_24", "ds_292_sample_id_9", "ds_450_sample_id_105", "ds_575_sample_id_255", "ds_775_sample_id_29", "ds_761_sample_id_4", "ds_857_sample_id_244", "ds_817_sample_id_36", "ds_47_sample_id_137", "ds_581_sample_id_5", "ds_279_sample_id_195", "ds_836_sample_id_163", "ds_791_sample_id_161", "ds_71_sample_id_160", "ds_186_sample_id_203", "ds_198_sample_id_60", "ds_489_sample_id_205", "ds_852_sample_id_243", "ds_668_sample_id_22", "ds_241_sample_id_40", "ds_169_sample_id_155", "ds_795_sample_id_196", "ds_136_sample_id_232", "ds_694_sample_id_166", "ds_868_sample_id_115", "ds_264_sample_id_140", "ds_284_sample_id_287", "ds_5_sample_id_251", "ds_595_sample_id_119", "ds_652_sample_id_227", "ds_81_sample_id_87", "ds_292_sample_id_149", "ds_276_sample_id_104", "ds_136_sample_id_101", "ds_573_sample_id_236", "ds_397_sample_id_109", "ds_376_sample_id_159", "ds_544_sample_id_97", "ds_165_sample_id_200", "ds_113_sample_id_268", "ds_64_sample_id_260", "ds_361_sample_id_210", "ds_347_sample_id_183", "ds_721_sample_id_265", "ds_418_sample_id_276", "ds_833_sample_id_188", "ds_415_sample_id_250", "ds_372_sample_id_19", "ds_134_sample_id_76", "ds_679_sample_id_14", "ds_37_sample_id_209", "ds_267_sample_id_258", "ds_808_sample_id_215", "ds_193_sample_id_262", "ds_442_sample_id_175", "ds_351_sample_id_181", "ds_532_sample_id_267", "ds_414_sample_id_150", "ds_275_sample_id_53", "ds_707_sample_id_237", "ds_677_sample_id_116", "ds_450_sample_id_3"], "group_17": ["ds_547_sample_id_185", "ds_218_sample_id_98", "ds_430_sample_id_208", "ds_244_sample_id_41", "ds_651_sample_id_169", "ds_344_sample_id_64", "ds_471_sample_id_74", "ds_107_sample_id_114", "ds_478_sample_id_18", "ds_582_sample_id_138", "ds_669_sample_id_107", "ds_590_sample_id_67", "ds_554_sample_id_224", "ds_134_sample_id_164", "ds_283_sample_id_129", "ds_351_sample_id_201", "ds_137_sample_id_280", "ds_65_sample_id_46", "ds_380_sample_id_285", "ds_103_sample_id_47", "ds_444_sample_id_279", "ds_413_sample_id_283", "ds_710_sample_id_130", "ds_827_sample_id_25", "ds_510_sample_id_48", "ds_835_sample_id_118", "ds_142_sample_id_17", "ds_258_sample_id_147", "ds_849_sample_id_20", "ds_599_sample_id_11", "ds_668_sample_id_84", "ds_550_sample_id_62", "ds_715_sample_id_226", "ds_282_sample_id_79", "ds_575_sample_id_255", "ds_338_sample_id_176", "ds_310_sample_id_257", "ds_11_sample_id_70", "ds_2_sample_id_113", "ds_870_sample_id_261", "ds_47_sample_id_137", "ds_570_sample_id_132", "ds_53_sample_id_16", "ds_264_sample_id_54", "ds_728_sample_id_49", "ds_519_sample_id_146", "ds_791_sample_id_161", "ds_498_sample_id_63", "ds_382_sample_id_165", "ds_186_sample_id_203", "ds_557_sample_id_153", "ds_769_sample_id_38", "ds_489_sample_id_205", "ds_224_sample_id_182", "ds_829_sample_id_80", "ds_308_sample_id_42", "ds_694_sample_id_166", "ds_356_sample_id_273", "ds_264_sample_id_140", "ds_541_sample_id_217", "ds_394_sample_id_252", "ds_5_sample_id_251", "ds_595_sample_id_119", "ds_276_sample_id_104", "ds_704_sample_id_151", "ds_573_sample_id_236", "ds_376_sample_id_159", "ds_544_sample_id_97", "ds_791_sample_id_50", "ds_509_sample_id_58", "ds_127_sample_id_44", "ds_377_sample_id_128", "ds_492_sample_id_6", "ds_347_sample_id_183", "ds_418_sample_id_276", "ds_134_sample_id_65", "ds_809_sample_id_57", "ds_361_sample_id_125", "ds_512_sample_id_122", "ds_476_sample_id_259", "ds_10_sample_id_13", "ds_353_sample_id_110", "ds_149_sample_id_61", "ds_193_sample_id_262", "ds_850_sample_id_190", "ds_399_sample_id_92", "ds_34_sample_id_202", "ds_275_sample_id_27", "ds_401_sample_id_123", "ds_351_sample_id_181", "ds_275_sample_id_53", "ds_312_sample_id_211", "ds_707_sample_id_237", "ds_352_sample_id_256", "ds_108_sample_id_69", "ds_450_sample_id_3"], "group_18": ["ds_547_sample_id_185", "ds_49_sample_id_55", "ds_667_sample_id_68", "ds_645_sample_id_85", "ds_738_sample_id_241", "ds_743_sample_id_197", "ds_471_sample_id_74", "ds_798_sample_id_174", "ds_728_sample_id_108", "ds_173_sample_id_214", "ds_269_sample_id_94", "ds_521_sample_id_264", "ds_565_sample_id_95", "ds_639_sample_id_26", "ds_468_sample_id_191", "ds_669_sample_id_107", "ds_411_sample_id_180", "ds_134_sample_id_164", "ds_353_sample_id_39", "ds_36_sample_id_245", "ds_323_sample_id_192", "ds_351_sample_id_201", "ds_875_sample_id_112", "ds_332_sample_id_90", "ds_253_sample_id_187", "ds_413_sample_id_283", "ds_15_sample_id_266", "ds_236_sample_id_33", "ds_320_sample_id_75", "ds_710_sample_id_130", "ds_739_sample_id_178", "ds_578_sample_id_207", "ds_336_sample_id_198", "ds_1_sample_id_154", "ds_593_sample_id_91", "ds_258_sample_id_147", "ds_648_sample_id_72", "ds_550_sample_id_62", "ds_414_sample_id_172", "ds_40_sample_id_240", "ds_13_sample_id_37", "ds_825_sample_id_171", "ds_209_sample_id_102", "ds_857_sample_id_244", "ds_570_sample_id_132", "ds_264_sample_id_54", "ds_279_sample_id_195", "ds_836_sample_id_163", "ds_791_sample_id_161", "ds_71_sample_id_160", "ds_179_sample_id_100", "ds_578_sample_id_177", "ds_151_sample_id_93", "ds_827_sample_id_271", "ds_849_sample_id_89", "ds_186_sample_id_203", "ds_672_sample_id_51", "ds_289_sample_id_131", "ds_82_sample_id_148", "ds_668_sample_id_22", "ds_67_sample_id_248", "ds_456_sample_id_221", "ds_241_sample_id_40", "ds_219_sample_id_235", "ds_169_sample_id_155", "ds_829_sample_id_80", "ds_312_sample_id_206", "ds_328_sample_id_83", "ds_819_sample_id_31", "ds_794_sample_id_218", "ds_555_sample_id_136", "ds_868_sample_id_115", "ds_146_sample_id_52", "ds_608_sample_id_73", "ds_684_sample_id_184", "ds_697_sample_id_96", "ds_276_sample_id_104", "ds_448_sample_id_111", "ds_704_sample_id_151", "ds_136_sample_id_101", "ds_544_sample_id_97", "ds_662_sample_id_263", "ds_201_sample_id_269", "ds_571_sample_id_120", "ds_509_sample_id_58", "ds_361_sample_id_210", "ds_522_sample_id_194", "ds_688_sample_id_30", "ds_721_sample_id_265", "ds_832_sample_id_0", "ds_134_sample_id_65", "ds_317_sample_id_179", "ds_612_sample_id_12", "ds_432_sample_id_126", "ds_772_sample_id_103", "ds_679_sample_id_14", "ds_149_sample_id_61", "ds_622_sample_id_233", "ds_193_sample_id_262", "ds_432_sample_id_225", "ds_850_sample_id_190", "ds_442_sample_id_175", "ds_34_sample_id_202", "ds_351_sample_id_181", "ds_414_sample_id_150", "ds_707_sample_id_237", "ds_460_sample_id_139", "ds_760_sample_id_145"], "group_7": ["ds_218_sample_id_98", "ds_244_sample_id_41", "ds_667_sample_id_68", "ds_471_sample_id_74", "ds_107_sample_id_114", "ds_173_sample_id_214", "ds_540_sample_id_193", "ds_368_sample_id_152", "ds_565_sample_id_95", "ds_847_sample_id_28", "ds_134_sample_id_164", "ds_36_sample_id_245", "ds_832_sample_id_56", "ds_283_sample_id_129", "ds_351_sample_id_201", "ds_137_sample_id_280", "ds_875_sample_id_112", "ds_613_sample_id_272", "ds_616_sample_id_106", "ds_241_sample_id_274", "ds_578_sample_id_207", "ds_258_sample_id_147", "ds_849_sample_id_20", "ds_205_sample_id_77", "ds_648_sample_id_72", "ds_414_sample_id_172", "ds_715_sample_id_226", "ds_235_sample_id_170", "ds_292_sample_id_9", "ds_505_sample_id_1", "ds_310_sample_id_257", "ds_581_sample_id_5", "ds_519_sample_id_146", "ds_627_sample_id_78", "ds_179_sample_id_100", "ds_402_sample_id_223", "ds_849_sample_id_89", "ds_318_sample_id_189", "ds_557_sample_id_153", "ds_82_sample_id_148", "ds_140_sample_id_212", "ds_362_sample_id_32", "ds_819_sample_id_31", "ds_672_sample_id_254", "ds_100_sample_id_141", "ds_264_sample_id_140", "ds_541_sample_id_217", "ds_652_sample_id_227", "ds_292_sample_id_149", "ds_697_sample_id_96", "ds_563_sample_id_15", "ds_408_sample_id_229", "ds_201_sample_id_269", "ds_165_sample_id_200", "ds_571_sample_id_120", "ds_432_sample_id_270", "ds_377_sample_id_128", "ds_775_sample_id_66", "ds_721_sample_id_265", "ds_418_sample_id_276", "ds_435_sample_id_43", "ds_300_sample_id_246", "ds_317_sample_id_179", "ds_134_sample_id_76", "ds_476_sample_id_259", "ds_788_sample_id_228", "ds_267_sample_id_258", "ds_622_sample_id_233", "ds_442_sample_id_175", "ds_616_sample_id_34", "ds_707_sample_id_237", "ds_460_sample_id_139", "ds_677_sample_id_116"], "group_10": ["ds_218_sample_id_98", "ds_49_sample_id_55", "ds_738_sample_id_241", "ds_651_sample_id_169", "ds_743_sample_id_197", "ds_344_sample_id_64", "ds_471_sample_id_74", "ds_798_sample_id_174", "ds_86_sample_id_10", "ds_269_sample_id_94", "ds_565_sample_id_95", "ds_639_sample_id_26", "ds_669_sample_id_107", "ds_875_sample_id_112", "ds_65_sample_id_46", "ds_380_sample_id_285", "ds_761_sample_id_143", "ds_236_sample_id_33", "ds_241_sample_id_274", "ds_835_sample_id_118", "ds_142_sample_id_17", "ds_578_sample_id_207", "ds_821_sample_id_213", "ds_388_sample_id_157", "ds_648_sample_id_72", "ds_550_sample_id_62", "ds_501_sample_id_8", "ds_715_sample_id_226", "ds_450_sample_id_105", "ds_575_sample_id_255", "ds_505_sample_id_1", "ds_761_sample_id_4", "ds_2_sample_id_113", "ds_870_sample_id_261", "ds_813_sample_id_144", "ds_199_sample_id_238", "ds_627_sample_id_78", "ds_849_sample_id_89", "ds_557_sample_id_153", "ds_135_sample_id_199", "ds_140_sample_id_212", "ds_194_sample_id_220", "ds_169_sample_id_155", "ds_44_sample_id_234", "ds_829_sample_id_80", "ds_462_sample_id_173", "ds_819_sample_id_31", "ds_672_sample_id_254", "ds_794_sample_id_218", "ds_356_sample_id_273", "ds_264_sample_id_140", "ds_284_sample_id_287", "ds_5_sample_id_251", "ds_595_sample_id_119", "ds_652_sample_id_227", "ds_697_sample_id_96", "ds_397_sample_id_109", "ds_563_sample_id_15", "ds_775_sample_id_231", "ds_418_sample_id_276", "ds_833_sample_id_188", "ds_832_sample_id_0", "ds_134_sample_id_65", "ds_415_sample_id_250", "ds_300_sample_id_246", "ds_317_sample_id_179", "ds_612_sample_id_12", "ds_512_sample_id_122", "ds_679_sample_id_14", "ds_788_sample_id_228", "ds_353_sample_id_110", "ds_267_sample_id_258", "ds_432_sample_id_225", "ds_850_sample_id_190", "ds_442_sample_id_175", "ds_34_sample_id_202", "ds_275_sample_id_27", "ds_532_sample_id_267", "ds_275_sample_id_53", "ds_677_sample_id_116", "ds_795_sample_id_158", "ds_108_sample_id_69", "ds_760_sample_id_145"], "group_5": ["ds_430_sample_id_208", "ds_49_sample_id_55", "ds_26_sample_id_45", "ds_604_sample_id_242", "ds_667_sample_id_68", "ds_738_sample_id_241", "ds_651_sample_id_169", "ds_798_sample_id_174", "ds_107_sample_id_114", "ds_728_sample_id_108", "ds_478_sample_id_18", "ds_540_sample_id_193", "ds_368_sample_id_152", "ds_582_sample_id_138", "ds_554_sample_id_224", "ds_832_sample_id_56", "ds_613_sample_id_272", "ds_332_sample_id_90", "ds_616_sample_id_106", "ds_413_sample_id_283", "ds_774_sample_id_81", "ds_710_sample_id_130", "ds_739_sample_id_178", "ds_827_sample_id_25", "ds_835_sample_id_118", "ds_578_sample_id_207", "ds_821_sample_id_213", "ds_336_sample_id_198", "ds_717_sample_id_117", "ds_388_sample_id_157", "ds_849_sample_id_20", "ds_678_sample_id_135", "ds_205_sample_id_77", "ds_668_sample_id_84", "ds_550_sample_id_62", "ds_501_sample_id_8", "ds_414_sample_id_172", "ds_715_sample_id_226", "ds_282_sample_id_79", "ds_40_sample_id_240", "ds_13_sample_id_37", "ds_292_sample_id_9", "ds_575_sample_id_255", "ds_825_sample_id_171", "ds_310_sample_id_257", "ds_11_sample_id_70", "ds_817_sample_id_36", "ds_536_sample_id_127", "ds_47_sample_id_137", "ds_581_sample_id_5", "ds_728_sample_id_49", "ds_519_sample_id_146", "ds_199_sample_id_238", "ds_791_sample_id_161", "ds_627_sample_id_78", "ds_71_sample_id_160", "ds_179_sample_id_100", "ds_827_sample_id_271", "ds_498_sample_id_63", "ds_402_sample_id_223", "ds_382_sample_id_165", "ds_186_sample_id_203", "ds_769_sample_id_38", "ds_489_sample_id_205", "ds_82_sample_id_148", "ds_852_sample_id_243", "ds_456_sample_id_221", "ds_219_sample_id_235", "ds_140_sample_id_212", "ds_194_sample_id_220", "ds_362_sample_id_32", "ds_169_sample_id_155", "ds_305_sample_id_186", "ds_795_sample_id_196", "ds_136_sample_id_232", "ds_819_sample_id_31", "ds_308_sample_id_42", "ds_100_sample_id_141", "ds_694_sample_id_166", "ds_555_sample_id_136", "ds_868_sample_id_115", "ds_264_sample_id_140", "ds_284_sample_id_287", "ds_608_sample_id_73", "ds_81_sample_id_87", "ds_697_sample_id_96", "ds_704_sample_id_151", "ds_39_sample_id_86", "ds_573_sample_id_236", "ds_563_sample_id_15", "ds_408_sample_id_229", "ds_662_sample_id_263", "ds_201_sample_id_269", "ds_571_sample_id_120", "ds_482_sample_id_134", "ds_377_sample_id_128", "ds_361_sample_id_210", "ds_688_sample_id_30", "ds_801_sample_id_88", "ds_832_sample_id_0", "ds_300_sample_id_246", "ds_612_sample_id_12", "ds_817_sample_id_204", "ds_512_sample_id_122", "ds_772_sample_id_103", "ds_134_sample_id_76", "ds_788_sample_id_228", "ds_37_sample_id_209", "ds_149_sample_id_61", "ds_622_sample_id_233", "ds_808_sample_id_215", "ds_432_sample_id_225", "ds_442_sample_id_175", "ds_275_sample_id_27", "ds_616_sample_id_34", "ds_414_sample_id_150", "ds_312_sample_id_211", "ds_707_sample_id_237", "ds_357_sample_id_71", "ds_460_sample_id_139", "ds_795_sample_id_158", "ds_760_sample_id_145"], "group_0": ["ds_49_sample_id_55", "ds_26_sample_id_45", "ds_645_sample_id_85", "ds_344_sample_id_64", "ds_728_sample_id_108", "ds_173_sample_id_214", "ds_368_sample_id_152", "ds_452_sample_id_167", "ds_696_sample_id_156", "ds_772_sample_id_284", "ds_468_sample_id_191", "ds_323_sample_id_192", "ds_137_sample_id_280", "ds_65_sample_id_46", "ds_380_sample_id_285", "ds_444_sample_id_279", "ds_670_sample_id_222", "ds_15_sample_id_266", "ds_340_sample_id_121", "ds_739_sample_id_178", "ds_142_sample_id_17", "ds_336_sample_id_198", "ds_717_sample_id_117", "ds_388_sample_id_157", "ds_849_sample_id_20", "ds_106_sample_id_21", "ds_648_sample_id_72", "ds_501_sample_id_8", "ds_82_sample_id_253", "ds_715_sample_id_226", "ds_347_sample_id_24", "ds_13_sample_id_37", "ds_79_sample_id_99", "ds_11_sample_id_70", "ds_817_sample_id_36", "ds_813_sample_id_144", "ds_791_sample_id_161", "ds_578_sample_id_177", "ds_186_sample_id_203", "ds_769_sample_id_38", "ds_289_sample_id_131", "ds_489_sample_id_205", "ds_456_sample_id_221", "ds_819_sample_id_31", "ds_100_sample_id_141", "ds_390_sample_id_275", "ds_555_sample_id_136", "ds_868_sample_id_115", "ds_541_sample_id_217", "ds_284_sample_id_287", "ds_448_sample_id_111", "ds_397_sample_id_109", "ds_201_sample_id_269", "ds_791_sample_id_50", "ds_165_sample_id_200", "ds_64_sample_id_260", "ds_361_sample_id_210", "ds_492_sample_id_6", "ds_721_sample_id_265", "ds_833_sample_id_188", "ds_435_sample_id_43", "ds_832_sample_id_0", "ds_809_sample_id_57", "ds_300_sample_id_246", "ds_432_sample_id_126", "ds_372_sample_id_19", "ds_134_sample_id_76", "ds_267_sample_id_258", "ds_622_sample_id_233", "ds_850_sample_id_190", "ds_275_sample_id_27", "ds_616_sample_id_34", "ds_275_sample_id_53", "ds_460_sample_id_139", "ds_352_sample_id_256", "ds_795_sample_id_158", "ds_108_sample_id_69"], "group_6": ["ds_49_sample_id_55", "ds_244_sample_id_41", "ds_604_sample_id_242", "ds_667_sample_id_68", "ds_651_sample_id_169", "ds_743_sample_id_197", "ds_798_sample_id_174", "ds_173_sample_id_214", "ds_269_sample_id_94", "ds_521_sample_id_264", "ds_639_sample_id_26", "ds_582_sample_id_138", "ds_696_sample_id_156", "ds_140_sample_id_162", "ds_323_sample_id_192", "ds_761_sample_id_143", "ds_444_sample_id_279", "ds_15_sample_id_266", "ds_236_sample_id_33", "ds_41_sample_id_124", "ds_340_sample_id_121", "ds_1_sample_id_154", "ds_599_sample_id_11", "ds_678_sample_id_135", "ds_205_sample_id_77", "ds_501_sample_id_8", "ds_235_sample_id_170", "ds_347_sample_id_24", "ds_292_sample_id_9", "ds_536_sample_id_127", "ds_570_sample_id_132", "ds_813_sample_id_144", "ds_519_sample_id_146", "ds_756_sample_id_230", "ds_791_sample_id_161", "ds_627_sample_id_78", "ds_179_sample_id_100", "ds_578_sample_id_177", "ds_498_sample_id_63", "ds_382_sample_id_165", "ds_186_sample_id_203", "ds_557_sample_id_153", "ds_135_sample_id_199", "ds_198_sample_id_60", "ds_82_sample_id_148", "ds_362_sample_id_32", "ds_224_sample_id_182", "ds_829_sample_id_80", "ds_305_sample_id_186", "ds_312_sample_id_206", "ds_462_sample_id_173", "ds_132_sample_id_35", "ds_308_sample_id_42", "ds_694_sample_id_166", "ds_264_sample_id_140", "ds_81_sample_id_87", "ds_292_sample_id_149", "ds_376_sample_id_159", "ds_544_sample_id_97", "ds_563_sample_id_15", "ds_432_sample_id_270", "ds_377_sample_id_128", "ds_688_sample_id_30", "ds_809_sample_id_57", "ds_432_sample_id_126", "ds_817_sample_id_204", "ds_134_sample_id_76", "ds_476_sample_id_259", "ds_679_sample_id_14", "ds_788_sample_id_228", "ds_149_sample_id_61", "ds_267_sample_id_258", "ds_351_sample_id_181", "ds_312_sample_id_211", "ds_460_sample_id_139", "ds_352_sample_id_256", "ds_108_sample_id_69", "ds_450_sample_id_3"], "group_11": ["ds_49_sample_id_55", "ds_244_sample_id_41", "ds_344_sample_id_64", "ds_269_sample_id_94", "ds_521_sample_id_264", "ds_565_sample_id_95", "ds_463_sample_id_247", "ds_696_sample_id_156", "ds_590_sample_id_67", "ds_657_sample_id_7", "ds_283_sample_id_129", "ds_351_sample_id_201", "ds_875_sample_id_112", "ds_875_sample_id_286", "ds_613_sample_id_272", "ds_380_sample_id_285", "ds_774_sample_id_81", "ds_710_sample_id_130", "ds_340_sample_id_121", "ds_336_sample_id_198", "ds_593_sample_id_91", "ds_388_sample_id_157", "ds_849_sample_id_20", "ds_648_sample_id_72", "ds_679_sample_id_278", "ds_292_sample_id_9", "ds_575_sample_id_255", "ds_209_sample_id_102", "ds_11_sample_id_70", "ds_857_sample_id_244", "ds_2_sample_id_113", "ds_536_sample_id_127", "ds_47_sample_id_137", "ds_581_sample_id_5", "ds_53_sample_id_16", "ds_728_sample_id_49", "ds_199_sample_id_238", "ds_627_sample_id_78", "ds_151_sample_id_93", "ds_498_sample_id_63", "ds_382_sample_id_165", "ds_672_sample_id_51", "ds_140_sample_id_212", "ds_169_sample_id_155", "ds_829_sample_id_80", "ds_312_sample_id_206", "ds_328_sample_id_83", "ds_390_sample_id_275", "ds_146_sample_id_52", "ds_394_sample_id_252", "ds_5_sample_id_251", "ds_292_sample_id_149", "ds_697_sample_id_96", "ds_276_sample_id_104", "ds_704_sample_id_151", "ds_136_sample_id_101", "ds_573_sample_id_236", "ds_662_sample_id_263", "ds_165_sample_id_200", "ds_552_sample_id_282", "ds_509_sample_id_58", "ds_377_sample_id_128", "ds_361_sample_id_210", "ds_281_sample_id_133", "ds_522_sample_id_194", "ds_688_sample_id_30", "ds_775_sample_id_66", "ds_801_sample_id_88", "ds_418_sample_id_276", "ds_809_sample_id_57", "ds_317_sample_id_179", "ds_817_sample_id_204", "ds_772_sample_id_103", "ds_679_sample_id_14", "ds_788_sample_id_228", "ds_622_sample_id_233", "ds_616_sample_id_34", "ds_351_sample_id_181", "ds_414_sample_id_150", "ds_312_sample_id_211", "ds_357_sample_id_71", "ds_460_sample_id_139", "ds_795_sample_id_158", "ds_450_sample_id_3"], "group_13": ["ds_604_sample_id_242", "ds_798_sample_id_174", "ds_728_sample_id_108", "ds_478_sample_id_18", "ds_772_sample_id_284", "ds_468_sample_id_191", "ds_669_sample_id_107", "ds_36_sample_id_245", "ds_657_sample_id_7", "ds_832_sample_id_56", "ds_137_sample_id_280", "ds_875_sample_id_112", "ds_761_sample_id_143", "ds_253_sample_id_187", "ds_413_sample_id_283", "ds_670_sample_id_222", "ds_320_sample_id_75", "ds_41_sample_id_124", "ds_241_sample_id_274", "ds_827_sample_id_25", "ds_142_sample_id_17", "ds_501_sample_id_8", "ds_252_sample_id_2", "ds_446_sample_id_142", "ds_450_sample_id_105", "ds_775_sample_id_29", "ds_761_sample_id_4", "ds_209_sample_id_102", "ds_857_sample_id_244", "ds_8_sample_id_281", "ds_570_sample_id_132", "ds_279_sample_id_195", "ds_756_sample_id_230", "ds_71_sample_id_160", "ds_179_sample_id_100", "ds_151_sample_id_93", "ds_827_sample_id_271", "ds_498_sample_id_63", "ds_82_sample_id_148", "ds_668_sample_id_22", "ds_67_sample_id_248", "ds_241_sample_id_40", "ds_219_sample_id_235", "ds_140_sample_id_212", "ds_224_sample_id_182", "ds_328_sample_id_83", "ds_819_sample_id_31", "ds_390_sample_id_275", "ds_356_sample_id_273", "ds_146_sample_id_52", "ds_5_sample_id_251", "ds_684_sample_id_184", "ds_39_sample_id_86", "ds_376_sample_id_159", "ds_408_sample_id_229", "ds_201_sample_id_269", "ds_113_sample_id_268", "ds_492_sample_id_6", "ds_418_sample_id_276", "ds_832_sample_id_0", "ds_175_sample_id_239", "ds_37_sample_id_209", "ds_401_sample_id_123", "ds_532_sample_id_267", "ds_414_sample_id_150", "ds_707_sample_id_237", "ds_760_sample_id_145"], "group_15": ["ds_667_sample_id_68", "ds_645_sample_id_85", "ds_651_sample_id_169", "ds_344_sample_id_64", "ds_471_sample_id_74", "ds_368_sample_id_152", "ds_521_sample_id_264", "ds_463_sample_id_247", "ds_639_sample_id_26", "ds_669_sample_id_107", "ds_140_sample_id_162", "ds_554_sample_id_224", "ds_283_sample_id_129", "ds_142_sample_id_17", "ds_821_sample_id_213", "ds_593_sample_id_91", "ds_196_sample_id_277", "ds_205_sample_id_77", "ds_715_sample_id_226", "ds_273_sample_id_288", "ds_86_sample_id_82", "ds_825_sample_id_171", "ds_338_sample_id_176", "ds_870_sample_id_261", "ds_53_sample_id_16", "ds_728_sample_id_49", "ds_813_sample_id_144", "ds_199_sample_id_238", "ds_827_sample_id_271", "ds_672_sample_id_51", "ds_135_sample_id_199", "ds_769_sample_id_38", "ds_489_sample_id_205", "ds_852_sample_id_243", "ds_67_sample_id_248", "ds_140_sample_id_212", "ds_224_sample_id_182", "ds_169_sample_id_155", "ds_44_sample_id_234", "ds_795_sample_id_196", "ds_312_sample_id_206", "ds_819_sample_id_31", "ds_308_sample_id_42", "ds_694_sample_id_166", "ds_555_sample_id_136", "ds_137_sample_id_59", "ds_868_sample_id_115", "ds_684_sample_id_184", "ds_697_sample_id_96", "ds_276_sample_id_104", "ds_448_sample_id_111", "ds_397_sample_id_109", "ds_376_sample_id_159", "ds_509_sample_id_58", "ds_127_sample_id_44", "ds_281_sample_id_133", "ds_832_sample_id_0", "ds_300_sample_id_246", "ds_361_sample_id_125", "ds_134_sample_id_76", "ds_476_sample_id_259", "ds_149_sample_id_61", "ds_808_sample_id_215", "ds_399_sample_id_92", "ds_351_sample_id_181", "ds_275_sample_id_53", "ds_677_sample_id_116", "ds_108_sample_id_69"]}}