{"user_group_edges": {"group_1": ["user_644_sample_id_4", "user_497_sample_id_0", "user_1409_sample_id_43", "user_1101_sample_id_1", "user_352_sample_id_29", "user_22_sample_id_38", "user_748_sample_id_31"], "group_3": ["user_644_sample_id_4", "user_352_sample_id_29", "user_1583_sample_id_36", "user_748_sample_id_31", "user_1281_sample_id_10", "user_833_sample_id_11"], "group_9": ["user_644_sample_id_4", "user_917_sample_id_33", "user_1101_sample_id_1", "user_968_sample_id_18", "user_579_sample_id_7", "user_748_sample_id_31", "user_222_sample_id_30", "user_1606_sample_id_39"], "group_10": ["user_644_sample_id_4", "user_1549_sample_id_21", "user_1322_sample_id_23", "user_1097_sample_id_3", "user_1624_sample_id_19", "user_1007_sample_id_8", "user_314_sample_id_35"], "group_4": ["user_1386_sample_id_9", "user_1549_sample_id_21", "user_1645_sample_id_15", "user_1097_sample_id_3", "user_968_sample_id_18", "user_1468_sample_id_24", "user_1328_sample_id_2"], "group_7": ["user_1386_sample_id_9", "user_570_sample_id_16", "user_255_sample_id_26", "user_286_sample_id_5", "user_1606_sample_id_39", "user_550_sample_id_42"], "group_12": ["user_1386_sample_id_9", "user_1097_sample_id_3", "user_445_sample_id_34", "user_1007_sample_id_8", "user_41_sample_id_12", "user_1293_sample_id_40", "user_1616_sample_id_14", "user_833_sample_id_11"], "group_13": ["user_1386_sample_id_9", "user_570_sample_id_16", "user_445_sample_id_34", "user_26_sample_id_6", "user_1460_sample_id_28", "user_910_sample_id_37", "user_231_sample_id_41"], "group_2": ["user_1549_sample_id_21", "user_497_sample_id_0", "user_1583_sample_id_36", "user_748_sample_id_31", "user_1281_sample_id_10", "user_1616_sample_id_14", "user_1052_sample_id_13", "user_910_sample_id_37"], "group_8": ["user_917_sample_id_33", "user_1322_sample_id_23", "user_1101_sample_id_1", "user_1328_sample_id_2", "user_41_sample_id_12", "user_1460_sample_id_28", "user_1052_sample_id_13"], "group_15": ["user_1322_sample_id_23", "user_570_sample_id_16", "user_1468_sample_id_24", "user_1007_sample_id_8", "user_286_sample_id_5", "user_1583_sample_id_36", "user_126_sample_id_22", "user_1373_sample_id_27", "user_222_sample_id_30", "user_231_sample_id_41"], "group_19": ["user_1322_sample_id_23", "user_22_sample_id_38", "user_26_sample_id_6", "user_126_sample_id_22", "user_1307_sample_id_17", "user_1281_sample_id_10"], "group_18": ["user_497_sample_id_0", "user_255_sample_id_26", "user_993_sample_id_20", "user_1616_sample_id_14", "user_222_sample_id_30", "user_1606_sample_id_39", "user_231_sample_id_41", "user_833_sample_id_11"], "group_0": ["user_1409_sample_id_43", "user_1007_sample_id_8", "user_1328_sample_id_2", "user_910_sample_id_37", "user_858_sample_id_25"], "group_17": ["user_1409_sample_id_43", "user_1645_sample_id_15", "user_579_sample_id_7", "user_1583_sample_id_36", "user_158_sample_id_32", "user_1307_sample_id_17", "user_41_sample_id_12", "user_1616_sample_id_14", "user_314_sample_id_35", "user_858_sample_id_25"], "group_5": ["user_1645_sample_id_15", "user_1101_sample_id_1", "user_22_sample_id_38", "user_1583_sample_id_36", "user_41_sample_id_12", "user_314_sample_id_35", "user_858_sample_id_25", "user_550_sample_id_42"], "group_14": ["user_1645_sample_id_15", "user_445_sample_id_34", "user_1624_sample_id_19", "user_1468_sample_id_24", "user_579_sample_id_7", "user_1328_sample_id_2", "user_286_sample_id_5", "user_993_sample_id_20", "user_158_sample_id_32", "user_748_sample_id_31", "user_126_sample_id_22", "user_1052_sample_id_13"], "group_11": ["user_1097_sample_id_3", "user_968_sample_id_18", "user_255_sample_id_26", "user_26_sample_id_6", "user_1373_sample_id_27", "user_314_sample_id_35", "user_858_sample_id_25"], "group_16": ["user_968_sample_id_18", "user_286_sample_id_5", "user_158_sample_id_32", "user_126_sample_id_22", "user_1293_sample_id_40", "user_1460_sample_id_28", "user_1281_sample_id_10", "user_222_sample_id_30"], "group_6": ["user_445_sample_id_34", "user_1624_sample_id_19", "user_158_sample_id_32", "user_1307_sample_id_17", "user_1460_sample_id_28", "user_1373_sample_id_27", "user_231_sample_id_41"]}, "group_data_store_edges": {"group_1": ["ds_107_sample_id_22", "ds_16_sample_id_146", "ds_80_sample_id_74", "ds_113_sample_id_114", "ds_68_sample_id_98", "ds_47_sample_id_47", "ds_28_sample_id_92", "ds_3_sample_id_108", "ds_53_sample_id_3", "ds_58_sample_id_66", "ds_26_sample_id_93", "ds_71_sample_id_26", "ds_44_sample_id_152", "ds_77_sample_id_126", "ds_103_sample_id_28", "ds_76_sample_id_56", "ds_25_sample_id_166", "ds_28_sample_id_38", "ds_44_sample_id_62", "ds_10_sample_id_65", "ds_41_sample_id_90", "ds_80_sample_id_49", "ds_28_sample_id_23", "ds_63_sample_id_2", "ds_54_sample_id_14", "ds_107_sample_id_141", "ds_87_sample_id_96", "ds_19_sample_id_159", "ds_111_sample_id_82", "ds_89_sample_id_16", "ds_21_sample_id_54", "ds_70_sample_id_158", "ds_86_sample_id_76", "ds_26_sample_id_174", "ds_118_sample_id_72", "ds_15_sample_id_4", "ds_103_sample_id_88", "ds_68_sample_id_87", "ds_111_sample_id_52", "ds_111_sample_id_21", "ds_31_sample_id_151", "ds_62_sample_id_80", "ds_106_sample_id_19", "ds_83_sample_id_147", "ds_106_sample_id_165", "ds_4_sample_id_27", "ds_51_sample_id_81", "ds_78_sample_id_143", "ds_56_sample_id_117", "ds_35_sample_id_102", "ds_104_sample_id_77", "ds_117_sample_id_103", "ds_33_sample_id_5", "ds_61_sample_id_115"], "group_4": ["ds_107_sample_id_22", "ds_100_sample_id_116", "ds_13_sample_id_121", "ds_79_sample_id_111", "ds_13_sample_id_51", "ds_83_sample_id_29", "ds_6_sample_id_46", "ds_47_sample_id_119", "ds_71_sample_id_26", "ds_96_sample_id_89", "ds_64_sample_id_34", "ds_65_sample_id_171", "ds_41_sample_id_155", "ds_67_sample_id_153", "ds_103_sample_id_127", "ds_26_sample_id_75", "ds_18_sample_id_97", "ds_76_sample_id_56", "ds_46_sample_id_61", "ds_28_sample_id_38", "ds_95_sample_id_91", "ds_114_sample_id_11", "ds_99_sample_id_130", "ds_80_sample_id_49", "ds_28_sample_id_23", "ds_0_sample_id_30", "ds_70_sample_id_154", "ds_2_sample_id_109", "ds_54_sample_id_14", "ds_14_sample_id_129", "ds_35_sample_id_70", "ds_19_sample_id_159", "ds_111_sample_id_82", "ds_96_sample_id_13", "ds_21_sample_id_54", "ds_7_sample_id_12", "ds_98_sample_id_157", "ds_50_sample_id_32", "ds_118_sample_id_72", "ds_94_sample_id_84", "ds_15_sample_id_4", "ds_103_sample_id_88", "ds_68_sample_id_87", "ds_72_sample_id_160", "ds_59_sample_id_20", "ds_14_sample_id_83", "ds_43_sample_id_168", "ds_97_sample_id_25", "ds_9_sample_id_120", "ds_35_sample_id_102", "ds_81_sample_id_41", "ds_117_sample_id_103", "ds_45_sample_id_39", "ds_110_sample_id_122", "ds_36_sample_id_167", "ds_22_sample_id_163", "ds_99_sample_id_94", "ds_96_sample_id_148", "ds_105_sample_id_40", "ds_48_sample_id_45", "ds_50_sample_id_113"], "group_7": ["ds_107_sample_id_22", "ds_68_sample_id_98", "ds_5_sample_id_48", "ds_13_sample_id_51", "ds_83_sample_id_29", "ds_65_sample_id_142", "ds_71_sample_id_26", "ds_44_sample_id_152", "ds_64_sample_id_34", "ds_77_sample_id_126", "ds_103_sample_id_127", "ds_81_sample_id_164", "ds_86_sample_id_58", "ds_76_sample_id_56", "ds_99_sample_id_130", "ds_44_sample_id_62", "ds_79_sample_id_135", "ds_0_sample_id_30", "ds_2_sample_id_109", "ds_7_sample_id_156", "ds_80_sample_id_150", "ds_106_sample_id_140", "ds_87_sample_id_96", "ds_19_sample_id_159", "ds_89_sample_id_16", "ds_40_sample_id_71", "ds_15_sample_id_50", "ds_28_sample_id_106", "ds_101_sample_id_101", "ds_114_sample_id_112", "ds_98_sample_id_67", "ds_26_sample_id_174", "ds_103_sample_id_125", "ds_50_sample_id_32", "ds_68_sample_id_79", "ds_15_sample_id_4", "ds_86_sample_id_86", "ds_111_sample_id_52", "ds_19_sample_id_24", "ds_111_sample_id_21", "ds_14_sample_id_83", "ds_62_sample_id_80", "ds_11_sample_id_176", "ds_106_sample_id_19", "ds_83_sample_id_147", "ds_19_sample_id_128", "ds_64_sample_id_145", "ds_30_sample_id_68", "ds_61_sample_id_42", "ds_97_sample_id_25", "ds_9_sample_id_120", "ds_78_sample_id_143", "ds_56_sample_id_117", "ds_35_sample_id_102", "ds_117_sample_id_103", "ds_36_sample_id_167", "ds_22_sample_id_163", "ds_27_sample_id_17", "ds_50_sample_id_113"], "group_9": ["ds_107_sample_id_22", "ds_113_sample_id_114", "ds_74_sample_id_53", "ds_28_sample_id_92", "ds_7_sample_id_134", "ds_6_sample_id_46", "ds_26_sample_id_93", "ds_62_sample_id_8", "ds_48_sample_id_170", "ds_44_sample_id_152", "ds_56_sample_id_107", "ds_64_sample_id_34", "ds_77_sample_id_126", "ds_65_sample_id_171", "ds_41_sample_id_155", "ds_15_sample_id_57", "ds_81_sample_id_164", "ds_86_sample_id_58", "ds_103_sample_id_28", "ds_28_sample_id_38", "ds_95_sample_id_91", "ds_46_sample_id_69", "ds_100_sample_id_131", "ds_0_sample_id_30", "ds_70_sample_id_154", "ds_75_sample_id_1", "ds_93_sample_id_73", "ds_89_sample_id_16", "ds_101_sample_id_18", "ds_0_sample_id_104", "ds_28_sample_id_106", "ds_114_sample_id_112", "ds_7_sample_id_12", "ds_47_sample_id_136", "ds_57_sample_id_64", "ds_98_sample_id_157", "ds_103_sample_id_125", "ds_118_sample_id_72", "ds_94_sample_id_84", "ds_2_sample_id_149", "ds_86_sample_id_86", "ds_111_sample_id_10", "ds_72_sample_id_160", "ds_59_sample_id_20", "ds_47_sample_id_110", "ds_5_sample_id_173", "ds_105_sample_id_7", "ds_62_sample_id_80", "ds_11_sample_id_176", "ds_106_sample_id_165", "ds_29_sample_id_63", "ds_106_sample_id_78", "ds_4_sample_id_27", "ds_51_sample_id_81", "ds_38_sample_id_138", "ds_92_sample_id_124", "ds_97_sample_id_25", "ds_44_sample_id_95", "ds_81_sample_id_41", "ds_45_sample_id_39", "ds_36_sample_id_167", "ds_46_sample_id_161", "ds_103_sample_id_105", "ds_48_sample_id_45", "ds_44_sample_id_31"], "group_12": ["ds_107_sample_id_22", "ds_113_sample_id_114", "ds_0_sample_id_123", "ds_83_sample_id_29", "ds_47_sample_id_118", "ds_26_sample_id_93", "ds_62_sample_id_8", "ds_65_sample_id_142", "ds_48_sample_id_170", "ds_44_sample_id_152", "ds_64_sample_id_34", "ds_77_sample_id_126", "ds_65_sample_id_171", "ds_67_sample_id_153", "ds_103_sample_id_127", "ds_15_sample_id_57", "ds_54_sample_id_99", "ds_86_sample_id_58", "ds_76_sample_id_56", "ds_94_sample_id_35", "ds_28_sample_id_38", "ds_99_sample_id_130", "ds_46_sample_id_69", "ds_63_sample_id_2", "ds_0_sample_id_30", "ds_70_sample_id_154", "ds_2_sample_id_109", "ds_86_sample_id_36", "ds_41_sample_id_55", "ds_106_sample_id_140", "ds_14_sample_id_129", "ds_87_sample_id_96", "ds_54_sample_id_43", "ds_0_sample_id_104", "ds_70_sample_id_158", "ds_101_sample_id_101", "ds_86_sample_id_76", "ds_91_sample_id_169", "ds_98_sample_id_67", "ds_47_sample_id_136", "ds_72_sample_id_160", "ds_111_sample_id_52", "ds_19_sample_id_24", "ds_59_sample_id_20", "ds_111_sample_id_21", "ds_69_sample_id_132", "ds_14_sample_id_83", "ds_29_sample_id_63", "ds_19_sample_id_128", "ds_4_sample_id_27", "ds_38_sample_id_138", "ds_43_sample_id_168", "ds_61_sample_id_42", "ds_97_sample_id_25", "ds_33_sample_id_133", "ds_78_sample_id_143", "ds_116_sample_id_172", "ds_81_sample_id_41", "ds_117_sample_id_103", "ds_99_sample_id_94", "ds_105_sample_id_40", "ds_33_sample_id_5", "ds_103_sample_id_105"], "group_15": ["ds_107_sample_id_22", "ds_16_sample_id_146", "ds_80_sample_id_74", "ds_113_sample_id_114", "ds_0_sample_id_123", "ds_5_sample_id_48", "ds_47_sample_id_47", "ds_13_sample_id_51", "ds_83_sample_id_29", "ds_47_sample_id_118", "ds_7_sample_id_134", "ds_77_sample_id_44", "ds_58_sample_id_66", "ds_26_sample_id_93", "ds_69_sample_id_137", "ds_65_sample_id_142", "ds_44_sample_id_152", "ds_56_sample_id_107", "ds_77_sample_id_126", "ds_67_sample_id_153", "ds_103_sample_id_127", "ds_54_sample_id_99", "ds_81_sample_id_164", "ds_86_sample_id_58", "ds_18_sample_id_97", "ds_25_sample_id_166", "ds_114_sample_id_11", "ds_79_sample_id_135", "ds_70_sample_id_154", "ds_75_sample_id_1", "ds_14_sample_id_59", "ds_54_sample_id_14", "ds_43_sample_id_33", "ds_106_sample_id_140", "ds_87_sample_id_96", "ds_15_sample_id_50", "ds_70_sample_id_158", "ds_101_sample_id_101", "ds_114_sample_id_112", "ds_86_sample_id_76", "ds_26_sample_id_174", "ds_103_sample_id_125", "ds_50_sample_id_32", "ds_111_sample_id_10", "ds_20_sample_id_144", "ds_59_sample_id_20", "ds_111_sample_id_21", "ds_93_sample_id_9", "ds_5_sample_id_173", "ds_105_sample_id_7", "ds_14_sample_id_83", "ds_31_sample_id_151", "ds_11_sample_id_176", "ds_106_sample_id_19", "ds_1_sample_id_85", "ds_51_sample_id_81", "ds_38_sample_id_138", "ds_30_sample_id_68", "ds_9_sample_id_120", "ds_116_sample_id_172", "ds_44_sample_id_95", "ds_81_sample_id_41", "ds_56_sample_id_15", "ds_96_sample_id_148"], "group_16": ["ds_107_sample_id_22", "ds_80_sample_id_74", "ds_100_sample_id_116", "ds_68_sample_id_98", "ds_47_sample_id_47", "ds_74_sample_id_53", "ds_83_sample_id_29", "ds_17_sample_id_0", "ds_77_sample_id_44", "ds_53_sample_id_3", "ds_69_sample_id_137", "ds_62_sample_id_8", "ds_71_sample_id_26", "ds_26_sample_id_75", "ds_103_sample_id_28", "ds_94_sample_id_35", "ds_25_sample_id_166", "ds_99_sample_id_130", "ds_44_sample_id_62", "ds_79_sample_id_135", "ds_46_sample_id_69", "ds_80_sample_id_49", "ds_28_sample_id_23", "ds_100_sample_id_131", "ds_63_sample_id_2", "ds_0_sample_id_30", "ds_2_sample_id_109", "ds_75_sample_id_1", "ds_80_sample_id_150", "ds_41_sample_id_55", "ds_43_sample_id_33", "ds_107_sample_id_141", "ds_20_sample_id_37", "ds_106_sample_id_140", "ds_35_sample_id_70", "ds_19_sample_id_159", "ds_15_sample_id_50", "ds_101_sample_id_18", "ds_70_sample_id_158", "ds_114_sample_id_112", "ds_26_sample_id_174", "ds_47_sample_id_136", "ds_98_sample_id_157", "ds_103_sample_id_125", "ds_50_sample_id_32", "ds_94_sample_id_84", "ds_68_sample_id_79", "ds_31_sample_id_100", "ds_15_sample_id_4", "ds_86_sample_id_86", "ds_103_sample_id_88", "ds_20_sample_id_144", "ds_111_sample_id_52", "ds_19_sample_id_24", "ds_59_sample_id_20", "ds_47_sample_id_110", "ds_5_sample_id_173", "ds_105_sample_id_7", "ds_14_sample_id_83", "ds_31_sample_id_151", "ds_11_sample_id_176", "ds_83_sample_id_147", "ds_19_sample_id_128", "ds_106_sample_id_78", "ds_51_sample_id_81", "ds_30_sample_id_68", "ds_78_sample_id_143", "ds_116_sample_id_172", "ds_44_sample_id_95", "ds_104_sample_id_77", "ds_117_sample_id_103", "ds_46_sample_id_161", "ds_56_sample_id_15", "ds_99_sample_id_94", "ds_61_sample_id_115", "ds_48_sample_id_45"], "group_18": ["ds_107_sample_id_22", "ds_68_sample_id_6", "ds_5_sample_id_48", "ds_79_sample_id_111", "ds_47_sample_id_118", "ds_6_sample_id_46", "ds_77_sample_id_44", "ds_53_sample_id_3", "ds_69_sample_id_137", "ds_47_sample_id_119", "ds_44_sample_id_152", "ds_56_sample_id_107", "ds_64_sample_id_34", "ds_77_sample_id_126", "ds_41_sample_id_155", "ds_103_sample_id_127", "ds_26_sample_id_75", "ds_15_sample_id_57", "ds_86_sample_id_58", "ds_95_sample_id_91", "ds_79_sample_id_135", "ds_41_sample_id_90", "ds_0_sample_id_30", "ds_75_sample_id_1", "ds_14_sample_id_59", "ds_80_sample_id_150", "ds_86_sample_id_36", "ds_41_sample_id_55", "ds_43_sample_id_33", "ds_107_sample_id_141", "ds_87_sample_id_96", "ds_111_sample_id_82", "ds_96_sample_id_13", "ds_40_sample_id_71", "ds_21_sample_id_54", "ds_15_sample_id_50", "ds_114_sample_id_112", "ds_7_sample_id_12", "ds_26_sample_id_174", "ds_118_sample_id_162", "ds_103_sample_id_125", "ds_68_sample_id_79", "ds_15_sample_id_4", "ds_103_sample_id_88", "ds_68_sample_id_87", "ds_14_sample_id_83", "ds_62_sample_id_80", "ds_11_sample_id_176", "ds_1_sample_id_85", "ds_29_sample_id_63", "ds_106_sample_id_78", "ds_4_sample_id_27", "ds_64_sample_id_145", "ds_38_sample_id_138", "ds_43_sample_id_168", "ds_61_sample_id_42", "ds_33_sample_id_133", "ds_116_sample_id_172", "ds_44_sample_id_95", "ds_117_sample_id_103", "ds_45_sample_id_39", "ds_14_sample_id_175", "ds_46_sample_id_161", "ds_22_sample_id_163", "ds_27_sample_id_17", "ds_96_sample_id_148", "ds_105_sample_id_40", "ds_33_sample_id_5", "ds_103_sample_id_105", "ds_61_sample_id_115"], "group_2": ["ds_16_sample_id_146", "ds_68_sample_id_6", "ds_100_sample_id_116", "ds_47_sample_id_47", "ds_13_sample_id_51", "ds_83_sample_id_29", "ds_17_sample_id_0", "ds_3_sample_id_108", "ds_6_sample_id_46", "ds_53_sample_id_3", "ds_58_sample_id_66", "ds_26_sample_id_93", "ds_48_sample_id_170", "ds_56_sample_id_107", "ds_96_sample_id_89", "ds_77_sample_id_126", "ds_103_sample_id_127", "ds_15_sample_id_57", "ds_18_sample_id_97", "ds_25_sample_id_166", "ds_46_sample_id_61", "ds_99_sample_id_130", "ds_44_sample_id_62", "ds_60_sample_id_139", "ds_13_sample_id_60", "ds_46_sample_id_69", "ds_80_sample_id_49", "ds_100_sample_id_131", "ds_70_sample_id_154", "ds_75_sample_id_1", "ds_14_sample_id_59", "ds_93_sample_id_73", "ds_41_sample_id_55", "ds_43_sample_id_33", "ds_35_sample_id_70", "ds_19_sample_id_159", "ds_40_sample_id_71", "ds_21_sample_id_54", "ds_86_sample_id_76", "ds_7_sample_id_12", "ds_26_sample_id_174", "ds_47_sample_id_136", "ds_57_sample_id_64", "ds_103_sample_id_125", "ds_118_sample_id_72", "ds_68_sample_id_79", "ds_86_sample_id_86", "ds_111_sample_id_10", "ds_20_sample_id_144", "ds_47_sample_id_110", "ds_5_sample_id_173", "ds_14_sample_id_83", "ds_106_sample_id_78", "ds_51_sample_id_81", "ds_64_sample_id_145", "ds_30_sample_id_68", "ds_61_sample_id_42", "ds_56_sample_id_117", "ds_46_sample_id_161", "ds_22_sample_id_163", "ds_99_sample_id_94", "ds_105_sample_id_40", "ds_103_sample_id_105", "ds_48_sample_id_45"], "group_3": ["ds_16_sample_id_146", "ds_80_sample_id_74", "ds_13_sample_id_121", "ds_5_sample_id_48", "ds_74_sample_id_53", "ds_13_sample_id_51", "ds_28_sample_id_92", "ds_17_sample_id_0", "ds_7_sample_id_134", "ds_53_sample_id_3", "ds_48_sample_id_170", "ds_56_sample_id_107", "ds_65_sample_id_171", "ds_26_sample_id_75", "ds_15_sample_id_57", "ds_81_sample_id_164", "ds_103_sample_id_28", "ds_25_sample_id_166", "ds_28_sample_id_38", "ds_79_sample_id_135", "ds_13_sample_id_60", "ds_28_sample_id_23", "ds_2_sample_id_109", "ds_75_sample_id_1", "ds_14_sample_id_59", "ds_7_sample_id_156", "ds_80_sample_id_150", "ds_54_sample_id_14", "ds_43_sample_id_33", "ds_14_sample_id_129", "ds_40_sample_id_71", "ds_0_sample_id_104", "ds_28_sample_id_106", "ds_101_sample_id_101", "ds_114_sample_id_112", "ds_98_sample_id_67", "ds_7_sample_id_12", "ds_68_sample_id_79", "ds_72_sample_id_160", "ds_20_sample_id_144", "ds_111_sample_id_52", "ds_69_sample_id_132", "ds_47_sample_id_110", "ds_93_sample_id_9", "ds_14_sample_id_83", "ds_31_sample_id_151", "ds_11_sample_id_176", "ds_1_sample_id_85", "ds_29_sample_id_63", "ds_38_sample_id_138", "ds_43_sample_id_168", "ds_30_sample_id_68", "ds_97_sample_id_25", "ds_35_sample_id_102", "ds_104_sample_id_77", "ds_81_sample_id_41", "ds_36_sample_id_167", "ds_103_sample_id_105", "ds_61_sample_id_115", "ds_44_sample_id_31"], "group_10": ["ds_16_sample_id_146", "ds_68_sample_id_6", "ds_100_sample_id_116", "ds_13_sample_id_121", "ds_0_sample_id_123", "ds_5_sample_id_48", "ds_74_sample_id_53", "ds_13_sample_id_51", "ds_47_sample_id_118", "ds_7_sample_id_134", "ds_77_sample_id_44", "ds_62_sample_id_8", "ds_65_sample_id_142", "ds_48_sample_id_170", "ds_44_sample_id_152", "ds_64_sample_id_34", "ds_77_sample_id_126", "ds_67_sample_id_153", "ds_81_sample_id_164", "ds_18_sample_id_97", "ds_76_sample_id_56", "ds_28_sample_id_38", "ds_44_sample_id_62", "ds_46_sample_id_69", "ds_70_sample_id_154", "ds_2_sample_id_109", "ds_14_sample_id_59", "ds_86_sample_id_36", "ds_54_sample_id_14", "ds_43_sample_id_33", "ds_107_sample_id_141", "ds_54_sample_id_43", "ds_111_sample_id_82", "ds_21_sample_id_54", "ds_114_sample_id_112", "ds_86_sample_id_76", "ds_91_sample_id_169", "ds_118_sample_id_162", "ds_50_sample_id_32", "ds_31_sample_id_100", "ds_15_sample_id_4", "ds_2_sample_id_149", "ds_86_sample_id_86", "ds_69_sample_id_132", "ds_93_sample_id_9", "ds_5_sample_id_173", "ds_105_sample_id_7", "ds_31_sample_id_151", "ds_11_sample_id_176", "ds_83_sample_id_147", "ds_4_sample_id_27", "ds_51_sample_id_81", "ds_64_sample_id_145", "ds_43_sample_id_168", "ds_92_sample_id_124", "ds_61_sample_id_42", "ds_44_sample_id_95", "ds_35_sample_id_102", "ds_81_sample_id_41", "ds_45_sample_id_39", "ds_110_sample_id_122", "ds_14_sample_id_175", "ds_22_sample_id_163", "ds_27_sample_id_17", "ds_96_sample_id_148", "ds_48_sample_id_45", "ds_44_sample_id_31"], "group_17": ["ds_16_sample_id_146", "ds_5_sample_id_48", "ds_13_sample_id_51", "ds_47_sample_id_118", "ds_77_sample_id_44", "ds_53_sample_id_3", "ds_48_sample_id_170", "ds_26_sample_id_75", "ds_54_sample_id_99", "ds_81_sample_id_164", "ds_25_sample_id_166", "ds_28_sample_id_38", "ds_95_sample_id_91", "ds_75_sample_id_1", "ds_7_sample_id_156", "ds_93_sample_id_73", "ds_41_sample_id_55", "ds_20_sample_id_37", "ds_14_sample_id_129", "ds_96_sample_id_13", "ds_89_sample_id_16", "ds_21_sample_id_54", "ds_86_sample_id_76", "ds_98_sample_id_157", "ds_118_sample_id_162", "ds_50_sample_id_32", "ds_118_sample_id_72", "ds_94_sample_id_84", "ds_31_sample_id_100", "ds_72_sample_id_160", "ds_20_sample_id_144", "ds_111_sample_id_52", "ds_105_sample_id_7", "ds_31_sample_id_151", "ds_62_sample_id_80", "ds_29_sample_id_63", "ds_106_sample_id_78", "ds_4_sample_id_27", "ds_43_sample_id_168", "ds_33_sample_id_133", "ds_116_sample_id_172", "ds_56_sample_id_117", "ds_81_sample_id_41", "ds_110_sample_id_122", "ds_36_sample_id_167", "ds_22_sample_id_163", "ds_61_sample_id_115", "ds_44_sample_id_31"], "group_11": ["ds_68_sample_id_6", "ds_113_sample_id_114", "ds_100_sample_id_116", "ds_68_sample_id_98", "ds_13_sample_id_121", "ds_0_sample_id_123", "ds_5_sample_id_48", "ds_79_sample_id_111", "ds_47_sample_id_47", "ds_13_sample_id_51", "ds_28_sample_id_92", "ds_53_sample_id_3", "ds_58_sample_id_66", "ds_26_sample_id_93", "ds_69_sample_id_137", "ds_48_sample_id_170", "ds_96_sample_id_89", "ds_65_sample_id_171", "ds_54_sample_id_99", "ds_81_sample_id_164", "ds_18_sample_id_97", "ds_103_sample_id_28", "ds_28_sample_id_38", "ds_114_sample_id_11", "ds_60_sample_id_139", "ds_41_sample_id_90", "ds_28_sample_id_23", "ds_63_sample_id_2", "ds_0_sample_id_30", "ds_93_sample_id_73", "ds_20_sample_id_37", "ds_54_sample_id_43", "ds_15_sample_id_50", "ds_0_sample_id_104", "ds_28_sample_id_106", "ds_91_sample_id_169", "ds_98_sample_id_67", "ds_26_sample_id_174", "ds_103_sample_id_125", "ds_50_sample_id_32", "ds_118_sample_id_72", "ds_15_sample_id_4", "ds_86_sample_id_86", "ds_68_sample_id_87", "ds_20_sample_id_144", "ds_59_sample_id_20", "ds_105_sample_id_7", "ds_83_sample_id_147", "ds_106_sample_id_165", "ds_29_sample_id_63", "ds_106_sample_id_78", "ds_64_sample_id_145", "ds_38_sample_id_138", "ds_92_sample_id_124", "ds_97_sample_id_25", "ds_33_sample_id_133", "ds_9_sample_id_120", "ds_35_sample_id_102", "ds_81_sample_id_41", "ds_110_sample_id_122", "ds_103_sample_id_105", "ds_61_sample_id_115", "ds_48_sample_id_45", "ds_44_sample_id_31"], "group_8": ["ds_80_sample_id_74", "ds_47_sample_id_47", "ds_74_sample_id_53", "ds_28_sample_id_92", "ds_17_sample_id_0", "ds_47_sample_id_118", "ds_77_sample_id_44", "ds_62_sample_id_8", "ds_44_sample_id_152", "ds_96_sample_id_89", "ds_65_sample_id_171", "ds_86_sample_id_58", "ds_25_sample_id_166", "ds_28_sample_id_38", "ds_79_sample_id_135", "ds_60_sample_id_139", "ds_10_sample_id_65", "ds_13_sample_id_60", "ds_41_sample_id_90", "ds_28_sample_id_23", "ds_63_sample_id_2", "ds_70_sample_id_154", "ds_2_sample_id_109", "ds_86_sample_id_36", "ds_41_sample_id_55", "ds_107_sample_id_141", "ds_14_sample_id_129", "ds_35_sample_id_70", "ds_87_sample_id_96", "ds_54_sample_id_43", "ds_96_sample_id_13", "ds_15_sample_id_50", "ds_70_sample_id_158", "ds_28_sample_id_106", "ds_98_sample_id_67", "ds_57_sample_id_64", "ds_103_sample_id_125", "ds_50_sample_id_32", "ds_94_sample_id_84", "ds_2_sample_id_149", "ds_103_sample_id_88", "ds_111_sample_id_10", "ds_68_sample_id_87", "ds_72_sample_id_160", "ds_19_sample_id_24", "ds_59_sample_id_20", "ds_69_sample_id_132", "ds_93_sample_id_9", "ds_31_sample_id_151", "ds_83_sample_id_147", "ds_106_sample_id_165", "ds_1_sample_id_85", "ds_19_sample_id_128", "ds_30_sample_id_68", "ds_78_sample_id_143", "ds_36_sample_id_167", "ds_46_sample_id_161", "ds_56_sample_id_15", "ds_99_sample_id_94", "ds_96_sample_id_148", "ds_103_sample_id_105", "ds_61_sample_id_115", "ds_44_sample_id_31", "ds_50_sample_id_113"], "group_14": ["ds_80_sample_id_74", "ds_100_sample_id_116", "ds_13_sample_id_121", "ds_79_sample_id_111", "ds_74_sample_id_53", "ds_28_sample_id_92", "ds_17_sample_id_0", "ds_3_sample_id_108", "ds_47_sample_id_118", "ds_7_sample_id_134", "ds_65_sample_id_142", "ds_96_sample_id_89", "ds_41_sample_id_155", "ds_67_sample_id_153", "ds_103_sample_id_127", "ds_103_sample_id_28", "ds_76_sample_id_56", "ds_94_sample_id_35", "ds_114_sample_id_11", "ds_79_sample_id_135", "ds_60_sample_id_139", "ds_13_sample_id_60", "ds_80_sample_id_49", "ds_7_sample_id_156", "ds_54_sample_id_14", "ds_20_sample_id_37", "ds_54_sample_id_43", "ds_111_sample_id_82", "ds_89_sample_id_16", "ds_40_sample_id_71", "ds_101_sample_id_18", "ds_70_sample_id_158", "ds_91_sample_id_169", "ds_98_sample_id_67", "ds_7_sample_id_12", "ds_68_sample_id_79", "ds_31_sample_id_100", "ds_2_sample_id_149", "ds_19_sample_id_24", "ds_93_sample_id_9", "ds_106_sample_id_19", "ds_19_sample_id_128", "ds_9_sample_id_120", "ds_116_sample_id_172", "ds_44_sample_id_95", "ds_56_sample_id_117", "ds_104_sample_id_77", "ds_117_sample_id_103", "ds_110_sample_id_122", "ds_36_sample_id_167", "ds_46_sample_id_161", "ds_56_sample_id_15", "ds_27_sample_id_17", "ds_33_sample_id_5", "ds_50_sample_id_113"], "group_6": ["ds_113_sample_id_114", "ds_68_sample_id_98", "ds_0_sample_id_123", "ds_28_sample_id_92", "ds_17_sample_id_0", "ds_69_sample_id_137", "ds_62_sample_id_8", "ds_47_sample_id_119", "ds_65_sample_id_142", "ds_103_sample_id_127", "ds_26_sample_id_75", "ds_15_sample_id_57", "ds_54_sample_id_99", "ds_103_sample_id_28", "ds_25_sample_id_166", "ds_46_sample_id_61", "ds_13_sample_id_60", "ds_46_sample_id_69", "ds_41_sample_id_90", "ds_63_sample_id_2", "ds_75_sample_id_1", "ds_7_sample_id_156", "ds_80_sample_id_150", "ds_41_sample_id_55", "ds_43_sample_id_33", "ds_87_sample_id_96", "ds_19_sample_id_159", "ds_111_sample_id_82", "ds_96_sample_id_13", "ds_101_sample_id_18", "ds_0_sample_id_104", "ds_28_sample_id_106", "ds_101_sample_id_101", "ds_86_sample_id_76", "ds_57_sample_id_64", "ds_98_sample_id_157", "ds_2_sample_id_149", "ds_20_sample_id_144", "ds_19_sample_id_24", "ds_47_sample_id_110", "ds_105_sample_id_7", "ds_62_sample_id_80", "ds_106_sample_id_165", "ds_106_sample_id_78", "ds_30_sample_id_68", "ds_61_sample_id_42", "ds_78_sample_id_143", "ds_116_sample_id_172", "ds_56_sample_id_117", "ds_81_sample_id_41", "ds_110_sample_id_122", "ds_14_sample_id_175", "ds_46_sample_id_161", "ds_105_sample_id_40", "ds_50_sample_id_113"], "group_13": ["ds_113_sample_id_114", "ds_68_sample_id_98", "ds_13_sample_id_121", "ds_28_sample_id_92", "ds_17_sample_id_0", "ds_6_sample_id_46", "ds_53_sample_id_3", "ds_58_sample_id_66", "ds_26_sample_id_93", "ds_65_sample_id_142", "ds_96_sample_id_89", "ds_77_sample_id_126", "ds_103_sample_id_127", "ds_15_sample_id_57", "ds_54_sample_id_99", "ds_86_sample_id_58", "ds_18_sample_id_97", "ds_76_sample_id_56", "ds_46_sample_id_61", "ds_95_sample_id_91", "ds_10_sample_id_65", "ds_41_sample_id_90", "ds_41_sample_id_55", "ds_20_sample_id_37", "ds_14_sample_id_129", "ds_89_sample_id_16", "ds_21_sample_id_54", "ds_101_sample_id_18", "ds_0_sample_id_104", "ds_70_sample_id_158", "ds_91_sample_id_169", "ds_98_sample_id_67", "ds_47_sample_id_136", "ds_98_sample_id_157", "ds_118_sample_id_162", "ds_118_sample_id_72", "ds_111_sample_id_10", "ds_72_sample_id_160", "ds_19_sample_id_24", "ds_59_sample_id_20", "ds_111_sample_id_21", "ds_69_sample_id_132", "ds_47_sample_id_110", "ds_11_sample_id_176", "ds_1_sample_id_85", "ds_106_sample_id_78", "ds_4_sample_id_27", "ds_64_sample_id_145", "ds_43_sample_id_168", "ds_92_sample_id_124", "ds_9_sample_id_120", "ds_56_sample_id_117", "ds_35_sample_id_102", "ds_104_sample_id_77", "ds_27_sample_id_17", "ds_96_sample_id_148", "ds_105_sample_id_40", "ds_103_sample_id_105"], "group_0": ["ds_100_sample_id_116", "ds_0_sample_id_123", "ds_79_sample_id_111", "ds_74_sample_id_53", "ds_13_sample_id_51", "ds_83_sample_id_29", "ds_53_sample_id_3", "ds_69_sample_id_137", "ds_62_sample_id_8", "ds_47_sample_id_119", "ds_65_sample_id_142", "ds_71_sample_id_26", "ds_44_sample_id_152", "ds_56_sample_id_107", "ds_96_sample_id_89", "ds_64_sample_id_34", "ds_103_sample_id_127", "ds_26_sample_id_75", "ds_81_sample_id_164", "ds_18_sample_id_97", "ds_76_sample_id_56", "ds_94_sample_id_35", "ds_46_sample_id_61", "ds_28_sample_id_38", "ds_60_sample_id_139", "ds_70_sample_id_154", "ds_2_sample_id_109", "ds_14_sample_id_59", "ds_41_sample_id_55", "ds_43_sample_id_33", "ds_35_sample_id_70", "ds_87_sample_id_96", "ds_19_sample_id_159", "ds_54_sample_id_43", "ds_40_sample_id_71", "ds_101_sample_id_18", "ds_0_sample_id_104", "ds_70_sample_id_158", "ds_28_sample_id_106", "ds_57_sample_id_64", "ds_94_sample_id_84", "ds_15_sample_id_4", "ds_2_sample_id_149", "ds_103_sample_id_88", "ds_72_sample_id_160", "ds_20_sample_id_144", "ds_111_sample_id_52", "ds_93_sample_id_9", "ds_5_sample_id_173", "ds_106_sample_id_19", "ds_19_sample_id_128", "ds_43_sample_id_168", "ds_92_sample_id_124", "ds_33_sample_id_133", "ds_44_sample_id_95", "ds_56_sample_id_117", "ds_45_sample_id_39", "ds_110_sample_id_122", "ds_99_sample_id_94", "ds_96_sample_id_148", "ds_105_sample_id_40", "ds_61_sample_id_115", "ds_44_sample_id_31"], "group_5": ["ds_100_sample_id_116", "ds_13_sample_id_121", "ds_0_sample_id_123", "ds_83_sample_id_29", "ds_3_sample_id_108", "ds_7_sample_id_134", "ds_6_sample_id_46", "ds_77_sample_id_44", "ds_58_sample_id_66", "ds_69_sample_id_137", "ds_62_sample_id_8", "ds_48_sample_id_170", "ds_65_sample_id_171", "ds_41_sample_id_155", "ds_54_sample_id_99", "ds_103_sample_id_28", "ds_94_sample_id_35", "ds_25_sample_id_166", "ds_95_sample_id_91", "ds_114_sample_id_11", "ds_99_sample_id_130", "ds_79_sample_id_135", "ds_10_sample_id_65", "ds_13_sample_id_60", "ds_80_sample_id_49", "ds_100_sample_id_131", "ds_14_sample_id_59", "ds_93_sample_id_73", "ds_80_sample_id_150", "ds_106_sample_id_140", "ds_14_sample_id_129", "ds_35_sample_id_70", "ds_54_sample_id_43", "ds_96_sample_id_13", "ds_0_sample_id_104", "ds_47_sample_id_136", "ds_98_sample_id_157", "ds_118_sample_id_162", "ds_118_sample_id_72", "ds_68_sample_id_79", "ds_111_sample_id_10", "ds_68_sample_id_87", "ds_20_sample_id_144", "ds_111_sample_id_52", "ds_69_sample_id_132", "ds_47_sample_id_110", "ds_93_sample_id_9", "ds_31_sample_id_151", "ds_106_sample_id_78", "ds_64_sample_id_145", "ds_30_sample_id_68", "ds_97_sample_id_25", "ds_33_sample_id_133", "ds_56_sample_id_117", "ds_104_sample_id_77", "ds_117_sample_id_103", "ds_45_sample_id_39", "ds_110_sample_id_122", "ds_36_sample_id_167", "ds_56_sample_id_15", "ds_33_sample_id_5"], "group_19": ["ds_68_sample_id_98", "ds_13_sample_id_121", "ds_47_sample_id_47", "ds_74_sample_id_53", "ds_17_sample_id_0", "ds_47_sample_id_118", "ds_7_sample_id_134", "ds_26_sample_id_93", "ds_44_sample_id_152", "ds_65_sample_id_171", "ds_67_sample_id_153", "ds_18_sample_id_97", "ds_103_sample_id_28", "ds_94_sample_id_35", "ds_46_sample_id_61", "ds_28_sample_id_38", "ds_114_sample_id_11", "ds_46_sample_id_69", "ds_7_sample_id_156", "ds_93_sample_id_73", "ds_80_sample_id_150", "ds_86_sample_id_36", "ds_41_sample_id_55", "ds_43_sample_id_33", "ds_20_sample_id_37", "ds_14_sample_id_129", "ds_35_sample_id_70", "ds_40_sample_id_71", "ds_0_sample_id_104", "ds_28_sample_id_106", "ds_101_sample_id_101", "ds_86_sample_id_76", "ds_7_sample_id_12", "ds_118_sample_id_162", "ds_103_sample_id_125", "ds_2_sample_id_149", "ds_111_sample_id_52", "ds_59_sample_id_20", "ds_31_sample_id_151", "ds_106_sample_id_19", "ds_106_sample_id_165", "ds_64_sample_id_145", "ds_38_sample_id_138", "ds_92_sample_id_124", "ds_56_sample_id_117", "ds_104_sample_id_77", "ds_81_sample_id_41", "ds_36_sample_id_167", "ds_46_sample_id_161", "ds_22_sample_id_163", "ds_56_sample_id_15", "ds_99_sample_id_94", "ds_105_sample_id_40", "ds_33_sample_id_5", "ds_103_sample_id_105", "ds_61_sample_id_115", "ds_48_sample_id_45", "ds_50_sample_id_113"]}}