{"ds_308_sample_id_0": [], "ds_269_sample_id_1": [], "ds_487_sample_id_2": [], "ds_431_sample_id_3": [], "ds_139_sample_id_4": [], "ds_117_sample_id_5": [], "ds_116_sample_id_6": [], "ds_85_sample_id_7": ["US_DRIVER_LICENSE"], "ds_21_sample_id_8": [], "ds_42_sample_id_9": ["DOMAIN_NAME", "LOCATION"], "ds_13_sample_id_10": [], "ds_442_sample_id_11": [], "ds_274_sample_id_12": [], "ds_215_sample_id_13": [], "ds_254_sample_id_14": [], "ds_441_sample_id_15": [], "ds_405_sample_id_16": [], "ds_85_sample_id_17": ["US_DRIVER_LICENSE"], "ds_128_sample_id_18": [], "ds_133_sample_id_19": [], "ds_517_sample_id_20": [], "ds_144_sample_id_21": [], "ds_508_sample_id_22": [], "ds_365_sample_id_23": [], "ds_96_sample_id_24": ["DOMAIN_NAME", "LOCATION"], "ds_296_sample_id_25": [], "ds_186_sample_id_26": [], "ds_127_sample_id_27": [], "ds_531_sample_id_28": [], "ds_146_sample_id_29": [], "ds_336_sample_id_30": [], "ds_357_sample_id_31": [], "ds_155_sample_id_32": [], "ds_337_sample_id_33": ["DOMAIN_NAME", "IP_ADDRESS", "LOCATION", "PERSON"], "ds_297_sample_id_34": [], "ds_397_sample_id_35": [], "ds_101_sample_id_36": ["LOCATION", "US_DRIVER_LICENSE"], "ds_54_sample_id_37": [], "ds_269_sample_id_38": [], "ds_468_sample_id_39": [], "ds_20_sample_id_40": [], "ds_422_sample_id_41": [], "ds_178_sample_id_42": [], "ds_408_sample_id_43": [], "ds_54_sample_id_44": [], "ds_466_sample_id_45": [], "ds_250_sample_id_46": [], "ds_374_sample_id_47": [], "ds_169_sample_id_48": [], "ds_402_sample_id_49": ["DOMAIN_NAME"], "ds_433_sample_id_50": [], "ds_74_sample_id_51": ["IP_ADDRESS", "US_DRIVER_LICENSE"], "ds_77_sample_id_52": ["DOMAIN_NAME", "IP_ADDRESS", "LOCATION", "PERSON", "US_DRIVER_LICENSE"], "ds_337_sample_id_53": ["DOMAIN_NAME", "IP_ADDRESS", "LOCATION", "PERSON"], "ds_309_sample_id_54": [], "ds_264_sample_id_55": [], "ds_240_sample_id_56": [], "ds_359_sample_id_57": [], "ds_243_sample_id_58": [], "ds_189_sample_id_59": [], "ds_229_sample_id_60": [], "ds_305_sample_id_61": [], "ds_390_sample_id_62": ["IP_ADDRESS", "US_DRIVER_LICENSE"], "ds_175_sample_id_63": [], "ds_541_sample_id_64": [], "ds_448_sample_id_65": [], "ds_188_sample_id_66": [], "ds_168_sample_id_67": [], "ds_365_sample_id_68": [], "ds_450_sample_id_69": [], "ds_347_sample_id_70": [], "ds_229_sample_id_71": [], "ds_32_sample_id_72": [], "ds_367_sample_id_73": [], "ds_320_sample_id_74": [], "ds_354_sample_id_75": [], "ds_382_sample_id_76": ["LOCATION", "PERSON", "PHONE_NUMBER"], "ds_530_sample_id_77": [], "ds_257_sample_id_78": [], "ds_515_sample_id_79": [], "ds_327_sample_id_80": [], "ds_140_sample_id_81": [], "ds_198_sample_id_82": [], "ds_270_sample_id_83": [], "ds_114_sample_id_84": [], "ds_214_sample_id_85": [], "ds_30_sample_id_86": [], "ds_258_sample_id_87": [], "ds_81_sample_id_88": [], "ds_491_sample_id_89": [], "ds_67_sample_id_90": [], "ds_235_sample_id_91": [], "ds_249_sample_id_92": [], "ds_359_sample_id_93": [], "ds_478_sample_id_94": [], "ds_232_sample_id_95": [], "ds_412_sample_id_96": [], "ds_416_sample_id_97": [], "ds_9_sample_id_98": [], "ds_372_sample_id_99": ["LOCATION"], "ds_256_sample_id_100": [], "ds_36_sample_id_101": [], "ds_117_sample_id_102": [], "ds_179_sample_id_103": [], "ds_309_sample_id_104": [], "ds_385_sample_id_105": [], "ds_421_sample_id_106": [], "ds_530_sample_id_107": [], "ds_233_sample_id_108": [], "ds_273_sample_id_109": [], "ds_434_sample_id_110": [], "ds_44_sample_id_111": [], "ds_136_sample_id_112": [], "ds_465_sample_id_113": [], "ds_496_sample_id_114": [], "ds_23_sample_id_115": [], "ds_115_sample_id_116": [], "ds_412_sample_id_117": [], "ds_110_sample_id_118": ["DOMAIN_NAME", "IP_ADDRESS"], "ds_32_sample_id_119": [], "ds_64_sample_id_120": ["DOMAIN_NAME", "IP_ADDRESS", "PERSON"], "ds_131_sample_id_121": [], "ds_187_sample_id_122": [], "ds_468_sample_id_123": [], "ds_501_sample_id_124": [], "ds_253_sample_id_125": [], "ds_385_sample_id_126": [], "ds_173_sample_id_127": [], "ds_410_sample_id_128": [], "ds_292_sample_id_129": [], "ds_353_sample_id_130": [], "ds_230_sample_id_131": [], "ds_366_sample_id_132": [], "ds_342_sample_id_133": [], "ds_274_sample_id_134": [], "ds_431_sample_id_135": [], "ds_313_sample_id_136": [], "ds_444_sample_id_137": [], "ds_248_sample_id_138": [], "ds_378_sample_id_139": ["CREDIT_CARD", "DOMAIN_NAME", "IP_ADDRESS"], "ds_478_sample_id_140": [], "ds_380_sample_id_141": [], "ds_206_sample_id_142": ["DOMAIN_NAME"], "ds_451_sample_id_143": [], "ds_63_sample_id_144": ["DOMAIN_NAME", "LOCATION", "PERSON"], "ds_161_sample_id_145": [], "ds_363_sample_id_146": [], "ds_190_sample_id_147": [], "ds_452_sample_id_148": [], "ds_302_sample_id_149": [], "ds_40_sample_id_150": [], "ds_15_sample_id_151": [], "ds_389_sample_id_152": [], "ds_119_sample_id_153": [], "ds_200_sample_id_154": [], "ds_89_sample_id_155": ["DOMAIN_NAME", "EMAIL_ADDRESS", "PERSON", "PHONE_NUMBER"], "ds_85_sample_id_156": ["US_DRIVER_LICENSE"], "ds_104_sample_id_157": ["DOMAIN_NAME", "IP_ADDRESS", "LOCATION", "US_DRIVER_LICENSE"], "ds_128_sample_id_158": [], "ds_46_sample_id_159": [], "ds_531_sample_id_160": [], "ds_75_sample_id_161": [], "ds_523_sample_id_162": [], "ds_477_sample_id_163": [], "ds_98_sample_id_164": ["DOMAIN_NAME", "IP_ADDRESS", "LOCATION", "US_DRIVER_LICENSE"], "ds_472_sample_id_165": [], "ds_371_sample_id_166": [], "ds_341_sample_id_167": [], "ds_293_sample_id_168": [], "ds_17_sample_id_169": [], "ds_91_sample_id_170": ["IP_ADDRESS"], "ds_439_sample_id_171": [], "ds_215_sample_id_172": [], "ds_407_sample_id_173": [], "ds_533_sample_id_174": [], "ds_16_sample_id_175": [], "ds_96_sample_id_176": ["DOMAIN_NAME", "LOCATION"], "ds_27_sample_id_177": [], "ds_273_sample_id_178": [], "ds_381_sample_id_179": [], "ds_67_sample_id_180": [], "ds_410_sample_id_181": [], "ds_101_sample_id_182": ["LOCATION", "US_DRIVER_LICENSE"], "ds_382_sample_id_183": ["LOCATION", "PERSON", "PHONE_NUMBER"], "ds_464_sample_id_184": [], "ds_421_sample_id_185": [], "ds_47_sample_id_186": ["DOMAIN_NAME", "IP_ADDRESS"], "ds_523_sample_id_187": [], "ds_116_sample_id_188": [], "ds_534_sample_id_189": [], "ds_53_sample_id_190": [], "ds_324_sample_id_191": [], "ds_518_sample_id_192": [], "ds_282_sample_id_193": [], "ds_292_sample_id_194": [], "ds_158_sample_id_195": [], "ds_528_sample_id_196": [], "ds_118_sample_id_197": [], "ds_186_sample_id_198": [], "ds_192_sample_id_199": [], "ds_434_sample_id_200": [], "ds_203_sample_id_201": [], "ds_518_sample_id_202": [], "ds_213_sample_id_203": [], "ds_169_sample_id_204": [], "ds_442_sample_id_205": [], "ds_102_sample_id_206": ["CREDIT_CARD", "IP_ADDRESS"], "ds_370_sample_id_207": [], "ds_415_sample_id_208": [], "ds_266_sample_id_209": [], "ds_70_sample_id_210": [], "ds_41_sample_id_211": ["DOMAIN_NAME", "LOCATION", "US_DRIVER_LICENSE"], "ds_211_sample_id_212": [], "ds_142_sample_id_213": [], "ds_255_sample_id_214": [], "ds_0_sample_id_215": [], "ds_507_sample_id_216": [], "ds_489_sample_id_217": [], "ds_248_sample_id_218": [], "ds_350_sample_id_219": [], "ds_173_sample_id_220": [], "ds_210_sample_id_221": [], "ds_400_sample_id_222": [], "ds_89_sample_id_223": ["DOMAIN_NAME", "EMAIL_ADDRESS", "PERSON", "PHONE_NUMBER"], "ds_199_sample_id_224": [], "ds_385_sample_id_225": [], "ds_229_sample_id_226": [], "ds_42_sample_id_227": ["DOMAIN_NAME", "LOCATION"], "ds_383_sample_id_228": ["IP_ADDRESS"], "ds_108_sample_id_229": ["CREDIT_CARD", "DOMAIN_NAME", "IP_ADDRESS", "LOCATION", "PERSON"], "ds_449_sample_id_230": [], "ds_365_sample_id_231": [], "ds_529_sample_id_232": [], "ds_432_sample_id_233": [], "ds_109_sample_id_234": ["CREDIT_CARD"], "ds_359_sample_id_235": [], "ds_438_sample_id_236": [], "ds_253_sample_id_237": [], "ds_317_sample_id_238": [], "ds_237_sample_id_239": [], "ds_55_sample_id_240": [], "ds_88_sample_id_241": ["CREDIT_CARD", "DOMAIN_NAME", "IP_ADDRESS", "LOCATION", "PERSON"], "ds_9_sample_id_242": [], "ds_543_sample_id_243": [], "ds_338_sample_id_244": [], "ds_376_sample_id_245": [], "ds_7_sample_id_246": [], "ds_109_sample_id_247": ["CREDIT_CARD"], "ds_83_sample_id_248": [], "ds_248_sample_id_249": [], "ds_493_sample_id_250": [], "ds_21_sample_id_251": [], "ds_410_sample_id_252": [], "ds_294_sample_id_253": [], "ds_424_sample_id_254": [], "ds_369_sample_id_255": [], "ds_378_sample_id_256": ["CREDIT_CARD", "DOMAIN_NAME", "IP_ADDRESS"], "ds_142_sample_id_257": [], "ds_429_sample_id_258": [], "ds_212_sample_id_259": [], "ds_368_sample_id_260": [], "ds_191_sample_id_261": [], "ds_389_sample_id_262": [], "ds_75_sample_id_263": [], "ds_158_sample_id_264": [], "ds_236_sample_id_265": [], "ds_206_sample_id_266": ["DOMAIN_NAME"], "ds_473_sample_id_267": [], "ds_23_sample_id_268": [], "ds_271_sample_id_269": [], "ds_450_sample_id_270": [], "ds_410_sample_id_271": [], "ds_468_sample_id_272": [], "ds_336_sample_id_273": []}