{"ds_10727_sample_id_0": [], "ds_6208_sample_id_1": [], "ds_5600_sample_id_2": [], "ds_8875_sample_id_3": [], "ds_5911_sample_id_4": [], "ds_7966_sample_id_5": [], "ds_4635_sample_id_6": [], "ds_2330_sample_id_7": [], "ds_4559_sample_id_8": [], "ds_6366_sample_id_9": [], "ds_1453_sample_id_10": [], "ds_8517_sample_id_11": [], "ds_8477_sample_id_12": [], "ds_9233_sample_id_13": [], "ds_5374_sample_id_14": [], "ds_9151_sample_id_15": [], "ds_2905_sample_id_16": [], "ds_9426_sample_id_17": [], "ds_2829_sample_id_18": [], "ds_7327_sample_id_19": [], "ds_8985_sample_id_20": [], "ds_2488_sample_id_21": [], "ds_4641_sample_id_22": [], "ds_1689_sample_id_23": [], "ds_4257_sample_id_24": [], "ds_3802_sample_id_25": [], "ds_3294_sample_id_26": [], "ds_8029_sample_id_27": [], "ds_1194_sample_id_28": [], "ds_9820_sample_id_29": [], "ds_5581_sample_id_30": [], "ds_7924_sample_id_31": [], "ds_4354_sample_id_32": [], "ds_5882_sample_id_33": [], "ds_5603_sample_id_34": [], "ds_7075_sample_id_35": [], "ds_9051_sample_id_36": [], "ds_6451_sample_id_37": [], "ds_1279_sample_id_38": [], "ds_7625_sample_id_39": [], "ds_8138_sample_id_40": [], "ds_6816_sample_id_41": [], "ds_238_sample_id_42": [], "ds_1569_sample_id_43": [], "ds_6500_sample_id_44": [], "ds_6733_sample_id_45": [], "ds_10364_sample_id_46": [], "ds_3179_sample_id_47": [], "ds_11163_sample_id_48": [], "ds_3084_sample_id_49": [], "ds_9671_sample_id_50": [], "ds_8092_sample_id_51": [], "ds_9451_sample_id_52": [], "ds_11281_sample_id_53": [], "ds_9920_sample_id_54": [], "ds_9961_sample_id_55": [], "ds_7404_sample_id_56": [], "ds_1726_sample_id_57": [], "ds_4003_sample_id_58": [], "ds_8742_sample_id_59": [], "ds_660_sample_id_60": [], "ds_6929_sample_id_61": [], "ds_10859_sample_id_62": [], "ds_761_sample_id_63": [], "ds_3759_sample_id_64": [], "ds_8810_sample_id_65": [], "ds_10129_sample_id_66": [], "ds_9107_sample_id_67": [], "ds_283_sample_id_68": [], "ds_4469_sample_id_69": [], "ds_5432_sample_id_70": [], "ds_10590_sample_id_71": [], "ds_2779_sample_id_72": [], "ds_730_sample_id_73": [], "ds_11158_sample_id_74": [], "ds_10882_sample_id_75": [], "ds_1503_sample_id_76": [], "ds_1464_sample_id_77": [], "ds_9019_sample_id_78": [], "ds_5745_sample_id_79": [], "ds_754_sample_id_80": [], "ds_8657_sample_id_81": [], "ds_3359_sample_id_82": [], "ds_184_sample_id_83": [], "ds_1039_sample_id_84": [], "ds_3960_sample_id_85": [], "ds_1703_sample_id_86": [], "ds_4945_sample_id_87": [], "ds_2785_sample_id_88": [], "ds_11220_sample_id_89": [], "ds_9335_sample_id_90": [], "ds_3512_sample_id_91": [], "ds_5055_sample_id_92": [], "ds_9168_sample_id_93": [], "ds_2493_sample_id_94": [], "ds_1863_sample_id_95": [], "ds_7536_sample_id_96": [], "ds_9121_sample_id_97": [], "ds_1798_sample_id_98": [], "ds_1966_sample_id_99": [], "ds_10595_sample_id_100": [], "ds_4080_sample_id_101": [], "ds_5134_sample_id_102": [], "ds_5179_sample_id_103": [], "ds_513_sample_id_104": [], "ds_8669_sample_id_105": [], "ds_8002_sample_id_106": [], "ds_10902_sample_id_107": [], "ds_8702_sample_id_108": [], "ds_7742_sample_id_109": [], "ds_5127_sample_id_110": [], "ds_85_sample_id_111": [], "ds_9903_sample_id_112": []}