{"ds_46_sample_id_0": [], "ds_55_sample_id_1": [], "ds_166_sample_id_2": [], "ds_8_sample_id_3": [], "ds_28_sample_id_4": [], "ds_28_sample_id_5": [], "ds_112_sample_id_6": [], "ds_181_sample_id_7": [], "ds_199_sample_id_8": [], "ds_76_sample_id_9": [], "ds_156_sample_id_10": [], "ds_2_sample_id_11": [], "ds_132_sample_id_12": [], "ds_170_sample_id_13": [], "ds_85_sample_id_14": [], "ds_199_sample_id_15": [], "ds_113_sample_id_16": [], "ds_56_sample_id_17": [], "ds_63_sample_id_18": [], "ds_62_sample_id_19": [], "ds_52_sample_id_20": [], "ds_40_sample_id_21": [], "ds_112_sample_id_22": [], "ds_196_sample_id_23": [], "ds_198_sample_id_24": [], "ds_96_sample_id_25": [], "ds_143_sample_id_26": [], "ds_60_sample_id_27": [], "ds_22_sample_id_28": [], "ds_142_sample_id_29": [], "ds_182_sample_id_30": [], "ds_148_sample_id_31": [], "ds_132_sample_id_32": [], "ds_18_sample_id_33": [], "ds_104_sample_id_34": [], "ds_192_sample_id_35": [], "ds_52_sample_id_36": [], "ds_60_sample_id_37": [], "ds_16_sample_id_38": [], "ds_53_sample_id_39": [], "ds_82_sample_id_40": [], "ds_183_sample_id_41": [], "ds_72_sample_id_42": [], "ds_130_sample_id_43": [], "ds_87_sample_id_44": [], "ds_18_sample_id_45": [], "ds_74_sample_id_46": [], "ds_110_sample_id_47": [], "ds_53_sample_id_48": [], "ds_198_sample_id_49": [], "ds_128_sample_id_50": [], "ds_182_sample_id_51": [], "ds_158_sample_id_52": [], "ds_151_sample_id_53": [], "ds_21_sample_id_54": [], "ds_111_sample_id_55": [], "ds_35_sample_id_56": [], "ds_99_sample_id_57": [], "ds_17_sample_id_58": [], "ds_9_sample_id_59": [], "ds_179_sample_id_60": [], "ds_190_sample_id_61": [], "ds_181_sample_id_62": [], "ds_194_sample_id_63": [], "ds_2_sample_id_64": [], "ds_93_sample_id_65": [], "ds_189_sample_id_66": [], "ds_131_sample_id_67": [], "ds_103_sample_id_68": [], "ds_146_sample_id_69": [], "ds_142_sample_id_70": [], "ds_120_sample_id_71": [], "ds_87_sample_id_72": [], "ds_131_sample_id_73": [], "ds_111_sample_id_74": [], "ds_91_sample_id_75": [], "ds_89_sample_id_76": [], "ds_177_sample_id_77": [], "ds_81_sample_id_78": [], "ds_34_sample_id_79": [], "ds_52_sample_id_80": [], "ds_131_sample_id_81": [], "ds_138_sample_id_82": [], "ds_79_sample_id_83": [], "ds_43_sample_id_84": [], "ds_94_sample_id_85": [], "ds_108_sample_id_86": [], "ds_34_sample_id_87": [], "ds_114_sample_id_88": [], "ds_77_sample_id_89": [], "ds_156_sample_id_90": [], "ds_112_sample_id_91": [], "ds_153_sample_id_92": [], "ds_126_sample_id_93": [], "ds_104_sample_id_94": [], "ds_28_sample_id_95": [], "ds_20_sample_id_96": [], "ds_3_sample_id_97": [], "ds_119_sample_id_98": [], "ds_54_sample_id_99": [], "ds_47_sample_id_100": [], "ds_23_sample_id_101": [], "ds_103_sample_id_102": [], "ds_39_sample_id_103": [], "ds_99_sample_id_104": [], "ds_23_sample_id_105": [], "ds_154_sample_id_106": [], "ds_170_sample_id_107": [], "ds_113_sample_id_108": [], "ds_147_sample_id_109": [], "ds_66_sample_id_110": [], "ds_101_sample_id_111": [], "ds_157_sample_id_112": [], "ds_30_sample_id_113": [], "ds_104_sample_id_114": [], "ds_78_sample_id_115": [], "ds_65_sample_id_116": [], "ds_104_sample_id_117": [], "ds_171_sample_id_118": [], "ds_194_sample_id_119": [], "ds_67_sample_id_120": [], "ds_179_sample_id_121": [], "ds_199_sample_id_122": [], "ds_22_sample_id_123": [], "ds_161_sample_id_124": [], "ds_6_sample_id_125": [], "ds_5_sample_id_126": [], "ds_33_sample_id_127": [], "ds_118_sample_id_128": [], "ds_144_sample_id_129": [], "ds_15_sample_id_130": [], "ds_27_sample_id_131": [], "ds_151_sample_id_132": [], "ds_72_sample_id_133": [], "ds_158_sample_id_134": [], "ds_28_sample_id_135": [], "ds_94_sample_id_136": [], "ds_194_sample_id_137": [], "ds_90_sample_id_138": [], "ds_137_sample_id_139": [], "ds_65_sample_id_140": [], "ds_99_sample_id_141": [], "ds_39_sample_id_142": [], "ds_164_sample_id_143": [], "ds_149_sample_id_144": [], "ds_162_sample_id_145": [], "ds_1_sample_id_146": [], "ds_83_sample_id_147": [], "ds_81_sample_id_148": [], "ds_37_sample_id_149": [], "ds_67_sample_id_150": [], "ds_39_sample_id_151": [], "ds_124_sample_id_152": [], "ds_15_sample_id_153": [], "ds_31_sample_id_154": [], "ds_56_sample_id_155": [], "ds_24_sample_id_156": [], "ds_174_sample_id_157": [], "ds_42_sample_id_158": [], "ds_137_sample_id_159": [], "ds_21_sample_id_160": [], "ds_33_sample_id_161": [], "ds_14_sample_id_162": [], "ds_98_sample_id_163": [], "ds_22_sample_id_164": [], "ds_134_sample_id_165": [], "ds_0_sample_id_166": [], "ds_148_sample_id_167": [], "ds_199_sample_id_168": [], "ds_77_sample_id_169": [], "ds_175_sample_id_170": [], "ds_25_sample_id_171": [], "ds_173_sample_id_172": [], "ds_152_sample_id_173": [], "ds_104_sample_id_174": [], "ds_44_sample_id_175": [], "ds_17_sample_id_176": []}