{"ds_85_sample_id_0": ["US_DRIVER_LICENSE"], "ds_33_sample_id_1": [], "ds_485_sample_id_2": [], "ds_446_sample_id_3": [], "ds_449_sample_id_4": [], "ds_311_sample_id_5": [], "ds_376_sample_id_6": [], "ds_455_sample_id_7": [], "ds_406_sample_id_8": [], "ds_273_sample_id_9": [], "ds_127_sample_id_10": [], "ds_114_sample_id_11": [], "ds_425_sample_id_12": [], "ds_73_sample_id_13": ["DOMAIN_NAME", "LOCATION", "PERSON", "US_DRIVER_LICENSE"], "ds_305_sample_id_14": [], "ds_471_sample_id_15": [], "ds_489_sample_id_16": [], "ds_258_sample_id_17": [], "ds_68_sample_id_18": [], "ds_264_sample_id_19": [], "ds_107_sample_id_20": [], "ds_171_sample_id_21": [], "ds_285_sample_id_22": [], "ds_39_sample_id_23": [], "ds_204_sample_id_24": [], "ds_91_sample_id_25": ["IP_ADDRESS"], "ds_184_sample_id_26": [], "ds_239_sample_id_27": [], "ds_483_sample_id_28": [], "ds_223_sample_id_29": [], "ds_473_sample_id_30": [], "ds_456_sample_id_31": [], "ds_402_sample_id_32": ["DOMAIN_NAME"], "ds_95_sample_id_33": [], "ds_132_sample_id_34": [], "ds_133_sample_id_35": [], "ds_354_sample_id_36": [], "ds_464_sample_id_37": [], "ds_296_sample_id_38": [], "ds_377_sample_id_39": [], "ds_80_sample_id_40": [], "ds_364_sample_id_41": [], "ds_86_sample_id_42": ["LOCATION"], "ds_154_sample_id_43": [], "ds_407_sample_id_44": [], "ds_67_sample_id_45": [], "ds_236_sample_id_46": [], "ds_220_sample_id_47": [], "ds_15_sample_id_48": [], "ds_537_sample_id_49": [], "ds_446_sample_id_50": [], "ds_407_sample_id_51": [], "ds_111_sample_id_52": ["DOMAIN_NAME", "IP_ADDRESS"], "ds_18_sample_id_53": [], "ds_167_sample_id_54": [], "ds_370_sample_id_55": [], "ds_391_sample_id_56": ["CREDIT_CARD", "IP_ADDRESS", "US_DRIVER_LICENSE"], "ds_15_sample_id_57": [], "ds_511_sample_id_58": [], "ds_5_sample_id_59": [], "ds_219_sample_id_60": [], "ds_53_sample_id_61": [], "ds_116_sample_id_62": [], "ds_17_sample_id_63": [], "ds_135_sample_id_64": [], "ds_224_sample_id_65": [], "ds_157_sample_id_66": [], "ds_414_sample_id_67": [], "ds_142_sample_id_68": [], "ds_541_sample_id_69": [], "ds_10_sample_id_70": [], "ds_135_sample_id_71": [], "ds_154_sample_id_72": [], "ds_226_sample_id_73": [], "ds_441_sample_id_74": [], "ds_34_sample_id_75": [], "ds_499_sample_id_76": [], "ds_459_sample_id_77": [], "ds_51_sample_id_78": [], "ds_342_sample_id_79": [], "ds_75_sample_id_80": [], "ds_302_sample_id_81": [], "ds_70_sample_id_82": [], "ds_536_sample_id_83": [], "ds_173_sample_id_84": [], "ds_221_sample_id_85": [], "ds_263_sample_id_86": [], "ds_457_sample_id_87": [], "ds_543_sample_id_88": [], "ds_167_sample_id_89": [], "ds_374_sample_id_90": [], "ds_428_sample_id_91": [], "ds_263_sample_id_92": [], "ds_172_sample_id_93": [], "ds_322_sample_id_94": [], "ds_303_sample_id_95": [], "ds_321_sample_id_96": [], "ds_461_sample_id_97": [], "ds_513_sample_id_98": [], "ds_385_sample_id_99": [], "ds_208_sample_id_100": [], "ds_454_sample_id_101": [], "ds_13_sample_id_102": [], "ds_486_sample_id_103": [], "ds_91_sample_id_104": ["IP_ADDRESS"], "ds_33_sample_id_105": [], "ds_63_sample_id_106": ["DOMAIN_NAME", "LOCATION", "PERSON"], "ds_458_sample_id_107": [], "ds_7_sample_id_108": [], "ds_498_sample_id_109": [], "ds_403_sample_id_110": [], "ds_320_sample_id_111": [], "ds_453_sample_id_112": [], "ds_192_sample_id_113": [], "ds_37_sample_id_114": [], "ds_543_sample_id_115": [], "ds_223_sample_id_116": [], "ds_86_sample_id_117": ["LOCATION"], "ds_516_sample_id_118": [], "ds_139_sample_id_119": [], "ds_325_sample_id_120": [], "ds_153_sample_id_121": [], "ds_358_sample_id_122": ["DOMAIN_NAME", "IP_ADDRESS", "PERSON"], "ds_445_sample_id_123": [], "ds_382_sample_id_124": ["LOCATION", "PERSON", "PHONE_NUMBER"], "ds_82_sample_id_125": ["IP_ADDRESS", "PERSON"], "ds_103_sample_id_126": ["DOMAIN_NAME", "IP_ADDRESS"], "ds_472_sample_id_127": [], "ds_310_sample_id_128": ["DOMAIN_NAME", "IP_ADDRESS", "LOCATION", "PERSON", "US_DRIVER_LICENSE"], "ds_227_sample_id_129": [], "ds_7_sample_id_130": [], "ds_9_sample_id_131": [], "ds_276_sample_id_132": [], "ds_150_sample_id_133": [], "ds_284_sample_id_134": [], "ds_258_sample_id_135": [], "ds_323_sample_id_136": [], "ds_128_sample_id_137": [], "ds_246_sample_id_138": [], "ds_407_sample_id_139": [], "ds_152_sample_id_140": [], "ds_1_sample_id_141": [], "ds_409_sample_id_142": [], "ds_541_sample_id_143": [], "ds_248_sample_id_144": [], "ds_290_sample_id_145": [], "ds_93_sample_id_146": ["DOMAIN_NAME", "IP_ADDRESS"], "ds_263_sample_id_147": [], "ds_123_sample_id_148": [], "ds_209_sample_id_149": [], "ds_295_sample_id_150": [], "ds_324_sample_id_151": [], "ds_13_sample_id_152": [], "ds_79_sample_id_153": [], "ds_527_sample_id_154": [], "ds_303_sample_id_155": [], "ds_211_sample_id_156": [], "ds_203_sample_id_157": [], "ds_164_sample_id_158": [], "ds_315_sample_id_159": [], "ds_266_sample_id_160": [], "ds_109_sample_id_161": ["CREDIT_CARD"], "ds_405_sample_id_162": [], "ds_471_sample_id_163": [], "ds_483_sample_id_164": [], "ds_149_sample_id_165": [], "ds_365_sample_id_166": [], "ds_356_sample_id_167": ["DOMAIN_NAME", "IP_ADDRESS", "LOCATION", "PERSON"], "ds_515_sample_id_168": [], "ds_54_sample_id_169": [], "ds_229_sample_id_170": [], "ds_169_sample_id_171": [], "ds_196_sample_id_172": [], "ds_266_sample_id_173": [], "ds_428_sample_id_174": [], "ds_65_sample_id_175": [], "ds_141_sample_id_176": [], "ds_144_sample_id_177": [], "ds_193_sample_id_178": [], "ds_511_sample_id_179": [], "ds_309_sample_id_180": [], "ds_467_sample_id_181": [], "ds_526_sample_id_182": [], "ds_510_sample_id_183": [], "ds_41_sample_id_184": ["DOMAIN_NAME", "LOCATION", "US_DRIVER_LICENSE"], "ds_427_sample_id_185": [], "ds_164_sample_id_186": [], "ds_468_sample_id_187": [], "ds_436_sample_id_188": [], "ds_203_sample_id_189": [], "ds_179_sample_id_190": [], "ds_513_sample_id_191": [], "ds_317_sample_id_192": [], "ds_226_sample_id_193": [], "ds_198_sample_id_194": [], "ds_511_sample_id_195": [], "ds_168_sample_id_196": [], "ds_129_sample_id_197": [], "ds_39_sample_id_198": [], "ds_527_sample_id_199": [], "ds_221_sample_id_200": [], "ds_293_sample_id_201": [], "ds_87_sample_id_202": [], "ds_488_sample_id_203": [], "ds_470_sample_id_204": [], "ds_504_sample_id_205": [], "ds_542_sample_id_206": [], "ds_175_sample_id_207": [], "ds_8_sample_id_208": [], "ds_136_sample_id_209": [], "ds_193_sample_id_210": [], "ds_445_sample_id_211": [], "ds_74_sample_id_212": ["IP_ADDRESS", "US_DRIVER_LICENSE"], "ds_107_sample_id_213": [], "ds_264_sample_id_214": [], "ds_134_sample_id_215": ["IP_ADDRESS", "LOCATION"], "ds_13_sample_id_216": [], "ds_524_sample_id_217": [], "ds_294_sample_id_218": [], "ds_395_sample_id_219": [], "ds_356_sample_id_220": ["DOMAIN_NAME", "IP_ADDRESS", "LOCATION", "PERSON"], "ds_121_sample_id_221": [], "ds_370_sample_id_222": [], "ds_212_sample_id_223": [], "ds_251_sample_id_224": [], "ds_366_sample_id_225": [], "ds_454_sample_id_226": [], "ds_242_sample_id_227": [], "ds_58_sample_id_228": ["DOMAIN_NAME", "IP_ADDRESS", "PERSON"], "ds_107_sample_id_229": [], "ds_348_sample_id_230": [], "ds_320_sample_id_231": [], "ds_175_sample_id_232": [], "ds_517_sample_id_233": [], "ds_281_sample_id_234": [], "ds_35_sample_id_235": [], "ds_341_sample_id_236": [], "ds_225_sample_id_237": [], "ds_113_sample_id_238": [], "ds_302_sample_id_239": []}