{"ds_491_sample_id_0": [], "ds_448_sample_id_1": [], "ds_513_sample_id_2": [], "ds_131_sample_id_3": [], "ds_472_sample_id_4": [], "ds_83_sample_id_5": [], "ds_429_sample_id_6": [], "ds_382_sample_id_7": ["LOCATION", "PERSON", "PHONE_NUMBER"], "ds_97_sample_id_8": ["IP_ADDRESS"], "ds_106_sample_id_9": [], "ds_444_sample_id_10": [], "ds_293_sample_id_11": [], "ds_35_sample_id_12": [], "ds_100_sample_id_13": [], "ds_371_sample_id_14": [], "ds_385_sample_id_15": [], "ds_274_sample_id_16": [], "ds_323_sample_id_17": [], "ds_58_sample_id_18": ["DOMAIN_NAME", "IP_ADDRESS", "PERSON"], "ds_49_sample_id_19": [], "ds_110_sample_id_20": ["DOMAIN_NAME", "IP_ADDRESS"], "ds_433_sample_id_21": [], "ds_423_sample_id_22": [], "ds_139_sample_id_23": [], "ds_369_sample_id_24": [], "ds_379_sample_id_25": [], "ds_395_sample_id_26": [], "ds_186_sample_id_27": [], "ds_104_sample_id_28": ["DOMAIN_NAME", "IP_ADDRESS", "LOCATION", "US_DRIVER_LICENSE"], "ds_413_sample_id_29": [], "ds_146_sample_id_30": [], "ds_197_sample_id_31": [], "ds_361_sample_id_32": [], "ds_419_sample_id_33": [], "ds_452_sample_id_34": [], "ds_64_sample_id_35": ["DOMAIN_NAME", "IP_ADDRESS", "PERSON"], "ds_205_sample_id_36": [], "ds_470_sample_id_37": [], "ds_85_sample_id_38": ["US_DRIVER_LICENSE"], "ds_171_sample_id_39": [], "ds_83_sample_id_40": [], "ds_364_sample_id_41": [], "ds_418_sample_id_42": [], "ds_189_sample_id_43": [], "ds_192_sample_id_44": [], "ds_107_sample_id_45": [], "ds_167_sample_id_46": [], "ds_156_sample_id_47": [], "ds_4_sample_id_48": [], "ds_53_sample_id_49": [], "ds_50_sample_id_50": ["DOMAIN_NAME", "IP_ADDRESS", "US_DRIVER_LICENSE"], "ds_214_sample_id_51": [], "ds_532_sample_id_52": [], "ds_369_sample_id_53": [], "ds_340_sample_id_54": [], "ds_380_sample_id_55": [], "ds_124_sample_id_56": [], "ds_285_sample_id_57": [], "ds_407_sample_id_58": [], "ds_210_sample_id_59": [], "ds_89_sample_id_60": ["DOMAIN_NAME", "EMAIL_ADDRESS", "PERSON", "PHONE_NUMBER"], "ds_51_sample_id_61": [], "ds_151_sample_id_62": [], "ds_358_sample_id_63": ["DOMAIN_NAME", "IP_ADDRESS", "PERSON"], "ds_3_sample_id_64": [], "ds_32_sample_id_65": [], "ds_491_sample_id_66": [], "ds_378_sample_id_67": ["CREDIT_CARD", "DOMAIN_NAME", "IP_ADDRESS"], "ds_110_sample_id_68": ["DOMAIN_NAME", "IP_ADDRESS"], "ds_199_sample_id_69": [], "ds_488_sample_id_70": [], "ds_405_sample_id_71": [], "ds_276_sample_id_72": [], "ds_460_sample_id_73": [], "ds_392_sample_id_74": [], "ds_193_sample_id_75": [], "ds_477_sample_id_76": [], "ds_432_sample_id_77": [], "ds_389_sample_id_78": [], "ds_425_sample_id_79": [], "ds_406_sample_id_80": [], "ds_168_sample_id_81": [], "ds_26_sample_id_82": [], "ds_267_sample_id_83": [], "ds_11_sample_id_84": [], "ds_169_sample_id_85": [], "ds_200_sample_id_86": [], "ds_526_sample_id_87": [], "ds_132_sample_id_88": [], "ds_414_sample_id_89": [], "ds_441_sample_id_90": [], "ds_237_sample_id_91": [], "ds_152_sample_id_92": [], "ds_43_sample_id_93": [], "ds_235_sample_id_94": [], "ds_72_sample_id_95": [], "ds_178_sample_id_96": [], "ds_246_sample_id_97": [], "ds_444_sample_id_98": [], "ds_150_sample_id_99": [], "ds_517_sample_id_100": [], "ds_475_sample_id_101": [], "ds_523_sample_id_102": [], "ds_159_sample_id_103": [], "ds_335_sample_id_104": [], "ds_306_sample_id_105": [], "ds_432_sample_id_106": [], "ds_483_sample_id_107": [], "ds_118_sample_id_108": [], "ds_96_sample_id_109": ["DOMAIN_NAME", "LOCATION"], "ds_504_sample_id_110": [], "ds_16_sample_id_111": [], "ds_424_sample_id_112": [], "ds_354_sample_id_113": [], "ds_504_sample_id_114": [], "ds_394_sample_id_115": [], "ds_150_sample_id_116": [], "ds_34_sample_id_117": [], "ds_164_sample_id_118": [], "ds_201_sample_id_119": [], "ds_344_sample_id_120": [], "ds_178_sample_id_121": [], "ds_322_sample_id_122": [], "ds_179_sample_id_123": [], "ds_185_sample_id_124": [], "ds_506_sample_id_125": [], "ds_270_sample_id_126": [], "ds_211_sample_id_127": [], "ds_493_sample_id_128": [], "ds_93_sample_id_129": ["DOMAIN_NAME", "IP_ADDRESS"], "ds_85_sample_id_130": ["US_DRIVER_LICENSE"], "ds_492_sample_id_131": [], "ds_220_sample_id_132": [], "ds_16_sample_id_133": [], "ds_379_sample_id_134": [], "ds_99_sample_id_135": ["CREDIT_CARD", "DOMAIN_NAME", "IP_ADDRESS", "LOCATION"], "ds_248_sample_id_136": [], "ds_178_sample_id_137": []}