{"user_group_edges": {"group_8": ["user_69_sample_id_32", "user_101_sample_id_35", "user_91_sample_id_11", "user_3_sample_id_45", "user_79_sample_id_24", "user_118_sample_id_61", "user_98_sample_id_42", "user_35_sample_id_18", "user_32_sample_id_36", "user_79_sample_id_55"], "group_10": ["user_69_sample_id_32", "user_169_sample_id_52", "user_24_sample_id_9", "user_159_sample_id_53", "user_120_sample_id_0", "user_98_sample_id_42", "user_162_sample_id_7", "user_28_sample_id_30", "user_109_sample_id_22", "user_169_sample_id_29", "user_32_sample_id_36", "user_112_sample_id_39", "user_10_sample_id_58"], "group_19": ["user_69_sample_id_32", "user_195_sample_id_40", "user_144_sample_id_19", "user_133_sample_id_16", "user_130_sample_id_57", "user_88_sample_id_62", "user_103_sample_id_33", "user_10_sample_id_58"], "group_2": ["user_101_sample_id_35", "user_195_sample_id_40", "user_26_sample_id_26", "user_19_sample_id_10", "user_159_sample_id_53", "user_186_sample_id_27", "user_130_sample_id_57", "user_162_sample_id_7", "user_178_sample_id_1", "user_75_sample_id_43", "user_60_sample_id_3", "user_32_sample_id_36", "user_10_sample_id_58", "user_33_sample_id_41"], "group_4": ["user_101_sample_id_35", "user_124_sample_id_59", "user_75_sample_id_28", "user_104_sample_id_50", "user_184_sample_id_37", "user_3_sample_id_45", "user_19_sample_id_10", "user_18_sample_id_44", "user_20_sample_id_2", "user_73_sample_id_14", "user_169_sample_id_29", "user_10_sample_id_58"], "group_9": ["user_101_sample_id_35", "user_124_sample_id_59", "user_93_sample_id_63", "user_28_sample_id_54", "user_19_sample_id_10", "user_73_sample_id_13", "user_123_sample_id_6", "user_134_sample_id_31", "user_46_sample_id_8", "user_20_sample_id_2", "user_175_sample_id_60", "user_113_sample_id_20", "user_10_sample_id_58", "user_33_sample_id_41"], "group_0": ["user_124_sample_id_59", "user_195_sample_id_40", "user_169_sample_id_52", "user_87_sample_id_25", "user_3_sample_id_45", "user_186_sample_id_27", "user_181_sample_id_56", "user_60_sample_id_3", "user_175_sample_id_60", "user_33_sample_id_41"], "group_3": ["user_124_sample_id_59", "user_195_sample_id_40", "user_131_sample_id_15", "user_91_sample_id_11", "user_129_sample_id_38", "user_26_sample_id_26", "user_28_sample_id_54", "user_123_sample_id_6", "user_98_sample_id_42", "user_103_sample_id_33", "user_73_sample_id_14"], "group_17": ["user_124_sample_id_59", "user_24_sample_id_9", "user_159_sample_id_48", "user_87_sample_id_25", "user_159_sample_id_53", "user_73_sample_id_13", "user_46_sample_id_8", "user_60_sample_id_3", "user_112_sample_id_39", "user_37_sample_id_51", "user_79_sample_id_55"], "group_1": ["user_195_sample_id_40", "user_65_sample_id_17", "user_144_sample_id_19", "user_129_sample_id_38", "user_19_sample_id_10", "user_120_sample_id_0", "user_88_sample_id_62", "user_18_sample_id_44", "user_75_sample_id_43", "user_109_sample_id_22", "user_73_sample_id_14", "user_113_sample_id_20", "user_37_sample_id_51"], "group_12": ["user_195_sample_id_40", "user_75_sample_id_28", "user_184_sample_id_37", "user_87_sample_id_34", "user_69_sample_id_4", "user_152_sample_id_46", "user_75_sample_id_43", "user_175_sample_id_60", "user_112_sample_id_39", "user_78_sample_id_23", "user_37_sample_id_51"], "group_14": ["user_195_sample_id_40", "user_184_sample_id_37", "user_65_sample_id_17", "user_87_sample_id_34", "user_144_sample_id_19", "user_129_sample_id_38", "user_26_sample_id_26", "user_3_sample_id_45", "user_69_sample_id_4", "user_19_sample_id_10", "user_181_sample_id_56", "user_152_sample_id_46", "user_155_sample_id_5", "user_103_sample_id_33", "user_78_sample_id_23"], "group_13": ["user_131_sample_id_15", "user_75_sample_id_28", "user_93_sample_id_63", "user_159_sample_id_48", "user_87_sample_id_25", "user_28_sample_id_54", "user_73_sample_id_13", "user_130_sample_id_57", "user_155_sample_id_5", "user_194_sample_id_47", "user_103_sample_id_33", "user_193_sample_id_49", "user_113_sample_id_20", "user_32_sample_id_36", "user_78_sample_id_23", "user_79_sample_id_55"], "group_15": ["user_131_sample_id_15", "user_93_sample_id_63", "user_26_sample_id_26", "user_69_sample_id_4", "user_19_sample_id_10", "user_159_sample_id_53", "user_88_sample_id_62", "user_155_sample_id_5", "user_46_sample_id_8", "user_162_sample_id_7", "user_28_sample_id_30", "user_169_sample_id_29", "user_33_sample_id_41", "user_192_sample_id_21"], "group_16": ["user_169_sample_id_52", "user_91_sample_id_11", "user_184_sample_id_37", "user_87_sample_id_34", "user_186_sample_id_27", "user_120_sample_id_0", "user_133_sample_id_16", "user_200_sample_id_12", "user_194_sample_id_47", "user_162_sample_id_7", "user_20_sample_id_2", "user_73_sample_id_14", "user_35_sample_id_18", "user_112_sample_id_39", "user_37_sample_id_51"], "group_6": ["user_24_sample_id_9", "user_93_sample_id_63", "user_87_sample_id_34", "user_123_sample_id_6", "user_133_sample_id_16", "user_200_sample_id_12", "user_28_sample_id_30", "user_78_sample_id_23"], "group_5": ["user_75_sample_id_28", "user_65_sample_id_17", "user_26_sample_id_26", "user_181_sample_id_56", "user_46_sample_id_8", "user_194_sample_id_47", "user_28_sample_id_30", "user_32_sample_id_36", "user_33_sample_id_41", "user_192_sample_id_21"], "group_18": ["user_93_sample_id_63", "user_87_sample_id_34", "user_120_sample_id_0", "user_200_sample_id_12", "user_134_sample_id_31", "user_178_sample_id_1", "user_75_sample_id_43", "user_193_sample_id_49", "user_169_sample_id_29"], "group_7": ["user_91_sample_id_11", "user_159_sample_id_48", "user_65_sample_id_17", "user_144_sample_id_19", "user_79_sample_id_24", "user_181_sample_id_56", "user_152_sample_id_46", "user_200_sample_id_12", "user_18_sample_id_44", "user_178_sample_id_1", "user_60_sample_id_3", "user_169_sample_id_29", "user_35_sample_id_18", "user_79_sample_id_55"], "group_11": ["user_159_sample_id_48", "user_104_sample_id_50", "user_69_sample_id_4", "user_118_sample_id_61", "user_123_sample_id_6", "user_88_sample_id_62", "user_193_sample_id_49", "user_175_sample_id_60", "user_192_sample_id_21"]}, "group_data_store_edges": {"group_4": ["ds_43_sample_id_40", "ds_31_sample_id_71", "ds_46_sample_id_131", "ds_7_sample_id_104", "ds_25_sample_id_106", "ds_28_sample_id_2", "ds_33_sample_id_82", "ds_52_sample_id_84", "ds_50_sample_id_34", "ds_9_sample_id_100", "ds_62_sample_id_13", "ds_39_sample_id_88", "ds_76_sample_id_70", "ds_86_sample_id_27", "ds_55_sample_id_135", "ds_9_sample_id_69", "ds_20_sample_id_92", "ds_63_sample_id_0", "ds_95_sample_id_116", "ds_67_sample_id_118", "ds_62_sample_id_64", "ds_67_sample_id_67", "ds_96_sample_id_37", "ds_99_sample_id_66", "ds_48_sample_id_53", "ds_81_sample_id_117", "ds_43_sample_id_65", "ds_10_sample_id_59", "ds_90_sample_id_85", "ds_80_sample_id_14", "ds_85_sample_id_49", "ds_33_sample_id_19", "ds_59_sample_id_23", "ds_83_sample_id_22", "ds_79_sample_id_90", "ds_92_sample_id_137", "ds_28_sample_id_42", "ds_77_sample_id_51", "ds_42_sample_id_113"], "group_6": ["ds_43_sample_id_40", "ds_78_sample_id_54", "ds_28_sample_id_72", "ds_42_sample_id_107", "ds_57_sample_id_80", "ds_85_sample_id_62", "ds_31_sample_id_122", "ds_75_sample_id_110", "ds_55_sample_id_135", "ds_70_sample_id_33", "ds_9_sample_id_50", "ds_20_sample_id_92", "ds_62_sample_id_87", "ds_93_sample_id_79", "ds_62_sample_id_64", "ds_11_sample_id_114", "ds_50_sample_id_111", "ds_77_sample_id_24", "ds_71_sample_id_28", "ds_84_sample_id_78", "ds_95_sample_id_68", "ds_10_sample_id_59", "ds_98_sample_id_126", "ds_74_sample_id_43", "ds_35_sample_id_102", "ds_80_sample_id_14", "ds_70_sample_id_32", "ds_85_sample_id_49", "ds_33_sample_id_19", "ds_52_sample_id_98", "ds_59_sample_id_23", "ds_92_sample_id_137", "ds_28_sample_id_42"], "group_10": ["ds_43_sample_id_40", "ds_4_sample_id_89", "ds_51_sample_id_10", "ds_5_sample_id_108", "ds_50_sample_id_112", "ds_78_sample_id_134", "ds_47_sample_id_119", "ds_50_sample_id_34", "ds_80_sample_id_5", "ds_90_sample_id_127", "ds_1_sample_id_76", "ds_58_sample_id_39", "ds_67_sample_id_118", "ds_40_sample_id_83", "ds_51_sample_id_125", "ds_92_sample_id_48", "ds_101_sample_id_103", "ds_24_sample_id_101", "ds_56_sample_id_58", "ds_77_sample_id_24", "ds_100_sample_id_20", "ds_48_sample_id_53", "ds_71_sample_id_121", "ds_10_sample_id_59", "ds_90_sample_id_85", "ds_66_sample_id_56", "ds_52_sample_id_98", "ds_99_sample_id_120", "ds_42_sample_id_113"], "group_17": ["ds_43_sample_id_40", "ds_42_sample_id_1", "ds_1_sample_id_31", "ds_96_sample_id_63", "ds_46_sample_id_131", "ds_57_sample_id_80", "ds_40_sample_id_138", "ds_63_sample_id_130", "ds_76_sample_id_70", "ds_65_sample_id_96", "ds_86_sample_id_27", "ds_97_sample_id_47", "ds_24_sample_id_133", "ds_63_sample_id_0", "ds_96_sample_id_44", "ds_58_sample_id_39", "ds_14_sample_id_129", "ds_91_sample_id_75", "ds_92_sample_id_73", "ds_101_sample_id_103", "ds_7_sample_id_6", "ds_24_sample_id_101", "ds_11_sample_id_114", "ds_96_sample_id_37", "ds_56_sample_id_58", "ds_99_sample_id_66", "ds_32_sample_id_55", "ds_24_sample_id_36", "ds_77_sample_id_24", "ds_100_sample_id_20", "ds_71_sample_id_28", "ds_19_sample_id_132", "ds_35_sample_id_102", "ds_52_sample_id_98", "ds_59_sample_id_23", "ds_61_sample_id_115", "ds_66_sample_id_109", "ds_32_sample_id_74", "ds_42_sample_id_113"], "group_0": ["ds_4_sample_id_89", "ds_1_sample_id_31", "ds_58_sample_id_21", "ds_31_sample_id_71", "ds_83_sample_id_95", "ds_77_sample_id_57", "ds_7_sample_id_104", "ds_87_sample_id_35", "ds_39_sample_id_88", "ds_63_sample_id_130", "ds_76_sample_id_70", "ds_65_sample_id_96", "ds_90_sample_id_9", "ds_75_sample_id_110", "ds_55_sample_id_135", "ds_70_sample_id_33", "ds_9_sample_id_50", "ds_7_sample_id_128", "ds_92_sample_id_48", "ds_62_sample_id_64", "ds_84_sample_id_124", "ds_85_sample_id_38", "ds_32_sample_id_55", "ds_84_sample_id_78", "ds_99_sample_id_52", "ds_88_sample_id_7", "ds_10_sample_id_59", "ds_80_sample_id_14", "ds_70_sample_id_32", "ds_85_sample_id_49", "ds_81_sample_id_77", "ds_100_sample_id_94", "ds_42_sample_id_113"], "group_2": ["ds_4_sample_id_89", "ds_51_sample_id_10", "ds_1_sample_id_31", "ds_28_sample_id_2", "ds_85_sample_id_62", "ds_41_sample_id_123", "ds_24_sample_id_8", "ds_52_sample_id_84", "ds_84_sample_id_136", "ds_52_sample_id_12", "ds_62_sample_id_13", "ds_97_sample_id_47", "ds_25_sample_id_81", "ds_62_sample_id_87", "ds_21_sample_id_139", "ds_91_sample_id_75", "ds_22_sample_id_46", "ds_7_sample_id_6", "ds_24_sample_id_101", "ds_85_sample_id_38", "ds_86_sample_id_86", "ds_48_sample_id_53", "ds_17_sample_id_29", "ds_99_sample_id_52", "ds_43_sample_id_65", "ds_90_sample_id_85", "ds_79_sample_id_90", "ds_28_sample_id_42"], "group_8": ["ds_4_sample_id_89", "ds_50_sample_id_112", "ds_28_sample_id_72", "ds_96_sample_id_63", "ds_42_sample_id_107", "ds_47_sample_id_119", "ds_33_sample_id_82", "ds_87_sample_id_35", "ds_52_sample_id_84", "ds_31_sample_id_122", "ds_84_sample_id_136", "ds_80_sample_id_5", "ds_102_sample_id_11", "ds_9_sample_id_69", "ds_95_sample_id_116", "ds_91_sample_id_75", "ds_51_sample_id_125", "ds_52_sample_id_91", "ds_50_sample_id_17", "ds_7_sample_id_6", "ds_56_sample_id_58", "ds_50_sample_id_111", "ds_24_sample_id_36", "ds_48_sample_id_53", "ds_84_sample_id_78", "ds_17_sample_id_29", "ds_71_sample_id_121", "ds_81_sample_id_117", "ds_95_sample_id_68", "ds_19_sample_id_132", "ds_98_sample_id_126", "ds_86_sample_id_18", "ds_90_sample_id_85", "ds_35_sample_id_102", "ds_70_sample_id_32", "ds_66_sample_id_56", "ds_33_sample_id_19", "ds_40_sample_id_4", "ds_100_sample_id_94", "ds_32_sample_id_74", "ds_77_sample_id_51"], "group_9": ["ds_4_sample_id_89", "ds_58_sample_id_21", "ds_96_sample_id_63", "ds_100_sample_id_3", "ds_24_sample_id_8", "ds_52_sample_id_84", "ds_31_sample_id_122", "ds_9_sample_id_100", "ds_80_sample_id_5", "ds_62_sample_id_13", "ds_102_sample_id_11", "ds_65_sample_id_96", "ds_86_sample_id_27", "ds_24_sample_id_133", "ds_20_sample_id_92", "ds_95_sample_id_116", "ds_80_sample_id_105", "ds_25_sample_id_81", "ds_21_sample_id_139", "ds_40_sample_id_83", "ds_51_sample_id_125", "ds_62_sample_id_64", "ds_52_sample_id_91", "ds_101_sample_id_103", "ds_7_sample_id_6", "ds_24_sample_id_101", "ds_99_sample_id_66", "ds_24_sample_id_36", "ds_77_sample_id_24", "ds_100_sample_id_20", "ds_71_sample_id_28", "ds_99_sample_id_52", "ds_71_sample_id_121", "ds_54_sample_id_16", "ds_70_sample_id_32", "ds_39_sample_id_45", "ds_99_sample_id_120", "ds_59_sample_id_23", "ds_61_sample_id_115", "ds_66_sample_id_109", "ds_42_sample_id_113"], "group_14": ["ds_4_sample_id_89", "ds_42_sample_id_1", "ds_63_sample_id_41", "ds_28_sample_id_72", "ds_96_sample_id_63", "ds_46_sample_id_131", "ds_25_sample_id_106", "ds_84_sample_id_30", "ds_96_sample_id_25", "ds_24_sample_id_8", "ds_9_sample_id_100", "ds_52_sample_id_12", "ds_80_sample_id_5", "ds_90_sample_id_127", "ds_39_sample_id_88", "ds_102_sample_id_11", "ds_40_sample_id_138", "ds_63_sample_id_130", "ds_75_sample_id_110", "ds_7_sample_id_128", "ds_20_sample_id_92", "ds_63_sample_id_0", "ds_62_sample_id_87", "ds_101_sample_id_103", "ds_84_sample_id_124", "ds_86_sample_id_86", "ds_32_sample_id_55", "ds_100_sample_id_20", "ds_84_sample_id_78", "ds_17_sample_id_29", "ds_99_sample_id_52", "ds_10_sample_id_59", "ds_80_sample_id_14", "ds_81_sample_id_77", "ds_79_sample_id_90", "ds_28_sample_id_42", "ds_77_sample_id_51"], "group_15": ["ds_4_sample_id_89", "ds_78_sample_id_54", "ds_42_sample_id_1", "ds_50_sample_id_112", "ds_31_sample_id_71", "ds_47_sample_id_119", "ds_25_sample_id_106", "ds_100_sample_id_3", "ds_84_sample_id_30", "ds_31_sample_id_122", "ds_50_sample_id_34", "ds_80_sample_id_5", "ds_62_sample_id_13", "ds_40_sample_id_138", "ds_65_sample_id_96", "ds_10_sample_id_15", "ds_7_sample_id_128", "ds_96_sample_id_44", "ds_25_sample_id_81", "ds_21_sample_id_139", "ds_40_sample_id_83", "ds_9_sample_id_60", "ds_50_sample_id_17", "ds_7_sample_id_6", "ds_77_sample_id_24", "ds_48_sample_id_53", "ds_84_sample_id_78", "ds_71_sample_id_121", "ds_81_sample_id_117", "ds_43_sample_id_65", "ds_19_sample_id_132", "ds_86_sample_id_18", "ds_90_sample_id_85", "ds_54_sample_id_16", "ds_35_sample_id_102", "ds_99_sample_id_120", "ds_40_sample_id_4", "ds_59_sample_id_23", "ds_92_sample_id_137", "ds_66_sample_id_109", "ds_42_sample_id_113"], "group_1": ["ds_51_sample_id_10", "ds_12_sample_id_61", "ds_47_sample_id_119", "ds_77_sample_id_57", "ds_7_sample_id_104", "ds_24_sample_id_8", "ds_90_sample_id_9", "ds_75_sample_id_110", "ds_70_sample_id_33", "ds_10_sample_id_15", "ds_24_sample_id_133", "ds_7_sample_id_128", "ds_95_sample_id_116", "ds_58_sample_id_39", "ds_80_sample_id_105", "ds_14_sample_id_129", "ds_51_sample_id_125", "ds_9_sample_id_60", "ds_52_sample_id_91", "ds_50_sample_id_17", "ds_7_sample_id_6", "ds_96_sample_id_37", "ds_24_sample_id_36", "ds_99_sample_id_52", "ds_19_sample_id_132", "ds_98_sample_id_126", "ds_39_sample_id_45", "ds_79_sample_id_90", "ds_61_sample_id_115", "ds_66_sample_id_109", "ds_32_sample_id_74", "ds_77_sample_id_51"], "group_11": ["ds_51_sample_id_10", "ds_5_sample_id_108", "ds_12_sample_id_61", "ds_50_sample_id_112", "ds_1_sample_id_31", "ds_58_sample_id_21", "ds_63_sample_id_41", "ds_28_sample_id_72", "ds_24_sample_id_93", "ds_42_sample_id_107", "ds_46_sample_id_131", "ds_47_sample_id_119", "ds_33_sample_id_82", "ds_84_sample_id_30", "ds_85_sample_id_62", "ds_9_sample_id_100", "ds_80_sample_id_5", "ds_90_sample_id_127", "ds_102_sample_id_11", "ds_76_sample_id_70", "ds_97_sample_id_47", "ds_55_sample_id_135", "ds_1_sample_id_76", "ds_9_sample_id_69", "ds_24_sample_id_133", "ds_7_sample_id_128", "ds_80_sample_id_105", "ds_62_sample_id_87", "ds_40_sample_id_83", "ds_62_sample_id_64", "ds_9_sample_id_60", "ds_52_sample_id_91", "ds_84_sample_id_124", "ds_7_sample_id_6", "ds_24_sample_id_101", "ds_52_sample_id_26", "ds_96_sample_id_37", "ds_9_sample_id_97", "ds_50_sample_id_111", "ds_99_sample_id_66", "ds_32_sample_id_55", "ds_77_sample_id_24", "ds_48_sample_id_53", "ds_99_sample_id_52", "ds_81_sample_id_117", "ds_88_sample_id_7", "ds_95_sample_id_68", "ds_43_sample_id_65", "ds_54_sample_id_16", "ds_80_sample_id_14", "ds_33_sample_id_19", "ds_52_sample_id_98", "ds_99_sample_id_120", "ds_81_sample_id_77", "ds_40_sample_id_4", "ds_92_sample_id_137", "ds_28_sample_id_42"], "group_16": ["ds_51_sample_id_10", "ds_5_sample_id_108", "ds_12_sample_id_61", "ds_63_sample_id_41", "ds_31_sample_id_71", "ds_83_sample_id_95", "ds_24_sample_id_93", "ds_42_sample_id_107", "ds_46_sample_id_131", "ds_100_sample_id_3", "ds_85_sample_id_62", "ds_9_sample_id_100", "ds_52_sample_id_12", "ds_40_sample_id_138", "ds_75_sample_id_110", "ds_9_sample_id_50", "ds_9_sample_id_69", "ds_7_sample_id_128", "ds_20_sample_id_92", "ds_95_sample_id_116", "ds_58_sample_id_39", "ds_25_sample_id_81", "ds_21_sample_id_139", "ds_14_sample_id_129", "ds_9_sample_id_60", "ds_50_sample_id_17", "ds_52_sample_id_26", "ds_11_sample_id_114", "ds_85_sample_id_38", "ds_9_sample_id_97", "ds_86_sample_id_86", "ds_50_sample_id_111", "ds_99_sample_id_66", "ds_71_sample_id_121", "ds_88_sample_id_7", "ds_10_sample_id_59", "ds_86_sample_id_18", "ds_74_sample_id_43", "ds_54_sample_id_16", "ds_52_sample_id_98", "ds_39_sample_id_45", "ds_100_sample_id_94", "ds_32_sample_id_74"], "group_7": ["ds_78_sample_id_54", "ds_5_sample_id_108", "ds_42_sample_id_1", "ds_63_sample_id_41", "ds_28_sample_id_72", "ds_83_sample_id_95", "ds_24_sample_id_93", "ds_46_sample_id_131", "ds_77_sample_id_57", "ds_33_sample_id_82", "ds_100_sample_id_3", "ds_84_sample_id_30", "ds_87_sample_id_35", "ds_96_sample_id_25", "ds_41_sample_id_123", "ds_52_sample_id_84", "ds_62_sample_id_13", "ds_39_sample_id_88", "ds_63_sample_id_130", "ds_76_sample_id_70", "ds_90_sample_id_9", "ds_86_sample_id_27", "ds_9_sample_id_50", "ds_24_sample_id_133", "ds_95_sample_id_116", "ds_96_sample_id_44", "ds_80_sample_id_105", "ds_92_sample_id_73", "ds_9_sample_id_60", "ds_67_sample_id_67", "ds_84_sample_id_124", "ds_85_sample_id_38", "ds_86_sample_id_86", "ds_32_sample_id_55", "ds_24_sample_id_36", "ds_71_sample_id_28", "ds_84_sample_id_78", "ds_17_sample_id_29", "ds_81_sample_id_117", "ds_19_sample_id_132", "ds_86_sample_id_18", "ds_74_sample_id_43", "ds_90_sample_id_85", "ds_70_sample_id_32", "ds_66_sample_id_56", "ds_99_sample_id_120", "ds_81_sample_id_77", "ds_83_sample_id_22", "ds_92_sample_id_137", "ds_100_sample_id_94", "ds_32_sample_id_74"], "group_12": ["ds_78_sample_id_54", "ds_12_sample_id_61", "ds_1_sample_id_31", "ds_7_sample_id_104", "ds_33_sample_id_82", "ds_85_sample_id_62", "ds_96_sample_id_25", "ds_31_sample_id_122", "ds_84_sample_id_136", "ds_50_sample_id_34", "ds_52_sample_id_12", "ds_40_sample_id_138", "ds_63_sample_id_130", "ds_86_sample_id_27", "ds_75_sample_id_110", "ds_55_sample_id_135", "ds_20_sample_id_92", "ds_95_sample_id_116", "ds_96_sample_id_44", "ds_0_sample_id_99", "ds_14_sample_id_129", "ds_51_sample_id_125", "ds_22_sample_id_46", "ds_52_sample_id_91", "ds_67_sample_id_67", "ds_52_sample_id_26", "ds_56_sample_id_58", "ds_9_sample_id_97", "ds_50_sample_id_111", "ds_71_sample_id_28", "ds_88_sample_id_7", "ds_35_sample_id_102", "ds_33_sample_id_19", "ds_81_sample_id_77", "ds_40_sample_id_4"], "group_18": ["ds_78_sample_id_54", "ds_12_sample_id_61", "ds_50_sample_id_112", "ds_78_sample_id_134", "ds_58_sample_id_21", "ds_31_sample_id_71", "ds_28_sample_id_72", "ds_24_sample_id_93", "ds_87_sample_id_35", "ds_96_sample_id_25", "ds_41_sample_id_123", "ds_50_sample_id_34", "ds_80_sample_id_5", "ds_90_sample_id_127", "ds_40_sample_id_138", "ds_63_sample_id_130", "ds_55_sample_id_135", "ds_10_sample_id_15", "ds_9_sample_id_69", "ds_63_sample_id_0", "ds_58_sample_id_39", "ds_80_sample_id_105", "ds_67_sample_id_118", "ds_25_sample_id_81", "ds_21_sample_id_139", "ds_93_sample_id_79", "ds_92_sample_id_73", "ds_92_sample_id_48", "ds_9_sample_id_60", "ds_67_sample_id_67", "ds_84_sample_id_124", "ds_50_sample_id_17", "ds_9_sample_id_97", "ds_77_sample_id_24", "ds_99_sample_id_52", "ds_71_sample_id_121", "ds_95_sample_id_68", "ds_19_sample_id_132", "ds_98_sample_id_126", "ds_86_sample_id_18", "ds_90_sample_id_85", "ds_66_sample_id_56", "ds_85_sample_id_49", "ds_52_sample_id_98", "ds_39_sample_id_45", "ds_83_sample_id_22"], "group_19": ["ds_5_sample_id_108", "ds_58_sample_id_21", "ds_31_sample_id_71", "ds_96_sample_id_63", "ds_28_sample_id_2", "ds_33_sample_id_82", "ds_87_sample_id_35", "ds_52_sample_id_84", "ds_62_sample_id_13", "ds_90_sample_id_9", "ds_97_sample_id_47", "ds_1_sample_id_76", "ds_9_sample_id_50", "ds_7_sample_id_128", "ds_58_sample_id_39", "ds_25_sample_id_81", "ds_21_sample_id_139", "ds_67_sample_id_67", "ds_96_sample_id_37", "ds_85_sample_id_38", "ds_56_sample_id_58", "ds_9_sample_id_97", "ds_99_sample_id_66", "ds_32_sample_id_55", "ds_24_sample_id_36", "ds_71_sample_id_28", "ds_17_sample_id_29", "ds_88_sample_id_7", "ds_43_sample_id_65", "ds_19_sample_id_132", "ds_74_sample_id_43", "ds_66_sample_id_56", "ds_85_sample_id_49", "ds_33_sample_id_19", "ds_99_sample_id_120", "ds_59_sample_id_23", "ds_92_sample_id_137", "ds_42_sample_id_113"], "group_3": ["ds_42_sample_id_1", "ds_12_sample_id_61", "ds_1_sample_id_31", "ds_78_sample_id_134", "ds_63_sample_id_41", "ds_28_sample_id_72", "ds_42_sample_id_107", "ds_77_sample_id_57", "ds_7_sample_id_104", "ds_25_sample_id_106", "ds_85_sample_id_62", "ds_52_sample_id_84", "ds_84_sample_id_136", "ds_90_sample_id_127", "ds_39_sample_id_88", "ds_76_sample_id_70", "ds_97_sample_id_47", "ds_55_sample_id_135", "ds_10_sample_id_15", "ds_9_sample_id_50", "ds_92_sample_id_73", "ds_22_sample_id_46", "ds_101_sample_id_103", "ds_96_sample_id_37", "ds_100_sample_id_20", "ds_48_sample_id_53", "ds_71_sample_id_121", "ds_81_sample_id_117", "ds_43_sample_id_65", "ds_80_sample_id_14", "ds_70_sample_id_32", "ds_39_sample_id_45", "ds_59_sample_id_23", "ds_100_sample_id_94", "ds_61_sample_id_115", "ds_66_sample_id_109", "ds_77_sample_id_51"], "group_13": ["ds_42_sample_id_1", "ds_78_sample_id_134", "ds_83_sample_id_95", "ds_24_sample_id_93", "ds_46_sample_id_131", "ds_77_sample_id_57", "ds_7_sample_id_104", "ds_28_sample_id_2", "ds_85_sample_id_62", "ds_41_sample_id_123", "ds_84_sample_id_136", "ds_90_sample_id_127", "ds_10_sample_id_15", "ds_1_sample_id_76", "ds_9_sample_id_50", "ds_9_sample_id_69", "ds_67_sample_id_118", "ds_93_sample_id_79", "ds_92_sample_id_73", "ds_62_sample_id_64", "ds_52_sample_id_91", "ds_67_sample_id_67", "ds_101_sample_id_103", "ds_24_sample_id_101", "ds_52_sample_id_26", "ds_11_sample_id_114", "ds_96_sample_id_37", "ds_85_sample_id_38", "ds_56_sample_id_58", "ds_9_sample_id_97", "ds_99_sample_id_66", "ds_17_sample_id_29", "ds_88_sample_id_7", "ds_95_sample_id_68", "ds_74_sample_id_43", "ds_39_sample_id_45", "ds_81_sample_id_77", "ds_83_sample_id_22", "ds_42_sample_id_113"], "group_5": ["ds_12_sample_id_61", "ds_58_sample_id_21", "ds_24_sample_id_93", "ds_42_sample_id_107", "ds_47_sample_id_119", "ds_7_sample_id_104", "ds_84_sample_id_30", "ds_96_sample_id_25", "ds_50_sample_id_34", "ds_62_sample_id_13", "ds_40_sample_id_138", "ds_65_sample_id_96", "ds_90_sample_id_9", "ds_86_sample_id_27", "ds_97_sample_id_47", "ds_75_sample_id_110", "ds_1_sample_id_76", "ds_0_sample_id_99", "ds_67_sample_id_118", "ds_25_sample_id_81", "ds_62_sample_id_87", "ds_91_sample_id_75", "ds_51_sample_id_125", "ds_22_sample_id_46", "ds_92_sample_id_48", "ds_52_sample_id_91", "ds_84_sample_id_124", "ds_9_sample_id_97", "ds_86_sample_id_86", "ds_32_sample_id_55", "ds_77_sample_id_24", "ds_48_sample_id_53", "ds_10_sample_id_59", "ds_19_sample_id_132", "ds_54_sample_id_16", "ds_66_sample_id_56", "ds_39_sample_id_45", "ds_99_sample_id_120", "ds_40_sample_id_4", "ds_79_sample_id_90", "ds_61_sample_id_115"]}}