{"ds_8_sample_id_0": [], "ds_21_sample_id_1": [], "ds_15_sample_id_2": [], "ds_49_sample_id_3": [], "ds_29_sample_id_4": [], "ds_3_sample_id_5": ["DOMAIN_NAME", "EMAIL_ADDRESS", "IP_ADDRESS", "PERSON"], "ds_37_sample_id_6": [], "ds_23_sample_id_7": ["DOMAIN_NAME", "IP_ADDRESS"], "ds_55_sample_id_8": [], "ds_60_sample_id_9": [], "ds_60_sample_id_10": [], "ds_25_sample_id_11": [], "ds_17_sample_id_12": [], "ds_42_sample_id_13": [], "ds_57_sample_id_14": [], "ds_63_sample_id_15": [], "ds_39_sample_id_16": [], "ds_37_sample_id_17": [], "ds_65_sample_id_18": [], "ds_37_sample_id_19": [], "ds_23_sample_id_20": ["DOMAIN_NAME", "IP_ADDRESS"], "ds_14_sample_id_21": [], "ds_44_sample_id_22": ["DOMAIN_NAME", "IP_ADDRESS", "PERSON"], "ds_52_sample_id_23": ["PERSON"], "ds_7_sample_id_24": [], "ds_38_sample_id_25": [], "ds_8_sample_id_26": [], "ds_20_sample_id_27": [], "ds_61_sample_id_28": [], "ds_64_sample_id_29": [], "ds_21_sample_id_30": [], "ds_53_sample_id_31": ["DOMAIN_NAME", "IP_ADDRESS", "PERSON"], "ds_7_sample_id_32": [], "ds_39_sample_id_33": [], "ds_58_sample_id_34": [], "ds_33_sample_id_35": [], "ds_20_sample_id_36": [], "ds_47_sample_id_37": [], "ds_13_sample_id_38": [], "ds_31_sample_id_39": [], "ds_37_sample_id_40": [], "ds_18_sample_id_41": [], "ds_63_sample_id_42": [], "ds_1_sample_id_43": [], "ds_16_sample_id_44": [], "ds_17_sample_id_45": [], "ds_12_sample_id_46": [], "ds_52_sample_id_47": ["PERSON"], "ds_30_sample_id_48": [], "ds_56_sample_id_49": [], "ds_47_sample_id_50": [], "ds_14_sample_id_51": [], "ds_31_sample_id_52": [], "ds_31_sample_id_53": [], "ds_48_sample_id_54": ["DOMAIN_NAME", "IP_ADDRESS", "PERSON"], "ds_63_sample_id_55": [], "ds_1_sample_id_56": [], "ds_50_sample_id_57": [], "ds_40_sample_id_58": [], "ds_33_sample_id_59": [], "ds_34_sample_id_60": [], "ds_32_sample_id_61": [], "ds_55_sample_id_62": [], "ds_22_sample_id_63": ["DOMAIN_NAME"], "ds_53_sample_id_64": ["DOMAIN_NAME", "IP_ADDRESS", "PERSON"], "ds_10_sample_id_65": [], "ds_6_sample_id_66": [], "ds_28_sample_id_67": [], "ds_46_sample_id_68": [], "ds_41_sample_id_69": [], "ds_37_sample_id_70": [], "ds_20_sample_id_71": [], "ds_43_sample_id_72": [], "ds_23_sample_id_73": ["DOMAIN_NAME", "IP_ADDRESS"], "ds_6_sample_id_74": [], "ds_64_sample_id_75": [], "ds_60_sample_id_76": [], "ds_64_sample_id_77": [], "ds_41_sample_id_78": [], "ds_57_sample_id_79": [], "ds_50_sample_id_80": [], "ds_24_sample_id_81": [], "ds_60_sample_id_82": [], "ds_22_sample_id_83": ["DOMAIN_NAME"], "ds_48_sample_id_84": ["DOMAIN_NAME", "IP_ADDRESS", "PERSON"], "ds_65_sample_id_85": [], "ds_50_sample_id_86": [], "ds_56_sample_id_87": [], "ds_62_sample_id_88": [], "ds_16_sample_id_89": [], "ds_14_sample_id_90": [], "ds_20_sample_id_91": [], "ds_47_sample_id_92": [], "ds_46_sample_id_93": [], "ds_42_sample_id_94": [], "ds_57_sample_id_95": [], "ds_23_sample_id_96": ["DOMAIN_NAME", "IP_ADDRESS"], "ds_24_sample_id_97": [], "ds_36_sample_id_98": [], "ds_50_sample_id_99": [], "ds_56_sample_id_100": [], "ds_22_sample_id_101": ["DOMAIN_NAME"], "ds_63_sample_id_102": [], "ds_18_sample_id_103": [], "ds_1_sample_id_104": [], "ds_35_sample_id_105": [], "ds_49_sample_id_106": [], "ds_28_sample_id_107": [], "ds_10_sample_id_108": [], "ds_32_sample_id_109": [], "ds_18_sample_id_110": [], "ds_12_sample_id_111": [], "ds_19_sample_id_112": ["DOMAIN_NAME", "EMAIL_ADDRESS", "IP_ADDRESS", "PERSON"], "ds_9_sample_id_113": [], "ds_29_sample_id_114": [], "ds_1_sample_id_115": [], "ds_48_sample_id_116": ["DOMAIN_NAME", "IP_ADDRESS", "PERSON"], "ds_2_sample_id_117": [], "ds_36_sample_id_118": [], "ds_15_sample_id_119": [], "ds_46_sample_id_120": [], "ds_11_sample_id_121": ["DOMAIN_NAME", "EMAIL_ADDRESS", "IP_ADDRESS", "PERSON"], "ds_18_sample_id_122": [], "ds_31_sample_id_123": [], "ds_23_sample_id_124": ["DOMAIN_NAME", "IP_ADDRESS"], "ds_57_sample_id_125": [], "ds_50_sample_id_126": [], "ds_21_sample_id_127": [], "ds_41_sample_id_128": [], "ds_59_sample_id_129": [], "ds_30_sample_id_130": [], "ds_54_sample_id_131": [], "ds_38_sample_id_132": [], "ds_37_sample_id_133": [], "ds_51_sample_id_134": [], "ds_39_sample_id_135": [], "ds_2_sample_id_136": [], "ds_59_sample_id_137": [], "ds_63_sample_id_138": [], "ds_63_sample_id_139": [], "ds_44_sample_id_140": ["DOMAIN_NAME", "IP_ADDRESS", "PERSON"], "ds_44_sample_id_141": ["DOMAIN_NAME", "IP_ADDRESS", "PERSON"], "ds_52_sample_id_142": ["PERSON"], "ds_18_sample_id_143": [], "ds_44_sample_id_144": ["DOMAIN_NAME", "IP_ADDRESS", "PERSON"], "ds_36_sample_id_145": [], "ds_31_sample_id_146": [], "ds_31_sample_id_147": [], "ds_4_sample_id_148": [], "ds_37_sample_id_149": [], "ds_24_sample_id_150": [], "ds_62_sample_id_151": [], "ds_39_sample_id_152": [], "ds_55_sample_id_153": [], "ds_50_sample_id_154": [], "ds_34_sample_id_155": [], "ds_58_sample_id_156": [], "ds_52_sample_id_157": ["PERSON"], "ds_52_sample_id_158": ["PERSON"], "ds_5_sample_id_159": [], "ds_8_sample_id_160": [], "ds_59_sample_id_161": [], "ds_16_sample_id_162": [], "ds_40_sample_id_163": [], "ds_54_sample_id_164": [], "ds_60_sample_id_165": [], "ds_18_sample_id_166": [], "ds_12_sample_id_167": [], "ds_9_sample_id_168": [], "ds_24_sample_id_169": [], "ds_57_sample_id_170": [], "ds_53_sample_id_171": ["DOMAIN_NAME", "IP_ADDRESS", "PERSON"], "ds_3_sample_id_172": ["DOMAIN_NAME", "EMAIL_ADDRESS", "IP_ADDRESS", "PERSON"], "ds_19_sample_id_173": ["DOMAIN_NAME", "EMAIL_ADDRESS", "IP_ADDRESS", "PERSON"], "ds_43_sample_id_174": [], "ds_36_sample_id_175": [], "ds_54_sample_id_176": [], "ds_1_sample_id_177": [], "ds_53_sample_id_178": ["DOMAIN_NAME", "IP_ADDRESS", "PERSON"], "ds_17_sample_id_179": [], "ds_23_sample_id_180": ["DOMAIN_NAME", "IP_ADDRESS"], "ds_31_sample_id_181": [], "ds_3_sample_id_182": ["DOMAIN_NAME", "EMAIL_ADDRESS", "IP_ADDRESS", "PERSON"], "ds_48_sample_id_183": ["DOMAIN_NAME", "IP_ADDRESS", "PERSON"], "ds_1_sample_id_184": [], "ds_0_sample_id_185": ["PERSON"], "ds_15_sample_id_186": [], "ds_42_sample_id_187": [], "ds_35_sample_id_188": [], "ds_57_sample_id_189": [], "ds_28_sample_id_190": [], "ds_42_sample_id_191": [], "ds_23_sample_id_192": ["DOMAIN_NAME", "IP_ADDRESS"], "ds_27_sample_id_193": ["DOMAIN_NAME", "IP_ADDRESS"], "ds_3_sample_id_194": ["DOMAIN_NAME", "EMAIL_ADDRESS", "IP_ADDRESS", "PERSON"], "ds_40_sample_id_195": [], "ds_23_sample_id_196": ["DOMAIN_NAME", "IP_ADDRESS"], "ds_52_sample_id_197": ["PERSON"], "ds_31_sample_id_198": [], "ds_24_sample_id_199": [], "ds_29_sample_id_200": [], "ds_48_sample_id_201": ["DOMAIN_NAME", "IP_ADDRESS", "PERSON"], "ds_22_sample_id_202": ["DOMAIN_NAME"], "ds_10_sample_id_203": [], "ds_51_sample_id_204": [], "ds_5_sample_id_205": [], "ds_54_sample_id_206": [], "ds_49_sample_id_207": [], "ds_17_sample_id_208": [], "ds_51_sample_id_209": [], "ds_29_sample_id_210": [], "ds_7_sample_id_211": [], "ds_1_sample_id_212": [], "ds_11_sample_id_213": ["DOMAIN_NAME", "EMAIL_ADDRESS", "IP_ADDRESS", "PERSON"], "ds_61_sample_id_214": [], "ds_34_sample_id_215": [], "ds_14_sample_id_216": [], "ds_5_sample_id_217": [], "ds_60_sample_id_218": [], "ds_50_sample_id_219": [], "ds_60_sample_id_220": [], "ds_5_sample_id_221": [], "ds_11_sample_id_222": ["DOMAIN_NAME", "EMAIL_ADDRESS", "IP_ADDRESS", "PERSON"], "ds_24_sample_id_223": [], "ds_7_sample_id_224": [], "ds_63_sample_id_225": [], "ds_20_sample_id_226": [], "ds_12_sample_id_227": [], "ds_8_sample_id_228": [], "ds_53_sample_id_229": ["DOMAIN_NAME", "IP_ADDRESS", "PERSON"], "ds_32_sample_id_230": [], "ds_28_sample_id_231": [], "ds_21_sample_id_232": [], "ds_63_sample_id_233": [], "ds_64_sample_id_234": [], "ds_20_sample_id_235": [], "ds_7_sample_id_236": [], "ds_15_sample_id_237": [], "ds_42_sample_id_238": [], "ds_48_sample_id_239": ["DOMAIN_NAME", "IP_ADDRESS", "PERSON"], "ds_53_sample_id_240": ["DOMAIN_NAME", "IP_ADDRESS", "PERSON"], "ds_18_sample_id_241": [], "ds_66_sample_id_242": [], "ds_43_sample_id_243": [], "ds_29_sample_id_244": [], "ds_47_sample_id_245": [], "ds_39_sample_id_246": [], "ds_61_sample_id_247": [], "ds_25_sample_id_248": [], "ds_14_sample_id_249": [], "ds_29_sample_id_250": [], "ds_5_sample_id_251": [], "ds_20_sample_id_252": [], "ds_47_sample_id_253": [], "ds_48_sample_id_254": ["DOMAIN_NAME", "IP_ADDRESS", "PERSON"], "ds_29_sample_id_255": [], "ds_17_sample_id_256": [], "ds_48_sample_id_257": ["DOMAIN_NAME", "IP_ADDRESS", "PERSON"], "ds_43_sample_id_258": [], "ds_48_sample_id_259": ["DOMAIN_NAME", "IP_ADDRESS", "PERSON"], "ds_59_sample_id_260": [], "ds_7_sample_id_261": [], "ds_26_sample_id_262": ["DOMAIN_NAME", "IP_ADDRESS", "PERSON"], "ds_31_sample_id_263": [], "ds_31_sample_id_264": [], "ds_29_sample_id_265": [], "ds_37_sample_id_266": [], "ds_17_sample_id_267": [], "ds_27_sample_id_268": ["DOMAIN_NAME", "IP_ADDRESS"], "ds_50_sample_id_269": [], "ds_51_sample_id_270": [], "ds_65_sample_id_271": [], "ds_51_sample_id_272": [], "ds_56_sample_id_273": [], "ds_25_sample_id_274": [], "ds_49_sample_id_275": [], "ds_26_sample_id_276": ["DOMAIN_NAME", "IP_ADDRESS", "PERSON"], "ds_49_sample_id_277": [], "ds_46_sample_id_278": [], "ds_19_sample_id_279": ["DOMAIN_NAME", "EMAIL_ADDRESS", "IP_ADDRESS", "PERSON"], "ds_46_sample_id_280": [], "ds_54_sample_id_281": [], "ds_52_sample_id_282": ["PERSON"], "ds_53_sample_id_283": ["DOMAIN_NAME", "IP_ADDRESS", "PERSON"], "ds_27_sample_id_284": ["DOMAIN_NAME", "IP_ADDRESS"], "ds_58_sample_id_285": [], "ds_50_sample_id_286": [], "ds_57_sample_id_287": [], "ds_6_sample_id_288": [], "ds_27_sample_id_289": ["DOMAIN_NAME", "IP_ADDRESS"], "ds_64_sample_id_290": [], "ds_24_sample_id_291": [], "ds_53_sample_id_292": ["DOMAIN_NAME", "IP_ADDRESS", "PERSON"], "ds_26_sample_id_293": ["DOMAIN_NAME", "IP_ADDRESS", "PERSON"], "ds_29_sample_id_294": [], "ds_48_sample_id_295": ["DOMAIN_NAME", "IP_ADDRESS", "PERSON"], "ds_22_sample_id_296": ["DOMAIN_NAME"], "ds_32_sample_id_297": [], "ds_11_sample_id_298": ["DOMAIN_NAME", "EMAIL_ADDRESS", "IP_ADDRESS", "PERSON"]}