{"user_group_edges": {"group_0": ["user_2714_sample_id_39", "user_211_sample_id_31", "user_1947_sample_id_13", "user_352_sample_id_19", "user_947_sample_id_38", "user_754_sample_id_25"], "group_3": ["user_2714_sample_id_39", "user_3033_sample_id_4", "user_2964_sample_id_34", "user_211_sample_id_31", "user_1941_sample_id_37", "user_1745_sample_id_21", "user_1588_sample_id_10", "user_1349_sample_id_6"], "group_4": ["user_2714_sample_id_39", "user_1504_sample_id_20", "user_2397_sample_id_12", "user_2964_sample_id_34", "user_2626_sample_id_36", "user_2396_sample_id_1", "user_1941_sample_id_37", "user_598_sample_id_27", "user_1660_sample_id_2", "user_754_sample_id_25", "user_1349_sample_id_6"], "group_1": ["user_1514_sample_id_11", "user_3033_sample_id_4", "user_2626_sample_id_36"], "group_8": ["user_1514_sample_id_11", "user_1941_sample_id_37", "user_1295_sample_id_30", "user_598_sample_id_27"], "group_15": ["user_1514_sample_id_11", "user_1758_sample_id_26", "user_2964_sample_id_34", "user_1941_sample_id_37", "user_1295_sample_id_30", "user_2813_sample_id_23", "user_1499_sample_id_28", "user_1325_sample_id_15"], "group_17": ["user_1514_sample_id_11", "user_1947_sample_id_13", "user_1420_sample_id_0", "user_1745_sample_id_21", "user_2558_sample_id_9", "user_947_sample_id_38", "user_2681_sample_id_33", "user_1636_sample_id_24"], "group_7": ["user_1504_sample_id_20", "user_2397_sample_id_12", "user_2764_sample_id_17", "user_1295_sample_id_30", "user_352_sample_id_19", "user_564_sample_id_35", "user_1380_sample_id_22"], "group_9": ["user_1504_sample_id_20", "user_2626_sample_id_36", "user_1947_sample_id_13", "user_846_sample_id_5", "user_1380_sample_id_22"], "group_12": ["user_2397_sample_id_12", "user_1758_sample_id_26", "user_2764_sample_id_17", "user_2396_sample_id_1", "user_1941_sample_id_37", "user_352_sample_id_19", "user_1990_sample_id_7", "user_564_sample_id_35", "user_754_sample_id_25", "user_1588_sample_id_10", "user_1636_sample_id_24"], "group_18": ["user_1758_sample_id_26", "user_577_sample_id_16", "user_1499_sample_id_28", "user_2558_sample_id_9", "user_564_sample_id_35"], "group_2": ["user_3033_sample_id_4", "user_1236_sample_id_8", "user_1636_sample_id_24", "user_1325_sample_id_15"], "group_10": ["user_2964_sample_id_34", "user_577_sample_id_16", "user_1947_sample_id_13", "user_598_sample_id_27"], "group_5": ["user_2764_sample_id_17"], "group_16": ["user_1815_sample_id_32", "user_2813_sample_id_23", "user_2558_sample_id_9"], "group_13": ["user_2396_sample_id_1", "user_947_sample_id_38", "user_1990_sample_id_7"], "group_14": ["user_3090_sample_id_3", "user_980_sample_id_14", "user_1588_sample_id_10", "user_1349_sample_id_6"], "group_19": ["user_1551_sample_id_29", "user_1295_sample_id_30", "user_846_sample_id_5", "user_2558_sample_id_9", "user_754_sample_id_25", "user_1588_sample_id_10", "user_1325_sample_id_15"], "group_11": ["user_1420_sample_id_0", "user_564_sample_id_35"], "group_6": ["user_2558_sample_id_9", "user_1349_sample_id_6", "user_1380_sample_id_22"]}, "group_data_store_edges": {"group_2": ["ds_3589_sample_id_149", "ds_4093_sample_id_195", "ds_8045_sample_id_36", "ds_10595_sample_id_66", "ds_11404_sample_id_32", "ds_4359_sample_id_60", "ds_11389_sample_id_118", "ds_256_sample_id_168", "ds_8811_sample_id_203", "ds_3277_sample_id_24", "ds_7364_sample_id_68", "ds_3678_sample_id_157", "ds_1943_sample_id_148", "ds_11028_sample_id_121", "ds_2992_sample_id_56", "ds_5883_sample_id_124", "ds_11315_sample_id_202", "ds_10918_sample_id_200", "ds_2699_sample_id_165", "ds_4216_sample_id_170", "ds_6523_sample_id_179", "ds_8033_sample_id_52", "ds_7814_sample_id_83", "ds_9817_sample_id_85", "ds_3885_sample_id_104", "ds_8941_sample_id_211", "ds_11122_sample_id_81", "ds_4629_sample_id_108", "ds_6735_sample_id_80", "ds_8741_sample_id_18", "ds_566_sample_id_98", "ds_3782_sample_id_212", "ds_1129_sample_id_193", "ds_9753_sample_id_161", "ds_3779_sample_id_171", "ds_9337_sample_id_99", "ds_10983_sample_id_55"], "group_11": ["ds_3589_sample_id_149", "ds_3892_sample_id_139", "ds_9071_sample_id_13", "ds_1062_sample_id_154", "ds_8571_sample_id_178", "ds_11404_sample_id_32", "ds_10201_sample_id_34", "ds_8721_sample_id_126", "ds_11389_sample_id_118", "ds_4389_sample_id_49", "ds_4547_sample_id_172", "ds_39_sample_id_74", "ds_2212_sample_id_155", "ds_3277_sample_id_24", "ds_618_sample_id_86", "ds_7364_sample_id_68", "ds_1232_sample_id_73", "ds_3678_sample_id_157", "ds_7832_sample_id_125", "ds_6564_sample_id_215", "ds_911_sample_id_194", "ds_9378_sample_id_190", "ds_6262_sample_id_20", "ds_1943_sample_id_148", "ds_4562_sample_id_57", "ds_11028_sample_id_121", "ds_818_sample_id_134", "ds_2992_sample_id_56", "ds_5883_sample_id_124", "ds_4836_sample_id_204", "ds_10076_sample_id_122", "ds_4943_sample_id_160", "ds_6523_sample_id_179", "ds_8033_sample_id_52", "ds_9956_sample_id_180", "ds_11156_sample_id_116", "ds_887_sample_id_142", "ds_5279_sample_id_26", "ds_5477_sample_id_110", "ds_5475_sample_id_206", "ds_8941_sample_id_211", "ds_6807_sample_id_162", "ds_11509_sample_id_27", "ds_5478_sample_id_113", "ds_3270_sample_id_29", "ds_9200_sample_id_15", "ds_9753_sample_id_161", "ds_7567_sample_id_103", "ds_10514_sample_id_94", "ds_2523_sample_id_79"], "group_16": ["ds_3589_sample_id_149", "ds_420_sample_id_84", "ds_3892_sample_id_139", "ds_9071_sample_id_13", "ds_10595_sample_id_66", "ds_1062_sample_id_154", "ds_11404_sample_id_32", "ds_10201_sample_id_34", "ds_4359_sample_id_60", "ds_256_sample_id_168", "ds_1575_sample_id_2", "ds_9704_sample_id_51", "ds_7364_sample_id_68", "ds_815_sample_id_214", "ds_911_sample_id_194", "ds_2358_sample_id_96", "ds_7101_sample_id_133", "ds_1943_sample_id_148", "ds_10977_sample_id_105", "ds_4562_sample_id_57", "ds_3930_sample_id_186", "ds_11028_sample_id_121", "ds_818_sample_id_134", "ds_10026_sample_id_41", "ds_5883_sample_id_124", "ds_10838_sample_id_22", "ds_2654_sample_id_7", "ds_8033_sample_id_52", "ds_9036_sample_id_218", "ds_7814_sample_id_83", "ds_887_sample_id_142", "ds_7413_sample_id_6", "ds_5279_sample_id_26", "ds_6344_sample_id_143", "ds_5477_sample_id_110", "ds_8941_sample_id_211", "ds_8905_sample_id_191", "ds_11509_sample_id_27", "ds_11122_sample_id_81", "ds_5478_sample_id_113", "ds_4629_sample_id_108", "ds_5660_sample_id_174", "ds_3782_sample_id_212", "ds_5805_sample_id_187", "ds_1129_sample_id_193", "ds_5213_sample_id_207", "ds_9337_sample_id_99"], "group_0": ["ds_4815_sample_id_136", "ds_420_sample_id_84", "ds_8571_sample_id_178", "ds_10201_sample_id_34", "ds_4359_sample_id_60", "ds_3101_sample_id_72", "ds_4547_sample_id_172", "ds_8811_sample_id_203", "ds_618_sample_id_86", "ds_7364_sample_id_68", "ds_815_sample_id_214", "ds_3678_sample_id_157", "ds_6564_sample_id_215", "ds_911_sample_id_194", "ds_9378_sample_id_190", "ds_6262_sample_id_20", "ds_11028_sample_id_121", "ds_6850_sample_id_119", "ds_818_sample_id_134", "ds_10026_sample_id_41", "ds_2699_sample_id_165", "ds_9036_sample_id_218", "ds_5836_sample_id_102", "ds_11156_sample_id_116", "ds_3885_sample_id_104", "ds_8905_sample_id_191", "ds_11122_sample_id_81", "ds_6517_sample_id_14", "ds_8741_sample_id_18", "ds_9200_sample_id_15", "ds_566_sample_id_98", "ds_3782_sample_id_212", "ds_5213_sample_id_207", "ds_3779_sample_id_171", "ds_10514_sample_id_94"], "group_3": ["ds_4815_sample_id_136", "ds_9071_sample_id_13", "ds_1062_sample_id_154", "ds_8571_sample_id_178", "ds_4359_sample_id_60", "ds_3101_sample_id_72", "ds_256_sample_id_168", "ds_2212_sample_id_155", "ds_9378_sample_id_190", "ds_11028_sample_id_121", "ds_6850_sample_id_119", "ds_2992_sample_id_56", "ds_4836_sample_id_204", "ds_4943_sample_id_160", "ds_6523_sample_id_179", "ds_5836_sample_id_102", "ds_7413_sample_id_6", "ds_9817_sample_id_85", "ds_5477_sample_id_110", "ds_7292_sample_id_158", "ds_6517_sample_id_14", "ds_5478_sample_id_113", "ds_6844_sample_id_93", "ds_9200_sample_id_15", "ds_5660_sample_id_174", "ds_3782_sample_id_212", "ds_9753_sample_id_161", "ds_7567_sample_id_103"], "group_9": ["ds_4815_sample_id_136", "ds_9071_sample_id_13", "ds_1062_sample_id_154", "ds_11389_sample_id_118", "ds_256_sample_id_168", "ds_1575_sample_id_2", "ds_2129_sample_id_47", "ds_2785_sample_id_109", "ds_4547_sample_id_172", "ds_618_sample_id_86", "ds_1232_sample_id_73", "ds_3678_sample_id_157", "ds_10977_sample_id_105", "ds_2992_sample_id_56", "ds_10026_sample_id_41", "ds_5883_sample_id_124", "ds_11315_sample_id_202", "ds_10838_sample_id_22", "ds_2699_sample_id_165", "ds_6523_sample_id_179", "ds_1428_sample_id_131", "ds_9956_sample_id_180", "ds_10821_sample_id_21", "ds_7814_sample_id_83", "ds_887_sample_id_142", "ds_3885_sample_id_104", "ds_5475_sample_id_206", "ds_7292_sample_id_158", "ds_11509_sample_id_27", "ds_6517_sample_id_14", "ds_5478_sample_id_113", "ds_6844_sample_id_93", "ds_566_sample_id_98", "ds_1129_sample_id_193"], "group_19": ["ds_4815_sample_id_136", "ds_3101_sample_id_72", "ds_1575_sample_id_2", "ds_2129_sample_id_47", "ds_2785_sample_id_109", "ds_7364_sample_id_68", "ds_1232_sample_id_73", "ds_6850_sample_id_119", "ds_10918_sample_id_200", "ds_10076_sample_id_122", "ds_9036_sample_id_218", "ds_5836_sample_id_102", "ds_9878_sample_id_35", "ds_5279_sample_id_26", "ds_5477_sample_id_110", "ds_3782_sample_id_212", "ds_5805_sample_id_187", "ds_9753_sample_id_161", "ds_5213_sample_id_207", "ds_3779_sample_id_171", "ds_9337_sample_id_99", "ds_7567_sample_id_103", "ds_10983_sample_id_55"], "group_6": ["ds_420_sample_id_84", "ds_10595_sample_id_66", "ds_1062_sample_id_154", "ds_10201_sample_id_34", "ds_4359_sample_id_60", "ds_1575_sample_id_2", "ds_2129_sample_id_47", "ds_2785_sample_id_109", "ds_39_sample_id_74", "ds_6564_sample_id_215", "ds_911_sample_id_194", "ds_7101_sample_id_133", "ds_6850_sample_id_119", "ds_818_sample_id_134", "ds_10026_sample_id_41", "ds_4836_sample_id_204", "ds_11315_sample_id_202", "ds_10918_sample_id_200", "ds_2654_sample_id_7", "ds_11283_sample_id_120", "ds_4216_sample_id_170", "ds_6523_sample_id_179", "ds_10821_sample_id_21", "ds_7814_sample_id_83", "ds_7413_sample_id_6", "ds_5279_sample_id_26", "ds_9817_sample_id_85", "ds_6807_sample_id_162", "ds_7292_sample_id_158", "ds_11509_sample_id_27", "ds_6517_sample_id_14", "ds_5478_sample_id_113", "ds_10107_sample_id_209", "ds_6844_sample_id_93", "ds_9337_sample_id_99", "ds_4639_sample_id_44", "ds_7996_sample_id_153", "ds_2523_sample_id_79"], "group_8": ["ds_420_sample_id_84", "ds_4093_sample_id_195", "ds_5816_sample_id_76", "ds_8571_sample_id_178", "ds_256_sample_id_168", "ds_9415_sample_id_58", "ds_2129_sample_id_47", "ds_39_sample_id_74", "ds_2212_sample_id_155", "ds_3930_sample_id_186", "ds_11028_sample_id_121", "ds_6644_sample_id_129", "ds_6850_sample_id_119", "ds_2992_sample_id_56", "ds_5883_sample_id_124", "ds_4836_sample_id_204", "ds_10838_sample_id_22", "ds_2654_sample_id_7", "ds_6523_sample_id_179", "ds_1428_sample_id_131", "ds_9956_sample_id_180", "ds_10821_sample_id_21", "ds_11156_sample_id_116", "ds_9878_sample_id_35", "ds_887_sample_id_142", "ds_5279_sample_id_26", "ds_9817_sample_id_85", "ds_7825_sample_id_199", "ds_7292_sample_id_158", "ds_11122_sample_id_81", "ds_6517_sample_id_14", "ds_8741_sample_id_18", "ds_9200_sample_id_15", "ds_5660_sample_id_174", "ds_4639_sample_id_44", "ds_7567_sample_id_103", "ds_2523_sample_id_79"], "group_10": ["ds_420_sample_id_84", "ds_8571_sample_id_178", "ds_10201_sample_id_34", "ds_256_sample_id_168", "ds_1575_sample_id_2", "ds_4389_sample_id_49", "ds_4547_sample_id_172", "ds_8811_sample_id_203", "ds_39_sample_id_74", "ds_815_sample_id_214", "ds_3678_sample_id_157", "ds_7832_sample_id_125", "ds_6564_sample_id_215", "ds_7101_sample_id_133", "ds_10977_sample_id_105", "ds_6644_sample_id_129", "ds_6850_sample_id_119", "ds_10026_sample_id_41", "ds_5883_sample_id_124", "ds_11315_sample_id_202", "ds_10838_sample_id_22", "ds_9956_sample_id_180", "ds_5836_sample_id_102", "ds_10821_sample_id_21", "ds_7814_sample_id_83", "ds_887_sample_id_142", "ds_6344_sample_id_143", "ds_5477_sample_id_110", "ds_7825_sample_id_199", "ds_5475_sample_id_206", "ds_8941_sample_id_211", "ds_11509_sample_id_27", "ds_11122_sample_id_81", "ds_9200_sample_id_15", "ds_5660_sample_id_174", "ds_9753_sample_id_161", "ds_3779_sample_id_171", "ds_9337_sample_id_99", "ds_2523_sample_id_79"], "group_13": ["ds_420_sample_id_84", "ds_10595_sample_id_66", "ds_4359_sample_id_60", "ds_11389_sample_id_118", "ds_9415_sample_id_58", "ds_8811_sample_id_203", "ds_3277_sample_id_24", "ds_618_sample_id_86", "ds_7364_sample_id_68", "ds_815_sample_id_214", "ds_3678_sample_id_157", "ds_7832_sample_id_125", "ds_9378_sample_id_190", "ds_6262_sample_id_20", "ds_818_sample_id_134", "ds_4836_sample_id_204", "ds_10918_sample_id_200", "ds_2699_sample_id_165", "ds_8033_sample_id_52", "ds_9036_sample_id_218", "ds_11156_sample_id_116", "ds_887_sample_id_142", "ds_6344_sample_id_143", "ds_9817_sample_id_85", "ds_7825_sample_id_199", "ds_8941_sample_id_211", "ds_6807_sample_id_162", "ds_7292_sample_id_158", "ds_11509_sample_id_27", "ds_11122_sample_id_81", "ds_5478_sample_id_113", "ds_4629_sample_id_108", "ds_8741_sample_id_18", "ds_9200_sample_id_15", "ds_5660_sample_id_174", "ds_3782_sample_id_212", "ds_1129_sample_id_193", "ds_4639_sample_id_44", "ds_7996_sample_id_153", "ds_10514_sample_id_94", "ds_2523_sample_id_79"], "group_17": ["ds_420_sample_id_84", "ds_10201_sample_id_34", "ds_256_sample_id_168", "ds_4547_sample_id_172", "ds_39_sample_id_74", "ds_3277_sample_id_24", "ds_3678_sample_id_157", "ds_6850_sample_id_119", "ds_2992_sample_id_56", "ds_5883_sample_id_124", "ds_10918_sample_id_200", "ds_10076_sample_id_122", "ds_2699_sample_id_165", "ds_5836_sample_id_102", "ds_10821_sample_id_21", "ds_5477_sample_id_110", "ds_6807_sample_id_162", "ds_7292_sample_id_158", "ds_5478_sample_id_113", "ds_4629_sample_id_108", "ds_3782_sample_id_212", "ds_4639_sample_id_44", "ds_10514_sample_id_94", "ds_2523_sample_id_79"], "group_1": ["ds_4093_sample_id_195", "ds_3892_sample_id_139", "ds_9071_sample_id_13", "ds_5816_sample_id_76", "ds_8571_sample_id_178", "ds_11404_sample_id_32", "ds_4359_sample_id_60", "ds_8721_sample_id_126", "ds_9704_sample_id_51", "ds_9415_sample_id_58", "ds_2129_sample_id_47", "ds_2785_sample_id_109", "ds_4547_sample_id_172", "ds_2212_sample_id_155", "ds_1232_sample_id_73", "ds_3678_sample_id_157", "ds_6564_sample_id_215", "ds_911_sample_id_194", "ds_9378_sample_id_190", "ds_4562_sample_id_57", "ds_6644_sample_id_129", "ds_5883_sample_id_124", "ds_11315_sample_id_202", "ds_10838_sample_id_22", "ds_10918_sample_id_200", "ds_4216_sample_id_170", "ds_8033_sample_id_52", "ds_9878_sample_id_35", "ds_887_sample_id_142", "ds_5279_sample_id_26", "ds_6344_sample_id_143", "ds_6807_sample_id_162", "ds_11122_sample_id_81", "ds_5478_sample_id_113", "ds_10107_sample_id_209", "ds_4629_sample_id_108", "ds_3270_sample_id_29", "ds_9200_sample_id_15", "ds_566_sample_id_98", "ds_3782_sample_id_212", "ds_5805_sample_id_187", "ds_1129_sample_id_193", "ds_10514_sample_id_94", "ds_2523_sample_id_79"], "group_5": ["ds_4093_sample_id_195", "ds_10595_sample_id_66", "ds_1062_sample_id_154", "ds_4359_sample_id_60", "ds_1575_sample_id_2", "ds_4547_sample_id_172", "ds_8811_sample_id_203", "ds_39_sample_id_74", "ds_3277_sample_id_24", "ds_3678_sample_id_157", "ds_6564_sample_id_215", "ds_2358_sample_id_96", "ds_7101_sample_id_133", "ds_1943_sample_id_148", "ds_4562_sample_id_57", "ds_3930_sample_id_186", "ds_11028_sample_id_121", "ds_6850_sample_id_119", "ds_4836_sample_id_204", "ds_10838_sample_id_22", "ds_10918_sample_id_200", "ds_10076_sample_id_122", "ds_2699_sample_id_165", "ds_8033_sample_id_52", "ds_9036_sample_id_218", "ds_5836_sample_id_102", "ds_10821_sample_id_21", "ds_11156_sample_id_116", "ds_9878_sample_id_35", "ds_887_sample_id_142", "ds_7413_sample_id_6", "ds_5279_sample_id_26", "ds_7825_sample_id_199", "ds_3885_sample_id_104", "ds_5475_sample_id_206", "ds_6807_sample_id_162", "ds_8905_sample_id_191", "ds_11509_sample_id_27", "ds_11122_sample_id_81", "ds_6517_sample_id_14", "ds_10107_sample_id_209", "ds_4629_sample_id_108", "ds_8741_sample_id_18", "ds_9200_sample_id_15", "ds_566_sample_id_98", "ds_9753_sample_id_161", "ds_5213_sample_id_207", "ds_7567_sample_id_103", "ds_7996_sample_id_153", "ds_10514_sample_id_94"], "group_12": ["ds_4093_sample_id_195", "ds_3892_sample_id_139", "ds_4359_sample_id_60", "ds_39_sample_id_74", "ds_815_sample_id_214", "ds_911_sample_id_194", "ds_6262_sample_id_20", "ds_6850_sample_id_119", "ds_11315_sample_id_202", "ds_10918_sample_id_200", "ds_8033_sample_id_52", "ds_9036_sample_id_218", "ds_887_sample_id_142", "ds_7413_sample_id_6", "ds_7292_sample_id_158", "ds_5805_sample_id_187", "ds_9753_sample_id_161"], "group_14": ["ds_4093_sample_id_195", "ds_8045_sample_id_36", "ds_1062_sample_id_154", "ds_4359_sample_id_60", "ds_3101_sample_id_72", "ds_11389_sample_id_118", "ds_9704_sample_id_51", "ds_9415_sample_id_58", "ds_2129_sample_id_47", "ds_815_sample_id_214", "ds_1232_sample_id_73", "ds_3678_sample_id_157", "ds_4562_sample_id_57", "ds_11028_sample_id_121", "ds_6644_sample_id_129", "ds_6850_sample_id_119", "ds_2992_sample_id_56", "ds_10026_sample_id_41", "ds_2654_sample_id_7", "ds_8033_sample_id_52", "ds_9956_sample_id_180", "ds_5836_sample_id_102", "ds_5477_sample_id_110", "ds_3885_sample_id_104", "ds_8905_sample_id_191", "ds_10107_sample_id_209", "ds_6844_sample_id_93", "ds_9200_sample_id_15", "ds_566_sample_id_98", "ds_5805_sample_id_187", "ds_9753_sample_id_161", "ds_3779_sample_id_171", "ds_9337_sample_id_99", "ds_4639_sample_id_44", "ds_7567_sample_id_103", "ds_7996_sample_id_153"], "group_18": ["ds_4093_sample_id_195", "ds_8045_sample_id_36", "ds_3101_sample_id_72", "ds_8811_sample_id_203", "ds_815_sample_id_214", "ds_1232_sample_id_73", "ds_911_sample_id_194", "ds_10977_sample_id_105", "ds_4562_sample_id_57", "ds_6850_sample_id_119", "ds_818_sample_id_134", "ds_2992_sample_id_56", "ds_10026_sample_id_41", "ds_2654_sample_id_7", "ds_11283_sample_id_120", "ds_4216_sample_id_170", "ds_4943_sample_id_160", "ds_9036_sample_id_218", "ds_10821_sample_id_21", "ds_11156_sample_id_116", "ds_9878_sample_id_35", "ds_9817_sample_id_85", "ds_5477_sample_id_110", "ds_7825_sample_id_199", "ds_3885_sample_id_104", "ds_6807_sample_id_162", "ds_7292_sample_id_158", "ds_6517_sample_id_14", "ds_5478_sample_id_113", "ds_10107_sample_id_209", "ds_3270_sample_id_29", "ds_5213_sample_id_207", "ds_7567_sample_id_103", "ds_7996_sample_id_153", "ds_2523_sample_id_79"], "group_7": ["ds_3892_sample_id_139", "ds_10201_sample_id_34", "ds_8721_sample_id_126", "ds_3101_sample_id_72", "ds_256_sample_id_168", "ds_1575_sample_id_2", "ds_4389_sample_id_49", "ds_9415_sample_id_58", "ds_39_sample_id_74", "ds_1232_sample_id_73", "ds_6564_sample_id_215", "ds_911_sample_id_194", "ds_6262_sample_id_20", "ds_1943_sample_id_148", "ds_3930_sample_id_186", "ds_6850_sample_id_119", "ds_2992_sample_id_56", "ds_10918_sample_id_200", "ds_2699_sample_id_165", "ds_11283_sample_id_120", "ds_4216_sample_id_170", "ds_4943_sample_id_160", "ds_6523_sample_id_179", "ds_8033_sample_id_52", "ds_1428_sample_id_131", "ds_9036_sample_id_218", "ds_5279_sample_id_26", "ds_5477_sample_id_110", "ds_3885_sample_id_104", "ds_11509_sample_id_27", "ds_9200_sample_id_15", "ds_10983_sample_id_55"], "group_4": ["ds_8045_sample_id_36", "ds_4359_sample_id_60", "ds_1575_sample_id_2", "ds_4389_sample_id_49", "ds_8811_sample_id_203", "ds_3277_sample_id_24", "ds_3678_sample_id_157", "ds_9378_sample_id_190", "ds_6262_sample_id_20", "ds_1943_sample_id_148", "ds_6850_sample_id_119", "ds_2992_sample_id_56", "ds_2654_sample_id_7", "ds_5279_sample_id_26", "ds_5477_sample_id_110", "ds_6517_sample_id_14", "ds_4629_sample_id_108", "ds_6735_sample_id_80", "ds_6844_sample_id_93", "ds_9200_sample_id_15", "ds_3782_sample_id_212", "ds_9337_sample_id_99"], "group_15": ["ds_9071_sample_id_13", "ds_10595_sample_id_66", "ds_3101_sample_id_72", "ds_2212_sample_id_155", "ds_6564_sample_id_215", "ds_2358_sample_id_96", "ds_2992_sample_id_56", "ds_11315_sample_id_202", "ds_10918_sample_id_200", "ds_9036_sample_id_218", "ds_10821_sample_id_21", "ds_11156_sample_id_116", "ds_9817_sample_id_85", "ds_5477_sample_id_110", "ds_8905_sample_id_191", "ds_4629_sample_id_108", "ds_8741_sample_id_18", "ds_9200_sample_id_15", "ds_5660_sample_id_174", "ds_3782_sample_id_212", "ds_7567_sample_id_103"]}}