{"ds_33_sample_id_0": [], "ds_1_sample_id_1": [], "ds_63_sample_id_2": [], "ds_40_sample_id_3": [], "ds_50_sample_id_4": [], "ds_24_sample_id_5": [], "ds_48_sample_id_6": ["DOMAIN_NAME", "IP_ADDRESS", "PERSON"], "ds_3_sample_id_7": ["DOMAIN_NAME", "EMAIL_ADDRESS", "IP_ADDRESS", "PERSON"], "ds_19_sample_id_8": ["DOMAIN_NAME", "EMAIL_ADDRESS", "IP_ADDRESS", "PERSON"], "ds_49_sample_id_9": [], "ds_35_sample_id_10": [], "ds_52_sample_id_11": ["PERSON"], "ds_63_sample_id_12": [], "ds_27_sample_id_13": ["DOMAIN_NAME", "IP_ADDRESS"], "ds_24_sample_id_14": [], "ds_5_sample_id_15": [], "ds_17_sample_id_16": [], "ds_23_sample_id_17": ["DOMAIN_NAME", "IP_ADDRESS"], "ds_22_sample_id_18": ["DOMAIN_NAME"], "ds_53_sample_id_19": ["DOMAIN_NAME", "IP_ADDRESS", "PERSON"], "ds_35_sample_id_20": [], "ds_62_sample_id_21": [], "ds_65_sample_id_22": [], "ds_60_sample_id_23": [], "ds_61_sample_id_24": [], "ds_40_sample_id_25": [], "ds_14_sample_id_26": [], "ds_14_sample_id_27": [], "ds_60_sample_id_28": [], "ds_47_sample_id_29": [], "ds_4_sample_id_30": [], "ds_10_sample_id_31": [], "ds_63_sample_id_32": [], "ds_24_sample_id_33": [], "ds_46_sample_id_34": [], "ds_33_sample_id_35": [], "ds_31_sample_id_36": [], "ds_49_sample_id_37": [], "ds_22_sample_id_38": ["DOMAIN_NAME"], "ds_34_sample_id_39": [], "ds_40_sample_id_40": [], "ds_42_sample_id_41": [], "ds_50_sample_id_42": [], "ds_43_sample_id_43": [], "ds_52_sample_id_44": ["PERSON"], "ds_31_sample_id_45": [], "ds_12_sample_id_46": [], "ds_52_sample_id_47": ["PERSON"], "ds_55_sample_id_48": [], "ds_48_sample_id_49": ["DOMAIN_NAME", "IP_ADDRESS", "PERSON"], "ds_56_sample_id_50": [], "ds_1_sample_id_51": [], "ds_47_sample_id_52": [], "ds_61_sample_id_53": [], "ds_6_sample_id_54": [], "ds_34_sample_id_55": [], "ds_31_sample_id_56": [], "ds_39_sample_id_57": [], "ds_37_sample_id_58": [], "ds_64_sample_id_59": [], "ds_0_sample_id_60": ["PERSON"], "ds_32_sample_id_61": [], "ds_40_sample_id_62": [], "ds_65_sample_id_63": [], "ds_13_sample_id_64": [], "ds_50_sample_id_65": [], "ds_43_sample_id_66": [], "ds_39_sample_id_67": [], "ds_3_sample_id_68": ["DOMAIN_NAME", "EMAIL_ADDRESS", "IP_ADDRESS", "PERSON"], "ds_59_sample_id_69": [], "ds_24_sample_id_70": [], "ds_47_sample_id_71": [], "ds_16_sample_id_72": [], "ds_37_sample_id_73": [], "ds_37_sample_id_74": [], "ds_16_sample_id_75": [], "ds_24_sample_id_76": [], "ds_51_sample_id_77": [], "ds_4_sample_id_78": [], "ds_42_sample_id_79": [], "ds_44_sample_id_80": ["DOMAIN_NAME", "IP_ADDRESS", "PERSON"], "ds_14_sample_id_81": [], "ds_11_sample_id_82": ["DOMAIN_NAME", "EMAIL_ADDRESS", "IP_ADDRESS", "PERSON"], "ds_57_sample_id_83": [], "ds_7_sample_id_84": [], "ds_15_sample_id_85": [], "ds_49_sample_id_86": [], "ds_58_sample_id_87": [], "ds_28_sample_id_88": [], "ds_21_sample_id_89": [], "ds_5_sample_id_90": [], "ds_44_sample_id_91": ["DOMAIN_NAME", "IP_ADDRESS", "PERSON"], "ds_0_sample_id_92": ["PERSON"], "ds_19_sample_id_93": ["DOMAIN_NAME", "EMAIL_ADDRESS", "IP_ADDRESS", "PERSON"], "ds_35_sample_id_94": [], "ds_38_sample_id_95": [], "ds_59_sample_id_96": [], "ds_58_sample_id_97": [], "ds_14_sample_id_98": [], "ds_0_sample_id_99": ["PERSON"], "ds_51_sample_id_100": [], "ds_63_sample_id_101": [], "ds_6_sample_id_102": [], "ds_5_sample_id_103": [], "ds_21_sample_id_104": [], "ds_7_sample_id_105": [], "ds_55_sample_id_106": [], "ds_55_sample_id_107": [], "ds_8_sample_id_108": [], "ds_50_sample_id_109": [], "ds_64_sample_id_110": [], "ds_51_sample_id_111": [], "ds_53_sample_id_112": ["DOMAIN_NAME", "IP_ADDRESS", "PERSON"], "ds_43_sample_id_113": [], "ds_18_sample_id_114": [], "ds_49_sample_id_115": [], "ds_28_sample_id_116": [], "ds_61_sample_id_117": [], "ds_13_sample_id_118": [], "ds_61_sample_id_119": [], "ds_36_sample_id_120": [], "ds_37_sample_id_121": [], "ds_18_sample_id_122": [], "ds_0_sample_id_123": ["PERSON"], "ds_11_sample_id_124": ["DOMAIN_NAME", "EMAIL_ADDRESS", "IP_ADDRESS", "PERSON"], "ds_57_sample_id_125": [], "ds_10_sample_id_126": [], "ds_53_sample_id_127": ["DOMAIN_NAME", "IP_ADDRESS", "PERSON"], "ds_41_sample_id_128": [], "ds_16_sample_id_129": [], "ds_20_sample_id_130": [], "ds_39_sample_id_131": [], "ds_43_sample_id_132": [], "ds_18_sample_id_133": [], "ds_60_sample_id_134": [], "ds_13_sample_id_135": [], "ds_23_sample_id_136": ["DOMAIN_NAME", "IP_ADDRESS"], "ds_12_sample_id_137": [], "ds_25_sample_id_138": [], "ds_39_sample_id_139": [], "ds_42_sample_id_140": [], "ds_59_sample_id_141": [], "ds_25_sample_id_142": [], "ds_58_sample_id_143": [], "ds_26_sample_id_144": ["DOMAIN_NAME", "IP_ADDRESS", "PERSON"], "ds_12_sample_id_145": [], "ds_51_sample_id_146": [], "ds_25_sample_id_147": [], "ds_17_sample_id_148": [], "ds_38_sample_id_149": [], "ds_31_sample_id_150": [], "ds_11_sample_id_151": ["DOMAIN_NAME", "EMAIL_ADDRESS", "IP_ADDRESS", "PERSON"], "ds_56_sample_id_152": [], "ds_53_sample_id_153": ["DOMAIN_NAME", "IP_ADDRESS", "PERSON"], "ds_43_sample_id_154": [], "ds_51_sample_id_155": [], "ds_62_sample_id_156": [], "ds_9_sample_id_157": [], "ds_14_sample_id_158": [], "ds_15_sample_id_159": [], "ds_20_sample_id_160": [], "ds_42_sample_id_161": [], "ds_36_sample_id_162": [], "ds_33_sample_id_163": [], "ds_13_sample_id_164": [], "ds_42_sample_id_165": [], "ds_65_sample_id_166": [], "ds_24_sample_id_167": [], "ds_37_sample_id_168": [], "ds_48_sample_id_169": ["DOMAIN_NAME", "IP_ADDRESS", "PERSON"], "ds_4_sample_id_170": [], "ds_55_sample_id_171": [], "ds_23_sample_id_172": ["DOMAIN_NAME", "IP_ADDRESS"], "ds_43_sample_id_173": [], "ds_46_sample_id_174": [], "ds_54_sample_id_175": [], "ds_15_sample_id_176": [], "ds_29_sample_id_177": [], "ds_8_sample_id_178": [], "ds_5_sample_id_179": [], "ds_34_sample_id_180": [], "ds_27_sample_id_181": ["DOMAIN_NAME", "IP_ADDRESS"], "ds_65_sample_id_182": [], "ds_28_sample_id_183": [], "ds_49_sample_id_184": [], "ds_61_sample_id_185": [], "ds_42_sample_id_186": [], "ds_25_sample_id_187": [], "ds_29_sample_id_188": [], "ds_37_sample_id_189": [], "ds_32_sample_id_190": [], "ds_30_sample_id_191": [], "ds_43_sample_id_192": [], "ds_9_sample_id_193": [], "ds_36_sample_id_194": [], "ds_36_sample_id_195": [], "ds_63_sample_id_196": [], "ds_22_sample_id_197": ["DOMAIN_NAME"], "ds_0_sample_id_198": ["PERSON"], "ds_63_sample_id_199": [], "ds_43_sample_id_200": [], "ds_30_sample_id_201": [], "ds_62_sample_id_202": [], "ds_62_sample_id_203": [], "ds_6_sample_id_204": [], "ds_16_sample_id_205": [], "ds_62_sample_id_206": [], "ds_20_sample_id_207": [], "ds_54_sample_id_208": [], "ds_41_sample_id_209": [], "ds_3_sample_id_210": ["DOMAIN_NAME", "EMAIL_ADDRESS", "IP_ADDRESS", "PERSON"], "ds_10_sample_id_211": [], "ds_10_sample_id_212": [], "ds_66_sample_id_213": [], "ds_25_sample_id_214": [], "ds_37_sample_id_215": [], "ds_23_sample_id_216": ["DOMAIN_NAME", "IP_ADDRESS"], "ds_41_sample_id_217": [], "ds_11_sample_id_218": ["DOMAIN_NAME", "EMAIL_ADDRESS", "IP_ADDRESS", "PERSON"], "ds_42_sample_id_219": [], "ds_15_sample_id_220": [], "ds_59_sample_id_221": [], "ds_55_sample_id_222": [], "ds_57_sample_id_223": []}