{"ds_13_sample_id_0": [], "ds_398_sample_id_1": ["DOMAIN_NAME", "EMAIL_ADDRESS", "LOCATION", "PERSON", "US_DRIVER_LICENSE"], "ds_290_sample_id_2": [], "ds_231_sample_id_3": [], "ds_280_sample_id_4": [], "ds_393_sample_id_5": ["DOMAIN_NAME", "LOCATION", "PERSON", "US_DRIVER_LICENSE"], "ds_275_sample_id_6": [], "ds_232_sample_id_7": [], "ds_42_sample_id_8": [], "ds_89_sample_id_9": [], "ds_252_sample_id_10": [], "ds_0_sample_id_11": [], "ds_336_sample_id_12": [], "ds_312_sample_id_13": [], "ds_52_sample_id_14": [], "ds_127_sample_id_15": [], "ds_205_sample_id_16": [], "ds_384_sample_id_17": ["CREDIT_CARD", "DOMAIN_NAME", "EMAIL_ADDRESS", "LOCATION", "PERSON", "PHONE_NUMBER", "US_DRIVER_LICENSE"], "ds_17_sample_id_18": [], "ds_175_sample_id_19": [], "ds_265_sample_id_20": [], "ds_81_sample_id_21": [], "ds_286_sample_id_22": [], "ds_89_sample_id_23": [], "ds_42_sample_id_24": [], "ds_342_sample_id_25": [], "ds_117_sample_id_26": [], "ds_157_sample_id_27": [], "ds_16_sample_id_28": [], "ds_368_sample_id_29": ["CREDIT_CARD", "DOMAIN_NAME", "EMAIL_ADDRESS", "IP_ADDRESS", "LOCATION", "PERSON", "PHONE_NUMBER", "US_DRIVER_LICENSE"], "ds_50_sample_id_30": [], "ds_78_sample_id_31": [], "ds_273_sample_id_32": [], "ds_195_sample_id_33": [], "ds_180_sample_id_34": [], "ds_84_sample_id_35": [], "ds_370_sample_id_36": ["DOMAIN_NAME", "EMAIL_ADDRESS", "LOCATION", "US_DRIVER_LICENSE"], "ds_35_sample_id_37": [], "ds_143_sample_id_38": [], "ds_84_sample_id_39": [], "ds_386_sample_id_40": ["EMAIL_ADDRESS", "IP_ADDRESS", "LOCATION", "PERSON", "US_DRIVER_LICENSE"], "ds_26_sample_id_41": [], "ds_82_sample_id_42": [], "ds_134_sample_id_43": ["DOMAIN_NAME", "IP_ADDRESS", "LOCATION"], "ds_312_sample_id_44": [], "ds_381_sample_id_45": ["CREDIT_CARD", "DOMAIN_NAME", "EMAIL_ADDRESS", "IP_ADDRESS", "LOCATION", "PERSON", "PHONE_NUMBER", "US_DRIVER_LICENSE"], "ds_15_sample_id_46": [], "ds_277_sample_id_47": [], "ds_142_sample_id_48": ["DOMAIN_NAME", "LOCATION", "PERSON", "PHONE_NUMBER"], "ds_352_sample_id_49": ["EMAIL_ADDRESS", "US_DRIVER_LICENSE"], "ds_85_sample_id_50": [], "ds_159_sample_id_51": [], "ds_324_sample_id_52": [], "ds_59_sample_id_53": [], "ds_247_sample_id_54": [], "ds_371_sample_id_55": ["CREDIT_CARD", "DOMAIN_NAME", "EMAIL_ADDRESS", "IP_ADDRESS", "LOCATION", "PERSON", "PHONE_NUMBER", "US_DRIVER_LICENSE"], "ds_230_sample_id_56": [], "ds_244_sample_id_57": [], "ds_366_sample_id_58": ["DOMAIN_NAME", "EMAIL_ADDRESS", "LOCATION", "PERSON", "PHONE_NUMBER", "US_DRIVER_LICENSE"], "ds_35_sample_id_59": [], "ds_348_sample_id_60": ["DOMAIN_NAME", "EMAIL_ADDRESS", "LOCATION", "PERSON", "PHONE_NUMBER", "US_DRIVER_LICENSE"], "ds_309_sample_id_61": [], "ds_77_sample_id_62": [], "ds_322_sample_id_63": [], "ds_233_sample_id_64": [], "ds_230_sample_id_65": [], "ds_21_sample_id_66": [], "ds_110_sample_id_67": [], "ds_84_sample_id_68": [], "ds_53_sample_id_69": [], "ds_88_sample_id_70": [], "ds_320_sample_id_71": [], "ds_377_sample_id_72": ["CREDIT_CARD", "DOMAIN_NAME", "EMAIL_ADDRESS", "LOCATION", "US_DRIVER_LICENSE"], "ds_358_sample_id_73": ["DOMAIN_NAME", "IP_ADDRESS", "LOCATION", "US_DRIVER_LICENSE"], "ds_151_sample_id_74": [], "ds_234_sample_id_75": [], "ds_285_sample_id_76": [], "ds_2_sample_id_77": ["DOMAIN_NAME", "EMAIL_ADDRESS", "IP_ADDRESS", "LOCATION", "PERSON"], "ds_359_sample_id_78": ["CREDIT_CARD", "IP_ADDRESS", "LOCATION", "PERSON", "US_DRIVER_LICENSE"], "ds_243_sample_id_79": [], "ds_122_sample_id_80": [], "ds_379_sample_id_81": [], "ds_192_sample_id_82": [], "ds_288_sample_id_83": [], "ds_105_sample_id_84": [], "ds_219_sample_id_85": [], "ds_143_sample_id_86": [], "ds_43_sample_id_87": ["DOMAIN_NAME", "EMAIL_ADDRESS", "LOCATION", "PERSON"], "ds_296_sample_id_88": [], "ds_315_sample_id_89": [], "ds_152_sample_id_90": ["LOCATION"], "ds_321_sample_id_91": [], "ds_128_sample_id_92": [], "ds_238_sample_id_93": [], "ds_279_sample_id_94": [], "ds_4_sample_id_95": [], "ds_1_sample_id_96": ["DOMAIN_NAME", "IP_ADDRESS", "PERSON"], "ds_146_sample_id_97": []}