{"user_group_edges": {"group_1": ["user_1764_sample_id_16", "user_1954_sample_id_4"], "group_15": ["user_1764_sample_id_16"], "group_16": ["user_352_sample_id_9"], "group_17": ["user_352_sample_id_9", "user_403_sample_id_22", "user_1171_sample_id_14", "user_2482_sample_id_5"], "group_6": ["user_2438_sample_id_11"], "group_14": ["user_403_sample_id_22", "user_3012_sample_id_1"], "group_0": ["user_2947_sample_id_2", "user_2661_sample_id_13"], "group_2": ["user_1888_sample_id_6", "user_1528_sample_id_3"], "group_19": ["user_1888_sample_id_6", "user_1954_sample_id_4"], "group_11": ["user_2661_sample_id_13"], "group_12": ["user_2684_sample_id_18"], "group_7": ["user_2070_sample_id_7", "user_582_sample_id_20", "user_822_sample_id_19"], "group_10": ["user_2265_sample_id_10"], "group_9": ["user_822_sample_id_19"], "group_13": ["user_822_sample_id_19"], "group_5": ["user_3012_sample_id_1"], "group_3": ["user_187_sample_id_0"], "group_4": ["user_187_sample_id_0"], "group_18": ["user_1528_sample_id_3"]}, "group_data_store_edges": {"group_1": ["ds_9862_sample_id_16"], "group_0": ["ds_11313_sample_id_6", "ds_7001_sample_id_35", "ds_4355_sample_id_82"], "group_11": ["ds_1776_sample_id_22", "ds_6762_sample_id_19", "ds_10950_sample_id_26"], "group_2": ["ds_594_sample_id_63", "ds_5882_sample_id_8"], "group_4": ["ds_7226_sample_id_43"], "group_19": ["ds_9343_sample_id_77", "ds_7705_sample_id_55"], "group_12": ["ds_6192_sample_id_29", "ds_4950_sample_id_4"], "group_13": ["ds_9363_sample_id_65"], "group_16": ["ds_3698_sample_id_34"], "group_18": ["ds_3698_sample_id_34"], "group_7": ["ds_6256_sample_id_64", "ds_2863_sample_id_31", "ds_4080_sample_id_73", "ds_3319_sample_id_12"], "group_17": ["ds_8982_sample_id_25", "ds_7816_sample_id_86", "ds_4528_sample_id_59", "ds_8455_sample_id_50"], "group_14": ["ds_5144_sample_id_44", "ds_7736_sample_id_30"], "group_10": ["ds_8626_sample_id_41"], "group_6": ["ds_4355_sample_id_82"], "group_15": ["ds_4944_sample_id_27"], "group_9": ["ds_3409_sample_id_72"], "group_5": ["ds_4528_sample_id_59"], "group_3": ["ds_8560_sample_id_24"]}}