{"ds_5675_sample_id_0": [], "ds_3939_sample_id_1": [], "ds_8873_sample_id_2": [], "ds_8915_sample_id_3": [], "ds_4950_sample_id_4": [], "ds_1009_sample_id_5": [], "ds_11313_sample_id_6": [], "ds_4457_sample_id_7": [], "ds_5882_sample_id_8": [], "ds_2346_sample_id_9": [], "ds_6601_sample_id_10": [], "ds_9428_sample_id_11": [], "ds_3319_sample_id_12": [], "ds_1139_sample_id_13": [], "ds_7534_sample_id_14": [], "ds_2513_sample_id_15": [], "ds_9862_sample_id_16": [], "ds_8043_sample_id_17": [], "ds_7570_sample_id_18": [], "ds_6762_sample_id_19": [], "ds_10942_sample_id_20": [], "ds_4401_sample_id_21": [], "ds_1776_sample_id_22": [], "ds_4016_sample_id_23": [], "ds_8560_sample_id_24": [], "ds_8982_sample_id_25": [], "ds_10950_sample_id_26": [], "ds_4944_sample_id_27": [], "ds_3408_sample_id_28": [], "ds_6192_sample_id_29": [], "ds_7736_sample_id_30": [], "ds_2863_sample_id_31": [], "ds_10895_sample_id_32": [], "ds_3705_sample_id_33": [], "ds_3698_sample_id_34": [], "ds_7001_sample_id_35": [], "ds_11500_sample_id_36": [], "ds_2745_sample_id_37": [], "ds_5345_sample_id_38": [], "ds_8133_sample_id_39": [], "ds_4084_sample_id_40": [], "ds_8626_sample_id_41": [], "ds_4120_sample_id_42": [], "ds_7226_sample_id_43": [], "ds_5144_sample_id_44": [], "ds_10380_sample_id_45": [], "ds_8949_sample_id_46": [], "ds_4888_sample_id_47": [], "ds_10264_sample_id_48": [], "ds_11263_sample_id_49": [], "ds_8455_sample_id_50": [], "ds_124_sample_id_51": [], "ds_6881_sample_id_52": [], "ds_2967_sample_id_53": [], "ds_637_sample_id_54": [], "ds_7705_sample_id_55": [], "ds_10329_sample_id_56": [], "ds_2003_sample_id_57": [], "ds_5916_sample_id_58": [], "ds_4528_sample_id_59": [], "ds_5837_sample_id_60": [], "ds_9988_sample_id_61": [], "ds_5694_sample_id_62": [], "ds_594_sample_id_63": [], "ds_6256_sample_id_64": [], "ds_9363_sample_id_65": [], "ds_2237_sample_id_66": [], "ds_1104_sample_id_67": [], "ds_6482_sample_id_68": [], "ds_3271_sample_id_69": [], "ds_3635_sample_id_70": [], "ds_5549_sample_id_71": [], "ds_3409_sample_id_72": [], "ds_4080_sample_id_73": [], "ds_3231_sample_id_74": [], "ds_2119_sample_id_75": [], "ds_10277_sample_id_76": [], "ds_9343_sample_id_77": [], "ds_10959_sample_id_78": [], "ds_1333_sample_id_79": [], "ds_829_sample_id_80": [], "ds_10500_sample_id_81": [], "ds_4355_sample_id_82": [], "ds_4316_sample_id_83": [], "ds_8755_sample_id_84": [], "ds_11402_sample_id_85": [], "ds_7816_sample_id_86": [], "ds_3966_sample_id_87": [], "ds_10322_sample_id_88": [], "ds_7936_sample_id_89": [], "ds_6297_sample_id_90": []}