{"user_group_edges": {"group_8": ["user_380_sample_id_3", "user_77_sample_id_18"], "group_14": ["user_380_sample_id_3", "user_75_sample_id_13", "user_77_sample_id_18", "user_303_sample_id_14", "user_447_sample_id_15", "user_29_sample_id_11"], "group_15": ["user_380_sample_id_3", "user_282_sample_id_12", "user_129_sample_id_2", "user_176_sample_id_9", "user_222_sample_id_16"], "group_17": ["user_380_sample_id_3", "user_75_sample_id_13", "user_447_sample_id_15", "user_242_sample_id_6", "user_456_sample_id_1"], "group_2": ["user_282_sample_id_12", "user_129_sample_id_2", "user_77_sample_id_18", "user_236_sample_id_17", "user_242_sample_id_6"], "group_3": ["user_282_sample_id_12", "user_427_sample_id_8", "user_133_sample_id_19"], "group_5": ["user_282_sample_id_12", "user_23_sample_id_4", "user_176_sample_id_9", "user_427_sample_id_8", "user_54_sample_id_10", "user_133_sample_id_19", "user_29_sample_id_11"], "group_10": ["user_23_sample_id_4", "user_77_sample_id_18", "user_40_sample_id_5", "user_112_sample_id_0", "user_222_sample_id_16"], "group_11": ["user_23_sample_id_4", "user_54_sample_id_10", "user_133_sample_id_19", "user_236_sample_id_17", "user_447_sample_id_15", "user_456_sample_id_1"], "group_13": ["user_23_sample_id_4", "user_129_sample_id_2", "user_176_sample_id_9", "user_427_sample_id_8", "user_133_sample_id_19", "user_498_sample_id_7", "user_303_sample_id_14"], "group_4": ["user_129_sample_id_2", "user_427_sample_id_8", "user_54_sample_id_10", "user_40_sample_id_5", "user_456_sample_id_1", "user_29_sample_id_11"], "group_6": ["user_129_sample_id_2", "user_176_sample_id_9", "user_40_sample_id_5", "user_29_sample_id_11", "user_112_sample_id_0"], "group_19": ["user_129_sample_id_2", "user_75_sample_id_13", "user_54_sample_id_10", "user_498_sample_id_7", "user_447_sample_id_15"], "group_9": ["user_75_sample_id_13", "user_427_sample_id_8", "user_303_sample_id_14", "user_456_sample_id_1"], "group_18": ["user_75_sample_id_13", "user_427_sample_id_8", "user_498_sample_id_7", "user_236_sample_id_17", "user_447_sample_id_15", "user_29_sample_id_11", "user_112_sample_id_0"], "group_0": ["user_427_sample_id_8", "user_456_sample_id_1"], "group_12": ["user_427_sample_id_8", "user_40_sample_id_5", "user_242_sample_id_6", "user_112_sample_id_0"], "group_7": ["user_133_sample_id_19", "user_303_sample_id_14", "user_242_sample_id_6", "user_222_sample_id_16"], "group_1": ["user_498_sample_id_7", "user_112_sample_id_0"], "group_16": ["user_498_sample_id_7", "user_242_sample_id_6", "user_222_sample_id_16"]}, "group_data_store_edges": {"group_2": ["ds_176_sample_id_21", "ds_157_sample_id_8", "ds_38_sample_id_59", "ds_116_sample_id_23", "ds_9_sample_id_53", "ds_28_sample_id_12", "ds_199_sample_id_57", "ds_16_sample_id_3"], "group_9": ["ds_176_sample_id_21", "ds_131_sample_id_14", "ds_66_sample_id_17", "ds_16_sample_id_3"], "group_14": ["ds_176_sample_id_21", "ds_84_sample_id_6", "ds_157_sample_id_8", "ds_117_sample_id_49", "ds_173_sample_id_13", "ds_30_sample_id_30", "ds_14_sample_id_27"], "group_4": ["ds_84_sample_id_6", "ds_25_sample_id_64", "ds_84_sample_id_4", "ds_47_sample_id_22", "ds_116_sample_id_23", "ds_94_sample_id_20", "ds_117_sample_id_49", "ds_177_sample_id_63", "ds_114_sample_id_69", "ds_64_sample_id_28", "ds_14_sample_id_27", "ds_28_sample_id_12", "ds_119_sample_id_0"], "group_16": ["ds_84_sample_id_6", "ds_131_sample_id_14", "ds_128_sample_id_60", "ds_40_sample_id_39", "ds_18_sample_id_9", "ds_28_sample_id_12", "ds_15_sample_id_35", "ds_177_sample_id_55", "ds_119_sample_id_0", "ds_1_sample_id_48", "ds_199_sample_id_57"], "group_19": ["ds_128_sample_id_46", "ds_183_sample_id_56", "ds_63_sample_id_25", "ds_98_sample_id_42", "ds_171_sample_id_66", "ds_181_sample_id_38"], "group_15": ["ds_25_sample_id_64", "ds_157_sample_id_26", "ds_47_sample_id_22", "ds_200_sample_id_65", "ds_178_sample_id_7", "ds_152_sample_id_54", "ds_149_sample_id_37", "ds_102_sample_id_43", "ds_145_sample_id_1", "ds_147_sample_id_33"], "group_18": ["ds_25_sample_id_64", "ds_157_sample_id_8", "ds_38_sample_id_59", "ds_101_sample_id_18", "ds_200_sample_id_65", "ds_76_sample_id_10", "ds_64_sample_id_28", "ds_146_sample_id_36", "ds_14_sample_id_27", "ds_10_sample_id_32"], "group_3": ["ds_196_sample_id_68", "ds_94_sample_id_20", "ds_9_sample_id_53", "ds_173_sample_id_13", "ds_76_sample_id_10"], "group_12": ["ds_196_sample_id_68", "ds_128_sample_id_60", "ds_152_sample_id_54", "ds_76_sample_id_10", "ds_7_sample_id_29", "ds_180_sample_id_50"], "group_10": ["ds_84_sample_id_4", "ds_200_sample_id_65", "ds_146_sample_id_36", "ds_104_sample_id_31", "ds_18_sample_id_9", "ds_15_sample_id_35", "ds_177_sample_id_55", "ds_180_sample_id_50"], "group_13": ["ds_84_sample_id_4", "ds_195_sample_id_45", "ds_99_sample_id_61", "ds_4_sample_id_58", "ds_37_sample_id_16", "ds_40_sample_id_39"], "group_6": ["ds_126_sample_id_41", "ds_84_sample_id_40", "ds_116_sample_id_23", "ds_94_sample_id_20", "ds_103_sample_id_5", "ds_171_sample_id_66", "ds_20_sample_id_62"], "group_11": ["ds_126_sample_id_41", "ds_183_sample_id_56", "ds_119_sample_id_44", "ds_178_sample_id_7", "ds_20_sample_id_62", "ds_104_sample_id_31", "ds_181_sample_id_38", "ds_15_sample_id_35", "ds_119_sample_id_0", "ds_16_sample_id_3"], "group_17": ["ds_126_sample_id_41", "ds_99_sample_id_61", "ds_85_sample_id_15", "ds_187_sample_id_52", "ds_119_sample_id_44", "ds_7_sample_id_29", "ds_97_sample_id_51", "ds_54_sample_id_34", "ds_147_sample_id_33", "ds_177_sample_id_55", "ds_161_sample_id_67"], "group_5": ["ds_25_sample_id_11", "ds_183_sample_id_56", "ds_63_sample_id_25", "ds_98_sample_id_42", "ds_101_sample_id_18", "ds_187_sample_id_52", "ds_103_sample_id_5", "ds_57_sample_id_2", "ds_147_sample_id_33", "ds_199_sample_id_57"], "group_1": ["ds_14_sample_id_47", "ds_149_sample_id_37", "ds_40_sample_id_39", "ds_114_sample_id_69", "ds_54_sample_id_34"], "group_7": ["ds_14_sample_id_47", "ds_173_sample_id_13", "ds_7_sample_id_29", "ds_102_sample_id_43"], "group_8": ["ds_128_sample_id_60", "ds_103_sample_id_5", "ds_37_sample_id_16", "ds_146_sample_id_36"], "group_0": ["ds_4_sample_id_58", "ds_20_sample_id_62", "ds_102_sample_id_43", "ds_104_sample_id_31", "ds_54_sample_id_34"]}}