{"ds_184_sample_id_0": [], "ds_88_sample_id_1": [], "ds_39_sample_id_2": [], "ds_153_sample_id_3": [], "ds_183_sample_id_4": [], "ds_160_sample_id_5": [], "ds_94_sample_id_6": [], "ds_121_sample_id_7": [], "ds_106_sample_id_8": [], "ds_58_sample_id_9": [], "ds_6_sample_id_10": [], "ds_128_sample_id_11": [], "ds_31_sample_id_12": [], "ds_70_sample_id_13": [], "ds_70_sample_id_14": [], "ds_162_sample_id_15": [], "ds_60_sample_id_16": [], "ds_87_sample_id_17": [], "ds_1_sample_id_18": [], "ds_182_sample_id_19": [], "ds_146_sample_id_20": [], "ds_110_sample_id_21": [], "ds_128_sample_id_22": [], "ds_91_sample_id_23": [], "ds_0_sample_id_24": [], "ds_66_sample_id_25": [], "ds_20_sample_id_26": [], "ds_71_sample_id_27": [], "ds_91_sample_id_28": [], "ds_109_sample_id_29": [], "ds_94_sample_id_30": [], "ds_93_sample_id_31": [], "ds_109_sample_id_32": [], "ds_153_sample_id_33": [], "ds_173_sample_id_34": [], "ds_45_sample_id_35": [], "ds_176_sample_id_36": [], "ds_16_sample_id_37": [], "ds_39_sample_id_38": [], "ds_137_sample_id_39": [], "ds_148_sample_id_40": [], "ds_132_sample_id_41": [], "ds_111_sample_id_42": [], "ds_24_sample_id_43": [], "ds_16_sample_id_44": [], "ds_5_sample_id_45": [], "ds_39_sample_id_46": [], "ds_167_sample_id_47": [], "ds_113_sample_id_48": [], "ds_70_sample_id_49": [], "ds_72_sample_id_50": [], "ds_53_sample_id_51": [], "ds_26_sample_id_52": [], "ds_179_sample_id_53": [], "ds_60_sample_id_54": [], "ds_72_sample_id_55": [], "ds_106_sample_id_56": [], "ds_176_sample_id_57": [], "ds_189_sample_id_58": [], "ds_17_sample_id_59": [], "ds_40_sample_id_60": [], "ds_119_sample_id_61": [], "ds_39_sample_id_62": [], "ds_152_sample_id_63": [], "ds_43_sample_id_64": [], "ds_112_sample_id_65": [], "ds_179_sample_id_66": [], "ds_24_sample_id_67": [], "ds_123_sample_id_68": [], "ds_102_sample_id_69": [], "ds_67_sample_id_70": [], "ds_32_sample_id_71": [], "ds_35_sample_id_72": [], "ds_127_sample_id_73": [], "ds_128_sample_id_74": [], "ds_20_sample_id_75": [], "ds_148_sample_id_76": [], "ds_162_sample_id_77": [], "ds_2_sample_id_78": [], "ds_166_sample_id_79": [], "ds_58_sample_id_80": [], "ds_174_sample_id_81": [], "ds_147_sample_id_82": [], "ds_195_sample_id_83": [], "ds_177_sample_id_84": [], "ds_152_sample_id_85": [], "ds_22_sample_id_86": [], "ds_167_sample_id_87": [], "ds_199_sample_id_88": [], "ds_37_sample_id_89": [], "ds_200_sample_id_90": [], "ds_90_sample_id_91": []}