{"ds_281_sample_id_0": [], "ds_593_sample_id_1": [], "ds_361_sample_id_2": [], "ds_150_sample_id_3": [], "ds_45_sample_id_4": [], "ds_646_sample_id_5": [], "ds_63_sample_id_6": [], "ds_140_sample_id_7": [], "ds_562_sample_id_8": [], "ds_518_sample_id_9": [], "ds_864_sample_id_10": [], "ds_153_sample_id_11": [], "ds_300_sample_id_12": [], "ds_50_sample_id_13": [], "ds_142_sample_id_14": [], "ds_263_sample_id_15": [], "ds_483_sample_id_16": [], "ds_349_sample_id_17": [], "ds_640_sample_id_18": [], "ds_637_sample_id_19": [], "ds_471_sample_id_20": [], "ds_495_sample_id_21": [], "ds_768_sample_id_22": [], "ds_320_sample_id_23": [], "ds_612_sample_id_24": [], "ds_314_sample_id_25": [], "ds_498_sample_id_26": [], "ds_859_sample_id_27": [], "ds_156_sample_id_28": [], "ds_484_sample_id_29": [], "ds_266_sample_id_30": [], "ds_832_sample_id_31": [], "ds_462_sample_id_32": [], "ds_451_sample_id_33": [], "ds_58_sample_id_34": [], "ds_354_sample_id_35": [], "ds_168_sample_id_36": [], "ds_734_sample_id_37": [], "ds_637_sample_id_38": [], "ds_354_sample_id_39": [], "ds_419_sample_id_40": [], "ds_39_sample_id_41": [], "ds_863_sample_id_42": [], "ds_0_sample_id_43": [], "ds_413_sample_id_44": [], "ds_37_sample_id_45": [], "ds_82_sample_id_46": [], "ds_610_sample_id_47": [], "ds_595_sample_id_48": [], "ds_176_sample_id_49": [], "ds_79_sample_id_50": ["DOMAIN_NAME", "EMAIL_ADDRESS", "PHONE_NUMBER"], "ds_472_sample_id_51": [], "ds_140_sample_id_52": [], "ds_179_sample_id_53": [], "ds_605_sample_id_54": [], "ds_856_sample_id_55": [], "ds_822_sample_id_56": [], "ds_566_sample_id_57": [], "ds_561_sample_id_58": [], "ds_651_sample_id_59": [], "ds_620_sample_id_60": [], "ds_279_sample_id_61": [], "ds_699_sample_id_62": [], "ds_631_sample_id_63": [], "ds_268_sample_id_64": [], "ds_789_sample_id_65": [], "ds_199_sample_id_66": ["DOMAIN_NAME", "EMAIL_ADDRESS"], "ds_793_sample_id_67": [], "ds_688_sample_id_68": [], "ds_670_sample_id_69": [], "ds_310_sample_id_70": [], "ds_432_sample_id_71": [], "ds_548_sample_id_72": [], "ds_469_sample_id_73": [], "ds_637_sample_id_74": [], "ds_313_sample_id_75": [], "ds_525_sample_id_76": [], "ds_120_sample_id_77": [], "ds_253_sample_id_78": [], "ds_623_sample_id_79": [], "ds_437_sample_id_80": [], "ds_81_sample_id_81": [], "ds_312_sample_id_82": [], "ds_593_sample_id_83": [], "ds_636_sample_id_84": [], "ds_29_sample_id_85": [], "ds_214_sample_id_86": [], "ds_444_sample_id_87": [], "ds_639_sample_id_88": [], "ds_547_sample_id_89": [], "ds_606_sample_id_90": [], "ds_868_sample_id_91": [], "ds_815_sample_id_92": [], "ds_31_sample_id_93": [], "ds_512_sample_id_94": [], "ds_358_sample_id_95": [], "ds_786_sample_id_96": [], "ds_736_sample_id_97": [], "ds_472_sample_id_98": [], "ds_598_sample_id_99": [], "ds_169_sample_id_100": [], "ds_262_sample_id_101": [], "ds_786_sample_id_102": [], "ds_155_sample_id_103": [], "ds_822_sample_id_104": [], "ds_733_sample_id_105": [], "ds_528_sample_id_106": [], "ds_865_sample_id_107": [], "ds_343_sample_id_108": [], "ds_287_sample_id_109": [], "ds_541_sample_id_110": [], "ds_457_sample_id_111": [], "ds_239_sample_id_112": [], "ds_254_sample_id_113": [], "ds_141_sample_id_114": [], "ds_145_sample_id_115": [], "ds_18_sample_id_116": [], "ds_65_sample_id_117": [], "ds_687_sample_id_118": [], "ds_845_sample_id_119": [], "ds_332_sample_id_120": [], "ds_718_sample_id_121": [], "ds_531_sample_id_122": [], "ds_608_sample_id_123": [], "ds_452_sample_id_124": [], "ds_115_sample_id_125": [], "ds_584_sample_id_126": [], "ds_180_sample_id_127": [], "ds_321_sample_id_128": [], "ds_741_sample_id_129": [], "ds_645_sample_id_130": [], "ds_19_sample_id_131": [], "ds_810_sample_id_132": [], "ds_727_sample_id_133": [], "ds_646_sample_id_134": [], "ds_133_sample_id_135": [], "ds_813_sample_id_136": [], "ds_527_sample_id_137": [], "ds_633_sample_id_138": [], "ds_462_sample_id_139": [], "ds_293_sample_id_140": [], "ds_631_sample_id_141": [], "ds_572_sample_id_142": [], "ds_246_sample_id_143": [], "ds_845_sample_id_144": [], "ds_488_sample_id_145": [], "ds_717_sample_id_146": [], "ds_647_sample_id_147": [], "ds_373_sample_id_148": [], "ds_351_sample_id_149": [], "ds_579_sample_id_150": [], "ds_357_sample_id_151": [], "ds_772_sample_id_152": [], "ds_280_sample_id_153": [], "ds_542_sample_id_154": [], "ds_393_sample_id_155": [], "ds_615_sample_id_156": [], "ds_562_sample_id_157": [], "ds_630_sample_id_158": [], "ds_818_sample_id_159": [], "ds_546_sample_id_160": [], "ds_569_sample_id_161": [], "ds_521_sample_id_162": [], "ds_595_sample_id_163": [], "ds_81_sample_id_164": [], "ds_693_sample_id_165": [], "ds_181_sample_id_166": [], "ds_796_sample_id_167": [], "ds_783_sample_id_168": [], "ds_380_sample_id_169": [], "ds_191_sample_id_170": [], "ds_347_sample_id_171": [], "ds_841_sample_id_172": [], "ds_129_sample_id_173": ["DOMAIN_NAME", "EMAIL_ADDRESS", "IP_ADDRESS", "PERSON"], "ds_674_sample_id_174": [], "ds_41_sample_id_175": [], "ds_772_sample_id_176": [], "ds_517_sample_id_177": [], "ds_9_sample_id_178": [], "ds_314_sample_id_179": []}