{"user_group_edges": {"group_0": ["user_63_sample_id_19", "user_94_sample_id_20", "user_90_sample_id_43", "user_31_sample_id_21", "user_69_sample_id_27", "user_44_sample_id_36", "user_10_sample_id_45", "user_61_sample_id_38", "user_59_sample_id_2", "user_91_sample_id_23", "user_3_sample_id_33", "user_15_sample_id_51", "user_36_sample_id_13"], "group_6": ["user_63_sample_id_19", "user_25_sample_id_48", "user_42_sample_id_52", "user_34_sample_id_15", "user_59_sample_id_22", "user_90_sample_id_43", "user_31_sample_id_21", "user_69_sample_id_27", "user_38_sample_id_18", "user_59_sample_id_2", "user_36_sample_id_13", "user_53_sample_id_3", "user_4_sample_id_47", "user_99_sample_id_32"], "group_8": ["user_63_sample_id_19", "user_34_sample_id_14", "user_26_sample_id_11", "user_0_sample_id_7", "user_9_sample_id_1", "user_23_sample_id_50", "user_32_sample_id_40", "user_69_sample_id_28"], "group_14": ["user_63_sample_id_19", "user_28_sample_id_37", "user_94_sample_id_20", "user_0_sample_id_7", "user_1_sample_id_49", "user_38_sample_id_18", "user_16_sample_id_4", "user_40_sample_id_30", "user_53_sample_id_3", "user_32_sample_id_26"], "group_2": ["user_52_sample_id_10", "user_4_sample_id_31", "user_94_sample_id_20", "user_84_sample_id_6", "user_53_sample_id_24", "user_16_sample_id_17"], "group_3": ["user_52_sample_id_10", "user_34_sample_id_15", "user_73_sample_id_35", "user_84_sample_id_6", "user_1_sample_id_49", "user_16_sample_id_0", "user_9_sample_id_1", "user_91_sample_id_23", "user_40_sample_id_30", "user_53_sample_id_3", "user_97_sample_id_12", "user_81_sample_id_53"], "group_7": ["user_52_sample_id_10", "user_94_sample_id_16", "user_26_sample_id_11", "user_44_sample_id_36", "user_40_sample_id_30", "user_32_sample_id_40", "user_4_sample_id_47"], "group_12": ["user_52_sample_id_10", "user_94_sample_id_20", "user_69_sample_id_27", "user_84_sample_id_25", "user_20_sample_id_5", "user_81_sample_id_53", "user_99_sample_id_32"], "group_18": ["user_52_sample_id_10", "user_84_sample_id_6", "user_9_sample_id_39", "user_10_sample_id_45", "user_16_sample_id_0", "user_23_sample_id_50", "user_16_sample_id_17", "user_16_sample_id_4", "user_3_sample_id_33", "user_36_sample_id_13", "user_10_sample_id_44"], "group_1": ["user_34_sample_id_14", "user_42_sample_id_52", "user_73_sample_id_35", "user_84_sample_id_6", "user_31_sample_id_21", "user_68_sample_id_8", "user_53_sample_id_24", "user_20_sample_id_5", "user_9_sample_id_1", "user_16_sample_id_4", "user_15_sample_id_51", "user_32_sample_id_40"], "group_9": ["user_34_sample_id_14", "user_25_sample_id_48", "user_34_sample_id_15", "user_31_sample_id_21", "user_59_sample_id_2", "user_91_sample_id_23", "user_16_sample_id_4", "user_3_sample_id_33", "user_10_sample_id_44", "user_32_sample_id_26"], "group_13": ["user_34_sample_id_14", "user_28_sample_id_37", "user_25_sample_id_48", "user_4_sample_id_31", "user_59_sample_id_22", "user_9_sample_id_39", "user_2_sample_id_9", "user_61_sample_id_38", "user_1_sample_id_49", "user_23_sample_id_50", "user_91_sample_id_23", "user_40_sample_id_30", "user_2_sample_id_42", "user_4_sample_id_47"], "group_10": ["user_28_sample_id_37", "user_42_sample_id_52", "user_90_sample_id_43", "user_69_sample_id_27", "user_68_sample_id_8", "user_10_sample_id_45", "user_38_sample_id_18", "user_9_sample_id_1", "user_23_sample_id_50", "user_61_sample_id_46"], "group_19": ["user_28_sample_id_37", "user_34_sample_id_15", "user_59_sample_id_22", "user_2_sample_id_9", "user_61_sample_id_38", "user_1_sample_id_49", "user_9_sample_id_1", "user_69_sample_id_28", "user_2_sample_id_42", "user_81_sample_id_53", "user_99_sample_id_32"], "group_15": ["user_25_sample_id_48", "user_81_sample_id_29", "user_94_sample_id_16", "user_69_sample_id_27", "user_84_sample_id_25", "user_20_sample_id_5", "user_16_sample_id_17", "user_16_sample_id_4", "user_3_sample_id_33", "user_36_sample_id_13", "user_97_sample_id_12"], "group_4": ["user_4_sample_id_31", "user_0_sample_id_7", "user_1_sample_id_49", "user_38_sample_id_18", "user_59_sample_id_2", "user_16_sample_id_0", "user_3_sample_id_33", "user_61_sample_id_46", "user_15_sample_id_51", "user_10_sample_id_44"], "group_16": ["user_4_sample_id_31", "user_81_sample_id_29", "user_42_sample_id_52", "user_84_sample_id_6", "user_9_sample_id_39", "user_31_sample_id_21", "user_26_sample_id_11", "user_2_sample_id_9", "user_16_sample_id_0", "user_91_sample_id_23", "user_28_sample_id_34", "user_4_sample_id_47", "user_97_sample_id_12"], "group_17": ["user_81_sample_id_29", "user_90_sample_id_43", "user_66_sample_id_41", "user_26_sample_id_11", "user_84_sample_id_25", "user_0_sample_id_7", "user_68_sample_id_8", "user_61_sample_id_38", "user_61_sample_id_46", "user_2_sample_id_42"], "group_5": ["user_59_sample_id_22", "user_73_sample_id_35", "user_10_sample_id_45", "user_9_sample_id_1", "user_23_sample_id_50", "user_28_sample_id_34", "user_69_sample_id_28"], "group_11": ["user_73_sample_id_35", "user_94_sample_id_16", "user_66_sample_id_41", "user_31_sample_id_21", "user_2_sample_id_9", "user_20_sample_id_5", "user_53_sample_id_3", "user_32_sample_id_26"]}, "group_data_store_edges": {"group_17": ["ds_267_sample_id_57", "ds_775_sample_id_40", "ds_26_sample_id_0", "ds_346_sample_id_33", "ds_82_sample_id_62", "ds_152_sample_id_37", "ds_318_sample_id_28", "ds_485_sample_id_60", "ds_794_sample_id_53", "ds_855_sample_id_4", "ds_388_sample_id_10", "ds_807_sample_id_54", "ds_558_sample_id_3", "ds_85_sample_id_21"], "group_18": ["ds_267_sample_id_57", "ds_437_sample_id_25", "ds_377_sample_id_66", "ds_852_sample_id_36", "ds_683_sample_id_58", "ds_406_sample_id_50", "ds_514_sample_id_22", "ds_855_sample_id_4", "ds_297_sample_id_15", "ds_18_sample_id_14", "ds_752_sample_id_64", "ds_667_sample_id_31"], "group_4": ["ds_775_sample_id_40", "ds_26_sample_id_0", "ds_723_sample_id_5", "ds_9_sample_id_20", "ds_167_sample_id_56", "ds_3_sample_id_26", "ds_291_sample_id_24", "ds_583_sample_id_27", "ds_780_sample_id_70", "ds_638_sample_id_67", "ds_580_sample_id_68", "ds_80_sample_id_34", "ds_297_sample_id_15", "ds_745_sample_id_13", "ds_520_sample_id_59", "ds_647_sample_id_17"], "group_5": ["ds_775_sample_id_40", "ds_624_sample_id_55", "ds_437_sample_id_25", "ds_357_sample_id_46", "ds_18_sample_id_45", "ds_3_sample_id_26", "ds_130_sample_id_35", "ds_725_sample_id_12", "ds_780_sample_id_70", "ds_82_sample_id_62", "ds_152_sample_id_37", "ds_599_sample_id_52", "ds_391_sample_id_30", "ds_435_sample_id_7", "ds_520_sample_id_59"], "group_8": ["ds_775_sample_id_40", "ds_530_sample_id_69", "ds_393_sample_id_61", "ds_363_sample_id_48", "ds_357_sample_id_46", "ds_167_sample_id_56", "ds_705_sample_id_43", "ds_725_sample_id_12", "ds_82_sample_id_62", "ds_514_sample_id_22", "ds_794_sample_id_53", "ds_80_sample_id_34", "ds_388_sample_id_10", "ds_745_sample_id_13"], "group_10": ["ds_775_sample_id_40", "ds_393_sample_id_61", "ds_357_sample_id_46", "ds_18_sample_id_45", "ds_217_sample_id_39", "ds_725_sample_id_12", "ds_291_sample_id_24", "ds_82_sample_id_62", "ds_580_sample_id_68", "ds_855_sample_id_4", "ds_435_sample_id_7", "ds_792_sample_id_6", "ds_667_sample_id_31"], "group_1": ["ds_530_sample_id_69", "ds_437_sample_id_25", "ds_393_sample_id_61", "ds_217_sample_id_39", "ds_291_sample_id_24", "ds_82_sample_id_62", "ds_153_sample_id_2", "ds_183_sample_id_19", "ds_488_sample_id_41", "ds_766_sample_id_23", "ds_855_sample_id_4", "ds_859_sample_id_9", "ds_492_sample_id_42", "ds_85_sample_id_21"], "group_2": ["ds_530_sample_id_69", "ds_723_sample_id_5", "ds_346_sample_id_33", "ds_153_sample_id_2", "ds_852_sample_id_36", "ds_152_sample_id_37", "ds_599_sample_id_52", "ds_522_sample_id_44", "ds_426_sample_id_49", "ds_80_sample_id_34", "ds_855_sample_id_4", "ds_163_sample_id_11", "ds_807_sample_id_54", "ds_492_sample_id_42", "ds_833_sample_id_65"], "group_11": ["ds_530_sample_id_69", "ds_377_sample_id_66", "ds_9_sample_id_20", "ds_167_sample_id_56", "ds_51_sample_id_38", "ds_18_sample_id_45", "ds_3_sample_id_26", "ds_228_sample_id_1", "ds_82_sample_id_62", "ds_153_sample_id_2", "ds_152_sample_id_37", "ds_522_sample_id_44", "ds_488_sample_id_41", "ds_766_sample_id_23", "ds_297_sample_id_15", "ds_18_sample_id_14", "ds_85_sample_id_21"], "group_14": ["ds_530_sample_id_69", "ds_363_sample_id_48", "ds_9_sample_id_20", "ds_485_sample_id_8", "ds_130_sample_id_35", "ds_217_sample_id_39", "ds_398_sample_id_32", "ds_406_sample_id_50", "ds_388_sample_id_18", "ds_766_sample_id_23", "ds_388_sample_id_10", "ds_647_sample_id_17", "ds_829_sample_id_47", "ds_492_sample_id_42"], "group_0": ["ds_624_sample_id_55", "ds_437_sample_id_25", "ds_26_sample_id_0", "ds_363_sample_id_48", "ds_9_sample_id_20", "ds_683_sample_id_58", "ds_638_sample_id_67", "ds_426_sample_id_49", "ds_488_sample_id_41", "ds_807_sample_id_54", "ds_647_sample_id_17", "ds_18_sample_id_14", "ds_833_sample_id_65"], "group_9": ["ds_624_sample_id_55", "ds_574_sample_id_51", "ds_346_sample_id_33", "ds_217_sample_id_39", "ds_228_sample_id_1", "ds_780_sample_id_70", "ds_638_sample_id_67", "ds_580_sample_id_68", "ds_472_sample_id_29", "ds_435_sample_id_7", "ds_859_sample_id_9", "ds_18_sample_id_14", "ds_752_sample_id_64", "ds_829_sample_id_47"], "group_13": ["ds_624_sample_id_55", "ds_485_sample_id_8", "ds_167_sample_id_56", "ds_705_sample_id_43", "ds_130_sample_id_35", "ds_148_sample_id_16", "ds_599_sample_id_52", "ds_318_sample_id_28", "ds_485_sample_id_60", "ds_580_sample_id_68", "ds_163_sample_id_11", "ds_520_sample_id_59"], "group_3": ["ds_437_sample_id_25", "ds_393_sample_id_61", "ds_9_sample_id_20", "ds_574_sample_id_51", "ds_51_sample_id_38", "ds_725_sample_id_12", "ds_398_sample_id_32", "ds_318_sample_id_28", "ds_472_sample_id_29", "ds_794_sample_id_53", "ds_163_sample_id_11", "ds_647_sample_id_17", "ds_833_sample_id_65", "ds_319_sample_id_63"], "group_7": ["ds_437_sample_id_25", "ds_26_sample_id_0", "ds_485_sample_id_8", "ds_167_sample_id_56", "ds_462_sample_id_71", "ds_228_sample_id_1", "ds_583_sample_id_27", "ds_82_sample_id_62", "ds_852_sample_id_36", "ds_398_sample_id_32", "ds_599_sample_id_52", "ds_638_sample_id_67", "ds_514_sample_id_22", "ds_388_sample_id_10", "ds_792_sample_id_6", "ds_520_sample_id_59", "ds_558_sample_id_3", "ds_319_sample_id_63"], "group_12": ["ds_437_sample_id_25", "ds_377_sample_id_66", "ds_462_sample_id_71", "ds_583_sample_id_27", "ds_780_sample_id_70", "ds_152_sample_id_37", "ds_683_sample_id_58", "ds_318_sample_id_28", "ds_485_sample_id_60", "ds_426_sample_id_49", "ds_488_sample_id_41", "ds_514_sample_id_22", "ds_80_sample_id_34", "ds_297_sample_id_15", "ds_745_sample_id_13", "ds_792_sample_id_6", "ds_829_sample_id_47"], "group_16": ["ds_393_sample_id_61", "ds_723_sample_id_5", "ds_346_sample_id_33", "ds_51_sample_id_38", "ds_228_sample_id_1", "ds_583_sample_id_27", "ds_852_sample_id_36", "ds_398_sample_id_32", "ds_148_sample_id_16", "ds_426_sample_id_49", "ds_766_sample_id_23", "ds_163_sample_id_11", "ds_558_sample_id_3", "ds_85_sample_id_21"], "group_15": ["ds_377_sample_id_66", "ds_51_sample_id_38", "ds_130_sample_id_35", "ds_462_sample_id_71", "ds_217_sample_id_39", "ds_725_sample_id_12", "ds_82_sample_id_62", "ds_153_sample_id_2", "ds_183_sample_id_19", "ds_638_sample_id_67", "ds_580_sample_id_68", "ds_766_sample_id_23", "ds_435_sample_id_7", "ds_807_sample_id_54", "ds_667_sample_id_31", "ds_829_sample_id_47", "ds_833_sample_id_65", "ds_319_sample_id_63"], "group_19": ["ds_357_sample_id_46", "ds_723_sample_id_5", "ds_9_sample_id_20", "ds_705_sample_id_43", "ds_18_sample_id_45", "ds_3_sample_id_26", "ds_780_sample_id_70", "ds_183_sample_id_19", "ds_852_sample_id_36", "ds_522_sample_id_44", "ds_580_sample_id_68", "ds_488_sample_id_41", "ds_794_sample_id_53", "ds_388_sample_id_10", "ds_859_sample_id_9", "ds_492_sample_id_42", "ds_319_sample_id_63"], "group_6": ["ds_723_sample_id_5", "ds_574_sample_id_51", "ds_705_sample_id_43", "ds_18_sample_id_45", "ds_318_sample_id_28", "ds_391_sample_id_30", "ds_388_sample_id_18", "ds_435_sample_id_7", "ds_745_sample_id_13", "ds_18_sample_id_14", "ds_85_sample_id_21"]}}