{"user_group_edges": {"group_3": ["user_995_sample_id_36", "user_589_sample_id_12", "user_610_sample_id_6", "user_804_sample_id_42", "user_434_sample_id_22", "user_130_sample_id_41", "user_137_sample_id_30", "user_1014_sample_id_19", "user_36_sample_id_24", "user_722_sample_id_11", "user_848_sample_id_15"], "group_11": ["user_995_sample_id_36", "user_212_sample_id_37", "user_706_sample_id_60", "user_343_sample_id_33", "user_246_sample_id_9", "user_5_sample_id_29", "user_750_sample_id_34", "user_1014_sample_id_19", "user_1016_sample_id_18", "user_75_sample_id_0", "user_610_sample_id_35", "user_315_sample_id_23"], "group_16": ["user_995_sample_id_36", "user_601_sample_id_66", "user_26_sample_id_4", "user_78_sample_id_20", "user_706_sample_id_60", "user_5_sample_id_29", "user_840_sample_id_45", "user_418_sample_id_58", "user_1033_sample_id_10"], "group_0": ["user_589_sample_id_12", "user_162_sample_id_40", "user_849_sample_id_28", "user_479_sample_id_48", "user_710_sample_id_51", "user_45_sample_id_32", "user_706_sample_id_60", "user_804_sample_id_42", "user_434_sample_id_22", "user_409_sample_id_44", "user_541_sample_id_59", "user_1014_sample_id_19", "user_826_sample_id_14", "user_297_sample_id_53", "user_721_sample_id_26", "user_599_sample_id_21", "user_75_sample_id_0", "user_1033_sample_id_10", "user_848_sample_id_15"], "group_8": ["user_589_sample_id_12", "user_26_sample_id_4", "user_849_sample_id_28", "user_246_sample_id_9", "user_434_sample_id_22", "user_1012_sample_id_27", "user_541_sample_id_59", "user_514_sample_id_47", "user_826_sample_id_14", "user_731_sample_id_8", "user_1016_sample_id_18", "user_87_sample_id_54"], "group_4": ["user_162_sample_id_40", "user_2_sample_id_43", "user_710_sample_id_51", "user_78_sample_id_20", "user_610_sample_id_6", "user_30_sample_id_25", "user_541_sample_id_59", "user_750_sample_id_34", "user_334_sample_id_46", "user_599_sample_id_21"], "group_10": ["user_162_sample_id_40", "user_45_sample_id_32", "user_388_sample_id_57", "user_409_sample_id_44", "user_1014_sample_id_19", "user_298_sample_id_17", "user_1016_sample_id_18", "user_36_sample_id_24", "user_1033_sample_id_10"], "group_13": ["user_162_sample_id_40", "user_212_sample_id_37", "user_650_sample_id_16", "user_512_sample_id_13", "user_804_sample_id_42", "user_30_sample_id_25", "user_334_sample_id_46", "user_15_sample_id_56", "user_896_sample_id_64", "user_721_sample_id_26", "user_315_sample_id_23"], "group_17": ["user_162_sample_id_40", "user_891_sample_id_5", "user_990_sample_id_63", "user_650_sample_id_16", "user_450_sample_id_65", "user_599_sample_id_21"], "group_6": ["user_385_sample_id_62", "user_26_sample_id_4", "user_2_sample_id_43", "user_615_sample_id_55", "user_479_sample_id_48", "user_710_sample_id_51", "user_990_sample_id_63", "user_1014_sample_id_61", "user_210_sample_id_49", "user_750_sample_id_34", "user_1014_sample_id_19", "user_514_sample_id_47", "user_840_sample_id_45", "user_298_sample_id_17", "user_721_sample_id_26", "user_722_sample_id_11", "user_599_sample_id_21"], "group_9": ["user_385_sample_id_62", "user_706_sample_id_60", "user_512_sample_id_13", "user_852_sample_id_52", "user_514_sample_id_47", "user_418_sample_id_58", "user_722_sample_id_11", "user_315_sample_id_23"], "group_15": ["user_385_sample_id_62", "user_944_sample_id_50", "user_343_sample_id_33", "user_852_sample_id_52", "user_360_sample_id_2", "user_137_sample_id_30", "user_21_sample_id_3", "user_610_sample_id_35"], "group_19": ["user_385_sample_id_62", "user_26_sample_id_4", "user_2_sample_id_43", "user_615_sample_id_55", "user_45_sample_id_32", "user_804_sample_id_42", "user_852_sample_id_52", "user_360_sample_id_2", "user_130_sample_id_41", "user_409_sample_id_44", "user_731_sample_id_8", "user_297_sample_id_53", "user_1016_sample_id_18", "user_848_sample_id_15", "user_315_sample_id_23"], "group_1": ["user_891_sample_id_5", "user_547_sample_id_31", "user_479_sample_id_48", "user_889_sample_id_1", "user_297_sample_id_53"], "group_18": ["user_601_sample_id_66", "user_615_sample_id_55", "user_547_sample_id_31", "user_710_sample_id_51", "user_990_sample_id_63", "user_343_sample_id_33", "user_246_sample_id_9", "user_900_sample_id_39", "user_130_sample_id_41", "user_334_sample_id_46", "user_610_sample_id_35"], "group_7": ["user_26_sample_id_4", "user_849_sample_id_28", "user_512_sample_id_13", "user_900_sample_id_39", "user_852_sample_id_52", "user_1012_sample_id_27", "user_5_sample_id_29", "user_541_sample_id_59", "user_298_sample_id_17", "user_1016_sample_id_18", "user_574_sample_id_38"], "group_2": ["user_849_sample_id_28", "user_2_sample_id_43", "user_650_sample_id_16", "user_130_sample_id_41", "user_210_sample_id_49", "user_21_sample_id_3", "user_840_sample_id_45", "user_826_sample_id_14", "user_896_sample_id_64", "user_848_sample_id_15"], "group_14": ["user_212_sample_id_37", "user_479_sample_id_48", "user_45_sample_id_32", "user_1014_sample_id_61", "user_944_sample_id_7", "user_434_sample_id_22", "user_896_sample_id_64", "user_574_sample_id_38"], "group_12": ["user_547_sample_id_31", "user_710_sample_id_51", "user_990_sample_id_63", "user_434_sample_id_22", "user_360_sample_id_2", "user_409_sample_id_44", "user_210_sample_id_49", "user_137_sample_id_30", "user_840_sample_id_45", "user_731_sample_id_8", "user_334_sample_id_46", "user_36_sample_id_24", "user_75_sample_id_0", "user_610_sample_id_35"], "group_5": ["user_45_sample_id_32", "user_1014_sample_id_61", "user_360_sample_id_2", "user_210_sample_id_49", "user_137_sample_id_30", "user_334_sample_id_46", "user_15_sample_id_56", "user_599_sample_id_21", "user_75_sample_id_0", "user_87_sample_id_54"]}, "group_data_store_edges": {"group_0": ["ds_224_sample_id_17", "ds_4_sample_id_70", "ds_266_sample_id_44", "ds_199_sample_id_102", "ds_127_sample_id_115", "ds_123_sample_id_59", "ds_225_sample_id_121", "ds_216_sample_id_39", "ds_153_sample_id_81", "ds_355_sample_id_16", "ds_394_sample_id_20", "ds_330_sample_id_54", "ds_371_sample_id_133", "ds_367_sample_id_42", "ds_117_sample_id_5", "ds_373_sample_id_91", "ds_385_sample_id_87", "ds_355_sample_id_104"], "group_1": ["ds_224_sample_id_17", "ds_267_sample_id_36", "ds_190_sample_id_112", "ds_97_sample_id_116", "ds_189_sample_id_43", "ds_266_sample_id_44", "ds_145_sample_id_122", "ds_27_sample_id_60", "ds_192_sample_id_66", "ds_190_sample_id_22", "ds_251_sample_id_84", "ds_259_sample_id_21", "ds_176_sample_id_29", "ds_279_sample_id_106", "ds_332_sample_id_27", "ds_216_sample_id_39", "ds_278_sample_id_132", "ds_3_sample_id_118", "ds_153_sample_id_81", "ds_143_sample_id_130", "ds_325_sample_id_11", "ds_147_sample_id_78", "ds_207_sample_id_89", "ds_87_sample_id_123", "ds_342_sample_id_14", "ds_101_sample_id_93", "ds_394_sample_id_20", "ds_390_sample_id_53", "ds_237_sample_id_68", "ds_330_sample_id_54", "ds_197_sample_id_69", "ds_229_sample_id_25", "ds_16_sample_id_52", "ds_130_sample_id_131", "ds_262_sample_id_94", "ds_149_sample_id_108", "ds_295_sample_id_127", "ds_253_sample_id_83", "ds_331_sample_id_46", "ds_265_sample_id_98", "ds_218_sample_id_47", "ds_299_sample_id_67", "ds_254_sample_id_110", "ds_173_sample_id_119", "ds_228_sample_id_113", "ds_270_sample_id_55", "ds_240_sample_id_48", "ds_371_sample_id_50"], "group_2": ["ds_224_sample_id_17", "ds_267_sample_id_36", "ds_190_sample_id_112", "ds_218_sample_id_35", "ds_335_sample_id_129", "ds_251_sample_id_84", "ds_263_sample_id_31", "ds_2_sample_id_13", "ds_230_sample_id_74", "ds_153_sample_id_81", "ds_121_sample_id_24", "ds_18_sample_id_57", "ds_54_sample_id_92", "ds_13_sample_id_15", "ds_101_sample_id_93", "ds_237_sample_id_68", "ds_229_sample_id_25", "ds_153_sample_id_96", "ds_245_sample_id_6", "ds_352_sample_id_101", "ds_262_sample_id_94", "ds_177_sample_id_90", "ds_117_sample_id_5", "ds_149_sample_id_108", "ds_253_sample_id_83", "ds_265_sample_id_98", "ds_282_sample_id_7", "ds_57_sample_id_86"], "group_3": ["ds_224_sample_id_17", "ds_97_sample_id_116", "ds_266_sample_id_44", "ds_218_sample_id_35", "ds_192_sample_id_66", "ds_335_sample_id_129", "ds_68_sample_id_34", "ds_173_sample_id_114", "ds_31_sample_id_28", "ds_143_sample_id_130", "ds_13_sample_id_15", "ds_101_sample_id_93", "ds_394_sample_id_20", "ds_41_sample_id_125", "ds_237_sample_id_68", "ds_245_sample_id_82", "ds_228_sample_id_18", "ds_91_sample_id_30", "ds_91_sample_id_58", "ds_352_sample_id_101", "ds_313_sample_id_26", "ds_344_sample_id_0", "ds_377_sample_id_124", "ds_331_sample_id_46", "ds_173_sample_id_105", "ds_270_sample_id_55"], "group_4": ["ds_224_sample_id_17", "ds_266_sample_id_44", "ds_218_sample_id_35", "ds_261_sample_id_73", "ds_123_sample_id_59", "ds_263_sample_id_31", "ds_265_sample_id_2", "ds_130_sample_id_45", "ds_230_sample_id_74", "ds_266_sample_id_9", "ds_152_sample_id_12", "ds_147_sample_id_78", "ds_121_sample_id_24", "ds_87_sample_id_123", "ds_342_sample_id_14", "ds_330_sample_id_54", "ds_245_sample_id_82", "ds_295_sample_id_37", "ds_179_sample_id_103", "ds_367_sample_id_42", "ds_262_sample_id_94", "ds_308_sample_id_99", "ds_177_sample_id_90", "ds_90_sample_id_32", "ds_236_sample_id_49", "ds_239_sample_id_38", "ds_265_sample_id_98", "ds_218_sample_id_47", "ds_173_sample_id_105", "ds_173_sample_id_119"], "group_8": ["ds_224_sample_id_17", "ds_267_sample_id_36", "ds_169_sample_id_10", "ds_37_sample_id_62", "ds_199_sample_id_102", "ds_192_sample_id_66", "ds_58_sample_id_77", "ds_225_sample_id_121", "ds_2_sample_id_13", "ds_209_sample_id_109", "ds_230_sample_id_74", "ds_118_sample_id_51", "ds_279_sample_id_106", "ds_143_sample_id_130", "ds_132_sample_id_63", "ds_142_sample_id_79", "ds_83_sample_id_61", "ds_397_sample_id_128", "ds_207_sample_id_89", "ds_13_sample_id_15", "ds_44_sample_id_76", "ds_91_sample_id_58", "ds_189_sample_id_71", "ds_262_sample_id_94", "ds_295_sample_id_127", "ds_236_sample_id_49", "ds_331_sample_id_46", "ds_254_sample_id_110", "ds_173_sample_id_105", "ds_173_sample_id_119", "ds_371_sample_id_50"], "group_10": ["ds_224_sample_id_17", "ds_346_sample_id_126", "ds_189_sample_id_43", "ds_27_sample_id_60", "ds_169_sample_id_10", "ds_37_sample_id_62", "ds_199_sample_id_102", "ds_127_sample_id_115", "ds_261_sample_id_73", "ds_58_sample_id_77", "ds_265_sample_id_2", "ds_225_sample_id_121", "ds_130_sample_id_45", "ds_259_sample_id_21", "ds_209_sample_id_109", "ds_68_sample_id_34", "ds_332_sample_id_27", "ds_222_sample_id_85", "ds_325_sample_id_11", "ds_376_sample_id_100", "ds_397_sample_id_128", "ds_272_sample_id_65", "ds_96_sample_id_95", "ds_87_sample_id_123", "ds_129_sample_id_33", "ds_13_sample_id_15", "ds_330_sample_id_54", "ds_141_sample_id_75", "ds_17_sample_id_107", "ds_245_sample_id_82", "ds_91_sample_id_30", "ds_295_sample_id_37", "ds_16_sample_id_52", "ds_5_sample_id_1", "ds_242_sample_id_40", "ds_295_sample_id_127", "ds_218_sample_id_47", "ds_173_sample_id_119", "ds_228_sample_id_113"], "group_5": ["ds_346_sample_id_126", "ds_369_sample_id_56", "ds_127_sample_id_115", "ds_190_sample_id_22", "ds_209_sample_id_109", "ds_332_sample_id_27", "ds_173_sample_id_114", "ds_278_sample_id_132", "ds_84_sample_id_88", "ds_266_sample_id_9", "ds_143_sample_id_130", "ds_147_sample_id_78", "ds_23_sample_id_23", "ds_272_sample_id_65", "ds_342_sample_id_14", "ds_237_sample_id_68", "ds_179_sample_id_103", "ds_5_sample_id_1", "ds_253_sample_id_83", "ds_309_sample_id_72", "ds_331_sample_id_46", "ds_299_sample_id_67", "ds_254_sample_id_110", "ds_173_sample_id_119"], "group_7": ["ds_346_sample_id_126", "ds_267_sample_id_36", "ds_97_sample_id_116", "ds_189_sample_id_43", "ds_145_sample_id_122", "ds_218_sample_id_35", "ds_369_sample_id_56", "ds_190_sample_id_22", "ds_335_sample_id_129", "ds_265_sample_id_2", "ds_68_sample_id_34", "ds_31_sample_id_28", "ds_216_sample_id_39", "ds_84_sample_id_88", "ds_153_sample_id_81", "ds_325_sample_id_11", "ds_142_sample_id_79", "ds_397_sample_id_128", "ds_167_sample_id_41", "ds_18_sample_id_57", "ds_54_sample_id_92", "ds_385_sample_id_97", "ds_129_sample_id_33", "ds_342_sample_id_14", "ds_41_sample_id_125", "ds_197_sample_id_69", "ds_228_sample_id_18", "ds_91_sample_id_58", "ds_295_sample_id_127", "ds_236_sample_id_49", "ds_299_sample_id_67", "ds_45_sample_id_19"], "group_14": ["ds_346_sample_id_126", "ds_190_sample_id_112", "ds_97_sample_id_116", "ds_145_sample_id_122", "ds_27_sample_id_60", "ds_218_sample_id_35", "ds_369_sample_id_56", "ds_239_sample_id_117", "ds_261_sample_id_73", "ds_335_sample_id_129", "ds_251_sample_id_84", "ds_58_sample_id_77", "ds_265_sample_id_2", "ds_130_sample_id_45", "ds_259_sample_id_21", "ds_230_sample_id_74", "ds_391_sample_id_80", "ds_68_sample_id_34", "ds_222_sample_id_85", "ds_173_sample_id_114", "ds_216_sample_id_39", "ds_278_sample_id_132", "ds_266_sample_id_9", "ds_153_sample_id_81", "ds_132_sample_id_63", "ds_83_sample_id_61", "ds_397_sample_id_128", "ds_207_sample_id_89", "ds_101_sample_id_93", "ds_44_sample_id_76", "ds_141_sample_id_75", "ds_229_sample_id_25", "ds_153_sample_id_96", "ds_91_sample_id_30", "ds_16_sample_id_52", "ds_117_sample_id_5", "ds_242_sample_id_40", "ds_309_sample_id_72", "ds_282_sample_id_7", "ds_228_sample_id_113", "ds_355_sample_id_104", "ds_270_sample_id_55"], "group_15": ["ds_346_sample_id_126", "ds_283_sample_id_3", "ds_189_sample_id_43", "ds_261_sample_id_73", "ds_225_sample_id_121", "ds_176_sample_id_29", "ds_209_sample_id_109", "ds_230_sample_id_74", "ds_118_sample_id_51", "ds_192_sample_id_64", "ds_222_sample_id_85", "ds_3_sample_id_118", "ds_143_sample_id_130", "ds_147_sample_id_78", "ds_23_sample_id_23", "ds_167_sample_id_41", "ds_272_sample_id_65", "ds_54_sample_id_92", "ds_87_sample_id_123", "ds_197_sample_id_69", "ds_153_sample_id_96", "ds_245_sample_id_82", "ds_228_sample_id_18", "ds_367_sample_id_42", "ds_352_sample_id_101", "ds_157_sample_id_8", "ds_130_sample_id_131", "ds_308_sample_id_99", "ds_242_sample_id_40", "ds_149_sample_id_108", "ds_361_sample_id_4", "ds_282_sample_id_7", "ds_173_sample_id_105", "ds_45_sample_id_19", "ds_57_sample_id_86", "ds_355_sample_id_104", "ds_240_sample_id_48"], "group_16": ["ds_346_sample_id_126", "ds_267_sample_id_36", "ds_190_sample_id_112", "ds_369_sample_id_56", "ds_127_sample_id_115", "ds_192_sample_id_66", "ds_190_sample_id_22", "ds_123_sample_id_59", "ds_209_sample_id_109", "ds_118_sample_id_51", "ds_8_sample_id_120", "ds_173_sample_id_114", "ds_31_sample_id_28", "ds_216_sample_id_39", "ds_278_sample_id_132", "ds_3_sample_id_118", "ds_84_sample_id_88", "ds_342_sample_id_14", "ds_390_sample_id_53", "ds_237_sample_id_68", "ds_229_sample_id_25", "ds_91_sample_id_58", "ds_295_sample_id_37", "ds_352_sample_id_101", "ds_157_sample_id_8", "ds_5_sample_id_1", "ds_262_sample_id_94", "ds_253_sample_id_83", "ds_309_sample_id_72", "ds_239_sample_id_38", "ds_228_sample_id_113", "ds_355_sample_id_104"], "group_17": ["ds_346_sample_id_126", "ds_145_sample_id_122", "ds_169_sample_id_10", "ds_261_sample_id_73", "ds_192_sample_id_66", "ds_335_sample_id_129", "ds_123_sample_id_59", "ds_225_sample_id_121", "ds_176_sample_id_29", "ds_118_sample_id_51", "ds_8_sample_id_120", "ds_68_sample_id_34", "ds_31_sample_id_28", "ds_278_sample_id_132", "ds_3_sample_id_118", "ds_376_sample_id_100", "ds_397_sample_id_128", "ds_385_sample_id_97", "ds_197_sample_id_69", "ds_17_sample_id_107", "ds_245_sample_id_6", "ds_179_sample_id_103", "ds_130_sample_id_131", "ds_262_sample_id_94", "ds_308_sample_id_99", "ds_344_sample_id_0", "ds_177_sample_id_90", "ds_149_sample_id_108", "ds_236_sample_id_49", "ds_309_sample_id_72", "ds_385_sample_id_87", "ds_282_sample_id_7", "ds_228_sample_id_113", "ds_240_sample_id_48"], "group_9": ["ds_267_sample_id_36", "ds_190_sample_id_112", "ds_369_sample_id_56", "ds_261_sample_id_73", "ds_192_sample_id_66", "ds_123_sample_id_59", "ds_58_sample_id_77", "ds_263_sample_id_31", "ds_265_sample_id_2", "ds_259_sample_id_21", "ds_92_sample_id_111", "ds_391_sample_id_80", "ds_8_sample_id_120", "ds_68_sample_id_34", "ds_192_sample_id_64", "ds_222_sample_id_85", "ds_173_sample_id_114", "ds_3_sample_id_118", "ds_83_sample_id_61", "ds_207_sample_id_89", "ds_96_sample_id_95", "ds_87_sample_id_123", "ds_129_sample_id_33", "ds_394_sample_id_20", "ds_141_sample_id_75", "ds_17_sample_id_107", "ds_228_sample_id_18", "ds_157_sample_id_8", "ds_16_sample_id_52", "ds_262_sample_id_94", "ds_90_sample_id_32", "ds_149_sample_id_108", "ds_45_sample_id_19", "ds_57_sample_id_86", "ds_270_sample_id_55", "ds_240_sample_id_48"], "group_11": ["ds_190_sample_id_112", "ds_145_sample_id_122", "ds_37_sample_id_62", "ds_199_sample_id_102", "ds_239_sample_id_117", "ds_335_sample_id_129", "ds_251_sample_id_84", "ds_263_sample_id_31", "ds_2_sample_id_13", "ds_92_sample_id_111", "ds_230_sample_id_74", "ds_391_sample_id_80", "ds_279_sample_id_106", "ds_192_sample_id_64", "ds_173_sample_id_114", "ds_3_sample_id_118", "ds_143_sample_id_130", "ds_152_sample_id_12", "ds_83_sample_id_61", "ds_23_sample_id_23", "ds_96_sample_id_95", "ds_13_sample_id_15", "ds_394_sample_id_20", "ds_41_sample_id_125", "ds_44_sample_id_76", "ds_229_sample_id_25", "ds_245_sample_id_82", "ds_5_sample_id_1", "ds_117_sample_id_5", "ds_149_sample_id_108", "ds_295_sample_id_127", "ds_373_sample_id_91", "ds_361_sample_id_4", "ds_254_sample_id_110", "ds_173_sample_id_105"], "group_13": ["ds_283_sample_id_3", "ds_4_sample_id_70", "ds_169_sample_id_10", "ds_199_sample_id_102", "ds_239_sample_id_117", "ds_190_sample_id_22", "ds_259_sample_id_21", "ds_391_sample_id_80", "ds_8_sample_id_120", "ds_222_sample_id_85", "ds_31_sample_id_28", "ds_325_sample_id_11", "ds_147_sample_id_78", "ds_18_sample_id_57", "ds_96_sample_id_95", "ds_129_sample_id_33", "ds_44_sample_id_76", "ds_197_sample_id_69", "ds_179_sample_id_103", "ds_367_sample_id_42", "ds_16_sample_id_52", "ds_189_sample_id_71", "ds_344_sample_id_0", "ds_253_sample_id_83", "ds_239_sample_id_38", "ds_265_sample_id_98", "ds_270_sample_id_55"], "group_6": ["ds_97_sample_id_116", "ds_192_sample_id_66", "ds_123_sample_id_59", "ds_2_sample_id_13", "ds_132_sample_id_63", "ds_355_sample_id_16", "ds_83_sample_id_61", "ds_54_sample_id_92", "ds_385_sample_id_97", "ds_41_sample_id_125", "ds_295_sample_id_37", "ds_157_sample_id_8", "ds_5_sample_id_1", "ds_262_sample_id_94", "ds_313_sample_id_26", "ds_177_sample_id_90", "ds_242_sample_id_40", "ds_377_sample_id_124", "ds_236_sample_id_49", "ds_361_sample_id_4", "ds_371_sample_id_50"], "group_12": ["ds_4_sample_id_70", "ds_263_sample_id_31", "ds_259_sample_id_21", "ds_230_sample_id_74", "ds_391_sample_id_80", "ds_8_sample_id_120", "ds_279_sample_id_106", "ds_266_sample_id_9", "ds_142_sample_id_79", "ds_272_sample_id_65", "ds_390_sample_id_53", "ds_330_sample_id_54", "ds_153_sample_id_96", "ds_245_sample_id_82", "ds_344_sample_id_0", "ds_177_sample_id_90", "ds_377_sample_id_124", "ds_57_sample_id_86", "ds_371_sample_id_50"], "group_18": ["ds_4_sample_id_70", "ds_27_sample_id_60", "ds_169_sample_id_10", "ds_92_sample_id_111", "ds_279_sample_id_106", "ds_192_sample_id_64", "ds_266_sample_id_9", "ds_355_sample_id_16", "ds_142_sample_id_79", "ds_23_sample_id_23", "ds_121_sample_id_24", "ds_44_sample_id_76", "ds_141_sample_id_75", "ds_245_sample_id_6", "ds_352_sample_id_101", "ds_157_sample_id_8", "ds_130_sample_id_131", "ds_262_sample_id_94", "ds_313_sample_id_26", "ds_149_sample_id_108", "ds_239_sample_id_38", "ds_385_sample_id_87", "ds_361_sample_id_4", "ds_57_sample_id_86"], "group_19": ["ds_189_sample_id_43", "ds_27_sample_id_60", "ds_37_sample_id_62", "ds_239_sample_id_117", "ds_251_sample_id_84", "ds_84_sample_id_88", "ds_153_sample_id_81", "ds_325_sample_id_11", "ds_142_sample_id_79", "ds_376_sample_id_100", "ds_397_sample_id_128", "ds_121_sample_id_24", "ds_18_sample_id_57", "ds_385_sample_id_97", "ds_17_sample_id_107", "ds_228_sample_id_18", "ds_245_sample_id_6", "ds_295_sample_id_37", "ds_344_sample_id_0", "ds_242_sample_id_40", "ds_239_sample_id_38", "ds_331_sample_id_46", "ds_361_sample_id_4", "ds_218_sample_id_47", "ds_173_sample_id_105", "ds_240_sample_id_48"]}}