{"ds_176_sample_id_0": [], "ds_264_sample_id_1": [], "ds_35_sample_id_2": [], "ds_251_sample_id_3": [], "ds_208_sample_id_4": [], "ds_326_sample_id_5": [], "ds_276_sample_id_6": [], "ds_351_sample_id_7": ["LOCATION", "PERSON"], "ds_361_sample_id_8": ["DOMAIN_NAME", "EMAIL_ADDRESS", "LOCATION", "PERSON", "PHONE_NUMBER"], "ds_196_sample_id_9": [], "ds_319_sample_id_10": [], "ds_32_sample_id_11": [], "ds_119_sample_id_12": [], "ds_331_sample_id_13": [], "ds_287_sample_id_14": [], "ds_315_sample_id_15": [], "ds_168_sample_id_16": [], "ds_78_sample_id_17": [], "ds_245_sample_id_18": [], "ds_362_sample_id_19": ["DOMAIN_NAME", "LOCATION"], "ds_208_sample_id_20": [], "ds_84_sample_id_21": [], "ds_330_sample_id_22": [], "ds_273_sample_id_23": [], "ds_313_sample_id_24": [], "ds_167_sample_id_25": [], "ds_104_sample_id_26": [], "ds_272_sample_id_27": [], "ds_317_sample_id_28": [], "ds_61_sample_id_29": [], "ds_263_sample_id_30": [], "ds_184_sample_id_31": [], "ds_81_sample_id_32": [], "ds_263_sample_id_33": [], "ds_238_sample_id_34": [], "ds_163_sample_id_35": [], "ds_12_sample_id_36": ["DOMAIN_NAME", "EMAIL_ADDRESS", "IP_ADDRESS", "LOCATION", "PERSON"], "ds_44_sample_id_37": [], "ds_303_sample_id_38": [], "ds_321_sample_id_39": [], "ds_65_sample_id_40": [], "ds_215_sample_id_41": [], "ds_21_sample_id_42": [], "ds_129_sample_id_43": [], "ds_136_sample_id_44": [], "ds_290_sample_id_45": [], "ds_75_sample_id_46": [], "ds_178_sample_id_47": [], "ds_329_sample_id_48": [], "ds_10_sample_id_49": [], "ds_137_sample_id_50": [], "ds_88_sample_id_51": [], "ds_82_sample_id_52": [], "ds_337_sample_id_53": [], "ds_14_sample_id_54": ["DOMAIN_NAME", "LOCATION"], "ds_201_sample_id_55": [], "ds_252_sample_id_56": [], "ds_151_sample_id_57": [], "ds_199_sample_id_58": [], "ds_241_sample_id_59": [], "ds_340_sample_id_60": [], "ds_218_sample_id_61": [], "ds_212_sample_id_62": [], "ds_23_sample_id_63": [], "ds_304_sample_id_64": [], "ds_113_sample_id_65": [], "ds_120_sample_id_66": [], "ds_239_sample_id_67": [], "ds_151_sample_id_68": [], "ds_203_sample_id_69": [], "ds_373_sample_id_70": ["CREDIT_CARD", "DOMAIN_NAME", "EMAIL_ADDRESS", "IP_ADDRESS", "LOCATION", "PERSON", "PHONE_NUMBER", "US_DRIVER_LICENSE"], "ds_74_sample_id_71": [], "ds_231_sample_id_72": [], "ds_132_sample_id_73": ["CREDIT_CARD", "DOMAIN_NAME", "EMAIL_ADDRESS", "LOCATION", "PERSON", "PHONE_NUMBER"], "ds_290_sample_id_74": [], "ds_352_sample_id_75": ["EMAIL_ADDRESS", "US_DRIVER_LICENSE"], "ds_349_sample_id_76": ["CREDIT_CARD", "DOMAIN_NAME", "EMAIL_ADDRESS", "IP_ADDRESS", "LOCATION", "PERSON", "PHONE_NUMBER", "US_DRIVER_LICENSE"], "ds_326_sample_id_77": [], "ds_218_sample_id_78": [], "ds_286_sample_id_79": [], "ds_323_sample_id_80": [], "ds_53_sample_id_81": [], "ds_283_sample_id_82": [], "ds_153_sample_id_83": ["DOMAIN_NAME", "LOCATION", "PERSON"], "ds_52_sample_id_84": [], "ds_209_sample_id_85": [], "ds_3_sample_id_86": [], "ds_154_sample_id_87": ["DOMAIN_NAME", "EMAIL_ADDRESS", "IP_ADDRESS", "LOCATION", "PERSON"], "ds_206_sample_id_88": [], "ds_394_sample_id_89": ["CREDIT_CARD", "DOMAIN_NAME", "LOCATION"], "ds_372_sample_id_90": ["CREDIT_CARD", "DOMAIN_NAME", "EMAIL_ADDRESS", "LOCATION", "PERSON", "PHONE_NUMBER", "US_DRIVER_LICENSE"]}