{"user_group_edges": {"group_4": ["user_209_sample_id_64", "user_990_sample_id_8", "user_525_sample_id_38", "user_861_sample_id_21", "user_250_sample_id_24", "user_59_sample_id_45", "user_784_sample_id_66", "user_790_sample_id_61", "user_344_sample_id_18", "user_783_sample_id_34", "user_315_sample_id_9", "user_938_sample_id_19", "user_468_sample_id_54"], "group_5": ["user_209_sample_id_64", "user_861_sample_id_21", "user_413_sample_id_5", "user_798_sample_id_43", "user_338_sample_id_70", "user_344_sample_id_18", "user_1008_sample_id_28", "user_131_sample_id_47", "user_787_sample_id_3", "user_164_sample_id_74", "user_783_sample_id_34", "user_44_sample_id_62", "user_544_sample_id_56", "user_112_sample_id_71", "user_55_sample_id_4", "user_833_sample_id_32", "user_262_sample_id_14", "user_172_sample_id_20", "user_1033_sample_id_50", "user_156_sample_id_0"], "group_6": ["user_209_sample_id_64", "user_468_sample_id_48", "user_975_sample_id_69", "user_816_sample_id_73", "user_511_sample_id_13", "user_131_sample_id_47", "user_29_sample_id_55", "user_783_sample_id_34", "user_544_sample_id_56", "user_781_sample_id_1", "user_72_sample_id_72", "user_443_sample_id_7", "user_833_sample_id_32"], "group_15": ["user_209_sample_id_64", "user_990_sample_id_8", "user_525_sample_id_38", "user_784_sample_id_66", "user_801_sample_id_29", "user_338_sample_id_70", "user_535_sample_id_15", "user_73_sample_id_46", "user_870_sample_id_75", "user_231_sample_id_59", "user_781_sample_id_1", "user_820_sample_id_26", "user_776_sample_id_67", "user_526_sample_id_17", "user_156_sample_id_0", "user_783_sample_id_60"], "group_17": ["user_209_sample_id_64", "user_801_sample_id_29", "user_338_sample_id_70", "user_280_sample_id_23", "user_626_sample_id_31", "user_1008_sample_id_28", "user_442_sample_id_63", "user_787_sample_id_3", "user_781_sample_id_1", "user_938_sample_id_19", "user_156_sample_id_0"], "group_3": ["user_43_sample_id_57", "user_803_sample_id_36", "user_861_sample_id_21", "user_790_sample_id_61", "user_975_sample_id_69", "user_280_sample_id_23", "user_504_sample_id_12", "user_816_sample_id_73", "user_535_sample_id_15", "user_442_sample_id_63", "user_472_sample_id_27", "user_787_sample_id_3", "user_351_sample_id_68", "user_112_sample_id_71", "user_781_sample_id_1", "user_55_sample_id_4", "user_72_sample_id_72", "user_820_sample_id_26", "user_319_sample_id_77", "user_468_sample_id_54"], "group_13": ["user_43_sample_id_57", "user_803_sample_id_36", "user_442_sample_id_39", "user_808_sample_id_49", "user_796_sample_id_6", "user_784_sample_id_66", "user_445_sample_id_52", "user_657_sample_id_33", "user_626_sample_id_31", "user_1008_sample_id_28", "user_511_sample_id_13", "user_351_sample_id_68", "user_407_sample_id_37", "user_781_sample_id_1", "user_833_sample_id_32", "user_319_sample_id_77", "user_172_sample_id_20", "user_526_sample_id_17", "user_156_sample_id_0"], "group_14": ["user_43_sample_id_57", "user_525_sample_id_38", "user_302_sample_id_22", "user_132_sample_id_58", "user_790_sample_id_61", "user_445_sample_id_52", "user_657_sample_id_33", "user_344_sample_id_18", "user_670_sample_id_40", "user_626_sample_id_31", "user_164_sample_id_74", "user_29_sample_id_55", "user_870_sample_id_75", "user_112_sample_id_71", "user_231_sample_id_59", "user_55_sample_id_4", "user_315_sample_id_9", "user_172_sample_id_20", "user_526_sample_id_17"], "group_16": ["user_43_sample_id_57", "user_195_sample_id_42", "user_413_sample_id_5", "user_132_sample_id_58", "user_280_sample_id_23", "user_511_sample_id_13", "user_472_sample_id_27", "user_897_sample_id_35", "user_44_sample_id_62", "user_407_sample_id_37", "user_544_sample_id_56", "user_781_sample_id_1", "user_777_sample_id_16", "user_72_sample_id_72", "user_820_sample_id_26", "user_833_sample_id_32", "user_315_sample_id_9", "user_262_sample_id_14", "user_468_sample_id_54", "user_156_sample_id_0", "user_783_sample_id_60"], "group_7": ["user_468_sample_id_48", "user_302_sample_id_22", "user_59_sample_id_45", "user_504_sample_id_12", "user_844_sample_id_25", "user_112_sample_id_71", "user_468_sample_id_54", "user_845_sample_id_10"], "group_2": ["user_990_sample_id_8", "user_803_sample_id_36", "user_442_sample_id_39", "user_413_sample_id_5", "user_784_sample_id_66", "user_670_sample_id_40", "user_1008_sample_id_28", "user_164_sample_id_74", "user_783_sample_id_34", "user_473_sample_id_76", "user_400_sample_id_51", "user_229_sample_id_65", "user_845_sample_id_10"], "group_9": ["user_990_sample_id_8", "user_525_sample_id_38", "user_442_sample_id_39", "user_250_sample_id_24", "user_798_sample_id_43", "user_784_sample_id_66", "user_445_sample_id_52", "user_504_sample_id_12", "user_657_sample_id_33", "user_670_sample_id_40", "user_73_sample_id_46", "user_131_sample_id_47", "user_472_sample_id_27", "user_44_sample_id_62", "user_544_sample_id_56", "user_400_sample_id_51", "user_820_sample_id_26", "user_468_sample_id_54", "user_845_sample_id_10"], "group_1": ["user_803_sample_id_36", "user_302_sample_id_22", "user_413_sample_id_5", "user_588_sample_id_11", "user_798_sample_id_43", "user_868_sample_id_41", "user_535_sample_id_15", "user_1007_sample_id_30", "user_472_sample_id_27", "user_112_sample_id_71", "user_55_sample_id_4", "user_319_sample_id_77", "user_776_sample_id_67", "user_229_sample_id_65", "user_156_sample_id_0"], "group_18": ["user_195_sample_id_42", "user_413_sample_id_5", "user_572_sample_id_44", "user_790_sample_id_61", "user_131_sample_id_47", "user_44_sample_id_62", "user_473_sample_id_76", "user_43_sample_id_2", "user_319_sample_id_77", "user_468_sample_id_54"], "group_19": ["user_525_sample_id_38", "user_250_sample_id_24", "user_572_sample_id_44", "user_338_sample_id_70", "user_790_sample_id_61", "user_975_sample_id_69", "user_344_sample_id_18", "user_73_sample_id_46", "user_472_sample_id_27", "user_164_sample_id_74", "user_351_sample_id_68", "user_870_sample_id_75", "user_44_sample_id_62", "user_400_sample_id_51", "user_231_sample_id_59", "user_319_sample_id_77", "user_262_sample_id_14", "user_783_sample_id_60"], "group_0": ["user_442_sample_id_39", "user_250_sample_id_24", "user_588_sample_id_11", "user_657_sample_id_33", "user_816_sample_id_73", "user_344_sample_id_18", "user_870_sample_id_75", "user_473_sample_id_76", "user_231_sample_id_59", "user_443_sample_id_7", "user_43_sample_id_2", "user_526_sample_id_17"], "group_10": ["user_442_sample_id_39", "user_59_sample_id_45", "user_798_sample_id_43", "user_572_sample_id_44", "user_868_sample_id_41", "user_280_sample_id_23", "user_816_sample_id_73", "user_670_sample_id_40", "user_626_sample_id_31", "user_371_sample_id_53", "user_351_sample_id_68", "user_897_sample_id_35", "user_407_sample_id_37", "user_231_sample_id_59", "user_777_sample_id_16", "user_443_sample_id_7", "user_776_sample_id_67"], "group_11": ["user_442_sample_id_39", "user_808_sample_id_49", "user_302_sample_id_22", "user_132_sample_id_58", "user_798_sample_id_43", "user_790_sample_id_61", "user_445_sample_id_52", "user_280_sample_id_23", "user_1007_sample_id_30", "user_73_sample_id_46", "user_131_sample_id_47", "user_897_sample_id_35", "user_870_sample_id_75", "user_783_sample_id_60", "user_845_sample_id_10"], "group_8": ["user_796_sample_id_6", "user_861_sample_id_21", "user_572_sample_id_44", "user_338_sample_id_70", "user_975_sample_id_69", "user_371_sample_id_53", "user_511_sample_id_13", "user_844_sample_id_25", "user_473_sample_id_76", "user_400_sample_id_51", "user_55_sample_id_4", "user_845_sample_id_10"], "group_12": ["user_796_sample_id_6", "user_132_sample_id_58", "user_868_sample_id_41", "user_1007_sample_id_30", "user_544_sample_id_56", "user_231_sample_id_59", "user_777_sample_id_16", "user_468_sample_id_54", "user_229_sample_id_65", "user_1033_sample_id_50", "user_783_sample_id_60"]}, "group_data_store_edges": {"group_4": ["ds_91_sample_id_80", "ds_76_sample_id_53", "ds_228_sample_id_110", "ds_163_sample_id_137", "ds_18_sample_id_18", "ds_249_sample_id_45", "ds_269_sample_id_13", "ds_245_sample_id_120", "ds_92_sample_id_159", "ds_238_sample_id_9", "ds_303_sample_id_95", "ds_79_sample_id_0", "ds_60_sample_id_67", "ds_274_sample_id_122", "ds_275_sample_id_128", "ds_397_sample_id_114", "ds_251_sample_id_171", "ds_169_sample_id_164", "ds_210_sample_id_57", "ds_94_sample_id_134", "ds_369_sample_id_37", "ds_251_sample_id_10", "ds_23_sample_id_28", "ds_187_sample_id_47", "ds_194_sample_id_92", "ds_25_sample_id_78", "ds_17_sample_id_161", "ds_161_sample_id_115", "ds_233_sample_id_156", "ds_207_sample_id_75", "ds_295_sample_id_46", "ds_331_sample_id_20", "ds_157_sample_id_126", "ds_0_sample_id_112", "ds_36_sample_id_129", "ds_103_sample_id_79", "ds_286_sample_id_109", "ds_8_sample_id_127", "ds_316_sample_id_56"], "group_7": ["ds_91_sample_id_80", "ds_229_sample_id_22", "ds_249_sample_id_45", "ds_113_sample_id_50", "ds_269_sample_id_13", "ds_120_sample_id_124", "ds_60_sample_id_119", "ds_279_sample_id_58", "ds_319_sample_id_105", "ds_238_sample_id_9", "ds_339_sample_id_3", "ds_79_sample_id_0", "ds_228_sample_id_150", "ds_60_sample_id_67", "ds_331_sample_id_84", "ds_169_sample_id_164", "ds_260_sample_id_123", "ds_369_sample_id_37", "ds_143_sample_id_2", "ds_3_sample_id_74", "ds_231_sample_id_138", "ds_194_sample_id_88", "ds_234_sample_id_142", "ds_12_sample_id_51", "ds_137_sample_id_43", "ds_71_sample_id_146", "ds_318_sample_id_1", "ds_57_sample_id_42", "ds_325_sample_id_21", "ds_252_sample_id_68", "ds_229_sample_id_5", "ds_302_sample_id_117", "ds_245_sample_id_15", "ds_87_sample_id_162", "ds_212_sample_id_133", "ds_109_sample_id_82", "ds_8_sample_id_127", "ds_214_sample_id_100", "ds_316_sample_id_56", "ds_327_sample_id_174", "ds_35_sample_id_11"], "group_9": ["ds_91_sample_id_80", "ds_86_sample_id_170", "ds_369_sample_id_173", "ds_76_sample_id_53", "ds_210_sample_id_72", "ds_383_sample_id_111", "ds_229_sample_id_22", "ds_18_sample_id_18", "ds_175_sample_id_108", "ds_310_sample_id_118", "ds_365_sample_id_81", "ds_363_sample_id_96", "ds_88_sample_id_38", "ds_158_sample_id_87", "ds_120_sample_id_158", "ds_302_sample_id_85", "ds_303_sample_id_95", "ds_174_sample_id_26", "ds_79_sample_id_0", "ds_228_sample_id_150", "ds_232_sample_id_83", "ds_350_sample_id_12", "ds_60_sample_id_67", "ds_275_sample_id_128", "ds_352_sample_id_73", "ds_248_sample_id_104", "ds_68_sample_id_172", "ds_231_sample_id_138", "ds_194_sample_id_88", "ds_223_sample_id_136", "ds_234_sample_id_142", "ds_176_sample_id_44", "ds_71_sample_id_146", "ds_285_sample_id_144", "ds_207_sample_id_75", "ds_149_sample_id_41", "ds_157_sample_id_126", "ds_298_sample_id_64", "ds_302_sample_id_117", "ds_0_sample_id_112", "ds_20_sample_id_31", "ds_87_sample_id_162", "ds_338_sample_id_55", "ds_57_sample_id_147", "ds_7_sample_id_59", "ds_376_sample_id_135"], "group_13": ["ds_91_sample_id_80", "ds_86_sample_id_170", "ds_228_sample_id_110", "ds_18_sample_id_18", "ds_166_sample_id_140", "ds_175_sample_id_108", "ds_298_sample_id_149", "ds_113_sample_id_50", "ds_269_sample_id_13", "ds_310_sample_id_118", "ds_141_sample_id_125", "ds_120_sample_id_124", "ds_223_sample_id_19", "ds_279_sample_id_58", "ds_319_sample_id_105", "ds_120_sample_id_158", "ds_302_sample_id_85", "ds_238_sample_id_9", "ds_228_sample_id_150", "ds_86_sample_id_71", "ds_173_sample_id_7", "ds_60_sample_id_67", "ds_97_sample_id_91", "ds_347_sample_id_24", "ds_12_sample_id_69", "ds_40_sample_id_35", "ds_68_sample_id_172", "ds_3_sample_id_74", "ds_306_sample_id_17", "ds_382_sample_id_131", "ds_223_sample_id_136", "ds_176_sample_id_44", "ds_380_sample_id_148", "ds_187_sample_id_47", "ds_122_sample_id_8", "ds_118_sample_id_168", "ds_71_sample_id_146", "ds_318_sample_id_1", "ds_54_sample_id_23", "ds_59_sample_id_30", "ds_233_sample_id_156", "ds_295_sample_id_46", "ds_229_sample_id_5", "ds_212_sample_id_133", "ds_214_sample_id_100", "ds_35_sample_id_11"], "group_18": ["ds_91_sample_id_80", "ds_258_sample_id_98", "ds_315_sample_id_90", "ds_32_sample_id_40", "ds_24_sample_id_93", "ds_88_sample_id_38", "ds_190_sample_id_76", "ds_223_sample_id_19", "ds_158_sample_id_87", "ds_238_sample_id_9", "ds_79_sample_id_0", "ds_274_sample_id_122", "ds_331_sample_id_84", "ds_220_sample_id_49", "ds_70_sample_id_16", "ds_49_sample_id_139", "ds_223_sample_id_136", "ds_234_sample_id_142", "ds_71_sample_id_146", "ds_57_sample_id_42", "ds_25_sample_id_78", "ds_17_sample_id_161", "ds_267_sample_id_155", "ds_30_sample_id_25", "ds_295_sample_id_46", "ds_229_sample_id_5", "ds_215_sample_id_143", "ds_149_sample_id_41", "ds_298_sample_id_64", "ds_308_sample_id_65", "ds_57_sample_id_147", "ds_327_sample_id_174"], "group_19": ["ds_91_sample_id_80", "ds_249_sample_id_45", "ds_113_sample_id_50", "ds_269_sample_id_13", "ds_141_sample_id_132", "ds_32_sample_id_40", "ds_120_sample_id_158", "ds_320_sample_id_70", "ds_86_sample_id_71", "ds_232_sample_id_83", "ds_60_sample_id_67", "ds_44_sample_id_62", "ds_216_sample_id_52", "ds_397_sample_id_114", "ds_244_sample_id_77", "ds_260_sample_id_123", "ds_306_sample_id_17", "ds_231_sample_id_138", "ds_163_sample_id_33", "ds_137_sample_id_43", "ds_370_sample_id_97", "ds_25_sample_id_78", "ds_285_sample_id_144", "ds_30_sample_id_25", "ds_295_sample_id_46", "ds_52_sample_id_27", "ds_36_sample_id_129", "ds_20_sample_id_31", "ds_2_sample_id_61", "ds_7_sample_id_59", "ds_376_sample_id_135", "ds_316_sample_id_56", "ds_327_sample_id_174"], "group_1": ["ds_86_sample_id_170", "ds_225_sample_id_145", "ds_210_sample_id_72", "ds_269_sample_id_13", "ds_141_sample_id_132", "ds_32_sample_id_40", "ds_310_sample_id_118", "ds_120_sample_id_124", "ds_182_sample_id_166", "ds_279_sample_id_58", "ds_302_sample_id_85", "ds_79_sample_id_0", "ds_232_sample_id_83", "ds_309_sample_id_14", "ds_274_sample_id_122", "ds_70_sample_id_16", "ds_169_sample_id_164", "ds_260_sample_id_123", "ds_369_sample_id_37", "ds_138_sample_id_60", "ds_12_sample_id_69", "ds_245_sample_id_48", "ds_40_sample_id_35", "ds_382_sample_id_131", "ds_176_sample_id_44", "ds_187_sample_id_47", "ds_12_sample_id_51", "ds_71_sample_id_146", "ds_318_sample_id_1", "ds_370_sample_id_97", "ds_161_sample_id_115", "ds_30_sample_id_25", "ds_157_sample_id_126", "ds_180_sample_id_106", "ds_392_sample_id_154", "ds_333_sample_id_152", "ds_35_sample_id_11"], "group_5": ["ds_86_sample_id_170", "ds_76_sample_id_53", "ds_225_sample_id_145", "ds_210_sample_id_72", "ds_163_sample_id_137", "ds_249_sample_id_45", "ds_24_sample_id_93", "ds_141_sample_id_125", "ds_365_sample_id_81", "ds_120_sample_id_124", "ds_177_sample_id_32", "ds_339_sample_id_3", "ds_309_sample_id_14", "ds_70_sample_id_16", "ds_97_sample_id_91", "ds_49_sample_id_139", "ds_369_sample_id_37", "ds_352_sample_id_73", "ds_138_sample_id_60", "ds_248_sample_id_104", "ds_3_sample_id_74", "ds_23_sample_id_28", "ds_380_sample_id_148", "ds_12_sample_id_51", "ds_71_sample_id_146", "ds_25_sample_id_78", "ds_326_sample_id_103", "ds_17_sample_id_161", "ds_123_sample_id_141", "ds_379_sample_id_39", "ds_233_sample_id_156", "ds_295_sample_id_46", "ds_229_sample_id_5", "ds_143_sample_id_116", "ds_302_sample_id_169", "ds_302_sample_id_117", "ds_20_sample_id_31", "ds_286_sample_id_109", "ds_109_sample_id_82", "ds_333_sample_id_152", "ds_180_sample_id_153"], "group_6": ["ds_86_sample_id_170", "ds_258_sample_id_98", "ds_228_sample_id_110", "ds_229_sample_id_22", "ds_315_sample_id_90", "ds_48_sample_id_160", "ds_60_sample_id_119", "ds_158_sample_id_87", "ds_238_sample_id_9", "ds_303_sample_id_95", "ds_199_sample_id_113", "ds_174_sample_id_26", "ds_216_sample_id_52", "ds_220_sample_id_49", "ds_70_sample_id_16", "ds_260_sample_id_123", "ds_49_sample_id_139", "ds_245_sample_id_48", "ds_336_sample_id_34", "ds_155_sample_id_102", "ds_163_sample_id_33", "ds_211_sample_id_94", "ds_187_sample_id_47", "ds_194_sample_id_92", "ds_118_sample_id_168", "ds_326_sample_id_103", "ds_252_sample_id_68", "ds_149_sample_id_41", "ds_157_sample_id_126", "ds_168_sample_id_4", "ds_308_sample_id_65", "ds_36_sample_id_129", "ds_180_sample_id_106", "ds_320_sample_id_63", "ds_2_sample_id_61", "ds_28_sample_id_157", "ds_333_sample_id_152", "ds_214_sample_id_100", "ds_327_sample_id_174", "ds_35_sample_id_11"], "group_8": ["ds_86_sample_id_170", "ds_239_sample_id_130", "ds_229_sample_id_22", "ds_18_sample_id_18", "ds_13_sample_id_99", "ds_166_sample_id_140", "ds_190_sample_id_76", "ds_319_sample_id_105", "ds_86_sample_id_71", "ds_216_sample_id_52", "ds_97_sample_id_91", "ds_169_sample_id_164", "ds_94_sample_id_134", "ds_12_sample_id_69", "ds_245_sample_id_48", "ds_336_sample_id_34", "ds_251_sample_id_10", "ds_223_sample_id_136", "ds_23_sample_id_28", "ds_163_sample_id_33", "ds_187_sample_id_47", "ds_122_sample_id_8", "ds_137_sample_id_43", "ds_123_sample_id_141", "ds_325_sample_id_21", "ds_267_sample_id_155", "ds_30_sample_id_25", "ds_331_sample_id_20", "ds_229_sample_id_5", "ds_215_sample_id_143", "ds_302_sample_id_117", "ds_308_sample_id_65", "ds_245_sample_id_15", "ds_180_sample_id_106", "ds_320_sample_id_63", "ds_286_sample_id_109", "ds_338_sample_id_55", "ds_35_sample_id_11"], "group_10": ["ds_369_sample_id_173", "ds_239_sample_id_130", "ds_210_sample_id_72", "ds_163_sample_id_137", "ds_166_sample_id_140", "ds_249_sample_id_45", "ds_175_sample_id_108", "ds_298_sample_id_149", "ds_113_sample_id_50", "ds_24_sample_id_93", "ds_92_sample_id_159", "ds_141_sample_id_125", "ds_365_sample_id_81", "ds_182_sample_id_166", "ds_223_sample_id_19", "ds_177_sample_id_32", "ds_259_sample_id_29", "ds_319_sample_id_105", "ds_120_sample_id_158", "ds_286_sample_id_86", "ds_320_sample_id_70", "ds_339_sample_id_3", "ds_199_sample_id_113", "ds_174_sample_id_26", "ds_350_sample_id_12", "ds_173_sample_id_7", "ds_309_sample_id_14", "ds_60_sample_id_67", "ds_44_sample_id_62", "ds_274_sample_id_122", "ds_70_sample_id_16", "ds_97_sample_id_91", "ds_347_sample_id_24", "ds_398_sample_id_167", "ds_352_sample_id_73", "ds_143_sample_id_2", "ds_382_sample_id_131", "ds_378_sample_id_101", "ds_194_sample_id_92", "ds_137_sample_id_43", "ds_370_sample_id_97", "ds_326_sample_id_103", "ds_123_sample_id_141", "ds_59_sample_id_30", "ds_252_sample_id_68", "ds_52_sample_id_27", "ds_143_sample_id_116", "ds_298_sample_id_64", "ds_180_sample_id_106", "ds_109_sample_id_82", "ds_333_sample_id_152", "ds_57_sample_id_147", "ds_395_sample_id_54", "ds_316_sample_id_56"], "group_11": ["ds_369_sample_id_173", "ds_76_sample_id_53", "ds_225_sample_id_145", "ds_210_sample_id_72", "ds_143_sample_id_121", "ds_315_sample_id_90", "ds_245_sample_id_120", "ds_48_sample_id_160", "ds_141_sample_id_125", "ds_182_sample_id_166", "ds_286_sample_id_86", "ds_320_sample_id_70", "ds_350_sample_id_12", "ds_274_sample_id_122", "ds_397_sample_id_114", "ds_220_sample_id_49", "ds_251_sample_id_171", "ds_70_sample_id_16", "ds_364_sample_id_66", "ds_260_sample_id_123", "ds_94_sample_id_134", "ds_49_sample_id_139", "ds_12_sample_id_69", "ds_245_sample_id_48", "ds_143_sample_id_2", "ds_336_sample_id_34", "ds_251_sample_id_10", "ds_231_sample_id_138", "ds_211_sample_id_94", "ds_54_sample_id_23", "ds_285_sample_id_144", "ds_267_sample_id_155", "ds_385_sample_id_163", "ds_59_sample_id_30", "ds_30_sample_id_25", "ds_302_sample_id_169", "ds_20_sample_id_31", "ds_212_sample_id_133", "ds_28_sample_id_157", "ds_338_sample_id_55", "ds_8_sample_id_127", "ds_395_sample_id_54", "ds_180_sample_id_153", "ds_35_sample_id_11"], "group_17": ["ds_369_sample_id_173", "ds_239_sample_id_130", "ds_258_sample_id_98", "ds_166_sample_id_140", "ds_175_sample_id_108", "ds_143_sample_id_121", "ds_88_sample_id_38", "ds_182_sample_id_166", "ds_223_sample_id_19", "ds_177_sample_id_32", "ds_279_sample_id_58", "ds_259_sample_id_29", "ds_158_sample_id_87", "ds_302_sample_id_85", "ds_339_sample_id_3", "ds_4_sample_id_165", "ds_174_sample_id_26", "ds_232_sample_id_83", "ds_350_sample_id_12", "ds_275_sample_id_128", "ds_331_sample_id_84", "ds_220_sample_id_49", "ds_251_sample_id_171", "ds_244_sample_id_77", "ds_138_sample_id_60", "ds_194_sample_id_88", "ds_223_sample_id_136", "ds_234_sample_id_142", "ds_137_sample_id_43", "ds_57_sample_id_42", "ds_54_sample_id_23", "ds_25_sample_id_78", "ds_285_sample_id_144", "ds_267_sample_id_155", "ds_59_sample_id_30", "ds_143_sample_id_116", "ds_302_sample_id_169", "ds_302_sample_id_117", "ds_36_sample_id_129", "ds_20_sample_id_31", "ds_212_sample_id_133", "ds_28_sample_id_157", "ds_338_sample_id_55", "ds_8_sample_id_127", "ds_214_sample_id_100", "ds_316_sample_id_56"], "group_0": ["ds_225_sample_id_145", "ds_249_sample_id_45", "ds_310_sample_id_118", "ds_177_sample_id_32", "ds_259_sample_id_29", "ds_199_sample_id_113", "ds_4_sample_id_165", "ds_350_sample_id_12", "ds_275_sample_id_128", "ds_331_sample_id_84", "ds_251_sample_id_171", "ds_97_sample_id_91", "ds_210_sample_id_57", "ds_94_sample_id_134", "ds_68_sample_id_172", "ds_194_sample_id_88", "ds_23_sample_id_28", "ds_176_sample_id_44", "ds_122_sample_id_8", "ds_54_sample_id_23", "ds_25_sample_id_78", "ds_267_sample_id_155", "ds_233_sample_id_156", "ds_252_sample_id_68", "ds_331_sample_id_20", "ds_298_sample_id_64", "ds_245_sample_id_15", "ds_103_sample_id_79", "ds_87_sample_id_162", "ds_320_sample_id_63", "ds_392_sample_id_154", "ds_28_sample_id_157", "ds_338_sample_id_55", "ds_57_sample_id_147", "ds_214_sample_id_100"], "group_14": ["ds_225_sample_id_145", "ds_383_sample_id_111", "ds_13_sample_id_99", "ds_166_sample_id_140", "ds_175_sample_id_108", "ds_298_sample_id_149", "ds_315_sample_id_90", "ds_245_sample_id_120", "ds_363_sample_id_96", "ds_190_sample_id_76", "ds_60_sample_id_119", "ds_120_sample_id_158", "ds_286_sample_id_86", "ds_174_sample_id_26", "ds_86_sample_id_71", "ds_216_sample_id_52", "ds_347_sample_id_24", "ds_210_sample_id_57", "ds_369_sample_id_37", "ds_398_sample_id_167", "ds_378_sample_id_36", "ds_143_sample_id_2", "ds_374_sample_id_89", "ds_194_sample_id_88", "ds_223_sample_id_136", "ds_163_sample_id_33", "ds_378_sample_id_101", "ds_170_sample_id_6", "ds_12_sample_id_51", "ds_118_sample_id_168", "ds_326_sample_id_103", "ds_52_sample_id_27", "ds_143_sample_id_116", "ds_302_sample_id_169", "ds_0_sample_id_112", "ds_180_sample_id_106", "ds_109_sample_id_82"], "group_15": ["ds_210_sample_id_72", "ds_166_sample_id_140", "ds_24_sample_id_93", "ds_60_sample_id_119", "ds_238_sample_id_9", "ds_303_sample_id_95", "ds_86_sample_id_71", "ds_350_sample_id_12", "ds_363_sample_id_107", "ds_220_sample_id_49", "ds_347_sample_id_24", "ds_169_sample_id_164", "ds_210_sample_id_57", "ds_94_sample_id_134", "ds_369_sample_id_37", "ds_143_sample_id_2", "ds_68_sample_id_172", "ds_3_sample_id_74", "ds_211_sample_id_94", "ds_122_sample_id_8", "ds_118_sample_id_168", "ds_57_sample_id_42", "ds_285_sample_id_144", "ds_161_sample_id_115", "ds_325_sample_id_21", "ds_233_sample_id_156", "ds_252_sample_id_68", "ds_229_sample_id_5", "ds_215_sample_id_143", "ds_302_sample_id_169", "ds_0_sample_id_112", "ds_103_sample_id_79", "ds_57_sample_id_147", "ds_395_sample_id_54"], "group_12": ["ds_258_sample_id_98", "ds_383_sample_id_111", "ds_113_sample_id_50", "ds_32_sample_id_40", "ds_24_sample_id_93", "ds_48_sample_id_160", "ds_88_sample_id_38", "ds_182_sample_id_166", "ds_223_sample_id_19", "ds_279_sample_id_58", "ds_158_sample_id_87", "ds_319_sample_id_105", "ds_120_sample_id_158", "ds_286_sample_id_86", "ds_339_sample_id_3", "ds_303_sample_id_95", "ds_79_sample_id_0", "ds_228_sample_id_150", "ds_216_sample_id_52", "ds_274_sample_id_122", "ds_244_sample_id_77", "ds_210_sample_id_57", "ds_49_sample_id_139", "ds_138_sample_id_60", "ds_248_sample_id_104", "ds_143_sample_id_2", "ds_68_sample_id_172", "ds_155_sample_id_102", "ds_231_sample_id_138", "ds_163_sample_id_33", "ds_57_sample_id_42", "ds_54_sample_id_23", "ds_285_sample_id_144", "ds_161_sample_id_115", "ds_267_sample_id_155", "ds_59_sample_id_30", "ds_252_sample_id_68", "ds_149_sample_id_41", "ds_302_sample_id_117", "ds_245_sample_id_15", "ds_103_sample_id_79", "ds_7_sample_id_59"], "group_2": ["ds_228_sample_id_110", "ds_166_sample_id_140", "ds_143_sample_id_121", "ds_141_sample_id_132", "ds_32_sample_id_40", "ds_48_sample_id_160", "ds_60_sample_id_119", "ds_259_sample_id_29", "ds_199_sample_id_113", "ds_350_sample_id_12", "ds_44_sample_id_62", "ds_216_sample_id_52", "ds_220_sample_id_49", "ds_347_sample_id_24", "ds_260_sample_id_123", "ds_378_sample_id_36", "ds_143_sample_id_2", "ds_384_sample_id_151", "ds_40_sample_id_35", "ds_374_sample_id_89", "ds_155_sample_id_102", "ds_231_sample_id_138", "ds_170_sample_id_6", "ds_161_sample_id_115", "ds_267_sample_id_155", "ds_385_sample_id_163", "ds_252_sample_id_68", "ds_149_sample_id_41", "ds_157_sample_id_126", "ds_298_sample_id_64", "ds_8_sample_id_127", "ds_214_sample_id_100", "ds_327_sample_id_174"], "group_16": ["ds_228_sample_id_110", "ds_13_sample_id_99", "ds_298_sample_id_149", "ds_143_sample_id_121", "ds_141_sample_id_132", "ds_245_sample_id_120", "ds_92_sample_id_159", "ds_48_sample_id_160", "ds_310_sample_id_118", "ds_88_sample_id_38", "ds_182_sample_id_166", "ds_223_sample_id_19", "ds_120_sample_id_158", "ds_339_sample_id_3", "ds_199_sample_id_113", "ds_4_sample_id_165", "ds_174_sample_id_26", "ds_44_sample_id_62", "ds_331_sample_id_84", "ds_97_sample_id_91", "ds_364_sample_id_66", "ds_169_sample_id_164", "ds_210_sample_id_57", "ds_398_sample_id_167", "ds_138_sample_id_60", "ds_245_sample_id_48", "ds_384_sample_id_151", "ds_40_sample_id_35", "ds_251_sample_id_10", "ds_382_sample_id_131", "ds_194_sample_id_88", "ds_163_sample_id_33", "ds_170_sample_id_6", "ds_122_sample_id_8", "ds_194_sample_id_92", "ds_118_sample_id_168", "ds_318_sample_id_1", "ds_57_sample_id_42", "ds_325_sample_id_21", "ds_385_sample_id_163", "ds_233_sample_id_156", "ds_207_sample_id_75", "ds_331_sample_id_20", "ds_215_sample_id_143", "ds_149_sample_id_41", "ds_168_sample_id_4", "ds_103_sample_id_79", "ds_87_sample_id_162", "ds_320_sample_id_63", "ds_8_sample_id_127", "ds_395_sample_id_54", "ds_180_sample_id_153"], "group_3": ["ds_13_sample_id_99", "ds_298_sample_id_149", "ds_113_sample_id_50", "ds_245_sample_id_120", "ds_190_sample_id_76", "ds_177_sample_id_32", "ds_303_sample_id_95", "ds_173_sample_id_7", "ds_309_sample_id_14", "ds_44_sample_id_62", "ds_216_sample_id_52", "ds_363_sample_id_107", "ds_251_sample_id_171", "ds_352_sample_id_73", "ds_248_sample_id_104", "ds_378_sample_id_36", "ds_374_sample_id_89", "ds_23_sample_id_28", "ds_211_sample_id_94", "ds_170_sample_id_6", "ds_194_sample_id_92", "ds_12_sample_id_51", "ds_17_sample_id_161", "ds_123_sample_id_141", "ds_379_sample_id_39", "ds_385_sample_id_163", "ds_331_sample_id_20", "ds_52_sample_id_27", "ds_0_sample_id_112", "ds_245_sample_id_15", "ds_320_sample_id_63", "ds_286_sample_id_109", "ds_57_sample_id_147", "ds_376_sample_id_135"]}}