{"user_group_edges": {"group_6": ["user_141_sample_id_5", "user_100_sample_id_88", "user_173_sample_id_13", "user_192_sample_id_81", "user_41_sample_id_47", "user_11_sample_id_64", "user_191_sample_id_83", "user_190_sample_id_31", "user_109_sample_id_18", "user_25_sample_id_25", "user_174_sample_id_79", "user_21_sample_id_16", "user_141_sample_id_96", "user_75_sample_id_6", "user_76_sample_id_1", "user_142_sample_id_63", "user_55_sample_id_70", "user_164_sample_id_11", "user_181_sample_id_82", "user_63_sample_id_27", "user_146_sample_id_52", "user_184_sample_id_80"], "group_18": ["user_141_sample_id_5", "user_22_sample_id_39", "user_67_sample_id_87", "user_150_sample_id_54", "user_169_sample_id_69", "user_55_sample_id_0", "user_178_sample_id_53", "user_87_sample_id_51", "user_70_sample_id_78", "user_11_sample_id_64", "user_131_sample_id_68", "user_190_sample_id_31", "user_69_sample_id_24", "user_109_sample_id_18", "user_150_sample_id_85", "user_58_sample_id_91", "user_141_sample_id_96", "user_93_sample_id_50", "user_20_sample_id_66", "user_196_sample_id_60", "user_108_sample_id_92", "user_63_sample_id_27", "user_47_sample_id_59", "user_21_sample_id_3", "user_162_sample_id_4", "user_44_sample_id_95"], "group_0": ["user_60_sample_id_41", "user_53_sample_id_57", "user_7_sample_id_42", "user_108_sample_id_55", "user_169_sample_id_69", "user_55_sample_id_0", "user_178_sample_id_53", "user_87_sample_id_51", "user_70_sample_id_78", "user_195_sample_id_76", "user_191_sample_id_83", "user_158_sample_id_75", "user_131_sample_id_68", "user_64_sample_id_23", "user_193_sample_id_67", "user_69_sample_id_24", "user_35_sample_id_21", "user_150_sample_id_85", "user_126_sample_id_65", "user_174_sample_id_79", "user_59_sample_id_94", "user_152_sample_id_33", "user_141_sample_id_96", "user_167_sample_id_10", "user_108_sample_id_30", "user_75_sample_id_6", "user_11_sample_id_46", "user_16_sample_id_17", "user_142_sample_id_63", "user_93_sample_id_50", "user_20_sample_id_66", "user_65_sample_id_73", "user_164_sample_id_11", "user_147_sample_id_28", "user_47_sample_id_59", "user_146_sample_id_52", "user_184_sample_id_80", "user_104_sample_id_90", "user_21_sample_id_3", "user_153_sample_id_29", "user_44_sample_id_95"], "group_15": ["user_60_sample_id_41", "user_195_sample_id_44", "user_100_sample_id_88", "user_56_sample_id_15", "user_166_sample_id_56", "user_55_sample_id_0", "user_178_sample_id_53", "user_190_sample_id_31", "user_193_sample_id_67", "user_19_sample_id_40", "user_35_sample_id_21", "user_121_sample_id_2", "user_92_sample_id_34", "user_179_sample_id_45", "user_16_sample_id_17", "user_180_sample_id_48", "user_76_sample_id_1", "user_21_sample_id_3", "user_44_sample_id_95", "user_189_sample_id_58"], "group_5": ["user_180_sample_id_72", "user_55_sample_id_0", "user_69_sample_id_24", "user_109_sample_id_18", "user_161_sample_id_14", "user_174_sample_id_79", "user_59_sample_id_94", "user_21_sample_id_16", "user_121_sample_id_2", "user_108_sample_id_30", "user_75_sample_id_6", "user_95_sample_id_93", "user_76_sample_id_1", "user_142_sample_id_37", "user_31_sample_id_43", "user_147_sample_id_28", "user_21_sample_id_3"], "group_10": ["user_178_sample_id_19", "user_56_sample_id_15", "user_192_sample_id_81", "user_178_sample_id_53", "user_195_sample_id_76", "user_11_sample_id_64", "user_190_sample_id_31", "user_69_sample_id_24", "user_36_sample_id_20", "user_21_sample_id_16", "user_121_sample_id_2", "user_159_sample_id_26", "user_75_sample_id_6", "user_11_sample_id_46", "user_144_sample_id_71", "user_164_sample_id_11", "user_181_sample_id_82", "user_90_sample_id_7", "user_142_sample_id_37", "user_31_sample_id_43", "user_192_sample_id_8", "user_157_sample_id_86", "user_108_sample_id_92", "user_147_sample_id_28", "user_47_sample_id_59", "user_146_sample_id_52", "user_21_sample_id_3"], "group_13": ["user_56_sample_id_74", "user_192_sample_id_81", "user_141_sample_id_49", "user_158_sample_id_75", "user_131_sample_id_68", "user_193_sample_id_67", "user_25_sample_id_25", "user_161_sample_id_14", "user_58_sample_id_91", "user_36_sample_id_20", "user_59_sample_id_94", "user_141_sample_id_96", "user_179_sample_id_45", "user_108_sample_id_30", "user_75_sample_id_6", "user_93_sample_id_50", "user_65_sample_id_73", "user_164_sample_id_11", "user_157_sample_id_86", "user_108_sample_id_92", "user_63_sample_id_27", "user_81_sample_id_38", "user_146_sample_id_52", "user_104_sample_id_90"], "group_1": ["user_117_sample_id_12", "user_78_sample_id_32", "user_67_sample_id_87", "user_173_sample_id_13", "user_169_sample_id_69", "user_55_sample_id_0", "user_70_sample_id_78", "user_195_sample_id_76", "user_190_sample_id_31", "user_109_sample_id_18", "user_19_sample_id_40", "user_35_sample_id_21", "user_126_sample_id_65", "user_179_sample_id_45", "user_164_sample_id_11", "user_90_sample_id_7", "user_196_sample_id_60", "user_192_sample_id_8", "user_147_sample_id_28", "user_122_sample_id_61", "user_47_sample_id_59", "user_146_sample_id_52", "user_44_sample_id_95", "user_189_sample_id_58"], "group_16": ["user_117_sample_id_12", "user_53_sample_id_57", "user_100_sample_id_88", "user_56_sample_id_15", "user_176_sample_id_9", "user_169_sample_id_69", "user_41_sample_id_47", "user_87_sample_id_51", "user_70_sample_id_78", "user_191_sample_id_83", "user_190_sample_id_31", "user_109_sample_id_18", "user_25_sample_id_25", "user_35_sample_id_21", "user_150_sample_id_85", "user_58_sample_id_91", "user_36_sample_id_20", "user_159_sample_id_26", "user_167_sample_id_10", "user_11_sample_id_46", "user_76_sample_id_1", "user_142_sample_id_63", "user_55_sample_id_70", "user_90_sample_id_7", "user_142_sample_id_37", "user_108_sample_id_92", "user_147_sample_id_28", "user_63_sample_id_27", "user_47_sample_id_59", "user_104_sample_id_90", "user_74_sample_id_84", "user_189_sample_id_58"], "group_8": ["user_78_sample_id_32", "user_100_sample_id_88", "user_108_sample_id_55", "user_161_sample_id_14", "user_36_sample_id_20", "user_174_sample_id_79", "user_21_sample_id_16", "user_121_sample_id_2", "user_179_sample_id_45", "user_95_sample_id_93", "user_20_sample_id_66"], "group_9": ["user_26_sample_id_22", "user_178_sample_id_53", "user_131_sample_id_68", "user_69_sample_id_24", "user_19_sample_id_40", "user_126_sample_id_65", "user_152_sample_id_33", "user_159_sample_id_26", "user_95_sample_id_93", "user_144_sample_id_71", "user_76_sample_id_1", "user_55_sample_id_70", "user_20_sample_id_66", "user_142_sample_id_37", "user_31_sample_id_43", "user_147_sample_id_28", "user_122_sample_id_61", "user_169_sample_id_77", "user_162_sample_id_4", "user_44_sample_id_95"], "group_17": ["user_22_sample_id_39", "user_166_sample_id_56", "user_141_sample_id_49", "user_19_sample_id_40", "user_126_sample_id_65", "user_174_sample_id_79", "user_152_sample_id_33", "user_121_sample_id_2", "user_38_sample_id_35", "user_92_sample_id_34", "user_108_sample_id_30", "user_180_sample_id_48", "user_192_sample_id_8", "user_81_sample_id_38", "user_146_sample_id_52", "user_21_sample_id_3", "user_169_sample_id_77", "user_189_sample_id_58"], "group_2": ["user_26_sample_id_62", "user_195_sample_id_44", "user_150_sample_id_54", "user_173_sample_id_13", "user_108_sample_id_55", "user_87_sample_id_51", "user_70_sample_id_78", "user_11_sample_id_64", "user_131_sample_id_68", "user_64_sample_id_23", "user_25_sample_id_25", "user_150_sample_id_85", "user_58_sample_id_91", "user_126_sample_id_65", "user_59_sample_id_94", "user_152_sample_id_33", "user_21_sample_id_16", "user_159_sample_id_26", "user_167_sample_id_10", "user_108_sample_id_30", "user_95_sample_id_93", "user_144_sample_id_71", "user_180_sample_id_48", "user_55_sample_id_70", "user_181_sample_id_82", "user_90_sample_id_7", "user_31_sample_id_43", "user_108_sample_id_92", "user_63_sample_id_27", "user_81_sample_id_38", "user_104_sample_id_90", "user_74_sample_id_84", "user_189_sample_id_58"], "group_4": ["user_53_sample_id_57", "user_195_sample_id_44", "user_100_sample_id_88", "user_67_sample_id_87", "user_150_sample_id_54", "user_108_sample_id_55", "user_178_sample_id_53", "user_191_sample_id_83", "user_193_sample_id_67", "user_109_sample_id_18", "user_38_sample_id_35", "user_159_sample_id_26", "user_179_sample_id_45", "user_144_sample_id_71", "user_93_sample_id_50", "user_181_sample_id_82", "user_47_sample_id_59", "user_146_sample_id_52", "user_162_sample_id_4"], "group_7": ["user_7_sample_id_42", "user_108_sample_id_55", "user_41_sample_id_47", "user_126_sample_id_65", "user_92_sample_id_34", "user_20_sample_id_66", "user_196_sample_id_60", "user_142_sample_id_37", "user_192_sample_id_8", "user_122_sample_id_61"], "group_11": ["user_112_sample_id_36", "user_82_sample_id_89", "user_195_sample_id_44", "user_141_sample_id_49", "user_70_sample_id_78", "user_195_sample_id_76", "user_191_sample_id_83", "user_131_sample_id_68", "user_58_sample_id_91", "user_36_sample_id_20", "user_174_sample_id_79", "user_21_sample_id_16", "user_121_sample_id_2", "user_108_sample_id_30", "user_55_sample_id_70", "user_164_sample_id_11", "user_181_sample_id_82", "user_142_sample_id_37", "user_147_sample_id_28", "user_47_sample_id_59", "user_81_sample_id_38", "user_162_sample_id_4"], "group_12": ["user_112_sample_id_36", "user_166_sample_id_56", "user_173_sample_id_13", "user_169_sample_id_69", "user_131_sample_id_68", "user_64_sample_id_23", "user_19_sample_id_40", "user_21_sample_id_16", "user_38_sample_id_35", "user_92_sample_id_34", "user_16_sample_id_17", "user_180_sample_id_48", "user_93_sample_id_50", "user_20_sample_id_66", "user_90_sample_id_7", "user_196_sample_id_60", "user_192_sample_id_8", "user_157_sample_id_86", "user_104_sample_id_90", "user_169_sample_id_77", "user_162_sample_id_4", "user_44_sample_id_95"], "group_14": ["user_82_sample_id_89", "user_67_sample_id_87", "user_150_sample_id_54", "user_176_sample_id_9", "user_192_sample_id_81", "user_141_sample_id_49", "user_87_sample_id_51", "user_70_sample_id_78", "user_195_sample_id_76", "user_11_sample_id_64", "user_191_sample_id_83", "user_190_sample_id_31", "user_64_sample_id_23", "user_193_sample_id_67", "user_69_sample_id_24", "user_25_sample_id_25", "user_35_sample_id_21", "user_150_sample_id_85", "user_38_sample_id_35", "user_167_sample_id_10", "user_95_sample_id_93", "user_11_sample_id_46", "user_16_sample_id_17", "user_142_sample_id_63", "user_55_sample_id_70", "user_20_sample_id_66", "user_196_sample_id_60", "user_192_sample_id_8", "user_157_sample_id_86", "user_147_sample_id_28", "user_122_sample_id_61", "user_81_sample_id_38", "user_169_sample_id_77", "user_162_sample_id_4", "user_44_sample_id_95", "user_74_sample_id_84", "user_189_sample_id_58"], "group_19": ["user_67_sample_id_87", "user_56_sample_id_15", "user_173_sample_id_13", "user_169_sample_id_69", "user_55_sample_id_0", "user_41_sample_id_47", "user_141_sample_id_49", "user_87_sample_id_51", "user_158_sample_id_75", "user_64_sample_id_23", "user_69_sample_id_24", "user_25_sample_id_25", "user_161_sample_id_14", "user_19_sample_id_40", "user_58_sample_id_91", "user_36_sample_id_20", "user_174_sample_id_79", "user_152_sample_id_33", "user_38_sample_id_35", "user_92_sample_id_34", "user_179_sample_id_45", "user_144_sample_id_71", "user_16_sample_id_17", "user_180_sample_id_48", "user_76_sample_id_1", "user_142_sample_id_63", "user_65_sample_id_73", "user_181_sample_id_82", "user_90_sample_id_7", "user_196_sample_id_60", "user_31_sample_id_43", "user_122_sample_id_61", "user_47_sample_id_59", "user_81_sample_id_38", "user_184_sample_id_80", "user_153_sample_id_29", "user_74_sample_id_84", "user_189_sample_id_58"], "group_3": ["user_150_sample_id_54", "user_166_sample_id_56", "user_173_sample_id_13", "user_176_sample_id_9", "user_41_sample_id_47", "user_87_sample_id_51", "user_195_sample_id_76", "user_158_sample_id_75", "user_131_sample_id_68", "user_64_sample_id_23", "user_193_sample_id_67", "user_25_sample_id_25", "user_35_sample_id_21", "user_150_sample_id_85", "user_141_sample_id_96", "user_167_sample_id_10", "user_108_sample_id_30", "user_75_sample_id_6", "user_11_sample_id_46", "user_142_sample_id_63", "user_93_sample_id_50", "user_65_sample_id_73", "user_164_sample_id_11", "user_31_sample_id_43", "user_108_sample_id_92", "user_63_sample_id_27", "user_122_sample_id_61", "user_184_sample_id_80", "user_104_sample_id_90", "user_21_sample_id_3", "user_169_sample_id_77", "user_153_sample_id_29", "user_74_sample_id_84"]}, "group_data_store_edges": {"group_3": ["ds_33_sample_id_49", "ds_69_sample_id_97", "ds_4_sample_id_8", "ds_28_sample_id_43", "ds_11_sample_id_94", "ds_89_sample_id_69", "ds_23_sample_id_129", "ds_42_sample_id_36", "ds_78_sample_id_105", "ds_63_sample_id_124", "ds_89_sample_id_125", "ds_40_sample_id_17", "ds_48_sample_id_44", "ds_16_sample_id_88", "ds_94_sample_id_138", "ds_72_sample_id_98", "ds_64_sample_id_23", "ds_46_sample_id_114", "ds_99_sample_id_87", "ds_16_sample_id_120", "ds_69_sample_id_38", "ds_30_sample_id_11", "ds_99_sample_id_27", "ds_77_sample_id_59", "ds_23_sample_id_6", "ds_30_sample_id_18", "ds_84_sample_id_118", "ds_95_sample_id_46", "ds_63_sample_id_135", "ds_22_sample_id_61", "ds_54_sample_id_30", "ds_31_sample_id_67", "ds_96_sample_id_26", "ds_81_sample_id_47", "ds_55_sample_id_76", "ds_15_sample_id_62", "ds_35_sample_id_3", "ds_14_sample_id_52", "ds_72_sample_id_13", "ds_30_sample_id_80", "ds_66_sample_id_78", "ds_65_sample_id_24", "ds_64_sample_id_25", "ds_93_sample_id_132", "ds_60_sample_id_90", "ds_56_sample_id_141", "ds_47_sample_id_72", "ds_79_sample_id_14", "ds_96_sample_id_50", "ds_69_sample_id_70", "ds_13_sample_id_95", "ds_43_sample_id_16", "ds_64_sample_id_35"], "group_7": ["ds_33_sample_id_49", "ds_65_sample_id_128", "ds_51_sample_id_10", "ds_23_sample_id_66", "ds_56_sample_id_51", "ds_28_sample_id_43", "ds_42_sample_id_36", "ds_46_sample_id_106", "ds_11_sample_id_21", "ds_8_sample_id_45", "ds_16_sample_id_88", "ds_94_sample_id_138", "ds_30_sample_id_112", "ds_65_sample_id_19", "ds_83_sample_id_20", "ds_51_sample_id_48", "ds_46_sample_id_114", "ds_69_sample_id_38", "ds_30_sample_id_11", "ds_87_sample_id_137", "ds_61_sample_id_32", "ds_32_sample_id_109", "ds_54_sample_id_30", "ds_88_sample_id_73", "ds_63_sample_id_29", "ds_15_sample_id_62", "ds_34_sample_id_53", "ds_73_sample_id_55", "ds_35_sample_id_3", "ds_30_sample_id_80", "ds_65_sample_id_24", "ds_71_sample_id_102", "ds_74_sample_id_41", "ds_93_sample_id_132", "ds_6_sample_id_127", "ds_79_sample_id_14", "ds_19_sample_id_40", "ds_70_sample_id_81", "ds_54_sample_id_42", "ds_78_sample_id_4", "ds_64_sample_id_35"], "group_12": ["ds_33_sample_id_49", "ds_51_sample_id_10", "ds_69_sample_id_97", "ds_56_sample_id_51", "ds_99_sample_id_134", "ds_23_sample_id_129", "ds_78_sample_id_105", "ds_63_sample_id_124", "ds_55_sample_id_121", "ds_91_sample_id_5", "ds_45_sample_id_68", "ds_21_sample_id_103", "ds_59_sample_id_96", "ds_62_sample_id_57", "ds_94_sample_id_64", "ds_42_sample_id_77", "ds_44_sample_id_111", "ds_49_sample_id_86", "ds_94_sample_id_34", "ds_68_sample_id_99", "ds_64_sample_id_23", "ds_46_sample_id_114", "ds_99_sample_id_87", "ds_97_sample_id_12", "ds_30_sample_id_18", "ds_46_sample_id_60", "ds_95_sample_id_46", "ds_54_sample_id_30", "ds_92_sample_id_83", "ds_88_sample_id_73", "ds_70_sample_id_100", "ds_96_sample_id_26", "ds_55_sample_id_76", "ds_54_sample_id_126", "ds_14_sample_id_52", "ds_66_sample_id_78", "ds_55_sample_id_92", "ds_65_sample_id_24", "ds_71_sample_id_102", "ds_74_sample_id_41", "ds_60_sample_id_90", "ds_6_sample_id_127", "ds_56_sample_id_141", "ds_83_sample_id_123", "ds_70_sample_id_81", "ds_78_sample_id_4", "ds_43_sample_id_16"], "group_13": ["ds_33_sample_id_49", "ds_38_sample_id_2", "ds_69_sample_id_97", "ds_4_sample_id_8", "ds_0_sample_id_65", "ds_99_sample_id_134", "ds_42_sample_id_36", "ds_78_sample_id_105", "ds_55_sample_id_121", "ds_8_sample_id_45", "ds_39_sample_id_79", "ds_91_sample_id_5", "ds_15_sample_id_130", "ds_45_sample_id_68", "ds_48_sample_id_44", "ds_42_sample_id_133", "ds_59_sample_id_28", "ds_73_sample_id_139", "ds_62_sample_id_57", "ds_48_sample_id_9", "ds_51_sample_id_48", "ds_94_sample_id_34", "ds_68_sample_id_99", "ds_16_sample_id_120", "ds_99_sample_id_27", "ds_77_sample_id_59", "ds_23_sample_id_6", "ds_16_sample_id_116", "ds_30_sample_id_18", "ds_48_sample_id_107", "ds_14_sample_id_113", "ds_46_sample_id_60", "ds_61_sample_id_32", "ds_32_sample_id_109", "ds_54_sample_id_30", "ds_31_sample_id_67", "ds_70_sample_id_100", "ds_96_sample_id_26", "ds_97_sample_id_56", "ds_18_sample_id_37", "ds_54_sample_id_126", "ds_34_sample_id_53", "ds_73_sample_id_55", "ds_20_sample_id_63", "ds_35_sample_id_3", "ds_72_sample_id_13", "ds_55_sample_id_92", "ds_72_sample_id_104", "ds_6_sample_id_127", "ds_56_sample_id_141", "ds_47_sample_id_72", "ds_26_sample_id_91", "ds_19_sample_id_40", "ds_96_sample_id_50", "ds_83_sample_id_123", "ds_97_sample_id_74", "ds_10_sample_id_39"], "group_17": ["ds_33_sample_id_49", "ds_65_sample_id_128", "ds_49_sample_id_75", "ds_38_sample_id_2", "ds_69_sample_id_97", "ds_4_sample_id_8", "ds_99_sample_id_134", "ds_89_sample_id_69", "ds_23_sample_id_129", "ds_80_sample_id_108", "ds_39_sample_id_79", "ds_21_sample_id_103", "ds_8_sample_id_15", "ds_73_sample_id_139", "ds_30_sample_id_112", "ds_46_sample_id_114", "ds_99_sample_id_87", "ds_93_sample_id_0", "ds_61_sample_id_32", "ds_95_sample_id_46", "ds_32_sample_id_109", "ds_79_sample_id_110", "ds_55_sample_id_76", "ds_40_sample_id_85", "ds_54_sample_id_126", "ds_35_sample_id_3", "ds_65_sample_id_24", "ds_79_sample_id_22", "ds_56_sample_id_141", "ds_47_sample_id_72", "ds_79_sample_id_14", "ds_22_sample_id_33", "ds_96_sample_id_50", "ds_97_sample_id_74", "ds_10_sample_id_39", "ds_99_sample_id_115", "ds_43_sample_id_16"], "group_5": ["ds_65_sample_id_128", "ds_49_sample_id_75", "ds_3_sample_id_7", "ds_69_sample_id_97", "ds_56_sample_id_51", "ds_28_sample_id_43", "ds_42_sample_id_36", "ds_46_sample_id_106", "ds_8_sample_id_45", "ds_39_sample_id_79", "ds_89_sample_id_125", "ds_48_sample_id_44", "ds_73_sample_id_139", "ds_51_sample_id_48", "ds_46_sample_id_114", "ds_16_sample_id_120", "ds_10_sample_id_119", "ds_84_sample_id_118", "ds_95_sample_id_46", "ds_44_sample_id_140", "ds_92_sample_id_83", "ds_31_sample_id_67", "ds_70_sample_id_100", "ds_96_sample_id_26", "ds_63_sample_id_29", "ds_40_sample_id_85", "ds_34_sample_id_53", "ds_55_sample_id_92", "ds_71_sample_id_102", "ds_64_sample_id_25", "ds_79_sample_id_22", "ds_26_sample_id_91", "ds_79_sample_id_14", "ds_22_sample_id_33", "ds_19_sample_id_40", "ds_26_sample_id_1", "ds_97_sample_id_74", "ds_69_sample_id_70", "ds_13_sample_id_95", "ds_43_sample_id_16"], "group_8": ["ds_65_sample_id_128", "ds_21_sample_id_122", "ds_3_sample_id_7", "ds_38_sample_id_2", "ds_56_sample_id_51", "ds_62_sample_id_93", "ds_0_sample_id_65", "ds_11_sample_id_21", "ds_39_sample_id_79", "ds_91_sample_id_5", "ds_40_sample_id_17", "ds_45_sample_id_68", "ds_73_sample_id_139", "ds_94_sample_id_138", "ds_94_sample_id_64", "ds_30_sample_id_112", "ds_68_sample_id_99", "ds_64_sample_id_23", "ds_97_sample_id_12", "ds_99_sample_id_27", "ds_87_sample_id_137", "ds_23_sample_id_6", "ds_48_sample_id_107", "ds_38_sample_id_136", "ds_61_sample_id_32", "ds_95_sample_id_46", "ds_54_sample_id_30", "ds_55_sample_id_76", "ds_63_sample_id_29", "ds_20_sample_id_63", "ds_71_sample_id_102", "ds_6_sample_id_127", "ds_96_sample_id_50", "ds_13_sample_id_95", "ds_43_sample_id_16", "ds_64_sample_id_35"], "group_9": ["ds_65_sample_id_128", "ds_21_sample_id_122", "ds_56_sample_id_51", "ds_28_sample_id_43", "ds_42_sample_id_36", "ds_46_sample_id_106", "ds_8_sample_id_45", "ds_89_sample_id_125", "ds_45_sample_id_68", "ds_42_sample_id_133", "ds_62_sample_id_57", "ds_42_sample_id_77", "ds_51_sample_id_48", "ds_16_sample_id_120", "ds_69_sample_id_38", "ds_30_sample_id_11", "ds_99_sample_id_27", "ds_23_sample_id_6", "ds_16_sample_id_116", "ds_30_sample_id_18", "ds_14_sample_id_113", "ds_72_sample_id_101", "ds_46_sample_id_60", "ds_61_sample_id_32", "ds_95_sample_id_46", "ds_44_sample_id_140", "ds_88_sample_id_73", "ds_96_sample_id_26", "ds_54_sample_id_84", "ds_97_sample_id_56", "ds_40_sample_id_58", "ds_15_sample_id_62", "ds_73_sample_id_55", "ds_14_sample_id_52", "ds_72_sample_id_13", "ds_66_sample_id_78", "ds_64_sample_id_25", "ds_72_sample_id_104", "ds_60_sample_id_90", "ds_6_sample_id_127", "ds_56_sample_id_141", "ds_47_sample_id_72", "ds_26_sample_id_91", "ds_75_sample_id_89", "ds_19_sample_id_40", "ds_96_sample_id_50", "ds_83_sample_id_123", "ds_69_sample_id_70", "ds_13_sample_id_95", "ds_64_sample_id_35"], "group_15": ["ds_65_sample_id_128", "ds_51_sample_id_10", "ds_69_sample_id_97", "ds_78_sample_id_105", "ds_80_sample_id_108", "ds_89_sample_id_125", "ds_15_sample_id_130", "ds_21_sample_id_103", "ds_73_sample_id_139", "ds_16_sample_id_88", "ds_94_sample_id_64", "ds_42_sample_id_77", "ds_49_sample_id_86", "ds_30_sample_id_112", "ds_51_sample_id_48", "ds_64_sample_id_23", "ds_99_sample_id_87", "ds_77_sample_id_59", "ds_23_sample_id_6", "ds_10_sample_id_119", "ds_72_sample_id_101", "ds_84_sample_id_118", "ds_44_sample_id_140", "ds_63_sample_id_135", "ds_54_sample_id_30", "ds_79_sample_id_110", "ds_88_sample_id_73", "ds_93_sample_id_132", "ds_60_sample_id_90", "ds_10_sample_id_39", "ds_99_sample_id_115"], "group_1": ["ds_51_sample_id_10", "ds_49_sample_id_75", "ds_56_sample_id_51", "ds_11_sample_id_94", "ds_46_sample_id_106", "ds_55_sample_id_121", "ds_40_sample_id_17", "ds_15_sample_id_130", "ds_45_sample_id_68", "ds_59_sample_id_28", "ds_94_sample_id_64", "ds_93_sample_id_0", "ds_92_sample_id_83", "ds_79_sample_id_110", "ds_96_sample_id_26", "ds_54_sample_id_84", "ds_55_sample_id_76", "ds_63_sample_id_29", "ds_15_sample_id_62", "ds_20_sample_id_63", "ds_74_sample_id_41", "ds_93_sample_id_132", "ds_96_sample_id_50", "ds_83_sample_id_123"], "group_4": ["ds_51_sample_id_10", "ds_21_sample_id_122", "ds_3_sample_id_7", "ds_62_sample_id_93", "ds_42_sample_id_36", "ds_80_sample_id_108", "ds_89_sample_id_125", "ds_40_sample_id_17", "ds_16_sample_id_88", "ds_94_sample_id_138", "ds_49_sample_id_86", "ds_47_sample_id_71", "ds_48_sample_id_9", "ds_99_sample_id_87", "ds_16_sample_id_120", "ds_10_sample_id_119", "ds_14_sample_id_113", "ds_70_sample_id_100", "ds_97_sample_id_56", "ds_55_sample_id_76", "ds_40_sample_id_58", "ds_40_sample_id_85", "ds_54_sample_id_126", "ds_20_sample_id_63", "ds_75_sample_id_89", "ds_26_sample_id_1", "ds_97_sample_id_74", "ds_69_sample_id_70"], "group_18": ["ds_51_sample_id_10", "ds_21_sample_id_122", "ds_62_sample_id_93", "ds_55_sample_id_121", "ds_89_sample_id_125", "ds_45_sample_id_68", "ds_62_sample_id_57", "ds_97_sample_id_31", "ds_49_sample_id_86", "ds_83_sample_id_20", "ds_64_sample_id_23", "ds_69_sample_id_38", "ds_16_sample_id_116", "ds_38_sample_id_136", "ds_46_sample_id_60", "ds_84_sample_id_118", "ds_44_sample_id_140", "ds_79_sample_id_110", "ds_63_sample_id_29", "ds_15_sample_id_62", "ds_34_sample_id_53", "ds_65_sample_id_24", "ds_64_sample_id_25", "ds_56_sample_id_141", "ds_75_sample_id_89", "ds_22_sample_id_33", "ds_83_sample_id_123", "ds_97_sample_id_74", "ds_78_sample_id_4", "ds_99_sample_id_115"], "group_11": ["ds_23_sample_id_66", "ds_4_sample_id_8", "ds_0_sample_id_65", "ds_8_sample_id_45", "ds_21_sample_id_103", "ds_59_sample_id_96", "ds_73_sample_id_139", "ds_42_sample_id_77", "ds_44_sample_id_111", "ds_64_sample_id_23", "ds_16_sample_id_120", "ds_99_sample_id_27", "ds_14_sample_id_113", "ds_95_sample_id_46", "ds_54_sample_id_30", "ds_88_sample_id_73", "ds_18_sample_id_37", "ds_15_sample_id_62", "ds_30_sample_id_80", "ds_66_sample_id_78", "ds_72_sample_id_104", "ds_79_sample_id_22", "ds_93_sample_id_54", "ds_99_sample_id_115"], "group_19": ["ds_23_sample_id_66", "ds_49_sample_id_75", "ds_56_sample_id_51", "ds_66_sample_id_117", "ds_4_sample_id_8", "ds_62_sample_id_93", "ds_28_sample_id_43", "ds_11_sample_id_94", "ds_11_sample_id_21", "ds_78_sample_id_131", "ds_21_sample_id_103", "ds_48_sample_id_44", "ds_8_sample_id_15", "ds_97_sample_id_31", "ds_47_sample_id_71", "ds_48_sample_id_9", "ds_83_sample_id_20", "ds_51_sample_id_48", "ds_30_sample_id_11", "ds_16_sample_id_116", "ds_48_sample_id_107", "ds_14_sample_id_113", "ds_38_sample_id_136", "ds_46_sample_id_60", "ds_84_sample_id_118", "ds_32_sample_id_109", "ds_22_sample_id_61", "ds_92_sample_id_83", "ds_31_sample_id_67", "ds_88_sample_id_73", "ds_81_sample_id_47", "ds_97_sample_id_56", "ds_18_sample_id_37", "ds_40_sample_id_58", "ds_40_sample_id_85", "ds_54_sample_id_126", "ds_20_sample_id_63", "ds_14_sample_id_52", "ds_74_sample_id_41", "ds_93_sample_id_132", "ds_26_sample_id_91", "ds_75_sample_id_89", "ds_19_sample_id_40", "ds_26_sample_id_1", "ds_70_sample_id_81", "ds_54_sample_id_42", "ds_93_sample_id_54", "ds_99_sample_id_115"], "group_6": ["ds_49_sample_id_75", "ds_21_sample_id_122", "ds_62_sample_id_93", "ds_0_sample_id_65", "ds_99_sample_id_134", "ds_78_sample_id_105", "ds_63_sample_id_124", "ds_78_sample_id_131", "ds_89_sample_id_125", "ds_45_sample_id_68", "ds_59_sample_id_28", "ds_16_sample_id_88", "ds_47_sample_id_71", "ds_72_sample_id_98", "ds_48_sample_id_9", "ds_30_sample_id_112", "ds_68_sample_id_99", "ds_46_sample_id_114", "ds_99_sample_id_87", "ds_10_sample_id_119", "ds_95_sample_id_46", "ds_32_sample_id_109", "ds_22_sample_id_61", "ds_92_sample_id_83", "ds_88_sample_id_73", "ds_55_sample_id_76", "ds_40_sample_id_58", "ds_54_sample_id_126", "ds_73_sample_id_55", "ds_20_sample_id_63", "ds_14_sample_id_52", "ds_72_sample_id_13", "ds_64_sample_id_25", "ds_72_sample_id_104", "ds_93_sample_id_132", "ds_60_sample_id_90", "ds_10_sample_id_39", "ds_78_sample_id_4"], "group_10": ["ds_49_sample_id_75", "ds_3_sample_id_7", "ds_56_sample_id_51", "ds_4_sample_id_8", "ds_99_sample_id_134", "ds_23_sample_id_129", "ds_42_sample_id_36", "ds_78_sample_id_105", "ds_63_sample_id_124", "ds_78_sample_id_131", "ds_8_sample_id_45", "ds_39_sample_id_79", "ds_91_sample_id_5", "ds_42_sample_id_133", "ds_16_sample_id_88", "ds_94_sample_id_138", "ds_94_sample_id_64", "ds_97_sample_id_31", "ds_44_sample_id_111", "ds_48_sample_id_9", "ds_30_sample_id_112", "ds_94_sample_id_34", "ds_16_sample_id_120", "ds_99_sample_id_27", "ds_93_sample_id_0", "ds_23_sample_id_6", "ds_10_sample_id_119", "ds_14_sample_id_113", "ds_38_sample_id_136", "ds_84_sample_id_118", "ds_63_sample_id_135", "ds_22_sample_id_61", "ds_54_sample_id_30", "ds_81_sample_id_47", "ds_40_sample_id_58", "ds_63_sample_id_29", "ds_40_sample_id_85", "ds_73_sample_id_55", "ds_20_sample_id_63", "ds_35_sample_id_3", "ds_55_sample_id_92", "ds_65_sample_id_24", "ds_79_sample_id_22", "ds_6_sample_id_127", "ds_75_sample_id_89", "ds_26_sample_id_1", "ds_83_sample_id_123", "ds_70_sample_id_81", "ds_54_sample_id_42", "ds_69_sample_id_70", "ds_78_sample_id_4", "ds_99_sample_id_115", "ds_43_sample_id_16", "ds_64_sample_id_35"], "group_16": ["ds_49_sample_id_75", "ds_99_sample_id_134", "ds_93_sample_id_82", "ds_89_sample_id_69", "ds_80_sample_id_108", "ds_91_sample_id_5", "ds_89_sample_id_125", "ds_8_sample_id_15", "ds_94_sample_id_64", "ds_47_sample_id_71", "ds_94_sample_id_34", "ds_30_sample_id_11", "ds_97_sample_id_12", "ds_30_sample_id_18", "ds_10_sample_id_119", "ds_48_sample_id_107", "ds_44_sample_id_140", "ds_32_sample_id_109", "ds_79_sample_id_110", "ds_18_sample_id_37", "ds_40_sample_id_85", "ds_34_sample_id_53", "ds_55_sample_id_92", "ds_72_sample_id_104", "ds_79_sample_id_22", "ds_6_sample_id_127", "ds_75_sample_id_89", "ds_79_sample_id_14", "ds_26_sample_id_1", "ds_70_sample_id_81", "ds_13_sample_id_95"], "group_0": ["ds_21_sample_id_122", "ds_38_sample_id_2", "ds_93_sample_id_82", "ds_63_sample_id_124", "ds_11_sample_id_21", "ds_78_sample_id_131", "ds_62_sample_id_57", "ds_97_sample_id_31", "ds_44_sample_id_111", "ds_65_sample_id_19", "ds_94_sample_id_34", "ds_16_sample_id_120", "ds_97_sample_id_12", "ds_77_sample_id_59", "ds_87_sample_id_137", "ds_38_sample_id_136", "ds_46_sample_id_60", "ds_61_sample_id_32", "ds_54_sample_id_84", "ds_15_sample_id_62", "ds_73_sample_id_55", "ds_35_sample_id_3", "ds_72_sample_id_13", "ds_30_sample_id_80", "ds_74_sample_id_41", "ds_6_sample_id_127", "ds_78_sample_id_4", "ds_64_sample_id_35"], "group_2": ["ds_21_sample_id_122", "ds_69_sample_id_97", "ds_4_sample_id_8", "ds_62_sample_id_93", "ds_28_sample_id_43", "ds_93_sample_id_82", "ds_89_sample_id_69", "ds_8_sample_id_45", "ds_15_sample_id_130", "ds_21_sample_id_103", "ds_48_sample_id_44", "ds_59_sample_id_96", "ds_73_sample_id_139", "ds_16_sample_id_88", "ds_97_sample_id_31", "ds_49_sample_id_86", "ds_72_sample_id_98", "ds_30_sample_id_112", "ds_68_sample_id_99", "ds_46_sample_id_114", "ds_99_sample_id_87", "ds_16_sample_id_120", "ds_99_sample_id_27", "ds_87_sample_id_137", "ds_93_sample_id_0", "ds_16_sample_id_116", "ds_10_sample_id_119", "ds_14_sample_id_113", "ds_72_sample_id_101", "ds_32_sample_id_109", "ds_63_sample_id_135", "ds_22_sample_id_61", "ds_70_sample_id_100", "ds_18_sample_id_37", "ds_40_sample_id_58", "ds_63_sample_id_29", "ds_14_sample_id_52", "ds_30_sample_id_80", "ds_66_sample_id_78", "ds_71_sample_id_102", "ds_74_sample_id_41", "ds_70_sample_id_81", "ds_99_sample_id_115"], "group_14": ["ds_66_sample_id_117", "ds_93_sample_id_82", "ds_89_sample_id_69", "ds_42_sample_id_36", "ds_80_sample_id_108", "ds_46_sample_id_106", "ds_39_sample_id_79", "ds_21_sample_id_103", "ds_42_sample_id_133", "ds_73_sample_id_139", "ds_94_sample_id_138", "ds_42_sample_id_77", "ds_49_sample_id_86", "ds_72_sample_id_98", "ds_48_sample_id_9", "ds_69_sample_id_38", "ds_93_sample_id_0", "ds_23_sample_id_6", "ds_16_sample_id_116", "ds_48_sample_id_107", "ds_63_sample_id_135", "ds_92_sample_id_83", "ds_31_sample_id_67", "ds_54_sample_id_84", "ds_97_sample_id_56", "ds_40_sample_id_85", "ds_34_sample_id_53", "ds_71_sample_id_102", "ds_93_sample_id_132", "ds_26_sample_id_91", "ds_79_sample_id_14", "ds_22_sample_id_33", "ds_19_sample_id_40", "ds_26_sample_id_1", "ds_54_sample_id_42", "ds_97_sample_id_74", "ds_10_sample_id_39", "ds_13_sample_id_95"]}}