{"ds_46_sample_id_0": [], "ds_74_sample_id_1": [], "ds_81_sample_id_2": [], "ds_28_sample_id_3": [], "ds_100_sample_id_4": [], "ds_52_sample_id_5": [], "ds_53_sample_id_6": [], "ds_39_sample_id_7": [], "ds_43_sample_id_8": [], "ds_51_sample_id_9": [], "ds_51_sample_id_10": [], "ds_0_sample_id_11": [], "ds_31_sample_id_12": [], "ds_56_sample_id_13": [], "ds_54_sample_id_14": [], "ds_83_sample_id_15": ["IP_ADDRESS"], "ds_60_sample_id_16": [], "ds_46_sample_id_17": [], "ds_13_sample_id_18": [], "ds_101_sample_id_19": [], "ds_59_sample_id_20": [], "ds_27_sample_id_21": [], "ds_118_sample_id_22": [], "ds_20_sample_id_23": [], "ds_109_sample_id_24": [], "ds_63_sample_id_25": [], "ds_93_sample_id_26": [], "ds_49_sample_id_27": [], "ds_79_sample_id_28": [], "ds_20_sample_id_29": [], "ds_8_sample_id_30": ["IP_ADDRESS"], "ds_115_sample_id_31": [], "ds_74_sample_id_32": [], "ds_108_sample_id_33": [], "ds_68_sample_id_34": [], "ds_16_sample_id_35": ["GENOME", "IP_ADDRESS"], "ds_79_sample_id_36": [], "ds_31_sample_id_37": [], "ds_56_sample_id_38": [], "ds_65_sample_id_39": [], "ds_55_sample_id_40": ["GENOME"], "ds_42_sample_id_41": [], "ds_107_sample_id_42": [], "ds_89_sample_id_43": [], "ds_84_sample_id_44": [], "ds_44_sample_id_45": ["GENOME"], "ds_33_sample_id_46": [], "ds_105_sample_id_47": [], "ds_104_sample_id_48": [], "ds_113_sample_id_49": [], "ds_98_sample_id_50": [], "ds_1_sample_id_51": [], "ds_86_sample_id_52": ["GENOME"], "ds_42_sample_id_53": [], "ds_104_sample_id_54": [], "ds_118_sample_id_55": [], "ds_13_sample_id_56": [], "ds_115_sample_id_57": []}