{"user_group_edges": {"group_0": ["user_844_sample_id_32", "user_1733_sample_id_27", "user_161_sample_id_37", "user_852_sample_id_48", "user_1603_sample_id_19", "user_763_sample_id_41", "user_310_sample_id_20", "user_1617_sample_id_54", "user_1441_sample_id_18", "user_22_sample_id_3", "user_332_sample_id_7", "user_1209_sample_id_49", "user_849_sample_id_56", "user_444_sample_id_25", "user_1596_sample_id_51", "user_1405_sample_id_34"], "group_2": ["user_844_sample_id_32", "user_1288_sample_id_24", "user_161_sample_id_37", "user_1624_sample_id_55", "user_763_sample_id_41", "user_310_sample_id_20", "user_392_sample_id_14", "user_1676_sample_id_43", "user_1317_sample_id_22", "user_193_sample_id_35", "user_332_sample_id_7", "user_814_sample_id_58", "user_1335_sample_id_21", "user_444_sample_id_25", "user_1278_sample_id_2", "user_1502_sample_id_44", "user_1239_sample_id_50", "user_1048_sample_id_53", "user_1157_sample_id_52"], "group_3": ["user_844_sample_id_32", "user_1518_sample_id_12", "user_555_sample_id_47", "user_22_sample_id_46", "user_289_sample_id_39", "user_392_sample_id_14", "user_740_sample_id_17", "user_1502_sample_id_44", "user_379_sample_id_36", "user_1093_sample_id_13", "user_1157_sample_id_52"], "group_9": ["user_844_sample_id_32", "user_645_sample_id_15", "user_1603_sample_id_19", "user_1215_sample_id_0", "user_289_sample_id_39", "user_331_sample_id_5", "user_193_sample_id_35", "user_1209_sample_id_49", "user_798_sample_id_40", "user_849_sample_id_56", "user_1335_sample_id_21", "user_898_sample_id_11", "user_1157_sample_id_52", "user_891_sample_id_30", "user_1228_sample_id_26"], "group_13": ["user_844_sample_id_32", "user_645_sample_id_15", "user_22_sample_id_46", "user_788_sample_id_38", "user_1617_sample_id_54", "user_1441_sample_id_18", "user_1317_sample_id_22", "user_155_sample_id_8", "user_332_sample_id_7", "user_740_sample_id_17", "user_64_sample_id_31", "user_1048_sample_id_53", "user_1228_sample_id_26"], "group_18": ["user_844_sample_id_32", "user_1733_sample_id_27", "user_1293_sample_id_29", "user_101_sample_id_16", "user_1547_sample_id_6", "user_1215_sample_id_0", "user_1676_sample_id_43", "user_1225_sample_id_28", "user_798_sample_id_40", "user_444_sample_id_25", "user_102_sample_id_57", "user_936_sample_id_4", "user_1048_sample_id_53"], "group_19": ["user_844_sample_id_32", "user_1733_sample_id_27", "user_1288_sample_id_24", "user_1643_sample_id_23", "user_1547_sample_id_6", "user_763_sample_id_41", "user_1262_sample_id_1", "user_310_sample_id_20", "user_1617_sample_id_54", "user_1441_sample_id_18", "user_155_sample_id_8", "user_1096_sample_id_42", "user_740_sample_id_17", "user_1502_sample_id_44", "user_620_sample_id_9", "user_1157_sample_id_52"], "group_1": ["user_645_sample_id_15", "user_1293_sample_id_29", "user_1008_sample_id_33", "user_289_sample_id_39", "user_1617_sample_id_54", "user_1317_sample_id_22", "user_571_sample_id_45", "user_1209_sample_id_49", "user_897_sample_id_10", "user_849_sample_id_56", "user_1239_sample_id_50"], "group_10": ["user_645_sample_id_15", "user_555_sample_id_47", "user_1643_sample_id_23", "user_22_sample_id_3", "user_331_sample_id_5", "user_571_sample_id_45", "user_1225_sample_id_28", "user_1405_sample_id_34", "user_936_sample_id_4"], "group_5": ["user_1733_sample_id_27", "user_1288_sample_id_24", "user_22_sample_id_3", "user_193_sample_id_35", "user_332_sample_id_7", "user_814_sample_id_58", "user_849_sample_id_56", "user_1239_sample_id_50", "user_1405_sample_id_34", "user_1093_sample_id_13", "user_620_sample_id_9", "user_1157_sample_id_52", "user_891_sample_id_30"], "group_12": ["user_1733_sample_id_27", "user_1293_sample_id_29", "user_852_sample_id_48", "user_1643_sample_id_23", "user_788_sample_id_38", "user_289_sample_id_39", "user_392_sample_id_14", "user_22_sample_id_3", "user_897_sample_id_10", "user_798_sample_id_40", "user_1335_sample_id_21", "user_1502_sample_id_44", "user_1596_sample_id_51", "user_1239_sample_id_50", "user_1405_sample_id_34", "user_936_sample_id_4", "user_379_sample_id_36", "user_891_sample_id_30", "user_1228_sample_id_26"], "group_15": ["user_1733_sample_id_27", "user_22_sample_id_46", "user_1547_sample_id_6", "user_763_sample_id_41", "user_331_sample_id_5", "user_1317_sample_id_22", "user_1225_sample_id_28", "user_1096_sample_id_42", "user_849_sample_id_56", "user_1596_sample_id_51", "user_936_sample_id_4", "user_620_sample_id_9", "user_891_sample_id_30"], "group_16": ["user_1288_sample_id_24", "user_763_sample_id_41", "user_310_sample_id_20", "user_193_sample_id_35", "user_1225_sample_id_28", "user_1278_sample_id_2", "user_1502_sample_id_44", "user_1596_sample_id_51", "user_64_sample_id_31", "user_898_sample_id_11", "user_102_sample_id_57", "user_379_sample_id_36"], "group_4": ["user_1293_sample_id_29", "user_161_sample_id_37", "user_1008_sample_id_33", "user_852_sample_id_48", "user_1518_sample_id_12", "user_788_sample_id_38", "user_1676_sample_id_43", "user_891_sample_id_30"], "group_7": ["user_1293_sample_id_29", "user_1603_sample_id_19", "user_788_sample_id_38", "user_1262_sample_id_1", "user_310_sample_id_20", "user_444_sample_id_25", "user_64_sample_id_31", "user_102_sample_id_57", "user_1048_sample_id_53", "user_1093_sample_id_13", "user_620_sample_id_9"], "group_17": ["user_161_sample_id_37", "user_555_sample_id_47", "user_392_sample_id_14", "user_1676_sample_id_43", "user_22_sample_id_3", "user_331_sample_id_5", "user_155_sample_id_8", "user_1209_sample_id_49", "user_798_sample_id_40", "user_849_sample_id_56", "user_898_sample_id_11", "user_936_sample_id_4", "user_1048_sample_id_53"], "group_11": ["user_852_sample_id_48", "user_1603_sample_id_19", "user_555_sample_id_47", "user_22_sample_id_46", "user_1547_sample_id_6", "user_1441_sample_id_18", "user_155_sample_id_8", "user_1209_sample_id_49", "user_897_sample_id_10", "user_1596_sample_id_51"], "group_14": ["user_852_sample_id_48", "user_1624_sample_id_55", "user_22_sample_id_3", "user_1317_sample_id_22", "user_897_sample_id_10", "user_814_sample_id_58", "user_1096_sample_id_42", "user_1502_sample_id_44", "user_898_sample_id_11", "user_102_sample_id_57", "user_936_sample_id_4", "user_1157_sample_id_52"], "group_6": ["user_1603_sample_id_19", "user_1624_sample_id_55", "user_1643_sample_id_23", "user_788_sample_id_38", "user_1215_sample_id_0", "user_1617_sample_id_54", "user_331_sample_id_5", "user_1096_sample_id_42", "user_1335_sample_id_21", "user_740_sample_id_17", "user_444_sample_id_25", "user_1405_sample_id_34", "user_379_sample_id_36"], "group_8": ["user_1624_sample_id_55", "user_101_sample_id_16", "user_1262_sample_id_1", "user_392_sample_id_14", "user_1441_sample_id_18", "user_331_sample_id_5", "user_897_sample_id_10", "user_1335_sample_id_21", "user_740_sample_id_17", "user_1278_sample_id_2", "user_1239_sample_id_50", "user_1228_sample_id_26"]}, "group_data_store_edges": {"group_0": ["ds_11_sample_id_119", "ds_5_sample_id_108", "ds_89_sample_id_121", "ds_75_sample_id_79", "ds_105_sample_id_61", "ds_79_sample_id_114", "ds_55_sample_id_98", "ds_81_sample_id_26", "ds_96_sample_id_59", "ds_102_sample_id_102", "ds_5_sample_id_77", "ds_45_sample_id_69", "ds_88_sample_id_15", "ds_100_sample_id_12", "ds_80_sample_id_136", "ds_69_sample_id_104", "ds_41_sample_id_131", "ds_103_sample_id_4", "ds_55_sample_id_89", "ds_86_sample_id_37", "ds_39_sample_id_65", "ds_83_sample_id_70", "ds_66_sample_id_80", "ds_103_sample_id_29", "ds_112_sample_id_58", "ds_73_sample_id_53", "ds_25_sample_id_103", "ds_20_sample_id_84", "ds_117_sample_id_106", "ds_49_sample_id_18", "ds_111_sample_id_25", "ds_59_sample_id_10", "ds_54_sample_id_118", "ds_17_sample_id_117", "ds_2_sample_id_74", "ds_99_sample_id_113", "ds_55_sample_id_130", "ds_18_sample_id_47", "ds_73_sample_id_1"], "group_2": ["ds_11_sample_id_119", "ds_70_sample_id_8", "ds_5_sample_id_108", "ds_89_sample_id_121", "ds_0_sample_id_11", "ds_27_sample_id_45", "ds_85_sample_id_144", "ds_79_sample_id_114", "ds_6_sample_id_125", "ds_55_sample_id_98", "ds_117_sample_id_90", "ds_80_sample_id_19", "ds_9_sample_id_96", "ds_43_sample_id_34", "ds_105_sample_id_31", "ds_41_sample_id_137", "ds_28_sample_id_83", "ds_110_sample_id_49", "ds_4_sample_id_91", "ds_40_sample_id_60", "ds_84_sample_id_147", "ds_1_sample_id_76", "ds_69_sample_id_57", "ds_28_sample_id_16", "ds_55_sample_id_89", "ds_86_sample_id_37", "ds_91_sample_id_32", "ds_66_sample_id_63", "ds_47_sample_id_43", "ds_83_sample_id_100", "ds_117_sample_id_106", "ds_7_sample_id_48", "ds_84_sample_id_78", "ds_118_sample_id_28", "ds_6_sample_id_20", "ds_98_sample_id_145", "ds_29_sample_id_73", "ds_69_sample_id_66", "ds_36_sample_id_85", "ds_9_sample_id_123", "ds_113_sample_id_30", "ds_24_sample_id_46", "ds_63_sample_id_101", "ds_72_sample_id_146", "ds_91_sample_id_33"], "group_5": ["ds_11_sample_id_119", "ds_26_sample_id_88", "ds_5_sample_id_108", "ds_30_sample_id_17", "ds_9_sample_id_42", "ds_104_sample_id_122", "ds_97_sample_id_134", "ds_0_sample_id_11", "ds_79_sample_id_114", "ds_81_sample_id_26", "ds_88_sample_id_112", "ds_45_sample_id_14", "ds_80_sample_id_62", "ds_23_sample_id_105", "ds_25_sample_id_22", "ds_96_sample_id_59", "ds_14_sample_id_126", "ds_69_sample_id_50", "ds_40_sample_id_60", "ds_84_sample_id_147", "ds_41_sample_id_131", "ds_26_sample_id_140", "ds_28_sample_id_16", "ds_24_sample_id_72", "ds_49_sample_id_24", "ds_66_sample_id_80", "ds_1_sample_id_67", "ds_103_sample_id_29", "ds_7_sample_id_64", "ds_65_sample_id_41", "ds_85_sample_id_124", "ds_67_sample_id_128", "ds_73_sample_id_53", "ds_7_sample_id_48", "ds_84_sample_id_78", "ds_27_sample_id_75", "ds_117_sample_id_82", "ds_49_sample_id_18", "ds_77_sample_id_7", "ds_98_sample_id_145", "ds_79_sample_id_151", "ds_59_sample_id_10", "ds_54_sample_id_118", "ds_49_sample_id_138", "ds_100_sample_id_44", "ds_21_sample_id_36", "ds_23_sample_id_52"], "group_8": ["ds_11_sample_id_119", "ds_70_sample_id_8", "ds_96_sample_id_27", "ds_114_sample_id_23", "ds_104_sample_id_122", "ds_11_sample_id_148", "ds_73_sample_id_97", "ds_103_sample_id_109", "ds_80_sample_id_62", "ds_56_sample_id_39", "ds_9_sample_id_96", "ds_23_sample_id_105", "ds_25_sample_id_22", "ds_5_sample_id_77", "ds_102_sample_id_115", "ds_80_sample_id_136", "ds_41_sample_id_137", "ds_8_sample_id_120", "ds_114_sample_id_133", "ds_4_sample_id_91", "ds_41_sample_id_131", "ds_69_sample_id_57", "ds_103_sample_id_4", "ds_58_sample_id_68", "ds_91_sample_id_32", "ds_83_sample_id_70", "ds_24_sample_id_72", "ds_101_sample_id_9", "ds_105_sample_id_152", "ds_30_sample_id_99", "ds_1_sample_id_107", "ds_112_sample_id_58", "ds_87_sample_id_93", "ds_85_sample_id_124", "ds_67_sample_id_128", "ds_20_sample_id_84", "ds_108_sample_id_40", "ds_88_sample_id_132", "ds_46_sample_id_2", "ds_117_sample_id_106", "ds_27_sample_id_75", "ds_49_sample_id_18", "ds_45_sample_id_21", "ds_98_sample_id_145", "ds_75_sample_id_71", "ds_39_sample_id_149", "ds_29_sample_id_73", "ds_17_sample_id_117", "ds_49_sample_id_138", "ds_100_sample_id_44", "ds_55_sample_id_130", "ds_24_sample_id_46", "ds_73_sample_id_1", "ds_72_sample_id_146", "ds_2_sample_id_55", "ds_23_sample_id_52"], "group_9": ["ds_11_sample_id_119", "ds_22_sample_id_95", "ds_97_sample_id_116", "ds_27_sample_id_45", "ds_105_sample_id_61", "ds_73_sample_id_111", "ds_55_sample_id_98", "ds_117_sample_id_90", "ds_45_sample_id_14", "ds_56_sample_id_39", "ds_43_sample_id_34", "ds_23_sample_id_105", "ds_25_sample_id_22", "ds_24_sample_id_13", "ds_105_sample_id_31", "ds_45_sample_id_69", "ds_69_sample_id_104", "ds_113_sample_id_129", "ds_103_sample_id_4", "ds_91_sample_id_32", "ds_39_sample_id_65", "ds_3_sample_id_35", "ds_101_sample_id_9", "ds_105_sample_id_152", "ds_1_sample_id_67", "ds_25_sample_id_103", "ds_66_sample_id_63", "ds_88_sample_id_132", "ds_46_sample_id_2", "ds_84_sample_id_38", "ds_111_sample_id_25", "ds_45_sample_id_21", "ds_77_sample_id_7", "ds_20_sample_id_110", "ds_2_sample_id_74", "ds_99_sample_id_113", "ds_55_sample_id_130", "ds_58_sample_id_127", "ds_38_sample_id_94", "ds_21_sample_id_36", "ds_2_sample_id_55", "ds_47_sample_id_87", "ds_23_sample_id_52"], "group_10": ["ds_11_sample_id_119", "ds_26_sample_id_88", "ds_27_sample_id_150", "ds_89_sample_id_121", "ds_96_sample_id_27", "ds_75_sample_id_79", "ds_22_sample_id_95", "ds_11_sample_id_148", "ds_97_sample_id_116", "ds_24_sample_id_54", "ds_97_sample_id_134", "ds_79_sample_id_114", "ds_73_sample_id_97", "ds_6_sample_id_125", "ds_117_sample_id_90", "ds_88_sample_id_112", "ds_6_sample_id_141", "ds_56_sample_id_39", "ds_9_sample_id_96", "ds_25_sample_id_22", "ds_96_sample_id_59", "ds_5_sample_id_77", "ds_80_sample_id_136", "ds_41_sample_id_137", "ds_8_sample_id_120", "ds_14_sample_id_126", "ds_69_sample_id_50", "ds_114_sample_id_133", "ds_40_sample_id_60", "ds_41_sample_id_131", "ds_1_sample_id_76", "ds_69_sample_id_57", "ds_36_sample_id_56", "ds_28_sample_id_16", "ds_103_sample_id_4", "ds_86_sample_id_37", "ds_91_sample_id_32", "ds_24_sample_id_72", "ds_38_sample_id_81", "ds_33_sample_id_139", "ds_30_sample_id_99", "ds_103_sample_id_29", "ds_67_sample_id_128", "ds_73_sample_id_53", "ds_20_sample_id_84", "ds_47_sample_id_43", "ds_117_sample_id_106", "ds_118_sample_id_28", "ds_27_sample_id_75", "ds_94_sample_id_51", "ds_49_sample_id_18", "ds_77_sample_id_7", "ds_98_sample_id_145", "ds_75_sample_id_71", "ds_79_sample_id_151", "ds_59_sample_id_10", "ds_39_sample_id_149", "ds_99_sample_id_142", "ds_69_sample_id_66", "ds_36_sample_id_85", "ds_2_sample_id_74", "ds_100_sample_id_44", "ds_113_sample_id_30", "ds_63_sample_id_101", "ds_38_sample_id_94", "ds_2_sample_id_55"], "group_13": ["ds_11_sample_id_119", "ds_27_sample_id_150", "ds_5_sample_id_108", "ds_30_sample_id_17", "ds_22_sample_id_95", "ds_73_sample_id_97", "ds_117_sample_id_90", "ds_88_sample_id_112", "ds_80_sample_id_19", "ds_6_sample_id_141", "ds_80_sample_id_62", "ds_9_sample_id_96", "ds_5_sample_id_77", "ds_110_sample_id_49", "ds_8_sample_id_120", "ds_86_sample_id_6", "ds_14_sample_id_126", "ds_69_sample_id_50", "ds_40_sample_id_60", "ds_39_sample_id_65", "ds_3_sample_id_35", "ds_24_sample_id_72", "ds_38_sample_id_81", "ds_105_sample_id_152", "ds_30_sample_id_99", "ds_85_sample_id_124", "ds_73_sample_id_53", "ds_66_sample_id_63", "ds_83_sample_id_100", "ds_88_sample_id_132", "ds_7_sample_id_48", "ds_118_sample_id_28", "ds_27_sample_id_75", "ds_9_sample_id_135", "ds_75_sample_id_86", "ds_20_sample_id_110", "ds_98_sample_id_145", "ds_75_sample_id_71", "ds_83_sample_id_0", "ds_29_sample_id_73", "ds_36_sample_id_85", "ds_17_sample_id_117", "ds_100_sample_id_44", "ds_113_sample_id_30", "ds_55_sample_id_130", "ds_58_sample_id_127", "ds_91_sample_id_33", "ds_47_sample_id_87", "ds_23_sample_id_52"], "group_1": ["ds_26_sample_id_88", "ds_5_sample_id_108", "ds_9_sample_id_42", "ds_96_sample_id_27", "ds_114_sample_id_23", "ds_97_sample_id_116", "ds_24_sample_id_54", "ds_27_sample_id_45", "ds_73_sample_id_111", "ds_73_sample_id_97", "ds_110_sample_id_3", "ds_55_sample_id_98", "ds_41_sample_id_143", "ds_80_sample_id_62", "ds_56_sample_id_39", "ds_43_sample_id_34", "ds_24_sample_id_13", "ds_5_sample_id_77", "ds_105_sample_id_31", "ds_88_sample_id_15", "ds_100_sample_id_12", "ds_28_sample_id_83", "ds_86_sample_id_6", "ds_69_sample_id_50", "ds_114_sample_id_133", "ds_41_sample_id_131", "ds_69_sample_id_57", "ds_103_sample_id_4", "ds_58_sample_id_68", "ds_24_sample_id_72", "ds_33_sample_id_139", "ds_30_sample_id_99", "ds_49_sample_id_24", "ds_66_sample_id_80", "ds_103_sample_id_29", "ds_1_sample_id_107", "ds_112_sample_id_58", "ds_65_sample_id_41", "ds_87_sample_id_93", "ds_67_sample_id_128", "ds_73_sample_id_53", "ds_20_sample_id_84", "ds_108_sample_id_40", "ds_27_sample_id_75", "ds_6_sample_id_20", "ds_75_sample_id_86", "ds_77_sample_id_7", "ds_98_sample_id_145", "ds_75_sample_id_71", "ds_39_sample_id_149", "ds_83_sample_id_0", "ds_54_sample_id_118", "ds_49_sample_id_138", "ds_2_sample_id_74", "ds_9_sample_id_123", "ds_55_sample_id_130", "ds_18_sample_id_47", "ds_73_sample_id_1"], "group_3": ["ds_26_sample_id_88", "ds_70_sample_id_8", "ds_89_sample_id_121", "ds_97_sample_id_134", "ds_73_sample_id_111", "ds_103_sample_id_109", "ds_6_sample_id_125", "ds_55_sample_id_98", "ds_41_sample_id_143", "ds_80_sample_id_62", "ds_56_sample_id_39", "ds_9_sample_id_96", "ds_24_sample_id_13", "ds_105_sample_id_31", "ds_45_sample_id_69", "ds_100_sample_id_12", "ds_80_sample_id_136", "ds_41_sample_id_137", "ds_28_sample_id_83", "ds_110_sample_id_49", "ds_14_sample_id_126", "ds_69_sample_id_104", "ds_69_sample_id_50", "ds_113_sample_id_129", "ds_4_sample_id_91", "ds_28_sample_id_16", "ds_58_sample_id_68", "ds_91_sample_id_32", "ds_24_sample_id_72", "ds_30_sample_id_99", "ds_65_sample_id_41", "ds_25_sample_id_103", "ds_66_sample_id_63", "ds_20_sample_id_84", "ds_108_sample_id_40", "ds_47_sample_id_43", "ds_83_sample_id_100", "ds_88_sample_id_132", "ds_46_sample_id_2", "ds_7_sample_id_48", "ds_84_sample_id_78", "ds_27_sample_id_75", "ds_9_sample_id_135", "ds_75_sample_id_86", "ds_94_sample_id_51", "ds_111_sample_id_25", "ds_20_sample_id_110", "ds_79_sample_id_151", "ds_39_sample_id_149", "ds_83_sample_id_0", "ds_29_sample_id_73", "ds_99_sample_id_142", "ds_69_sample_id_66", "ds_9_sample_id_123", "ds_100_sample_id_44", "ds_58_sample_id_127", "ds_98_sample_id_5", "ds_63_sample_id_101", "ds_38_sample_id_94", "ds_73_sample_id_1", "ds_72_sample_id_146", "ds_2_sample_id_55"], "group_7": ["ds_26_sample_id_88", "ds_27_sample_id_150", "ds_96_sample_id_27", "ds_75_sample_id_79", "ds_114_sample_id_23", "ds_97_sample_id_116", "ds_24_sample_id_54", "ds_97_sample_id_134", "ds_110_sample_id_3", "ds_81_sample_id_26", "ds_41_sample_id_143", "ds_9_sample_id_96", "ds_43_sample_id_34", "ds_102_sample_id_102", "ds_5_sample_id_77", "ds_105_sample_id_31", "ds_102_sample_id_115", "ds_100_sample_id_12", "ds_80_sample_id_136", "ds_28_sample_id_83", "ds_86_sample_id_6", "ds_14_sample_id_126", "ds_69_sample_id_104", "ds_69_sample_id_50", "ds_41_sample_id_131", "ds_69_sample_id_57", "ds_26_sample_id_140", "ds_58_sample_id_68", "ds_91_sample_id_32", "ds_39_sample_id_65", "ds_83_sample_id_70", "ds_38_sample_id_81", "ds_101_sample_id_9", "ds_105_sample_id_152", "ds_49_sample_id_24", "ds_1_sample_id_107", "ds_65_sample_id_41", "ds_87_sample_id_93", "ds_67_sample_id_128", "ds_108_sample_id_40", "ds_88_sample_id_132", "ds_118_sample_id_28", "ds_6_sample_id_20", "ds_9_sample_id_135", "ds_20_sample_id_110", "ds_83_sample_id_0", "ds_29_sample_id_73", "ds_54_sample_id_118", "ds_36_sample_id_85", "ds_17_sample_id_117", "ds_9_sample_id_123", "ds_113_sample_id_30", "ds_58_sample_id_127", "ds_18_sample_id_47", "ds_38_sample_id_94", "ds_72_sample_id_146", "ds_21_sample_id_36", "ds_2_sample_id_55", "ds_47_sample_id_87"], "group_18": ["ds_26_sample_id_88", "ds_89_sample_id_121", "ds_75_sample_id_79", "ds_97_sample_id_116", "ds_24_sample_id_54", "ds_79_sample_id_114", "ds_73_sample_id_97", "ds_6_sample_id_125", "ds_81_sample_id_26", "ds_88_sample_id_112", "ds_80_sample_id_19", "ds_45_sample_id_14", "ds_6_sample_id_141", "ds_25_sample_id_22", "ds_45_sample_id_69", "ds_100_sample_id_12", "ds_41_sample_id_137", "ds_8_sample_id_120", "ds_69_sample_id_50", "ds_113_sample_id_129", "ds_4_sample_id_91", "ds_84_sample_id_147", "ds_1_sample_id_76", "ds_36_sample_id_56", "ds_28_sample_id_16", "ds_103_sample_id_4", "ds_86_sample_id_37", "ds_91_sample_id_32", "ds_33_sample_id_139", "ds_101_sample_id_9", "ds_105_sample_id_152", "ds_1_sample_id_67", "ds_1_sample_id_107", "ds_65_sample_id_41", "ds_87_sample_id_93", "ds_67_sample_id_128", "ds_73_sample_id_53", "ds_66_sample_id_63", "ds_47_sample_id_43", "ds_117_sample_id_106", "ds_7_sample_id_48", "ds_84_sample_id_78", "ds_84_sample_id_38", "ds_27_sample_id_75", "ds_6_sample_id_20", "ds_94_sample_id_51", "ds_111_sample_id_25", "ds_45_sample_id_21", "ds_75_sample_id_71", "ds_79_sample_id_151", "ds_83_sample_id_0", "ds_69_sample_id_66", "ds_36_sample_id_85", "ds_17_sample_id_117", "ds_2_sample_id_74", "ds_100_sample_id_44", "ds_98_sample_id_5", "ds_72_sample_id_146", "ds_21_sample_id_36", "ds_91_sample_id_33", "ds_23_sample_id_52"], "group_19": ["ds_26_sample_id_88", "ds_30_sample_id_17", "ds_22_sample_id_95", "ds_104_sample_id_122", "ds_0_sample_id_11", "ds_105_sample_id_61", "ds_79_sample_id_114", "ds_81_sample_id_26", "ds_88_sample_id_112", "ds_45_sample_id_14", "ds_41_sample_id_143", "ds_9_sample_id_96", "ds_102_sample_id_102", "ds_45_sample_id_69", "ds_80_sample_id_136", "ds_28_sample_id_83", "ds_8_sample_id_120", "ds_86_sample_id_6", "ds_113_sample_id_129", "ds_40_sample_id_60", "ds_84_sample_id_147", "ds_1_sample_id_76", "ds_28_sample_id_16", "ds_58_sample_id_68", "ds_39_sample_id_65", "ds_83_sample_id_70", "ds_33_sample_id_139", "ds_103_sample_id_29", "ds_47_sample_id_43", "ds_83_sample_id_100", "ds_6_sample_id_20", "ds_94_sample_id_51", "ds_117_sample_id_82", "ds_111_sample_id_25", "ds_45_sample_id_21", "ds_77_sample_id_7", "ds_75_sample_id_71", "ds_39_sample_id_149", "ds_29_sample_id_73", "ds_99_sample_id_142", "ds_17_sample_id_117", "ds_49_sample_id_138", "ds_2_sample_id_74", "ds_113_sample_id_30", "ds_63_sample_id_101", "ds_73_sample_id_1", "ds_47_sample_id_87"], "group_11": ["ds_70_sample_id_8", "ds_9_sample_id_42", "ds_114_sample_id_23", "ds_104_sample_id_122", "ds_11_sample_id_148", "ds_97_sample_id_134", "ds_27_sample_id_45", "ds_6_sample_id_125", "ds_117_sample_id_90", "ds_80_sample_id_19", "ds_80_sample_id_62", "ds_43_sample_id_34", "ds_23_sample_id_105", "ds_96_sample_id_59", "ds_102_sample_id_102", "ds_105_sample_id_31", "ds_102_sample_id_115", "ds_110_sample_id_49", "ds_14_sample_id_126", "ds_113_sample_id_129", "ds_114_sample_id_133", "ds_4_sample_id_91", "ds_1_sample_id_76", "ds_26_sample_id_140", "ds_39_sample_id_65", "ds_38_sample_id_81", "ds_112_sample_id_58", "ds_65_sample_id_92", "ds_20_sample_id_84", "ds_108_sample_id_40", "ds_88_sample_id_132", "ds_46_sample_id_2", "ds_84_sample_id_38", "ds_118_sample_id_28", "ds_75_sample_id_86", "ds_117_sample_id_82", "ds_49_sample_id_18", "ds_20_sample_id_110", "ds_79_sample_id_151", "ds_59_sample_id_10", "ds_39_sample_id_149", "ds_83_sample_id_0", "ds_29_sample_id_73", "ds_54_sample_id_118", "ds_69_sample_id_66", "ds_9_sample_id_123", "ds_99_sample_id_113", "ds_113_sample_id_30", "ds_55_sample_id_130", "ds_58_sample_id_127", "ds_98_sample_id_5", "ds_24_sample_id_46", "ds_18_sample_id_47", "ds_73_sample_id_1", "ds_21_sample_id_36"], "group_16": ["ds_70_sample_id_8", "ds_27_sample_id_150", "ds_5_sample_id_108", "ds_75_sample_id_79", "ds_114_sample_id_23", "ds_104_sample_id_122", "ds_11_sample_id_148", "ds_27_sample_id_45", "ds_73_sample_id_111", "ds_103_sample_id_109", "ds_6_sample_id_125", "ds_45_sample_id_14", "ds_6_sample_id_141", "ds_56_sample_id_39", "ds_43_sample_id_34", "ds_23_sample_id_105", "ds_105_sample_id_31", "ds_88_sample_id_15", "ds_80_sample_id_136", "ds_28_sample_id_83", "ds_86_sample_id_6", "ds_14_sample_id_126", "ds_69_sample_id_50", "ds_114_sample_id_133", "ds_4_sample_id_91", "ds_84_sample_id_147", "ds_41_sample_id_131", "ds_1_sample_id_76", "ds_36_sample_id_56", "ds_26_sample_id_140", "ds_103_sample_id_4", "ds_3_sample_id_35", "ds_24_sample_id_72", "ds_33_sample_id_139", "ds_30_sample_id_99", "ds_49_sample_id_24", "ds_1_sample_id_67", "ds_103_sample_id_29", "ds_112_sample_id_58", "ds_87_sample_id_93", "ds_85_sample_id_124", "ds_25_sample_id_103", "ds_66_sample_id_63", "ds_65_sample_id_92", "ds_47_sample_id_43", "ds_117_sample_id_106", "ds_84_sample_id_38", "ds_75_sample_id_86", "ds_94_sample_id_51", "ds_117_sample_id_82", "ds_49_sample_id_18", "ds_45_sample_id_21", "ds_75_sample_id_71", "ds_39_sample_id_149", "ds_29_sample_id_73", "ds_54_sample_id_118", "ds_69_sample_id_66", "ds_36_sample_id_85", "ds_99_sample_id_113", "ds_58_sample_id_127", "ds_24_sample_id_46", "ds_18_sample_id_47", "ds_72_sample_id_146", "ds_91_sample_id_33", "ds_23_sample_id_52"], "group_6": ["ds_27_sample_id_150", "ds_96_sample_id_27", "ds_75_sample_id_79", "ds_104_sample_id_122", "ds_11_sample_id_148", "ds_24_sample_id_54", "ds_110_sample_id_3", "ds_6_sample_id_125", "ds_81_sample_id_26", "ds_45_sample_id_14", "ds_41_sample_id_143", "ds_9_sample_id_96", "ds_102_sample_id_102", "ds_24_sample_id_13", "ds_110_sample_id_49", "ds_8_sample_id_120", "ds_69_sample_id_104", "ds_1_sample_id_76", "ds_36_sample_id_56", "ds_28_sample_id_16", "ds_58_sample_id_68", "ds_55_sample_id_89", "ds_86_sample_id_37", "ds_39_sample_id_65", "ds_30_sample_id_99", "ds_49_sample_id_24", "ds_66_sample_id_80", "ds_87_sample_id_93", "ds_67_sample_id_128", "ds_66_sample_id_63", "ds_65_sample_id_92", "ds_47_sample_id_43", "ds_83_sample_id_100", "ds_46_sample_id_2", "ds_7_sample_id_48", "ds_84_sample_id_38", "ds_9_sample_id_135", "ds_111_sample_id_25", "ds_45_sample_id_21", "ds_59_sample_id_10", "ds_99_sample_id_142", "ds_99_sample_id_113", "ds_113_sample_id_30", "ds_72_sample_id_146"], "group_12": ["ds_27_sample_id_150", "ds_5_sample_id_108", "ds_9_sample_id_42", "ds_96_sample_id_27", "ds_22_sample_id_95", "ds_24_sample_id_54", "ds_110_sample_id_3", "ds_80_sample_id_19", "ds_6_sample_id_141", "ds_23_sample_id_105", "ds_25_sample_id_22", "ds_102_sample_id_102", "ds_45_sample_id_69", "ds_41_sample_id_137", "ds_8_sample_id_120", "ds_86_sample_id_37", "ds_3_sample_id_35", "ds_24_sample_id_72", "ds_101_sample_id_9", "ds_49_sample_id_24", "ds_66_sample_id_80", "ds_103_sample_id_29", "ds_65_sample_id_41", "ds_25_sample_id_103", "ds_84_sample_id_78", "ds_9_sample_id_135", "ds_75_sample_id_86", "ds_117_sample_id_82", "ds_111_sample_id_25", "ds_49_sample_id_138", "ds_113_sample_id_30", "ds_24_sample_id_46"], "group_17": ["ds_27_sample_id_150", "ds_89_sample_id_121", "ds_30_sample_id_17", "ds_9_sample_id_42", "ds_75_sample_id_79", "ds_24_sample_id_54", "ds_0_sample_id_11", "ds_27_sample_id_45", "ds_105_sample_id_61", "ds_79_sample_id_114", "ds_110_sample_id_3", "ds_103_sample_id_109", "ds_117_sample_id_90", "ds_88_sample_id_112", "ds_45_sample_id_14", "ds_41_sample_id_143", "ds_6_sample_id_141", "ds_23_sample_id_105", "ds_96_sample_id_59", "ds_88_sample_id_15", "ds_102_sample_id_115", "ds_114_sample_id_133", "ds_36_sample_id_56", "ds_28_sample_id_16", "ds_58_sample_id_68", "ds_55_sample_id_89", "ds_83_sample_id_70", "ds_38_sample_id_81", "ds_101_sample_id_9", "ds_105_sample_id_152", "ds_1_sample_id_67", "ds_7_sample_id_64", "ds_112_sample_id_58", "ds_87_sample_id_93", "ds_73_sample_id_53", "ds_65_sample_id_92", "ds_88_sample_id_132", "ds_117_sample_id_106", "ds_27_sample_id_75", "ds_75_sample_id_86", "ds_117_sample_id_82", "ds_39_sample_id_149", "ds_2_sample_id_74", "ds_9_sample_id_123", "ds_100_sample_id_44", "ds_98_sample_id_5", "ds_24_sample_id_46", "ds_18_sample_id_47", "ds_63_sample_id_101", "ds_38_sample_id_94", "ds_2_sample_id_55"], "group_4": ["ds_5_sample_id_108", "ds_89_sample_id_121", "ds_30_sample_id_17", "ds_9_sample_id_42", "ds_96_sample_id_27", "ds_75_sample_id_79", "ds_97_sample_id_116", "ds_24_sample_id_54", "ds_97_sample_id_134", "ds_105_sample_id_61", "ds_73_sample_id_111", "ds_79_sample_id_114", "ds_73_sample_id_97", "ds_110_sample_id_3", "ds_117_sample_id_90", "ds_81_sample_id_26", "ds_88_sample_id_112", "ds_6_sample_id_141", "ds_56_sample_id_39", "ds_43_sample_id_34", "ds_25_sample_id_22", "ds_96_sample_id_59", "ds_105_sample_id_31", "ds_45_sample_id_69", "ds_102_sample_id_115", "ds_41_sample_id_137", "ds_110_sample_id_49", "ds_8_sample_id_120", "ds_114_sample_id_133", "ds_40_sample_id_60", "ds_1_sample_id_76", "ds_26_sample_id_140", "ds_58_sample_id_68", "ds_55_sample_id_89", "ds_38_sample_id_81", "ds_101_sample_id_9", "ds_7_sample_id_64", "ds_85_sample_id_124", "ds_25_sample_id_103", "ds_65_sample_id_92", "ds_108_sample_id_40", "ds_47_sample_id_43", "ds_117_sample_id_106", "ds_7_sample_id_48", "ds_84_sample_id_78", "ds_84_sample_id_38", "ds_9_sample_id_135", "ds_111_sample_id_25", "ds_45_sample_id_21", "ds_20_sample_id_110", "ds_98_sample_id_145", "ds_79_sample_id_151", "ds_17_sample_id_117", "ds_9_sample_id_123", "ds_99_sample_id_113", "ds_18_sample_id_47", "ds_73_sample_id_1", "ds_21_sample_id_36", "ds_2_sample_id_55", "ds_47_sample_id_87"], "group_14": ["ds_96_sample_id_27", "ds_114_sample_id_23", "ds_104_sample_id_122", "ds_11_sample_id_148", "ds_97_sample_id_116", "ds_73_sample_id_111", "ds_73_sample_id_97", "ds_81_sample_id_26", "ds_6_sample_id_141", "ds_102_sample_id_102", "ds_5_sample_id_77", "ds_88_sample_id_15", "ds_102_sample_id_115", "ds_100_sample_id_12", "ds_28_sample_id_83", "ds_8_sample_id_120", "ds_14_sample_id_126", "ds_36_sample_id_56", "ds_26_sample_id_140", "ds_103_sample_id_4", "ds_55_sample_id_89", "ds_83_sample_id_70", "ds_105_sample_id_152", "ds_49_sample_id_24", "ds_1_sample_id_67", "ds_1_sample_id_107", "ds_73_sample_id_53", "ds_65_sample_id_92", "ds_46_sample_id_2", "ds_118_sample_id_28", "ds_94_sample_id_51", "ds_20_sample_id_110", "ds_79_sample_id_151", "ds_83_sample_id_0", "ds_54_sample_id_118", "ds_99_sample_id_142", "ds_17_sample_id_117", "ds_49_sample_id_138", "ds_2_sample_id_74", "ds_24_sample_id_46", "ds_38_sample_id_94"], "group_15": ["ds_75_sample_id_79", "ds_97_sample_id_116", "ds_85_sample_id_144", "ds_73_sample_id_111", "ds_80_sample_id_62", "ds_56_sample_id_39", "ds_9_sample_id_96", "ds_25_sample_id_22", "ds_96_sample_id_59", "ds_24_sample_id_13", "ds_8_sample_id_120", "ds_86_sample_id_6", "ds_113_sample_id_129", "ds_4_sample_id_91", "ds_41_sample_id_131", "ds_69_sample_id_57", "ds_36_sample_id_56", "ds_26_sample_id_140", "ds_83_sample_id_70", "ds_33_sample_id_139", "ds_66_sample_id_80", "ds_1_sample_id_107", "ds_7_sample_id_64", "ds_112_sample_id_58", "ds_73_sample_id_53", "ds_66_sample_id_63", "ds_108_sample_id_40", "ds_83_sample_id_100", "ds_7_sample_id_48", "ds_9_sample_id_135", "ds_94_sample_id_51", "ds_79_sample_id_151", "ds_59_sample_id_10", "ds_17_sample_id_117", "ds_99_sample_id_113", "ds_98_sample_id_5", "ds_73_sample_id_1", "ds_21_sample_id_36", "ds_91_sample_id_33", "ds_23_sample_id_52"]}}