{"user_group_edges": {"group_10": ["user_34_sample_id_14", "user_16_sample_id_21", "user_24_sample_id_37", "user_29_sample_id_3", "user_1_sample_id_39", "user_11_sample_id_36", "user_0_sample_id_27", "user_5_sample_id_15", "user_30_sample_id_40", "user_34_sample_id_32", "user_19_sample_id_38", "user_3_sample_id_25"], "group_11": ["user_34_sample_id_14", "user_11_sample_id_1", "user_34_sample_id_11", "user_12_sample_id_9", "user_10_sample_id_20", "user_0_sample_id_27", "user_34_sample_id_32", "user_16_sample_id_26", "user_15_sample_id_29", "user_19_sample_id_16", "user_20_sample_id_0"], "group_13": ["user_34_sample_id_14", "user_2_sample_id_6", "user_23_sample_id_18", "user_2_sample_id_8", "user_11_sample_id_28", "user_26_sample_id_17", "user_0_sample_id_27", "user_5_sample_id_15", "user_30_sample_id_40", "user_0_sample_id_24", "user_19_sample_id_16", "user_3_sample_id_25", "user_6_sample_id_42", "user_13_sample_id_30"], "group_16": ["user_29_sample_id_22", "user_17_sample_id_12", "user_12_sample_id_9", "user_3_sample_id_19", "user_26_sample_id_17", "user_34_sample_id_32", "user_16_sample_id_26", "user_20_sample_id_0", "user_6_sample_id_42", "user_13_sample_id_30"], "group_17": ["user_29_sample_id_22", "user_0_sample_id_31", "user_33_sample_id_5", "user_2_sample_id_8", "user_15_sample_id_29", "user_18_sample_id_33"], "group_0": ["user_6_sample_id_13", "user_23_sample_id_18", "user_0_sample_id_31", "user_1_sample_id_39", "user_5_sample_id_15", "user_0_sample_id_24", "user_20_sample_id_0", "user_18_sample_id_35", "user_6_sample_id_42"], "group_8": ["user_6_sample_id_13", "user_39_sample_id_34", "user_34_sample_id_11", "user_12_sample_id_9", "user_2_sample_id_8", "user_34_sample_id_32", "user_19_sample_id_38", "user_17_sample_id_41", "user_3_sample_id_25", "user_18_sample_id_35", "user_13_sample_id_30"], "group_15": ["user_6_sample_id_13", "user_39_sample_id_34", "user_24_sample_id_37", "user_3_sample_id_19", "user_33_sample_id_5", "user_10_sample_id_20", "user_11_sample_id_28", "user_0_sample_id_27", "user_30_sample_id_40", "user_19_sample_id_38", "user_0_sample_id_24", "user_18_sample_id_33", "user_18_sample_id_10"], "group_1": ["user_2_sample_id_6", "user_24_sample_id_37", "user_11_sample_id_36", "user_17_sample_id_41", "user_0_sample_id_24", "user_16_sample_id_26", "user_18_sample_id_10"], "group_18": ["user_2_sample_id_6", "user_11_sample_id_1", "user_17_sample_id_12", "user_29_sample_id_3", "user_3_sample_id_19", "user_11_sample_id_28", "user_30_sample_id_40", "user_34_sample_id_32", "user_19_sample_id_38", "user_15_sample_id_29", "user_19_sample_id_16", "user_18_sample_id_33", "user_3_sample_id_25", "user_20_sample_id_0", "user_13_sample_id_30"], "group_6": ["user_26_sample_id_4", "user_23_sample_id_23", "user_23_sample_id_18", "user_11_sample_id_36", "user_10_sample_id_20", "user_26_sample_id_17", "user_30_sample_id_40", "user_15_sample_id_29", "user_19_sample_id_16"], "group_9": ["user_26_sample_id_4", "user_16_sample_id_21", "user_11_sample_id_7", "user_12_sample_id_9", "user_3_sample_id_19", "user_0_sample_id_27", "user_0_sample_id_24", "user_18_sample_id_33"], "group_7": ["user_11_sample_id_1", "user_33_sample_id_5", "user_11_sample_id_28", "user_17_sample_id_41", "user_3_sample_id_25", "user_18_sample_id_35", "user_6_sample_id_42", "user_13_sample_id_30"], "group_14": ["user_39_sample_id_34", "user_38_sample_id_2", "user_23_sample_id_18", "user_1_sample_id_39", "user_11_sample_id_36", "user_15_sample_id_29", "user_18_sample_id_35", "user_13_sample_id_30"], "group_19": ["user_39_sample_id_34", "user_34_sample_id_11", "user_17_sample_id_12", "user_0_sample_id_31", "user_29_sample_id_3", "user_10_sample_id_20", "user_0_sample_id_27", "user_5_sample_id_15", "user_16_sample_id_26", "user_18_sample_id_10"], "group_3": ["user_16_sample_id_21", "user_17_sample_id_12", "user_38_sample_id_2", "user_10_sample_id_20", "user_11_sample_id_28", "user_26_sample_id_17", "user_15_sample_id_29", "user_3_sample_id_25", "user_20_sample_id_0", "user_18_sample_id_35"], "group_12": ["user_24_sample_id_37", "user_23_sample_id_23", "user_38_sample_id_2", "user_29_sample_id_3", "user_12_sample_id_9", "user_17_sample_id_41", "user_19_sample_id_16", "user_18_sample_id_33", "user_3_sample_id_25"], "group_4": ["user_34_sample_id_11", "user_38_sample_id_2", "user_3_sample_id_19", "user_26_sample_id_17", "user_5_sample_id_15", "user_17_sample_id_41", "user_0_sample_id_24", "user_16_sample_id_26", "user_18_sample_id_10"], "group_2": ["user_11_sample_id_7", "user_29_sample_id_3", "user_11_sample_id_36", "user_33_sample_id_5", "user_10_sample_id_20", "user_2_sample_id_8", "user_19_sample_id_38", "user_19_sample_id_16", "user_18_sample_id_33", "user_20_sample_id_0", "user_18_sample_id_35", "user_18_sample_id_10"], "group_5": ["user_11_sample_id_7", "user_23_sample_id_23", "user_0_sample_id_31", "user_1_sample_id_39", "user_3_sample_id_19", "user_2_sample_id_8", "user_0_sample_id_27", "user_30_sample_id_40", "user_34_sample_id_32", "user_19_sample_id_38", "user_0_sample_id_24", "user_6_sample_id_42"]}, "group_data_store_edges": {"group_1": ["ds_39_sample_id_223", "ds_50_sample_id_202", "ds_5_sample_id_48", "ds_5_sample_id_27", "ds_54_sample_id_102", "ds_31_sample_id_8", "ds_0_sample_id_47", "ds_17_sample_id_21", "ds_62_sample_id_155", "ds_0_sample_id_172", "ds_51_sample_id_57", "ds_19_sample_id_95", "ds_34_sample_id_23", "ds_58_sample_id_15", "ds_27_sample_id_120", "ds_55_sample_id_190", "ds_14_sample_id_90", "ds_43_sample_id_29", "ds_42_sample_id_227", "ds_16_sample_id_91", "ds_63_sample_id_86", "ds_15_sample_id_128", "ds_42_sample_id_52", "ds_42_sample_id_28", "ds_66_sample_id_135", "ds_62_sample_id_101", "ds_32_sample_id_235", "ds_12_sample_id_53", "ds_47_sample_id_238", "ds_46_sample_id_80", "ds_0_sample_id_169", "ds_41_sample_id_184", "ds_15_sample_id_183", "ds_29_sample_id_209", "ds_29_sample_id_20", "ds_61_sample_id_31", "ds_45_sample_id_58", "ds_25_sample_id_84", "ds_3_sample_id_64", "ds_10_sample_id_185", "ds_49_sample_id_224", "ds_28_sample_id_82", "ds_54_sample_id_77", "ds_36_sample_id_146", "ds_32_sample_id_165", "ds_45_sample_id_1", "ds_30_sample_id_197", "ds_52_sample_id_164", "ds_24_sample_id_100", "ds_61_sample_id_0", "ds_43_sample_id_94", "ds_57_sample_id_207", "ds_25_sample_id_136", "ds_55_sample_id_40", "ds_11_sample_id_117", "ds_10_sample_id_33", "ds_10_sample_id_3", "ds_3_sample_id_60", "ds_27_sample_id_105", "ds_66_sample_id_69", "ds_0_sample_id_236", "ds_31_sample_id_46", "ds_39_sample_id_215", "ds_24_sample_id_241", "ds_29_sample_id_75", "ds_62_sample_id_42", "ds_52_sample_id_177", "ds_14_sample_id_18", "ds_21_sample_id_189", "ds_31_sample_id_240", "ds_66_sample_id_214", "ds_3_sample_id_32", "ds_52_sample_id_5", "ds_64_sample_id_230", "ds_3_sample_id_24", "ds_22_sample_id_199", "ds_49_sample_id_44", "ds_34_sample_id_103", "ds_12_sample_id_107", "ds_30_sample_id_74", "ds_37_sample_id_72", "ds_52_sample_id_161", "ds_6_sample_id_26"], "group_2": ["ds_39_sample_id_223", "ds_50_sample_id_202", "ds_24_sample_id_174", "ds_5_sample_id_48", "ds_5_sample_id_27", "ds_23_sample_id_41", "ds_10_sample_id_93", "ds_54_sample_id_102", "ds_31_sample_id_8", "ds_6_sample_id_88", "ds_21_sample_id_208", "ds_25_sample_id_228", "ds_17_sample_id_21", "ds_15_sample_id_182", "ds_49_sample_id_30", "ds_58_sample_id_15", "ds_28_sample_id_188", "ds_30_sample_id_175", "ds_14_sample_id_90", "ds_3_sample_id_225", "ds_25_sample_id_38", "ds_16_sample_id_91", "ds_15_sample_id_128", "ds_41_sample_id_211", "ds_22_sample_id_104", "ds_9_sample_id_193", "ds_66_sample_id_135", "ds_29_sample_id_232", "ds_32_sample_id_235", "ds_43_sample_id_178", "ds_46_sample_id_80", "ds_20_sample_id_129", "ds_65_sample_id_19", "ds_16_sample_id_67", "ds_22_sample_id_49", "ds_49_sample_id_170", "ds_3_sample_id_196", "ds_63_sample_id_156", "ds_28_sample_id_194", "ds_49_sample_id_224", "ds_28_sample_id_82", "ds_54_sample_id_77", "ds_45_sample_id_1", "ds_30_sample_id_197", "ds_49_sample_id_124", "ds_26_sample_id_222", "ds_29_sample_id_234", "ds_61_sample_id_0", "ds_32_sample_id_97", "ds_17_sample_id_37", "ds_25_sample_id_136", "ds_32_sample_id_109", "ds_5_sample_id_11", "ds_2_sample_id_59", "ds_12_sample_id_36", "ds_27_sample_id_105", "ds_66_sample_id_69", "ds_60_sample_id_142", "ds_24_sample_id_126", "ds_38_sample_id_138", "ds_14_sample_id_22", "ds_42_sample_id_4", "ds_26_sample_id_176", "ds_3_sample_id_24", "ds_6_sample_id_237", "ds_37_sample_id_72", "ds_23_sample_id_203"], "group_4": ["ds_39_sample_id_223", "ds_61_sample_id_173", "ds_29_sample_id_220", "ds_50_sample_id_202", "ds_5_sample_id_27", "ds_54_sample_id_102", "ds_22_sample_id_158", "ds_31_sample_id_8", "ds_0_sample_id_47", "ds_17_sample_id_21", "ds_11_sample_id_191", "ds_51_sample_id_57", "ds_6_sample_id_180", "ds_19_sample_id_95", "ds_49_sample_id_30", "ds_22_sample_id_139", "ds_22_sample_id_110", "ds_30_sample_id_62", "ds_58_sample_id_119", "ds_14_sample_id_90", "ds_42_sample_id_227", "ds_63_sample_id_86", "ds_46_sample_id_187", "ds_19_sample_id_51", "ds_56_sample_id_125", "ds_66_sample_id_135", "ds_50_sample_id_85", "ds_32_sample_id_235", "ds_12_sample_id_53", "ds_47_sample_id_238", "ds_15_sample_id_55", "ds_46_sample_id_80", "ds_1_sample_id_87", "ds_58_sample_id_171", "ds_61_sample_id_31", "ds_22_sample_id_49", "ds_62_sample_id_167", "ds_32_sample_id_166", "ds_3_sample_id_64", "ds_36_sample_id_146", "ds_52_sample_id_164", "ds_21_sample_id_143", "ds_30_sample_id_63", "ds_30_sample_id_114", "ds_64_sample_id_147", "ds_25_sample_id_136", "ds_7_sample_id_121", "ds_58_sample_id_145", "ds_2_sample_id_59", "ds_62_sample_id_68", "ds_3_sample_id_60", "ds_0_sample_id_236", "ds_49_sample_id_78", "ds_43_sample_id_233", "ds_24_sample_id_241", "ds_62_sample_id_42", "ds_52_sample_id_177", "ds_35_sample_id_130", "ds_21_sample_id_189", "ds_60_sample_id_142", "ds_39_sample_id_89", "ds_14_sample_id_22", "ds_42_sample_id_4", "ds_43_sample_id_45", "ds_52_sample_id_5", "ds_35_sample_id_218", "ds_46_sample_id_152", "ds_28_sample_id_148", "ds_6_sample_id_237", "ds_49_sample_id_44", "ds_23_sample_id_13", "ds_6_sample_id_226", "ds_31_sample_id_118", "ds_29_sample_id_181", "ds_28_sample_id_231", "ds_1_sample_id_116", "ds_26_sample_id_43", "ds_59_sample_id_16", "ds_11_sample_id_201", "ds_25_sample_id_9", "ds_6_sample_id_26", "ds_0_sample_id_192"], "group_6": ["ds_39_sample_id_223", "ds_52_sample_id_56", "ds_29_sample_id_220", "ds_50_sample_id_202", "ds_24_sample_id_174", "ds_5_sample_id_48", "ds_10_sample_id_93", "ds_65_sample_id_163", "ds_39_sample_id_35", "ds_22_sample_id_158", "ds_50_sample_id_108", "ds_6_sample_id_88", "ds_35_sample_id_12", "ds_17_sample_id_21", "ds_62_sample_id_155", "ds_0_sample_id_172", "ds_11_sample_id_191", "ds_46_sample_id_221", "ds_15_sample_id_182", "ds_33_sample_id_242", "ds_34_sample_id_23", "ds_32_sample_id_54", "ds_22_sample_id_139", "ds_58_sample_id_15", "ds_27_sample_id_120", "ds_28_sample_id_188", "ds_65_sample_id_195", "ds_3_sample_id_225", "ds_25_sample_id_38", "ds_55_sample_id_71", "ds_43_sample_id_29", "ds_22_sample_id_104", "ds_19_sample_id_51", "ds_42_sample_id_28", "ds_30_sample_id_96", "ds_49_sample_id_198", "ds_62_sample_id_101", "ds_32_sample_id_235", "ds_12_sample_id_53", "ds_43_sample_id_178", "ds_5_sample_id_50", "ds_21_sample_id_213", "ds_20_sample_id_129", "ds_0_sample_id_169", "ds_41_sample_id_184", "ds_6_sample_id_99", "ds_15_sample_id_183", "ds_65_sample_id_19", "ds_61_sample_id_31", "ds_2_sample_id_132", "ds_29_sample_id_66", "ds_62_sample_id_167", "ds_3_sample_id_196", "ds_10_sample_id_185", "ds_63_sample_id_156", "ds_8_sample_id_239", "ds_28_sample_id_194", "ds_49_sample_id_224", "ds_1_sample_id_168", "ds_37_sample_id_83", "ds_26_sample_id_212", "ds_30_sample_id_197", "ds_52_sample_id_164", "ds_24_sample_id_100", "ds_26_sample_id_222", "ds_7_sample_id_219", "ds_37_sample_id_111", "ds_61_sample_id_0", "ds_64_sample_id_147", "ds_66_sample_id_200", "ds_6_sample_id_61", "ds_5_sample_id_11", "ds_7_sample_id_121", "ds_10_sample_id_33", "ds_40_sample_id_123", "ds_2_sample_id_59", "ds_62_sample_id_68", "ds_12_sample_id_36", "ds_3_sample_id_60", "ds_66_sample_id_69", "ds_49_sample_id_78", "ds_43_sample_id_233", "ds_24_sample_id_241", "ds_4_sample_id_154", "ds_51_sample_id_14", "ds_35_sample_id_130", "ds_14_sample_id_18", "ds_60_sample_id_142", "ds_24_sample_id_126", "ds_18_sample_id_210", "ds_42_sample_id_4", "ds_64_sample_id_230", "ds_26_sample_id_176", "ds_22_sample_id_199", "ds_12_sample_id_107", "ds_6_sample_id_226", "ds_28_sample_id_231", "ds_48_sample_id_229", "ds_37_sample_id_72", "ds_52_sample_id_161", "ds_0_sample_id_192", "ds_23_sample_id_203", "ds_62_sample_id_76"], "group_7": ["ds_39_sample_id_223", "ds_52_sample_id_56", "ds_61_sample_id_173", "ds_29_sample_id_220", "ds_50_sample_id_202", "ds_5_sample_id_48", "ds_5_sample_id_27", "ds_10_sample_id_93", "ds_50_sample_id_108", "ds_66_sample_id_7", "ds_21_sample_id_208", "ds_0_sample_id_47", "ds_17_sample_id_21", "ds_11_sample_id_191", "ds_46_sample_id_221", "ds_15_sample_id_182", "ds_6_sample_id_180", "ds_19_sample_id_95", "ds_27_sample_id_120", "ds_22_sample_id_110", "ds_12_sample_id_159", "ds_58_sample_id_119", "ds_3_sample_id_225", "ds_25_sample_id_38", "ds_43_sample_id_29", "ds_15_sample_id_128", "ds_34_sample_id_157", "ds_40_sample_id_113", "ds_42_sample_id_52", "ds_22_sample_id_104", "ds_19_sample_id_51", "ds_8_sample_id_144", "ds_42_sample_id_28", "ds_49_sample_id_198", "ds_62_sample_id_101", "ds_50_sample_id_85", "ds_12_sample_id_53", "ds_20_sample_id_129", "ds_0_sample_id_169", "ds_41_sample_id_184", "ds_6_sample_id_99", "ds_1_sample_id_87", "ds_61_sample_id_31", "ds_21_sample_id_73", "ds_37_sample_id_206", "ds_22_sample_id_49", "ds_62_sample_id_167", "ds_25_sample_id_84", "ds_49_sample_id_170", "ds_62_sample_id_186", "ds_3_sample_id_64", "ds_66_sample_id_140", "ds_28_sample_id_82", "ds_36_sample_id_146", "ds_37_sample_id_83", "ds_26_sample_id_212", "ds_21_sample_id_143", "ds_32_sample_id_70", "ds_49_sample_id_124", "ds_43_sample_id_141", "ds_29_sample_id_234", "ds_30_sample_id_114", "ds_61_sample_id_0", "ds_64_sample_id_147", "ds_32_sample_id_109", "ds_5_sample_id_11", "ds_44_sample_id_81", "ds_40_sample_id_123", "ds_3_sample_id_150", "ds_62_sample_id_68", "ds_3_sample_id_60", "ds_43_sample_id_233", "ds_66_sample_id_115", "ds_52_sample_id_177", "ds_24_sample_id_160", "ds_35_sample_id_130", "ds_14_sample_id_18", "ds_39_sample_id_89", "ds_38_sample_id_138", "ds_64_sample_id_17", "ds_14_sample_id_22", "ds_3_sample_id_32", "ds_35_sample_id_218", "ds_46_sample_id_152", "ds_3_sample_id_24", "ds_12_sample_id_107", "ds_23_sample_id_13", "ds_29_sample_id_181", "ds_48_sample_id_229", "ds_37_sample_id_72", "ds_58_sample_id_122", "ds_25_sample_id_9", "ds_6_sample_id_26", "ds_62_sample_id_76"], "group_17": ["ds_39_sample_id_223", "ds_61_sample_id_173", "ds_59_sample_id_153", "ds_29_sample_id_220", "ds_50_sample_id_202", "ds_5_sample_id_48", "ds_19_sample_id_151", "ds_65_sample_id_163", "ds_21_sample_id_208", "ds_35_sample_id_12", "ds_0_sample_id_47", "ds_17_sample_id_21", "ds_52_sample_id_216", "ds_51_sample_id_79", "ds_46_sample_id_221", "ds_15_sample_id_182", "ds_51_sample_id_57", "ds_49_sample_id_30", "ds_33_sample_id_242", "ds_22_sample_id_139", "ds_65_sample_id_195", "ds_12_sample_id_159", "ds_25_sample_id_38", "ds_55_sample_id_71", "ds_16_sample_id_91", "ds_63_sample_id_86", "ds_41_sample_id_211", "ds_42_sample_id_52", "ds_46_sample_id_187", "ds_9_sample_id_193", "ds_30_sample_id_96", "ds_49_sample_id_198", "ds_62_sample_id_101", "ds_32_sample_id_235", "ds_12_sample_id_53", "ds_31_sample_id_134", "ds_43_sample_id_178", "ds_5_sample_id_50", "ds_21_sample_id_213", "ds_20_sample_id_129", "ds_0_sample_id_169", "ds_41_sample_id_184", "ds_15_sample_id_183", "ds_65_sample_id_19", "ds_29_sample_id_20", "ds_58_sample_id_171", "ds_61_sample_id_31", "ds_45_sample_id_58", "ds_2_sample_id_132", "ds_22_sample_id_49", "ds_62_sample_id_167", "ds_39_sample_id_25", "ds_25_sample_id_84", "ds_3_sample_id_196", "ds_32_sample_id_166", "ds_8_sample_id_239", "ds_66_sample_id_140", "ds_49_sample_id_224", "ds_54_sample_id_77", "ds_37_sample_id_83", "ds_32_sample_id_165", "ds_45_sample_id_1", "ds_30_sample_id_197", "ds_32_sample_id_70", "ds_49_sample_id_124", "ds_24_sample_id_100", "ds_30_sample_id_63", "ds_37_sample_id_111", "ds_29_sample_id_234", "ds_7_sample_id_34", "ds_61_sample_id_0", "ds_32_sample_id_97", "ds_64_sample_id_147", "ds_17_sample_id_37", "ds_6_sample_id_61", "ds_57_sample_id_207", "ds_32_sample_id_109", "ds_55_sample_id_40", "ds_58_sample_id_145", "ds_2_sample_id_59", "ds_12_sample_id_36", "ds_10_sample_id_3", "ds_3_sample_id_60", "ds_27_sample_id_105", "ds_14_sample_id_179", "ds_66_sample_id_69", "ds_49_sample_id_78", "ds_43_sample_id_233", "ds_24_sample_id_241", "ds_66_sample_id_115", "ds_15_sample_id_127", "ds_52_sample_id_177", "ds_35_sample_id_130", "ds_14_sample_id_18", "ds_21_sample_id_189", "ds_24_sample_id_126", "ds_18_sample_id_210", "ds_14_sample_id_22", "ds_42_sample_id_4", "ds_43_sample_id_45", "ds_64_sample_id_230", "ds_22_sample_id_199", "ds_49_sample_id_44", "ds_34_sample_id_103", "ds_12_sample_id_107", "ds_53_sample_id_131", "ds_29_sample_id_181", "ds_1_sample_id_116", "ds_30_sample_id_74", "ds_26_sample_id_43", "ds_63_sample_id_133", "ds_11_sample_id_201", "ds_23_sample_id_203"], "group_19": ["ds_39_sample_id_223", "ds_59_sample_id_153", "ds_5_sample_id_48", "ds_19_sample_id_151", "ds_23_sample_id_41", "ds_10_sample_id_93", "ds_65_sample_id_163", "ds_22_sample_id_158", "ds_50_sample_id_108", "ds_66_sample_id_7", "ds_6_sample_id_88", "ds_35_sample_id_12", "ds_25_sample_id_228", "ds_45_sample_id_112", "ds_0_sample_id_172", "ds_11_sample_id_191", "ds_46_sample_id_221", "ds_15_sample_id_182", "ds_51_sample_id_57", "ds_32_sample_id_54", "ds_22_sample_id_139", "ds_58_sample_id_15", "ds_28_sample_id_188", "ds_55_sample_id_190", "ds_3_sample_id_225", "ds_15_sample_id_128", "ds_34_sample_id_157", "ds_42_sample_id_52", "ds_8_sample_id_144", "ds_30_sample_id_96", "ds_49_sample_id_198", "ds_43_sample_id_178", "ds_46_sample_id_80", "ds_21_sample_id_213", "ds_41_sample_id_184", "ds_6_sample_id_99", "ds_29_sample_id_209", "ds_29_sample_id_20", "ds_58_sample_id_171", "ds_21_sample_id_73", "ds_2_sample_id_132", "ds_37_sample_id_206", "ds_29_sample_id_66", "ds_25_sample_id_84", "ds_49_sample_id_170", "ds_62_sample_id_186", "ds_3_sample_id_64", "ds_54_sample_id_77", "ds_37_sample_id_83", "ds_32_sample_id_165", "ds_52_sample_id_164", "ds_21_sample_id_143", "ds_32_sample_id_70", "ds_24_sample_id_100", "ds_37_sample_id_111", "ds_60_sample_id_10", "ds_29_sample_id_234", "ds_30_sample_id_114", "ds_32_sample_id_97", "ds_64_sample_id_147", "ds_66_sample_id_200", "ds_6_sample_id_61", "ds_44_sample_id_81", "ds_7_sample_id_121", "ds_10_sample_id_33", "ds_58_sample_id_145", "ds_2_sample_id_59", "ds_27_sample_id_105", "ds_6_sample_id_137", "ds_49_sample_id_78", "ds_48_sample_id_149", "ds_21_sample_id_189", "ds_24_sample_id_126", "ds_43_sample_id_65", "ds_31_sample_id_240", "ds_64_sample_id_17", "ds_66_sample_id_214", "ds_64_sample_id_230", "ds_3_sample_id_24", "ds_34_sample_id_103", "ds_53_sample_id_131", "ds_31_sample_id_118", "ds_49_sample_id_92", "ds_48_sample_id_229", "ds_26_sample_id_43", "ds_63_sample_id_133", "ds_37_sample_id_72", "ds_62_sample_id_76"], "group_8": ["ds_52_sample_id_56", "ds_59_sample_id_153", "ds_50_sample_id_202", "ds_5_sample_id_48", "ds_19_sample_id_151", "ds_10_sample_id_93", "ds_50_sample_id_108", "ds_31_sample_id_8", "ds_25_sample_id_228", "ds_45_sample_id_112", "ds_0_sample_id_172", "ds_11_sample_id_191", "ds_15_sample_id_182", "ds_32_sample_id_54", "ds_22_sample_id_139", "ds_55_sample_id_190", "ds_65_sample_id_195", "ds_12_sample_id_159", "ds_55_sample_id_71", "ds_43_sample_id_29", "ds_42_sample_id_227", "ds_41_sample_id_211", "ds_19_sample_id_51", "ds_30_sample_id_96", "ds_50_sample_id_85", "ds_31_sample_id_134", "ds_43_sample_id_178", "ds_5_sample_id_50", "ds_0_sample_id_169", "ds_65_sample_id_162", "ds_15_sample_id_183", "ds_1_sample_id_87", "ds_45_sample_id_58", "ds_22_sample_id_49", "ds_39_sample_id_25", "ds_49_sample_id_170", "ds_10_sample_id_185", "ds_8_sample_id_239", "ds_45_sample_id_1", "ds_26_sample_id_212", "ds_30_sample_id_98", "ds_7_sample_id_219", "ds_60_sample_id_10", "ds_30_sample_id_114", "ds_43_sample_id_94", "ds_66_sample_id_200", "ds_6_sample_id_61", "ds_32_sample_id_109", "ds_5_sample_id_11", "ds_55_sample_id_40", "ds_10_sample_id_33", "ds_40_sample_id_123", "ds_3_sample_id_150", "ds_6_sample_id_137", "ds_66_sample_id_69", "ds_0_sample_id_236", "ds_39_sample_id_215", "ds_63_sample_id_205", "ds_29_sample_id_75", "ds_4_sample_id_154", "ds_52_sample_id_177", "ds_14_sample_id_18", "ds_48_sample_id_149", "ds_60_sample_id_142", "ds_24_sample_id_126", "ds_18_sample_id_210", "ds_43_sample_id_65", "ds_31_sample_id_240", "ds_43_sample_id_45", "ds_52_sample_id_5", "ds_35_sample_id_218", "ds_46_sample_id_152", "ds_28_sample_id_148", "ds_6_sample_id_237", "ds_12_sample_id_107", "ds_23_sample_id_13", "ds_6_sample_id_226", "ds_29_sample_id_181", "ds_63_sample_id_133", "ds_11_sample_id_201", "ds_58_sample_id_122"], "group_9": ["ds_52_sample_id_56", "ds_20_sample_id_2", "ds_61_sample_id_173", "ds_24_sample_id_174", "ds_54_sample_id_102", "ds_66_sample_id_7", "ds_21_sample_id_208", "ds_45_sample_id_112", "ds_51_sample_id_79", "ds_46_sample_id_221", "ds_51_sample_id_57", "ds_19_sample_id_95", "ds_33_sample_id_242", "ds_55_sample_id_190", "ds_12_sample_id_159", "ds_30_sample_id_62", "ds_58_sample_id_119", "ds_25_sample_id_38", "ds_16_sample_id_91", "ds_63_sample_id_86", "ds_15_sample_id_128", "ds_34_sample_id_157", "ds_40_sample_id_113", "ds_42_sample_id_52", "ds_56_sample_id_125", "ds_8_sample_id_144", "ds_66_sample_id_135", "ds_29_sample_id_232", "ds_49_sample_id_198", "ds_12_sample_id_53", "ds_15_sample_id_55", "ds_5_sample_id_50", "ds_6_sample_id_99", "ds_29_sample_id_209", "ds_29_sample_id_20", "ds_1_sample_id_87", "ds_58_sample_id_171", "ds_21_sample_id_73", "ds_45_sample_id_58", "ds_37_sample_id_206", "ds_22_sample_id_49", "ds_62_sample_id_167", "ds_39_sample_id_25", "ds_25_sample_id_84", "ds_49_sample_id_170", "ds_62_sample_id_186", "ds_32_sample_id_166", "ds_3_sample_id_64", "ds_8_sample_id_239", "ds_66_sample_id_140", "ds_49_sample_id_224", "ds_28_sample_id_82", "ds_36_sample_id_146", "ds_1_sample_id_168", "ds_32_sample_id_165", "ds_30_sample_id_98", "ds_52_sample_id_164", "ds_21_sample_id_143", "ds_30_sample_id_63", "ds_26_sample_id_222", "ds_30_sample_id_114", "ds_7_sample_id_34", "ds_43_sample_id_94", "ds_17_sample_id_37", "ds_57_sample_id_207", "ds_25_sample_id_136", "ds_32_sample_id_109", "ds_55_sample_id_40", "ds_44_sample_id_81", "ds_11_sample_id_117", "ds_7_sample_id_121", "ds_58_sample_id_145", "ds_3_sample_id_150", "ds_10_sample_id_3", "ds_6_sample_id_137", "ds_14_sample_id_179", "ds_39_sample_id_215", "ds_63_sample_id_205", "ds_62_sample_id_42", "ds_15_sample_id_127", "ds_52_sample_id_177", "ds_24_sample_id_160", "ds_51_sample_id_14", "ds_21_sample_id_189", "ds_39_sample_id_89", "ds_14_sample_id_22", "ds_66_sample_id_214", "ds_3_sample_id_32", "ds_43_sample_id_45", "ds_35_sample_id_218", "ds_46_sample_id_152", "ds_22_sample_id_199", "ds_49_sample_id_44", "ds_34_sample_id_103", "ds_53_sample_id_131", "ds_23_sample_id_13", "ds_6_sample_id_226", "ds_31_sample_id_118", "ds_49_sample_id_92", "ds_1_sample_id_116", "ds_48_sample_id_229", "ds_30_sample_id_74", "ds_11_sample_id_201", "ds_25_sample_id_9", "ds_6_sample_id_26", "ds_0_sample_id_192"], "group_11": ["ds_52_sample_id_56", "ds_20_sample_id_2", "ds_19_sample_id_151", "ds_10_sample_id_93", "ds_39_sample_id_35", "ds_54_sample_id_102", "ds_66_sample_id_7", "ds_31_sample_id_8", "ds_6_sample_id_88", "ds_21_sample_id_208", "ds_0_sample_id_172", "ds_51_sample_id_79", "ds_15_sample_id_182", "ds_6_sample_id_180", "ds_33_sample_id_242", "ds_22_sample_id_139", "ds_27_sample_id_120", "ds_14_sample_id_90", "ds_42_sample_id_227", "ds_16_sample_id_91", "ds_63_sample_id_86", "ds_40_sample_id_113", "ds_46_sample_id_187", "ds_22_sample_id_104", "ds_42_sample_id_28", "ds_29_sample_id_232", "ds_30_sample_id_96", "ds_32_sample_id_235", "ds_12_sample_id_53", "ds_47_sample_id_238", "ds_5_sample_id_50", "ds_15_sample_id_183", "ds_29_sample_id_209", "ds_37_sample_id_206", "ds_39_sample_id_25", "ds_3_sample_id_196", "ds_10_sample_id_185", "ds_28_sample_id_194", "ds_49_sample_id_224", "ds_54_sample_id_77", "ds_36_sample_id_146", "ds_32_sample_id_165", "ds_45_sample_id_1", "ds_26_sample_id_212", "ds_30_sample_id_98", "ds_21_sample_id_143", "ds_32_sample_id_70", "ds_26_sample_id_222", "ds_60_sample_id_10", "ds_30_sample_id_114", "ds_61_sample_id_0", "ds_43_sample_id_94", "ds_17_sample_id_37", "ds_6_sample_id_61", "ds_60_sample_id_204", "ds_55_sample_id_40", "ds_21_sample_id_6", "ds_11_sample_id_117", "ds_7_sample_id_121", "ds_10_sample_id_33", "ds_40_sample_id_123", "ds_58_sample_id_145", "ds_2_sample_id_59", "ds_12_sample_id_36", "ds_10_sample_id_3", "ds_27_sample_id_105", "ds_6_sample_id_137", "ds_0_sample_id_236", "ds_49_sample_id_78", "ds_43_sample_id_233", "ds_51_sample_id_14", "ds_35_sample_id_130", "ds_14_sample_id_18", "ds_21_sample_id_189", "ds_24_sample_id_126", "ds_31_sample_id_240", "ds_3_sample_id_32", "ds_6_sample_id_237", "ds_22_sample_id_199", "ds_53_sample_id_131", "ds_23_sample_id_13", "ds_1_sample_id_116", "ds_30_sample_id_74", "ds_37_sample_id_72", "ds_11_sample_id_201", "ds_58_sample_id_122", "ds_25_sample_id_9", "ds_0_sample_id_192"], "group_13": ["ds_52_sample_id_56", "ds_59_sample_id_153", "ds_29_sample_id_220", "ds_24_sample_id_174", "ds_39_sample_id_35", "ds_50_sample_id_108", "ds_20_sample_id_106", "ds_17_sample_id_21", "ds_52_sample_id_216", "ds_45_sample_id_112", "ds_62_sample_id_155", "ds_6_sample_id_180", "ds_49_sample_id_30", "ds_58_sample_id_15", "ds_65_sample_id_195", "ds_12_sample_id_159", "ds_30_sample_id_62", "ds_55_sample_id_71", "ds_41_sample_id_211", "ds_19_sample_id_51", "ds_56_sample_id_125", "ds_9_sample_id_193", "ds_8_sample_id_144", "ds_62_sample_id_101", "ds_15_sample_id_55", "ds_5_sample_id_50", "ds_21_sample_id_213", "ds_0_sample_id_169", "ds_65_sample_id_162", "ds_65_sample_id_19", "ds_29_sample_id_20", "ds_58_sample_id_171", "ds_2_sample_id_132", "ds_16_sample_id_67", "ds_29_sample_id_66", "ds_22_sample_id_49", "ds_3_sample_id_196", "ds_8_sample_id_239", "ds_66_sample_id_140", "ds_28_sample_id_82", "ds_1_sample_id_168", "ds_37_sample_id_83", "ds_45_sample_id_1", "ds_30_sample_id_197", "ds_43_sample_id_141", "ds_60_sample_id_10", "ds_32_sample_id_97", "ds_66_sample_id_200", "ds_57_sample_id_207", "ds_60_sample_id_204", "ds_21_sample_id_6", "ds_11_sample_id_117", "ds_3_sample_id_150", "ds_12_sample_id_36", "ds_3_sample_id_60", "ds_24_sample_id_241", "ds_29_sample_id_75", "ds_66_sample_id_115", "ds_15_sample_id_127", "ds_60_sample_id_142", "ds_18_sample_id_210", "ds_43_sample_id_65", "ds_42_sample_id_4", "ds_35_sample_id_218", "ds_26_sample_id_176", "ds_28_sample_id_148", "ds_22_sample_id_199", "ds_49_sample_id_44", "ds_29_sample_id_181", "ds_49_sample_id_92", "ds_1_sample_id_116", "ds_26_sample_id_43", "ds_59_sample_id_16", "ds_37_sample_id_72", "ds_58_sample_id_122", "ds_25_sample_id_9", "ds_6_sample_id_26", "ds_0_sample_id_192", "ds_23_sample_id_203"], "group_14": ["ds_52_sample_id_56", "ds_61_sample_id_173", "ds_50_sample_id_202", "ds_5_sample_id_48", "ds_19_sample_id_151", "ds_10_sample_id_93", "ds_22_sample_id_158", "ds_50_sample_id_108", "ds_20_sample_id_106", "ds_66_sample_id_7", "ds_31_sample_id_8", "ds_21_sample_id_208", "ds_52_sample_id_216", "ds_0_sample_id_172", "ds_11_sample_id_191", "ds_15_sample_id_182", "ds_49_sample_id_30", "ds_34_sample_id_23", "ds_27_sample_id_120", "ds_22_sample_id_110", "ds_55_sample_id_190", "ds_12_sample_id_159", "ds_30_sample_id_62", "ds_25_sample_id_38", "ds_43_sample_id_29", "ds_16_sample_id_91", "ds_41_sample_id_211", "ds_19_sample_id_51", "ds_9_sample_id_193", "ds_30_sample_id_96", "ds_31_sample_id_134", "ds_43_sample_id_178", "ds_46_sample_id_80", "ds_5_sample_id_50", "ds_0_sample_id_169", "ds_65_sample_id_162", "ds_15_sample_id_183", "ds_65_sample_id_19", "ds_29_sample_id_20", "ds_61_sample_id_31", "ds_22_sample_id_49", "ds_49_sample_id_170", "ds_3_sample_id_196", "ds_3_sample_id_64", "ds_63_sample_id_156", "ds_50_sample_id_39", "ds_54_sample_id_77", "ds_45_sample_id_1", "ds_30_sample_id_197", "ds_32_sample_id_70", "ds_43_sample_id_141", "ds_7_sample_id_219", "ds_7_sample_id_34", "ds_61_sample_id_0", "ds_66_sample_id_200", "ds_17_sample_id_37", "ds_57_sample_id_207", "ds_25_sample_id_136", "ds_55_sample_id_40", "ds_40_sample_id_123", "ds_62_sample_id_68", "ds_12_sample_id_36", "ds_6_sample_id_137", "ds_31_sample_id_46", "ds_43_sample_id_233", "ds_66_sample_id_115", "ds_4_sample_id_154", "ds_51_sample_id_14", "ds_35_sample_id_130", "ds_14_sample_id_18", "ds_39_sample_id_89", "ds_38_sample_id_138", "ds_18_sample_id_210", "ds_31_sample_id_240", "ds_64_sample_id_17", "ds_14_sample_id_22", "ds_64_sample_id_230", "ds_26_sample_id_176", "ds_46_sample_id_152", "ds_28_sample_id_148", "ds_6_sample_id_237", "ds_22_sample_id_199", "ds_49_sample_id_44", "ds_34_sample_id_103", "ds_12_sample_id_107", "ds_29_sample_id_181", "ds_49_sample_id_92", "ds_30_sample_id_74", "ds_52_sample_id_161", "ds_6_sample_id_26", "ds_0_sample_id_192", "ds_23_sample_id_203", "ds_62_sample_id_76"], "group_16": ["ds_52_sample_id_56", "ds_20_sample_id_2", "ds_10_sample_id_93", "ds_65_sample_id_163", "ds_39_sample_id_35", "ds_50_sample_id_108", "ds_20_sample_id_106", "ds_31_sample_id_8", "ds_35_sample_id_12", "ds_0_sample_id_47", "ds_52_sample_id_216", "ds_0_sample_id_172", "ds_46_sample_id_221", "ds_19_sample_id_95", "ds_33_sample_id_242", "ds_27_sample_id_120", "ds_28_sample_id_188", "ds_55_sample_id_190", "ds_65_sample_id_195", "ds_30_sample_id_175", "ds_30_sample_id_62", "ds_14_sample_id_90", "ds_25_sample_id_38", "ds_42_sample_id_227", "ds_63_sample_id_86", "ds_15_sample_id_128", "ds_34_sample_id_157", "ds_22_sample_id_104", "ds_42_sample_id_28", "ds_66_sample_id_135", "ds_30_sample_id_96", "ds_62_sample_id_101", "ds_50_sample_id_85", "ds_47_sample_id_238", "ds_15_sample_id_55", "ds_65_sample_id_162", "ds_6_sample_id_99", "ds_15_sample_id_183", "ds_1_sample_id_87", "ds_61_sample_id_31", "ds_21_sample_id_73", "ds_16_sample_id_67", "ds_37_sample_id_206", "ds_25_sample_id_84", "ds_66_sample_id_140", "ds_28_sample_id_194", "ds_49_sample_id_224", "ds_54_sample_id_77", "ds_36_sample_id_146", "ds_32_sample_id_165", "ds_52_sample_id_164", "ds_24_sample_id_100", "ds_30_sample_id_63", "ds_43_sample_id_141", "ds_26_sample_id_222", "ds_29_sample_id_234", "ds_25_sample_id_136", "ds_60_sample_id_204", "ds_5_sample_id_11", "ds_21_sample_id_6", "ds_44_sample_id_81", "ds_7_sample_id_121", "ds_40_sample_id_123", "ds_58_sample_id_145", "ds_3_sample_id_150", "ds_62_sample_id_68", "ds_10_sample_id_3", "ds_14_sample_id_179", "ds_0_sample_id_236", "ds_31_sample_id_46", "ds_49_sample_id_78", "ds_63_sample_id_205", "ds_24_sample_id_241", "ds_29_sample_id_75", "ds_62_sample_id_42", "ds_15_sample_id_127", "ds_25_sample_id_217", "ds_4_sample_id_154", "ds_24_sample_id_160", "ds_48_sample_id_149", "ds_18_sample_id_210", "ds_64_sample_id_17", "ds_52_sample_id_5", "ds_35_sample_id_218", "ds_26_sample_id_176", "ds_46_sample_id_152", "ds_34_sample_id_103", "ds_53_sample_id_131", "ds_23_sample_id_13", "ds_6_sample_id_226", "ds_31_sample_id_118", "ds_49_sample_id_92", "ds_48_sample_id_229", "ds_30_sample_id_74", "ds_63_sample_id_133", "ds_59_sample_id_16", "ds_58_sample_id_122", "ds_52_sample_id_161", "ds_6_sample_id_26", "ds_0_sample_id_192"], "group_18": ["ds_52_sample_id_56", "ds_20_sample_id_2", "ds_59_sample_id_153", "ds_19_sample_id_151", "ds_23_sample_id_41", "ds_65_sample_id_163", "ds_22_sample_id_158", "ds_62_sample_id_155", "ds_11_sample_id_191", "ds_51_sample_id_79", "ds_34_sample_id_23", "ds_28_sample_id_188", "ds_30_sample_id_175", "ds_25_sample_id_38", "ds_34_sample_id_157", "ds_40_sample_id_113", "ds_46_sample_id_187", "ds_19_sample_id_51", "ds_56_sample_id_125", "ds_9_sample_id_193", "ds_29_sample_id_232", "ds_15_sample_id_55", "ds_31_sample_id_134", "ds_43_sample_id_178", "ds_21_sample_id_213", "ds_1_sample_id_87", "ds_21_sample_id_73", "ds_2_sample_id_132", "ds_16_sample_id_67", "ds_37_sample_id_206", "ds_29_sample_id_66", "ds_32_sample_id_166", "ds_63_sample_id_156", "ds_50_sample_id_39", "ds_8_sample_id_239", "ds_1_sample_id_168", "ds_37_sample_id_83", "ds_26_sample_id_212", "ds_30_sample_id_98", "ds_21_sample_id_143", "ds_37_sample_id_111", "ds_43_sample_id_94", "ds_32_sample_id_97", "ds_66_sample_id_200", "ds_6_sample_id_61", "ds_25_sample_id_136", "ds_55_sample_id_40", "ds_44_sample_id_81", "ds_62_sample_id_68", "ds_6_sample_id_137", "ds_14_sample_id_179", "ds_66_sample_id_69", "ds_29_sample_id_75", "ds_62_sample_id_42", "ds_15_sample_id_127", "ds_4_sample_id_154", "ds_24_sample_id_160", "ds_51_sample_id_14", "ds_48_sample_id_149", "ds_39_sample_id_89", "ds_38_sample_id_138", "ds_18_sample_id_210", "ds_43_sample_id_65", "ds_31_sample_id_240", "ds_43_sample_id_45", "ds_64_sample_id_230", "ds_26_sample_id_176", "ds_46_sample_id_152", "ds_6_sample_id_237", "ds_34_sample_id_103", "ds_31_sample_id_118", "ds_28_sample_id_231", "ds_49_sample_id_92", "ds_63_sample_id_133", "ds_59_sample_id_16"], "group_3": ["ds_20_sample_id_2", "ds_5_sample_id_48", "ds_65_sample_id_163", "ds_22_sample_id_158", "ds_20_sample_id_106", "ds_66_sample_id_7", "ds_35_sample_id_12", "ds_17_sample_id_21", "ds_11_sample_id_191", "ds_6_sample_id_180", "ds_32_sample_id_54", "ds_27_sample_id_120", "ds_28_sample_id_188", "ds_55_sample_id_190", "ds_58_sample_id_119", "ds_3_sample_id_225", "ds_55_sample_id_71", "ds_40_sample_id_113", "ds_8_sample_id_144", "ds_30_sample_id_96", "ds_62_sample_id_101", "ds_12_sample_id_53", "ds_31_sample_id_134", "ds_20_sample_id_129", "ds_65_sample_id_162", "ds_29_sample_id_209", "ds_65_sample_id_19", "ds_16_sample_id_67", "ds_62_sample_id_186", "ds_50_sample_id_39", "ds_30_sample_id_197", "ds_30_sample_id_98", "ds_30_sample_id_63", "ds_26_sample_id_222", "ds_7_sample_id_219", "ds_60_sample_id_10", "ds_7_sample_id_34", "ds_66_sample_id_200", "ds_6_sample_id_61", "ds_32_sample_id_109", "ds_60_sample_id_204", "ds_5_sample_id_11", "ds_2_sample_id_59", "ds_62_sample_id_68", "ds_10_sample_id_3", "ds_3_sample_id_60", "ds_27_sample_id_105", "ds_14_sample_id_179", "ds_0_sample_id_236", "ds_39_sample_id_215", "ds_62_sample_id_42", "ds_15_sample_id_127", "ds_4_sample_id_154", "ds_60_sample_id_142", "ds_31_sample_id_240", "ds_64_sample_id_17", "ds_66_sample_id_214", "ds_3_sample_id_32", "ds_52_sample_id_5", "ds_28_sample_id_148", "ds_6_sample_id_237", "ds_49_sample_id_44", "ds_53_sample_id_131", "ds_26_sample_id_43", "ds_63_sample_id_133", "ds_59_sample_id_16", "ds_62_sample_id_76"], "group_5": ["ds_20_sample_id_2", "ds_59_sample_id_153", "ds_29_sample_id_220", "ds_5_sample_id_27", "ds_50_sample_id_108", "ds_6_sample_id_88", "ds_35_sample_id_12", "ds_25_sample_id_228", "ds_45_sample_id_112", "ds_62_sample_id_155", "ds_51_sample_id_79", "ds_51_sample_id_57", "ds_19_sample_id_95", "ds_34_sample_id_23", "ds_27_sample_id_120", "ds_22_sample_id_110", "ds_65_sample_id_195", "ds_30_sample_id_62", "ds_58_sample_id_119", "ds_42_sample_id_227", "ds_16_sample_id_91", "ds_63_sample_id_86", "ds_41_sample_id_211", "ds_8_sample_id_144", "ds_42_sample_id_28", "ds_29_sample_id_232", "ds_62_sample_id_101", "ds_47_sample_id_238", "ds_31_sample_id_134", "ds_65_sample_id_162", "ds_15_sample_id_183", "ds_29_sample_id_209", "ds_61_sample_id_31", "ds_2_sample_id_132", "ds_37_sample_id_206", "ds_29_sample_id_66", "ds_62_sample_id_167", "ds_25_sample_id_84", "ds_3_sample_id_196", "ds_32_sample_id_166", "ds_3_sample_id_64", "ds_10_sample_id_185", "ds_36_sample_id_146", "ds_37_sample_id_83", "ds_26_sample_id_212", "ds_30_sample_id_98", "ds_52_sample_id_164", "ds_32_sample_id_70", "ds_49_sample_id_124", "ds_37_sample_id_111", "ds_29_sample_id_234", "ds_30_sample_id_114", "ds_7_sample_id_34", "ds_43_sample_id_94", "ds_64_sample_id_147", "ds_57_sample_id_207", "ds_60_sample_id_204", "ds_55_sample_id_40", "ds_7_sample_id_121", "ds_10_sample_id_33", "ds_3_sample_id_150", "ds_6_sample_id_137", "ds_39_sample_id_215", "ds_24_sample_id_241", "ds_29_sample_id_75", "ds_66_sample_id_115", "ds_25_sample_id_217", "ds_52_sample_id_177", "ds_48_sample_id_149", "ds_21_sample_id_189", "ds_38_sample_id_138", "ds_18_sample_id_210", "ds_43_sample_id_65", "ds_64_sample_id_230", "ds_28_sample_id_148", "ds_3_sample_id_24", "ds_49_sample_id_44", "ds_28_sample_id_231", "ds_26_sample_id_43", "ds_63_sample_id_133", "ds_58_sample_id_122", "ds_52_sample_id_161", "ds_25_sample_id_9", "ds_6_sample_id_26", "ds_23_sample_id_203", "ds_62_sample_id_76"], "group_15": ["ds_20_sample_id_2", "ds_29_sample_id_220", "ds_54_sample_id_102", "ds_22_sample_id_158", "ds_20_sample_id_106", "ds_52_sample_id_216", "ds_45_sample_id_112", "ds_62_sample_id_155", "ds_51_sample_id_57", "ds_19_sample_id_95", "ds_49_sample_id_30", "ds_33_sample_id_242", "ds_32_sample_id_54", "ds_22_sample_id_110", "ds_65_sample_id_195", "ds_12_sample_id_159", "ds_30_sample_id_175", "ds_14_sample_id_90", "ds_55_sample_id_71", "ds_43_sample_id_29", "ds_16_sample_id_91", "ds_15_sample_id_128", "ds_34_sample_id_157", "ds_42_sample_id_52", "ds_9_sample_id_193", "ds_8_sample_id_144", "ds_49_sample_id_198", "ds_32_sample_id_235", "ds_21_sample_id_213", "ds_41_sample_id_184", "ds_6_sample_id_99", "ds_58_sample_id_171", "ds_21_sample_id_73", "ds_2_sample_id_132", "ds_16_sample_id_67", "ds_29_sample_id_66", "ds_22_sample_id_49", "ds_62_sample_id_186", "ds_3_sample_id_64", "ds_50_sample_id_39", "ds_8_sample_id_239", "ds_66_sample_id_140", "ds_36_sample_id_146", "ds_37_sample_id_83", "ds_32_sample_id_165", "ds_52_sample_id_164", "ds_21_sample_id_143", "ds_43_sample_id_141", "ds_7_sample_id_219", "ds_7_sample_id_34", "ds_32_sample_id_97", "ds_64_sample_id_147", "ds_17_sample_id_37", "ds_21_sample_id_6", "ds_11_sample_id_117", "ds_7_sample_id_121", "ds_58_sample_id_145", "ds_10_sample_id_3", "ds_27_sample_id_105", "ds_14_sample_id_179", "ds_0_sample_id_236", "ds_31_sample_id_46", "ds_49_sample_id_78", "ds_63_sample_id_205", "ds_15_sample_id_127", "ds_25_sample_id_217", "ds_4_sample_id_154", "ds_24_sample_id_160", "ds_51_sample_id_14", "ds_35_sample_id_130", "ds_24_sample_id_126", "ds_43_sample_id_65", "ds_14_sample_id_22", "ds_66_sample_id_214", "ds_52_sample_id_5", "ds_64_sample_id_230", "ds_28_sample_id_148", "ds_3_sample_id_24", "ds_12_sample_id_107", "ds_53_sample_id_131", "ds_28_sample_id_231", "ds_1_sample_id_116", "ds_48_sample_id_229", "ds_30_sample_id_74", "ds_26_sample_id_43", "ds_11_sample_id_201"], "group_10": ["ds_61_sample_id_173", "ds_59_sample_id_153", "ds_29_sample_id_220", "ds_24_sample_id_174", "ds_5_sample_id_27", "ds_19_sample_id_151", "ds_39_sample_id_35", "ds_50_sample_id_108", "ds_66_sample_id_7", "ds_21_sample_id_208", "ds_25_sample_id_228", "ds_0_sample_id_172", "ds_51_sample_id_79", "ds_51_sample_id_57", "ds_34_sample_id_23", "ds_22_sample_id_139", "ds_22_sample_id_110", "ds_30_sample_id_175", "ds_58_sample_id_119", "ds_42_sample_id_227", "ds_34_sample_id_157", "ds_41_sample_id_211", "ds_22_sample_id_104", "ds_66_sample_id_135", "ds_49_sample_id_198", "ds_50_sample_id_85", "ds_47_sample_id_238", "ds_15_sample_id_55", "ds_43_sample_id_178", "ds_46_sample_id_80", "ds_21_sample_id_213", "ds_20_sample_id_129", "ds_0_sample_id_169", "ds_65_sample_id_162", "ds_41_sample_id_184", "ds_29_sample_id_209", "ds_29_sample_id_20", "ds_21_sample_id_73", "ds_32_sample_id_166", "ds_63_sample_id_156", "ds_50_sample_id_39", "ds_28_sample_id_82", "ds_30_sample_id_98", "ds_49_sample_id_124", "ds_24_sample_id_100", "ds_30_sample_id_63", "ds_43_sample_id_141", "ds_26_sample_id_222", "ds_7_sample_id_219", "ds_37_sample_id_111", "ds_29_sample_id_234", "ds_7_sample_id_34", "ds_64_sample_id_147", "ds_21_sample_id_6", "ds_44_sample_id_81", "ds_11_sample_id_117", "ds_40_sample_id_123", "ds_3_sample_id_150", "ds_12_sample_id_36", "ds_14_sample_id_179", "ds_31_sample_id_46", "ds_49_sample_id_78", "ds_29_sample_id_75", "ds_66_sample_id_115", "ds_25_sample_id_217", "ds_24_sample_id_160", "ds_51_sample_id_14", "ds_38_sample_id_138", "ds_43_sample_id_65", "ds_43_sample_id_45", "ds_52_sample_id_5", "ds_35_sample_id_218", "ds_6_sample_id_226", "ds_49_sample_id_92", "ds_58_sample_id_122", "ds_23_sample_id_203", "ds_62_sample_id_76"], "group_12": ["ds_61_sample_id_173", "ds_24_sample_id_174", "ds_5_sample_id_27", "ds_19_sample_id_151", "ds_10_sample_id_93", "ds_65_sample_id_163", "ds_20_sample_id_106", "ds_6_sample_id_88", "ds_21_sample_id_208", "ds_35_sample_id_12", "ds_25_sample_id_228", "ds_0_sample_id_47", "ds_45_sample_id_112", "ds_62_sample_id_155", "ds_15_sample_id_182", "ds_49_sample_id_30", "ds_33_sample_id_242", "ds_58_sample_id_15", "ds_22_sample_id_110", "ds_55_sample_id_190", "ds_30_sample_id_62", "ds_43_sample_id_29", "ds_42_sample_id_52", "ds_46_sample_id_187", "ds_56_sample_id_125", "ds_66_sample_id_135", "ds_30_sample_id_96", "ds_31_sample_id_134", "ds_20_sample_id_129", "ds_65_sample_id_19", "ds_1_sample_id_87", "ds_58_sample_id_171", "ds_21_sample_id_73", "ds_45_sample_id_58", "ds_2_sample_id_132", "ds_16_sample_id_67", "ds_37_sample_id_206", "ds_29_sample_id_66", "ds_22_sample_id_49", "ds_39_sample_id_25", "ds_49_sample_id_170", "ds_62_sample_id_186", "ds_3_sample_id_64", "ds_10_sample_id_185", "ds_50_sample_id_39", "ds_8_sample_id_239", "ds_28_sample_id_194", "ds_28_sample_id_82", "ds_54_sample_id_77", "ds_1_sample_id_168", "ds_26_sample_id_212", "ds_21_sample_id_143", "ds_32_sample_id_70", "ds_49_sample_id_124", "ds_24_sample_id_100", "ds_30_sample_id_63", "ds_60_sample_id_10", "ds_29_sample_id_234", "ds_43_sample_id_94", "ds_32_sample_id_97", "ds_66_sample_id_200", "ds_6_sample_id_61", "ds_32_sample_id_109", "ds_60_sample_id_204", "ds_5_sample_id_11", "ds_21_sample_id_6", "ds_44_sample_id_81", "ds_3_sample_id_150", "ds_62_sample_id_68", "ds_27_sample_id_105", "ds_14_sample_id_179", "ds_66_sample_id_69", "ds_0_sample_id_236", "ds_31_sample_id_46", "ds_39_sample_id_215", "ds_43_sample_id_233", "ds_63_sample_id_205", "ds_66_sample_id_115", "ds_62_sample_id_42", "ds_15_sample_id_127", "ds_52_sample_id_177", "ds_24_sample_id_160", "ds_51_sample_id_14", "ds_14_sample_id_18", "ds_39_sample_id_89", "ds_64_sample_id_17", "ds_66_sample_id_214", "ds_3_sample_id_32", "ds_43_sample_id_45", "ds_35_sample_id_218", "ds_26_sample_id_176", "ds_46_sample_id_152", "ds_3_sample_id_24", "ds_12_sample_id_107", "ds_23_sample_id_13", "ds_29_sample_id_181", "ds_28_sample_id_231", "ds_1_sample_id_116", "ds_52_sample_id_161", "ds_0_sample_id_192"], "group_0": ["ds_5_sample_id_27", "ds_23_sample_id_41", "ds_39_sample_id_35", "ds_54_sample_id_102", "ds_6_sample_id_88", "ds_0_sample_id_47", "ds_17_sample_id_21", "ds_51_sample_id_79", "ds_51_sample_id_57", "ds_6_sample_id_180", "ds_19_sample_id_95", "ds_34_sample_id_23", "ds_32_sample_id_54", "ds_27_sample_id_120", "ds_58_sample_id_119", "ds_3_sample_id_225", "ds_43_sample_id_29", "ds_16_sample_id_91", "ds_63_sample_id_86", "ds_15_sample_id_128", "ds_40_sample_id_113", "ds_46_sample_id_187", "ds_56_sample_id_125", "ds_66_sample_id_135", "ds_29_sample_id_232", "ds_62_sample_id_101", "ds_50_sample_id_85", "ds_12_sample_id_53", "ds_47_sample_id_238", "ds_31_sample_id_134", "ds_46_sample_id_80", "ds_21_sample_id_213", "ds_20_sample_id_129", "ds_6_sample_id_99", "ds_29_sample_id_209", "ds_65_sample_id_19", "ds_1_sample_id_87", "ds_58_sample_id_171", "ds_45_sample_id_58", "ds_62_sample_id_167", "ds_39_sample_id_25", "ds_49_sample_id_170", "ds_62_sample_id_186", "ds_63_sample_id_156", "ds_66_sample_id_140", "ds_28_sample_id_194", "ds_1_sample_id_168", "ds_30_sample_id_197", "ds_49_sample_id_124", "ds_30_sample_id_63", "ds_7_sample_id_219", "ds_37_sample_id_111", "ds_7_sample_id_34", "ds_17_sample_id_37", "ds_57_sample_id_207", "ds_32_sample_id_109", "ds_5_sample_id_11", "ds_11_sample_id_117", "ds_58_sample_id_145", "ds_2_sample_id_59", "ds_3_sample_id_60", "ds_27_sample_id_105", "ds_6_sample_id_137", "ds_66_sample_id_69", "ds_31_sample_id_46", "ds_24_sample_id_241", "ds_66_sample_id_115", "ds_25_sample_id_217", "ds_48_sample_id_149", "ds_21_sample_id_189", "ds_39_sample_id_89", "ds_64_sample_id_17", "ds_66_sample_id_214", "ds_3_sample_id_32", "ds_34_sample_id_103", "ds_31_sample_id_118", "ds_29_sample_id_181", "ds_59_sample_id_16", "ds_11_sample_id_201", "ds_58_sample_id_122", "ds_23_sample_id_203"]}}