{"user_group_edges": {"group_8": ["user_110_sample_id_18"], "group_3": ["user_50_sample_id_6"], "group_18": ["user_97_sample_id_11"], "group_7": ["user_107_sample_id_1", "user_64_sample_id_4"], "group_2": ["user_17_sample_id_12"], "group_11": ["user_17_sample_id_12", "user_316_sample_id_13"], "group_0": ["user_455_sample_id_0"], "group_4": ["user_241_sample_id_5"], "group_5": ["user_454_sample_id_16"], "group_12": ["user_152_sample_id_10"], "group_15": ["user_133_sample_id_7"], "group_14": ["user_410_sample_id_14"], "group_9": ["user_325_sample_id_17"], "group_16": ["user_297_sample_id_8"], "group_19": ["user_287_sample_id_3"], "group_13": ["user_468_sample_id_15"], "group_6": ["user_402_sample_id_2"], "group_17": ["user_460_sample_id_9"]}, "group_data_store_edges": {"group_6": ["ds_214_sample_id_133", "ds_196_sample_id_100", "ds_9_sample_id_75", "ds_90_sample_id_135", "ds_323_sample_id_20", "ds_240_sample_id_160", "ds_244_sample_id_139", "ds_214_sample_id_82", "ds_257_sample_id_150", "ds_420_sample_id_74", "ds_266_sample_id_113", "ds_517_sample_id_120", "ds_427_sample_id_57", "ds_29_sample_id_86", "ds_31_sample_id_55", "ds_163_sample_id_27", "ds_17_sample_id_70", "ds_133_sample_id_93", "ds_22_sample_id_56", "ds_104_sample_id_157", "ds_22_sample_id_71", "ds_281_sample_id_25", "ds_87_sample_id_118"], "group_10": ["ds_214_sample_id_133", "ds_527_sample_id_130", "ds_499_sample_id_8", "ds_240_sample_id_160", "ds_504_sample_id_117", "ds_497_sample_id_45", "ds_257_sample_id_36", "ds_527_sample_id_85"], "group_13": ["ds_214_sample_id_133", "ds_510_sample_id_97", "ds_527_sample_id_130", "ds_260_sample_id_22", "ds_196_sample_id_100", "ds_20_sample_id_48", "ds_53_sample_id_91", "ds_60_sample_id_116", "ds_160_sample_id_98", "ds_2_sample_id_11", "ds_536_sample_id_67", "ds_420_sample_id_74", "ds_409_sample_id_69", "ds_77_sample_id_61", "ds_503_sample_id_124", "ds_427_sample_id_57", "ds_31_sample_id_55", "ds_70_sample_id_15", "ds_116_sample_id_4", "ds_309_sample_id_23", "ds_527_sample_id_85", "ds_340_sample_id_102", "ds_409_sample_id_38", "ds_264_sample_id_136", "ds_143_sample_id_17", "ds_350_sample_id_26", "ds_240_sample_id_94", "ds_491_sample_id_125", "ds_152_sample_id_161", "ds_104_sample_id_81", "ds_151_sample_id_60", "ds_195_sample_id_30"], "group_0": ["ds_367_sample_id_96", "ds_313_sample_id_58", "ds_14_sample_id_106", "ds_196_sample_id_100", "ds_427_sample_id_57", "ds_130_sample_id_141", "ds_209_sample_id_137", "ds_356_sample_id_54", "ds_163_sample_id_27", "ds_15_sample_id_39", "ds_117_sample_id_50", "ds_505_sample_id_112", "ds_347_sample_id_90", "ds_152_sample_id_161", "ds_104_sample_id_81", "ds_55_sample_id_72"], "group_4": ["ds_367_sample_id_96", "ds_83_sample_id_145", "ds_313_sample_id_58", "ds_125_sample_id_41", "ds_131_sample_id_89", "ds_166_sample_id_73", "ds_148_sample_id_154", "ds_59_sample_id_51", "ds_349_sample_id_6", "ds_326_sample_id_5", "ds_333_sample_id_151", "ds_70_sample_id_15", "ds_209_sample_id_137", "ds_309_sample_id_23", "ds_504_sample_id_117", "ds_129_sample_id_105", "ds_314_sample_id_12", "ds_405_sample_id_35", "ds_22_sample_id_71", "ds_8_sample_id_152", "ds_87_sample_id_118"], "group_7": ["ds_367_sample_id_96", "ds_307_sample_id_34", "ds_14_sample_id_106", "ds_219_sample_id_111", "ds_358_sample_id_110", "ds_131_sample_id_89", "ds_176_sample_id_126", "ds_420_sample_id_37", "ds_323_sample_id_20", "ds_240_sample_id_160", "ds_420_sample_id_74", "ds_333_sample_id_151", "ds_184_sample_id_43", "ds_130_sample_id_141", "ds_51_sample_id_149", "ds_511_sample_id_142", "ds_70_sample_id_15", "ds_542_sample_id_114", "ds_248_sample_id_16", "ds_116_sample_id_4", "ds_527_sample_id_85", "ds_340_sample_id_102", "ds_392_sample_id_158", "ds_41_sample_id_13", "ds_259_sample_id_64", "ds_233_sample_id_84", "ds_536_sample_id_88", "ds_350_sample_id_26", "ds_413_sample_id_63", "ds_358_sample_id_144", "ds_452_sample_id_46", "ds_8_sample_id_152", "ds_183_sample_id_80"], "group_17": ["ds_367_sample_id_96", "ds_28_sample_id_53", "ds_125_sample_id_41", "ds_90_sample_id_135", "ds_148_sample_id_154", "ds_184_sample_id_43", "ds_130_sample_id_141", "ds_336_sample_id_132", "ds_498_sample_id_32", "ds_543_sample_id_147", "ds_521_sample_id_10", "ds_129_sample_id_105", "ds_392_sample_id_158", "ds_259_sample_id_64", "ds_117_sample_id_50", "ds_459_sample_id_92", "ds_229_sample_id_21", "ds_347_sample_id_90", "ds_281_sample_id_25", "ds_105_sample_id_66", "ds_151_sample_id_60", "ds_506_sample_id_156"], "group_16": ["ds_60_sample_id_49", "ds_14_sample_id_106", "ds_358_sample_id_110", "ds_20_sample_id_48", "ds_124_sample_id_7", "ds_283_sample_id_146", "ds_420_sample_id_74", "ds_373_sample_id_18", "ds_543_sample_id_147", "ds_318_sample_id_1", "ds_392_sample_id_158", "ds_259_sample_id_64", "ds_308_sample_id_159", "ds_413_sample_id_63", "ds_267_sample_id_31", "ds_473_sample_id_155", "ds_152_sample_id_161", "ds_87_sample_id_118", "ds_151_sample_id_60"], "group_3": ["ds_124_sample_id_143", "ds_83_sample_id_145", "ds_9_sample_id_42", "ds_527_sample_id_130", "ds_509_sample_id_119", "ds_499_sample_id_8", "ds_124_sample_id_7", "ds_323_sample_id_20", "ds_212_sample_id_115", "ds_333_sample_id_151", "ds_427_sample_id_57", "ds_336_sample_id_132", "ds_356_sample_id_54", "ds_318_sample_id_1", "ds_497_sample_id_45", "ds_163_sample_id_27", "ds_392_sample_id_158", "ds_453_sample_id_62", "ds_183_sample_id_80"], "group_12": ["ds_124_sample_id_143", "ds_313_sample_id_58", "ds_125_sample_id_41", "ds_102_sample_id_87", "ds_510_sample_id_97", "ds_176_sample_id_126", "ds_323_sample_id_3", "ds_509_sample_id_121", "ds_53_sample_id_109", "ds_266_sample_id_113", "ds_189_sample_id_83", "ds_51_sample_id_149", "ds_300_sample_id_2", "ds_70_sample_id_15", "ds_209_sample_id_137", "ds_309_sample_id_23", "ds_257_sample_id_36", "ds_264_sample_id_136", "ds_517_sample_id_95", "ds_392_sample_id_158", "ds_15_sample_id_39", "ds_299_sample_id_101", "ds_104_sample_id_157", "ds_358_sample_id_144", "ds_505_sample_id_112", "ds_104_sample_id_81", "ds_506_sample_id_156"], "group_14": ["ds_124_sample_id_143", "ds_83_sample_id_145", "ds_23_sample_id_44", "ds_14_sample_id_106", "ds_166_sample_id_73", "ds_176_sample_id_126", "ds_196_sample_id_100", "ds_323_sample_id_3", "ds_76_sample_id_148", "ds_517_sample_id_120", "ds_184_sample_id_43", "ds_51_sample_id_149", "ds_70_sample_id_15", "ds_116_sample_id_4", "ds_318_sample_id_1", "ds_409_sample_id_38", "ds_41_sample_id_13", "ds_233_sample_id_84", "ds_536_sample_id_88", "ds_308_sample_id_159", "ds_337_sample_id_140", "ds_151_sample_id_60"], "group_9": ["ds_87_sample_id_99", "ds_170_sample_id_123", "ds_510_sample_id_97", "ds_176_sample_id_126", "ds_509_sample_id_119", "ds_323_sample_id_20", "ds_449_sample_id_28", "ds_174_sample_id_33", "ds_76_sample_id_148", "ds_509_sample_id_121", "ds_511_sample_id_142", "ds_192_sample_id_104", "ds_116_sample_id_4", "ds_257_sample_id_36", "ds_369_sample_id_19", "ds_459_sample_id_92", "ds_22_sample_id_56", "ds_413_sample_id_63", "ds_22_sample_id_71", "ds_229_sample_id_21", "ds_267_sample_id_31", "ds_281_sample_id_25", "ds_183_sample_id_80", "ds_195_sample_id_30"], "group_11": ["ds_307_sample_id_34", "ds_219_sample_id_111", "ds_131_sample_id_89", "ds_176_sample_id_126", "ds_244_sample_id_139", "ds_174_sample_id_33", "ds_201_sample_id_14", "ds_283_sample_id_146", "ds_420_sample_id_74", "ds_326_sample_id_5", "ds_409_sample_id_69", "ds_427_sample_id_57", "ds_336_sample_id_132", "ds_373_sample_id_18", "ds_259_sample_id_64", "ds_459_sample_id_92", "ds_104_sample_id_157", "ds_405_sample_id_35", "ds_22_sample_id_71", "ds_453_sample_id_62", "ds_8_sample_id_152", "ds_151_sample_id_60"], "group_2": ["ds_170_sample_id_123", "ds_23_sample_id_44", "ds_163_sample_id_134", "ds_499_sample_id_8", "ds_323_sample_id_20", "ds_449_sample_id_28", "ds_240_sample_id_160", "ds_349_sample_id_6", "ds_184_sample_id_43", "ds_300_sample_id_2", "ds_542_sample_id_114", "ds_227_sample_id_103", "ds_192_sample_id_104", "ds_543_sample_id_147", "ds_257_sample_id_36", "ds_527_sample_id_85", "ds_413_sample_id_63", "ds_337_sample_id_140", "ds_347_sample_id_90", "ds_105_sample_id_66", "ds_195_sample_id_30"], "group_8": ["ds_170_sample_id_123", "ds_176_sample_id_126", "ds_163_sample_id_134", "ds_60_sample_id_116", "ds_174_sample_id_33", "ds_536_sample_id_67", "ds_427_sample_id_57", "ds_300_sample_id_2", "ds_163_sample_id_122", "ds_31_sample_id_55", "ds_70_sample_id_15", "ds_543_sample_id_147", "ds_497_sample_id_45", "ds_163_sample_id_27", "ds_129_sample_id_105", "ds_314_sample_id_12", "ds_15_sample_id_39", "ds_405_sample_id_35", "ds_267_sample_id_31", "ds_195_sample_id_30"], "group_15": ["ds_170_sample_id_123", "ds_219_sample_id_111", "ds_176_sample_id_126", "ds_20_sample_id_48", "ds_420_sample_id_37", "ds_9_sample_id_75", "ds_449_sample_id_28", "ds_349_sample_id_6", "ds_201_sample_id_14", "ds_509_sample_id_121", "ds_517_sample_id_120", "ds_227_sample_id_103", "ds_192_sample_id_104", "ds_314_sample_id_12", "ds_405_sample_id_35", "ds_358_sample_id_144", "ds_229_sample_id_21", "ds_267_sample_id_31", "ds_347_sample_id_90"], "group_19": ["ds_170_sample_id_123", "ds_23_sample_id_44", "ds_358_sample_id_110", "ds_166_sample_id_73", "ds_509_sample_id_119", "ds_323_sample_id_3", "ds_499_sample_id_8", "ds_536_sample_id_67", "ds_420_sample_id_74", "ds_511_sample_id_142", "ds_29_sample_id_86", "ds_31_sample_id_55", "ds_314_sample_id_12", "ds_392_sample_id_158", "ds_41_sample_id_13", "ds_15_sample_id_39", "ds_79_sample_id_29", "ds_413_sample_id_63", "ds_405_sample_id_35", "ds_22_sample_id_71", "ds_453_sample_id_62"], "group_5": ["ds_125_sample_id_41", "ds_102_sample_id_87", "ds_510_sample_id_97", "ds_527_sample_id_130", "ds_53_sample_id_91", "ds_148_sample_id_154", "ds_60_sample_id_116", "ds_214_sample_id_82", "ds_174_sample_id_33", "ds_212_sample_id_115", "ds_189_sample_id_83", "ds_209_sample_id_137", "ds_373_sample_id_18", "ds_542_sample_id_114", "ds_192_sample_id_104", "ds_257_sample_id_36", "ds_517_sample_id_95", "ds_41_sample_id_13", "ds_308_sample_id_159", "ds_229_sample_id_21", "ds_152_sample_id_161", "ds_281_sample_id_25", "ds_502_sample_id_153"], "group_1": ["ds_102_sample_id_87", "ds_229_sample_id_21"], "group_18": ["ds_166_sample_id_73", "ds_163_sample_id_134", "ds_196_sample_id_100", "ds_20_sample_id_48", "ds_529_sample_id_138", "ds_90_sample_id_135", "ds_240_sample_id_160", "ds_60_sample_id_116", "ds_201_sample_id_14", "ds_333_sample_id_151", "ds_184_sample_id_43", "ds_132_sample_id_68", "ds_70_sample_id_15", "ds_542_sample_id_114", "ds_498_sample_id_32", "ds_497_sample_id_45", "ds_521_sample_id_10", "ds_350_sample_id_26", "ds_505_sample_id_112", "ds_452_sample_id_46", "ds_55_sample_id_72", "ds_183_sample_id_80", "ds_195_sample_id_30"]}}