{"user_group_edges": {"group_14": ["user_84_sample_id_7"], "group_5": ["user_57_sample_id_3", "user_36_sample_id_2", "user_72_sample_id_1"], "group_12": ["user_57_sample_id_3", "user_72_sample_id_17", "user_95_sample_id_10"], "group_1": ["user_68_sample_id_11", "user_72_sample_id_1"], "group_17": ["user_68_sample_id_11", "user_99_sample_id_19", "user_49_sample_id_16"], "group_10": ["user_0_sample_id_9", "user_46_sample_id_21", "user_75_sample_id_8"], "group_19": ["user_0_sample_id_9", "user_65_sample_id_15"], "group_3": ["user_65_sample_id_15", "user_36_sample_id_2"], "group_0": ["user_67_sample_id_6", "user_46_sample_id_21"], "group_8": ["user_67_sample_id_6", "user_49_sample_id_16"], "group_6": ["user_69_sample_id_18"], "group_18": ["user_99_sample_id_19", "user_72_sample_id_17"], "group_15": ["user_48_sample_id_12"], "group_11": ["user_3_sample_id_14"], "group_4": ["user_84_sample_id_0"], "group_16": ["user_95_sample_id_10", "user_80_sample_id_13"], "group_9": ["user_80_sample_id_13", "user_75_sample_id_8"], "group_13": ["user_16_sample_id_5"], "group_2": ["user_24_sample_id_20"], "group_7": ["user_25_sample_id_4"]}, "group_data_store_edges": {"group_0": ["ds_182_sample_id_267", "ds_492_sample_id_131", "ds_170_sample_id_83", "ds_405_sample_id_272", "ds_35_sample_id_116", "ds_503_sample_id_153", "ds_280_sample_id_241", "ds_63_sample_id_88", "ds_335_sample_id_135", "ds_603_sample_id_142", "ds_382_sample_id_196", "ds_759_sample_id_176", "ds_677_sample_id_179", "ds_683_sample_id_143", "ds_763_sample_id_225", "ds_736_sample_id_141", "ds_185_sample_id_19", "ds_140_sample_id_80", "ds_340_sample_id_195", "ds_255_sample_id_97", "ds_135_sample_id_103", "ds_22_sample_id_74", "ds_6_sample_id_222", "ds_656_sample_id_109", "ds_351_sample_id_265", "ds_442_sample_id_147", "ds_121_sample_id_20", "ds_614_sample_id_192", "ds_569_sample_id_7", "ds_560_sample_id_136", "ds_62_sample_id_236", "ds_599_sample_id_209", "ds_584_sample_id_64", "ds_134_sample_id_58", "ds_443_sample_id_84", "ds_229_sample_id_94", "ds_234_sample_id_57", "ds_581_sample_id_273", "ds_6_sample_id_137", "ds_335_sample_id_212", "ds_373_sample_id_158", "ds_437_sample_id_67", "ds_279_sample_id_250", "ds_673_sample_id_277", "ds_270_sample_id_66", "ds_509_sample_id_159", "ds_220_sample_id_284", "ds_574_sample_id_185", "ds_730_sample_id_288", "ds_371_sample_id_145", "ds_65_sample_id_259", "ds_54_sample_id_248", "ds_320_sample_id_56", "ds_864_sample_id_214"], "group_7": ["ds_182_sample_id_267", "ds_116_sample_id_127", "ds_683_sample_id_188", "ds_129_sample_id_253", "ds_816_sample_id_130", "ds_170_sample_id_83", "ds_722_sample_id_100", "ds_478_sample_id_129", "ds_503_sample_id_153", "ds_398_sample_id_44", "ds_374_sample_id_232", "ds_138_sample_id_183", "ds_63_sample_id_88", "ds_855_sample_id_197", "ds_321_sample_id_278", "ds_751_sample_id_33", "ds_93_sample_id_207", "ds_783_sample_id_119", "ds_805_sample_id_204", "ds_191_sample_id_260", "ds_736_sample_id_141", "ds_847_sample_id_17", "ds_122_sample_id_171", "ds_12_sample_id_224", "ds_701_sample_id_50", "ds_593_sample_id_282", "ds_861_sample_id_245", "ds_135_sample_id_103", "ds_702_sample_id_45", "ds_618_sample_id_30", "ds_607_sample_id_8", "ds_9_sample_id_69", "ds_404_sample_id_37", "ds_618_sample_id_206", "ds_33_sample_id_1", "ds_632_sample_id_128", "ds_667_sample_id_194", "ds_677_sample_id_163", "ds_624_sample_id_104", "ds_469_sample_id_226", "ds_393_sample_id_218", "ds_6_sample_id_137", "ds_118_sample_id_10", "ds_647_sample_id_148", "ds_671_sample_id_281", "ds_761_sample_id_77", "ds_807_sample_id_249", "ds_722_sample_id_112", "ds_220_sample_id_180", "ds_309_sample_id_106", "ds_867_sample_id_186", "ds_691_sample_id_111", "ds_509_sample_id_159", "ds_579_sample_id_219", "ds_266_sample_id_252", "ds_600_sample_id_91", "ds_567_sample_id_223"], "group_11": ["ds_182_sample_id_267", "ds_116_sample_id_127", "ds_68_sample_id_98", "ds_770_sample_id_251", "ds_274_sample_id_117", "ds_405_sample_id_272", "ds_722_sample_id_100", "ds_642_sample_id_5", "ds_148_sample_id_261", "ds_138_sample_id_183", "ds_866_sample_id_12", "ds_698_sample_id_23", "ds_704_sample_id_122", "ds_321_sample_id_278", "ds_619_sample_id_285", "ds_93_sample_id_207", "ds_783_sample_id_119", "ds_137_sample_id_154", "ds_303_sample_id_173", "ds_122_sample_id_171", "ds_350_sample_id_177", "ds_639_sample_id_73", "ds_323_sample_id_139", "ds_593_sample_id_282", "ds_552_sample_id_286", "ds_103_sample_id_240", "ds_597_sample_id_246", "ds_702_sample_id_45", "ds_817_sample_id_134", "ds_110_sample_id_191", "ds_323_sample_id_205", "ds_121_sample_id_20", "ds_159_sample_id_208", "ds_599_sample_id_209", "ds_555_sample_id_227", "ds_677_sample_id_163", "ds_243_sample_id_263", "ds_684_sample_id_4", "ds_229_sample_id_94", "ds_781_sample_id_52", "ds_234_sample_id_57", "ds_624_sample_id_104", "ds_629_sample_id_102", "ds_274_sample_id_90", "ds_347_sample_id_184", "ds_335_sample_id_212", "ds_370_sample_id_71", "ds_314_sample_id_2", "ds_647_sample_id_148", "ds_605_sample_id_151", "ds_671_sample_id_281", "ds_624_sample_id_283", "ds_573_sample_id_54", "ds_286_sample_id_41", "ds_122_sample_id_85", "ds_46_sample_id_120", "ds_309_sample_id_106", "ds_719_sample_id_166", "ds_205_sample_id_35", "ds_579_sample_id_219", "ds_266_sample_id_252", "ds_260_sample_id_121", "ds_458_sample_id_268", "ds_271_sample_id_15", "ds_527_sample_id_244", "ds_65_sample_id_259", "ds_323_sample_id_93"], "group_12": ["ds_182_sample_id_267", "ds_683_sample_id_188", "ds_765_sample_id_108", "ds_138_sample_id_183", "ds_812_sample_id_220", "ds_65_sample_id_242", "ds_280_sample_id_241", "ds_835_sample_id_42", "ds_677_sample_id_179", "ds_177_sample_id_178", "ds_715_sample_id_48", "ds_573_sample_id_172", "ds_479_sample_id_53", "ds_730_sample_id_107", "ds_210_sample_id_162", "ds_340_sample_id_195", "ds_6_sample_id_222", "ds_877_sample_id_140", "ds_597_sample_id_246", "ds_702_sample_id_45", "ds_531_sample_id_0", "ds_460_sample_id_75", "ds_10_sample_id_95", "ds_62_sample_id_236", "ds_204_sample_id_174", "ds_288_sample_id_96", "ds_618_sample_id_206", "ds_599_sample_id_209", "ds_555_sample_id_227", "ds_667_sample_id_194", "ds_443_sample_id_84", "ds_319_sample_id_62", "ds_684_sample_id_4", "ds_760_sample_id_113", "ds_274_sample_id_90", "ds_264_sample_id_231", "ds_361_sample_id_150", "ds_370_sample_id_71", "ds_466_sample_id_189", "ds_722_sample_id_112", "ds_220_sample_id_180", "ds_449_sample_id_254", "ds_270_sample_id_66", "ds_309_sample_id_106", "ds_867_sample_id_186", "ds_806_sample_id_9", "ds_733_sample_id_26", "ds_730_sample_id_288", "ds_600_sample_id_91", "ds_691_sample_id_61", "ds_271_sample_id_15", "ds_371_sample_id_145", "ds_527_sample_id_244", "ds_353_sample_id_239", "ds_73_sample_id_70", "ds_336_sample_id_221", "ds_572_sample_id_31", "ds_567_sample_id_223", "ds_864_sample_id_214"], "group_13": ["ds_182_sample_id_267", "ds_116_sample_id_127", "ds_154_sample_id_160", "ds_35_sample_id_116", "ds_866_sample_id_12", "ds_662_sample_id_125", "ds_565_sample_id_28", "ds_855_sample_id_197", "ds_759_sample_id_176", "ds_321_sample_id_278", "ds_634_sample_id_16", "ds_93_sample_id_207", "ds_138_sample_id_287", "ds_750_sample_id_198", "ds_742_sample_id_266", "ds_553_sample_id_65", "ds_693_sample_id_82", "ds_79_sample_id_193", "ds_73_sample_id_235", "ds_597_sample_id_246", "ds_618_sample_id_30", "ds_0_sample_id_155", "ds_817_sample_id_134", "ds_531_sample_id_0", "ds_377_sample_id_271", "ds_569_sample_id_7", "ds_414_sample_id_144", "ds_560_sample_id_136", "ds_712_sample_id_22", "ds_654_sample_id_105", "ds_584_sample_id_64", "ds_547_sample_id_256", "ds_677_sample_id_163", "ds_106_sample_id_270", "ds_243_sample_id_263", "ds_684_sample_id_4", "ds_817_sample_id_149", "ds_487_sample_id_181", "ds_335_sample_id_212", "ds_253_sample_id_11", "ds_314_sample_id_2", "ds_448_sample_id_81", "ds_25_sample_id_124", "ds_807_sample_id_249", "ds_573_sample_id_54", "ds_362_sample_id_132", "ds_531_sample_id_78", "ds_270_sample_id_66", "ds_719_sample_id_166", "ds_561_sample_id_210", "ds_691_sample_id_111", "ds_509_sample_id_159", "ds_220_sample_id_284", "ds_257_sample_id_39", "ds_527_sample_id_244", "ds_336_sample_id_221", "ds_572_sample_id_31", "ds_320_sample_id_56"], "group_17": ["ds_182_sample_id_267", "ds_420_sample_id_229", "ds_154_sample_id_160", "ds_478_sample_id_129", "ds_398_sample_id_44", "ds_148_sample_id_261", "ds_812_sample_id_220", "ds_603_sample_id_142", "ds_855_sample_id_197", "ds_853_sample_id_280", "ds_4_sample_id_72", "ds_283_sample_id_187", "ds_742_sample_id_266", "ds_736_sample_id_141", "ds_254_sample_id_279", "ds_608_sample_id_29", "ds_578_sample_id_247", "ds_140_sample_id_80", "ds_861_sample_id_245", "ds_344_sample_id_89", "ds_618_sample_id_30", "ds_212_sample_id_6", "ds_531_sample_id_0", "ds_766_sample_id_202", "ds_10_sample_id_95", "ds_180_sample_id_238", "ds_555_sample_id_227", "ds_253_sample_id_161", "ds_326_sample_id_68", "ds_817_sample_id_149", "ds_393_sample_id_218", "ds_81_sample_id_43", "ds_581_sample_id_273", "ds_164_sample_id_200", "ds_398_sample_id_18", "ds_1_sample_id_25", "ds_487_sample_id_181", "ds_581_sample_id_59", "ds_361_sample_id_150", "ds_190_sample_id_3", "ds_511_sample_id_199", "ds_389_sample_id_228", "ds_309_sample_id_106", "ds_691_sample_id_111", "ds_509_sample_id_159", "ds_276_sample_id_274", "ds_458_sample_id_268", "ds_691_sample_id_61", "ds_188_sample_id_32"], "group_5": ["ds_402_sample_id_157", "ds_116_sample_id_127", "ds_457_sample_id_110", "ds_68_sample_id_98", "ds_683_sample_id_188", "ds_816_sample_id_130", "ds_765_sample_id_108", "ds_35_sample_id_116", "ds_659_sample_id_276", "ds_398_sample_id_44", "ds_138_sample_id_183", "ds_335_sample_id_135", "ds_853_sample_id_280", "ds_321_sample_id_278", "ds_634_sample_id_16", "ds_751_sample_id_33", "ds_93_sample_id_207", "ds_783_sample_id_119", "ds_805_sample_id_204", "ds_97_sample_id_237", "ds_683_sample_id_143", "ds_763_sample_id_225", "ds_736_sample_id_141", "ds_276_sample_id_21", "ds_857_sample_id_36", "ds_639_sample_id_73", "ds_701_sample_id_50", "ds_578_sample_id_247", "ds_340_sample_id_195", "ds_759_sample_id_99", "ds_135_sample_id_103", "ds_22_sample_id_74", "ds_6_sample_id_222", "ds_199_sample_id_170", "ds_656_sample_id_109", "ds_351_sample_id_265", "ds_817_sample_id_134", "ds_442_sample_id_147", "ds_614_sample_id_192", "ds_62_sample_id_236", "ds_645_sample_id_217", "ds_30_sample_id_211", "ds_180_sample_id_238", "ds_33_sample_id_1", "ds_378_sample_id_146", "ds_584_sample_id_64", "ds_547_sample_id_256", "ds_677_sample_id_163", "ds_253_sample_id_161", "ds_243_sample_id_263", "ds_737_sample_id_264", "ds_544_sample_id_165", "ds_641_sample_id_118", "ds_110_sample_id_79", "ds_624_sample_id_104", "ds_483_sample_id_262", "ds_469_sample_id_226", "ds_133_sample_id_114", "ds_274_sample_id_90", "ds_81_sample_id_43", "ds_581_sample_id_273", "ds_1_sample_id_25", "ds_581_sample_id_59", "ds_518_sample_id_126", "ds_846_sample_id_49", "ds_373_sample_id_158", "ds_542_sample_id_168", "ds_25_sample_id_124", "ds_722_sample_id_112", "ds_437_sample_id_67", "ds_122_sample_id_85", "ds_673_sample_id_277", "ds_531_sample_id_78", "ds_719_sample_id_166", "ds_561_sample_id_210", "ds_205_sample_id_35", "ds_867_sample_id_186", "ds_691_sample_id_111", "ds_323_sample_id_93", "ds_336_sample_id_221", "ds_320_sample_id_56"], "group_6": ["ds_402_sample_id_157", "ds_706_sample_id_175", "ds_161_sample_id_133", "ds_129_sample_id_253", "ds_170_sample_id_83", "ds_405_sample_id_272", "ds_35_sample_id_116", "ds_722_sample_id_100", "ds_642_sample_id_5", "ds_866_sample_id_12", "ds_65_sample_id_242", "ds_698_sample_id_23", "ds_565_sample_id_28", "ds_63_sample_id_88", "ds_382_sample_id_196", "ds_759_sample_id_176", "ds_853_sample_id_280", "ds_677_sample_id_179", "ds_283_sample_id_187", "ds_553_sample_id_65", "ds_736_sample_id_141", "ds_210_sample_id_162", "ds_834_sample_id_40", "ds_276_sample_id_21", "ds_857_sample_id_36", "ds_593_sample_id_282", "ds_340_sample_id_195", "ds_759_sample_id_99", "ds_163_sample_id_201", "ds_199_sample_id_170", "ds_618_sample_id_30", "ds_0_sample_id_155", "ds_817_sample_id_134", "ds_442_sample_id_147", "ds_531_sample_id_0", "ds_712_sample_id_22", "ds_378_sample_id_146", "ds_555_sample_id_227", "ds_253_sample_id_161", "ds_538_sample_id_86", "ds_737_sample_id_264", "ds_133_sample_id_114", "ds_118_sample_id_10", "ds_253_sample_id_11", "ds_761_sample_id_77", "ds_448_sample_id_81", "ds_511_sample_id_199", "ds_31_sample_id_230", "ds_286_sample_id_41", "ds_220_sample_id_180", "ds_673_sample_id_277", "ds_531_sample_id_78", "ds_270_sample_id_66", "ds_561_sample_id_210", "ds_509_sample_id_159", "ds_220_sample_id_284", "ds_579_sample_id_219", "ds_168_sample_id_164", "ds_266_sample_id_252", "ds_733_sample_id_26", "ds_458_sample_id_268", "ds_730_sample_id_288", "ds_600_sample_id_91", "ds_772_sample_id_203", "ds_320_sample_id_56", "ds_864_sample_id_214"], "group_8": ["ds_402_sample_id_157", "ds_68_sample_id_98", "ds_683_sample_id_188", "ds_816_sample_id_130", "ds_73_sample_id_27", "ds_659_sample_id_276", "ds_642_sample_id_5", "ds_374_sample_id_232", "ds_835_sample_id_42", "ds_628_sample_id_169", "ds_677_sample_id_179", "ds_177_sample_id_178", "ds_715_sample_id_48", "ds_93_sample_id_207", "ds_847_sample_id_17", "ds_693_sample_id_82", "ds_350_sample_id_177", "ds_834_sample_id_40", "ds_857_sample_id_36", "ds_844_sample_id_60", "ds_639_sample_id_73", "ds_340_sample_id_195", "ds_759_sample_id_99", "ds_192_sample_id_87", "ds_0_sample_id_155", "ds_377_sample_id_271", "ds_48_sample_id_38", "ds_560_sample_id_136", "ds_712_sample_id_22", "ds_159_sample_id_208", "ds_645_sample_id_217", "ds_677_sample_id_123", "ds_547_sample_id_256", "ds_632_sample_id_128", "ds_667_sample_id_194", "ds_677_sample_id_163", "ds_164_sample_id_255", "ds_264_sample_id_231", "ds_518_sample_id_126", "ds_605_sample_id_151", "ds_671_sample_id_281", "ds_761_sample_id_77", "ds_25_sample_id_124", "ds_449_sample_id_254", "ds_122_sample_id_85", "ds_531_sample_id_78", "ds_46_sample_id_120", "ds_865_sample_id_233", "ds_719_sample_id_166", "ds_579_sample_id_219", "ds_266_sample_id_252", "ds_257_sample_id_39", "ds_458_sample_id_268", "ds_600_sample_id_91", "ds_271_sample_id_15", "ds_73_sample_id_70", "ds_320_sample_id_56"], "group_9": ["ds_402_sample_id_157", "ds_659_sample_id_276", "ds_503_sample_id_153", "ds_398_sample_id_44", "ds_628_sample_id_169", "ds_855_sample_id_197", "ds_805_sample_id_204", "ds_137_sample_id_154", "ds_122_sample_id_171", "ds_276_sample_id_21", "ds_857_sample_id_36", "ds_861_sample_id_245", "ds_199_sample_id_170", "ds_212_sample_id_6", "ds_9_sample_id_69", "ds_121_sample_id_20", "ds_239_sample_id_215", "ds_460_sample_id_75", "ds_204_sample_id_174", "ds_33_sample_id_1", "ds_547_sample_id_256", "ds_555_sample_id_227", "ds_632_sample_id_128", "ds_221_sample_id_216", "ds_443_sample_id_84", "ds_253_sample_id_161", "ds_229_sample_id_94", "ds_624_sample_id_104", "ds_393_sample_id_218", "ds_274_sample_id_90", "ds_850_sample_id_167", "ds_581_sample_id_59", "ds_335_sample_id_212", "ds_370_sample_id_71", "ds_647_sample_id_148", "ds_761_sample_id_77", "ds_673_sample_id_277", "ds_458_sample_id_268", "ds_691_sample_id_61", "ds_371_sample_id_145"], "group_10": ["ds_402_sample_id_157", "ds_420_sample_id_229", "ds_770_sample_id_251", "ds_706_sample_id_175", "ds_274_sample_id_117", "ds_722_sample_id_100", "ds_642_sample_id_5", "ds_866_sample_id_12", "ds_812_sample_id_220", "ds_662_sample_id_125", "ds_704_sample_id_122", "ds_759_sample_id_176", "ds_634_sample_id_16", "ds_138_sample_id_287", "ds_283_sample_id_187", "ds_573_sample_id_172", "ds_479_sample_id_53", "ds_553_sample_id_65", "ds_254_sample_id_279", "ds_834_sample_id_40", "ds_844_sample_id_60", "ds_275_sample_id_76", "ds_314_sample_id_257", "ds_255_sample_id_97", "ds_861_sample_id_245", "ds_192_sample_id_87", "ds_344_sample_id_89", "ds_103_sample_id_240", "ds_702_sample_id_45", "ds_212_sample_id_6", "ds_607_sample_id_8", "ds_323_sample_id_205", "ds_569_sample_id_7", "ds_460_sample_id_75", "ds_766_sample_id_202", "ds_712_sample_id_22", "ds_645_sample_id_217", "ds_180_sample_id_238", "ds_106_sample_id_270", "ds_319_sample_id_62", "ds_684_sample_id_4", "ds_781_sample_id_52", "ds_629_sample_id_63", "ds_133_sample_id_114", "ds_17_sample_id_156", "ds_398_sample_id_18", "ds_118_sample_id_10", "ds_487_sample_id_181", "ds_581_sample_id_59", "ds_518_sample_id_126", "ds_279_sample_id_243", "ds_314_sample_id_2", "ds_542_sample_id_168", "ds_190_sample_id_3", "ds_573_sample_id_54", "ds_220_sample_id_180", "ds_279_sample_id_250", "ds_362_sample_id_132", "ds_531_sample_id_78", "ds_867_sample_id_186", "ds_691_sample_id_111", "ds_509_sample_id_159", "ds_168_sample_id_164", "ds_276_sample_id_274", "ds_225_sample_id_92", "ds_188_sample_id_32", "ds_336_sample_id_221", "ds_572_sample_id_31"], "group_18": ["ds_402_sample_id_157", "ds_420_sample_id_229", "ds_194_sample_id_190", "ds_770_sample_id_251", "ds_161_sample_id_133", "ds_405_sample_id_272", "ds_148_sample_id_261", "ds_755_sample_id_14", "ds_382_sample_id_196", "ds_677_sample_id_179", "ds_634_sample_id_16", "ds_742_sample_id_266", "ds_573_sample_id_172", "ds_763_sample_id_225", "ds_137_sample_id_154", "ds_847_sample_id_17", "ds_782_sample_id_138", "ds_122_sample_id_171", "ds_834_sample_id_40", "ds_323_sample_id_139", "ds_73_sample_id_235", "ds_135_sample_id_103", "ds_22_sample_id_74", "ds_656_sample_id_109", "ds_0_sample_id_155", "ds_351_sample_id_265", "ds_442_sample_id_147", "ds_323_sample_id_205", "ds_558_sample_id_234", "ds_569_sample_id_7", "ds_34_sample_id_269", "ds_159_sample_id_208", "ds_645_sample_id_217", "ds_33_sample_id_1", "ds_378_sample_id_146", "ds_584_sample_id_64", "ds_547_sample_id_256", "ds_134_sample_id_58", "ds_326_sample_id_68", "ds_234_sample_id_57", "ds_264_sample_id_101", "ds_629_sample_id_102", "ds_850_sample_id_167", "ds_1_sample_id_25", "ds_581_sample_id_59", "ds_335_sample_id_212", "ds_279_sample_id_243", "ds_314_sample_id_2", "ds_647_sample_id_148", "ds_846_sample_id_49", "ds_542_sample_id_168", "ds_761_sample_id_77", "ds_624_sample_id_283", "ds_573_sample_id_54", "ds_389_sample_id_228", "ds_362_sample_id_132", "ds_509_sample_id_159", "ds_220_sample_id_284", "ds_276_sample_id_274", "ds_693_sample_id_46", "ds_730_sample_id_288", "ds_600_sample_id_91", "ds_73_sample_id_70", "ds_188_sample_id_32"], "group_2": ["ds_116_sample_id_127", "ds_274_sample_id_117", "ds_170_sample_id_83", "ds_765_sample_id_108", "ds_154_sample_id_160", "ds_35_sample_id_116", "ds_755_sample_id_14", "ds_662_sample_id_125", "ds_704_sample_id_122", "ds_855_sample_id_197", "ds_853_sample_id_280", "ds_619_sample_id_285", "ds_715_sample_id_48", "ds_93_sample_id_207", "ds_783_sample_id_119", "ds_763_sample_id_225", "ds_303_sample_id_173", "ds_701_sample_id_50", "ds_323_sample_id_139", "ds_314_sample_id_257", "ds_163_sample_id_201", "ds_103_sample_id_240", "ds_702_sample_id_45", "ds_9_sample_id_69", "ds_323_sample_id_205", "ds_536_sample_id_275", "ds_614_sample_id_192", "ds_10_sample_id_95", "ds_414_sample_id_144", "ds_30_sample_id_211", "ds_654_sample_id_105", "ds_33_sample_id_1", "ds_584_sample_id_64", "ds_632_sample_id_128", "ds_134_sample_id_58", "ds_443_sample_id_84", "ds_253_sample_id_161", "ds_229_sample_id_94", "ds_737_sample_id_264", "ds_641_sample_id_118", "ds_483_sample_id_262", "ds_393_sample_id_218", "ds_264_sample_id_101", "ds_133_sample_id_114", "ds_629_sample_id_102", "ds_274_sample_id_90", "ds_81_sample_id_43", "ds_164_sample_id_200", "ds_17_sample_id_156", "ds_118_sample_id_10", "ds_264_sample_id_231", "ds_361_sample_id_150", "ds_846_sample_id_49", "ds_478_sample_id_152", "ds_437_sample_id_67", "ds_279_sample_id_250", "ds_673_sample_id_277", "ds_46_sample_id_120", "ds_719_sample_id_166", "ds_806_sample_id_9", "ds_693_sample_id_46", "ds_574_sample_id_185", "ds_691_sample_id_61", "ds_271_sample_id_15", "ds_371_sample_id_145", "ds_127_sample_id_182", "ds_73_sample_id_70", "ds_772_sample_id_203", "ds_864_sample_id_214"], "group_14": ["ds_457_sample_id_110", "ds_420_sample_id_229", "ds_274_sample_id_117", "ds_154_sample_id_160", "ds_722_sample_id_100", "ds_398_sample_id_44", "ds_642_sample_id_5", "ds_280_sample_id_241", "ds_522_sample_id_115", "ds_759_sample_id_176", "ds_138_sample_id_287", "ds_750_sample_id_198", "ds_730_sample_id_107", "ds_847_sample_id_17", "ds_254_sample_id_279", "ds_608_sample_id_29", "ds_79_sample_id_193", "ds_639_sample_id_73", "ds_314_sample_id_257", "ds_255_sample_id_97", "ds_199_sample_id_170", "ds_597_sample_id_246", "ds_702_sample_id_45", "ds_0_sample_id_155", "ds_121_sample_id_20", "ds_239_sample_id_215", "ds_558_sample_id_234", "ds_531_sample_id_0", "ds_460_sample_id_75", "ds_10_sample_id_95", "ds_414_sample_id_144", "ds_712_sample_id_22", "ds_33_sample_id_1", "ds_677_sample_id_123", "ds_547_sample_id_256", "ds_632_sample_id_128", "ds_538_sample_id_86", "ds_781_sample_id_52", "ds_234_sample_id_57", "ds_483_sample_id_262", "ds_17_sample_id_156", "ds_850_sample_id_167", "ds_253_sample_id_11", "ds_647_sample_id_148", "ds_373_sample_id_158", "ds_466_sample_id_189", "ds_542_sample_id_168", "ds_448_sample_id_81", "ds_25_sample_id_124", "ds_511_sample_id_199", "ds_437_sample_id_67", "ds_573_sample_id_54", "ds_205_sample_id_35", "ds_867_sample_id_186", "ds_579_sample_id_219", "ds_693_sample_id_46", "ds_600_sample_id_91", "ds_371_sample_id_145", "ds_127_sample_id_182", "ds_323_sample_id_93", "ds_225_sample_id_92", "ds_73_sample_id_70", "ds_54_sample_id_248", "ds_572_sample_id_31"], "group_15": ["ds_68_sample_id_98", "ds_274_sample_id_117", "ds_405_sample_id_272", "ds_35_sample_id_116", "ds_642_sample_id_5", "ds_148_sample_id_261", "ds_138_sample_id_183", "ds_755_sample_id_14", "ds_662_sample_id_125", "ds_565_sample_id_28", "ds_835_sample_id_42", "ds_382_sample_id_196", "ds_522_sample_id_115", "ds_715_sample_id_48", "ds_805_sample_id_204", "ds_683_sample_id_143", "ds_742_sample_id_266", "ds_763_sample_id_225", "ds_693_sample_id_82", "ds_122_sample_id_171", "ds_12_sample_id_224", "ds_587_sample_id_51", "ds_593_sample_id_282", "ds_340_sample_id_195", "ds_314_sample_id_257", "ds_759_sample_id_99", "ds_22_sample_id_74", "ds_6_sample_id_222", "ds_344_sample_id_89", "ds_277_sample_id_55", "ds_877_sample_id_140", "ds_702_sample_id_45", "ds_0_sample_id_155", "ds_817_sample_id_134", "ds_531_sample_id_0", "ds_10_sample_id_95", "ds_645_sample_id_217", "ds_288_sample_id_96", "ds_618_sample_id_206", "ds_632_sample_id_128", "ds_221_sample_id_216", "ds_106_sample_id_270", "ds_443_sample_id_84", "ds_253_sample_id_161", "ds_538_sample_id_86", "ds_229_sample_id_94", "ds_641_sample_id_47", "ds_393_sample_id_218", "ds_264_sample_id_101", "ds_6_sample_id_137", "ds_850_sample_id_167", "ds_118_sample_id_10", "ds_264_sample_id_231", "ds_361_sample_id_150", "ds_605_sample_id_151", "ds_671_sample_id_281", "ds_573_sample_id_54", "ds_449_sample_id_254", "ds_46_sample_id_120", "ds_220_sample_id_284", "ds_266_sample_id_252", "ds_257_sample_id_39", "ds_276_sample_id_274", "ds_693_sample_id_46", "ds_574_sample_id_185", "ds_458_sample_id_268", "ds_127_sample_id_182", "ds_188_sample_id_32"], "group_1": ["ds_194_sample_id_190", "ds_770_sample_id_251", "ds_274_sample_id_117", "ds_161_sample_id_133", "ds_816_sample_id_130", "ds_170_sample_id_83", "ds_35_sample_id_116", "ds_722_sample_id_100", "ds_755_sample_id_14", "ds_280_sample_id_241", "ds_565_sample_id_28", "ds_63_sample_id_88", "ds_382_sample_id_196", "ds_522_sample_id_115", "ds_628_sample_id_169", "ds_177_sample_id_178", "ds_93_sample_id_207", "ds_750_sample_id_198", "ds_573_sample_id_172", "ds_553_sample_id_65", "ds_137_sample_id_154", "ds_185_sample_id_19", "ds_693_sample_id_82", "ds_83_sample_id_24", "ds_782_sample_id_138", "ds_79_sample_id_193", "ds_844_sample_id_60", "ds_275_sample_id_76", "ds_277_sample_id_55", "ds_163_sample_id_201", "ds_702_sample_id_45", "ds_351_sample_id_265", "ds_110_sample_id_191", "ds_323_sample_id_205", "ds_377_sample_id_271", "ds_560_sample_id_136", "ds_62_sample_id_236", "ds_378_sample_id_146", "ds_632_sample_id_128", "ds_134_sample_id_58", "ds_221_sample_id_216", "ds_243_sample_id_263", "ds_781_sample_id_52", "ds_110_sample_id_79", "ds_641_sample_id_47", "ds_469_sample_id_226", "ds_629_sample_id_102", "ds_164_sample_id_255", "ds_274_sample_id_90", "ds_6_sample_id_137", "ds_118_sample_id_10", "ds_347_sample_id_184", "ds_518_sample_id_126", "ds_647_sample_id_148", "ds_448_sample_id_81", "ds_807_sample_id_249", "ds_31_sample_id_230", "ds_362_sample_id_132", "ds_309_sample_id_106", "ds_719_sample_id_166", "ds_260_sample_id_121", "ds_733_sample_id_26", "ds_574_sample_id_185", "ds_271_sample_id_15", "ds_371_sample_id_145", "ds_527_sample_id_244", "ds_353_sample_id_239", "ds_225_sample_id_92", "ds_54_sample_id_248", "ds_772_sample_id_203"], "group_16": ["ds_194_sample_id_190", "ds_683_sample_id_188", "ds_161_sample_id_133", "ds_170_sample_id_83", "ds_73_sample_id_27", "ds_405_sample_id_272", "ds_659_sample_id_276", "ds_722_sample_id_100", "ds_478_sample_id_129", "ds_374_sample_id_232", "ds_698_sample_id_23", "ds_63_sample_id_88", "ds_335_sample_id_135", "ds_704_sample_id_122", "ds_382_sample_id_196", "ds_522_sample_id_115", "ds_759_sample_id_176", "ds_677_sample_id_179", "ds_138_sample_id_287", "ds_283_sample_id_187", "ds_742_sample_id_266", "ds_479_sample_id_53", "ds_185_sample_id_19", "ds_350_sample_id_177", "ds_12_sample_id_224", "ds_210_sample_id_162", "ds_844_sample_id_60", "ds_587_sample_id_51", "ds_323_sample_id_139", "ds_73_sample_id_235", "ds_255_sample_id_97", "ds_759_sample_id_99", "ds_192_sample_id_87", "ds_277_sample_id_55", "ds_199_sample_id_170", "ds_103_sample_id_240", "ds_323_sample_id_205", "ds_536_sample_id_275", "ds_48_sample_id_38", "ds_766_sample_id_202", "ds_414_sample_id_144", "ds_34_sample_id_269", "ds_712_sample_id_22", "ds_62_sample_id_236", "ds_645_sample_id_217", "ds_667_sample_id_194", "ds_677_sample_id_163", "ds_684_sample_id_4", "ds_110_sample_id_79", "ds_629_sample_id_102", "ds_164_sample_id_255", "ds_17_sample_id_156", "ds_347_sample_id_184", "ds_518_sample_id_126", "ds_647_sample_id_148", "ds_373_sample_id_158", "ds_190_sample_id_3", "ds_478_sample_id_152", "ds_31_sample_id_230", "ds_286_sample_id_41", "ds_806_sample_id_9", "ds_260_sample_id_121", "ds_693_sample_id_46", "ds_574_sample_id_185", "ds_271_sample_id_15", "ds_323_sample_id_93", "ds_225_sample_id_92", "ds_567_sample_id_223", "ds_320_sample_id_56"], "group_19": ["ds_770_sample_id_251", "ds_683_sample_id_188", "ds_816_sample_id_130", "ds_170_sample_id_83", "ds_148_sample_id_261", "ds_755_sample_id_14", "ds_751_sample_id_33", "ds_4_sample_id_72", "ds_97_sample_id_237", "ds_763_sample_id_225", "ds_730_sample_id_107", "ds_303_sample_id_173", "ds_857_sample_id_36", "ds_79_sample_id_193", "ds_844_sample_id_60", "ds_587_sample_id_51", "ds_340_sample_id_195", "ds_552_sample_id_286", "ds_199_sample_id_170", "ds_656_sample_id_109", "ds_618_sample_id_13", "ds_531_sample_id_0", "ds_34_sample_id_269", "ds_288_sample_id_96", "ds_180_sample_id_238", "ds_654_sample_id_105", "ds_33_sample_id_1", "ds_547_sample_id_256", "ds_538_sample_id_86", "ds_544_sample_id_165", "ds_781_sample_id_52", "ds_817_sample_id_149", "ds_624_sample_id_104", "ds_288_sample_id_213", "ds_760_sample_id_113", "ds_629_sample_id_102", "ds_581_sample_id_59", "ds_253_sample_id_11", "ds_807_sample_id_249", "ds_624_sample_id_283", "ds_573_sample_id_54", "ds_389_sample_id_228", "ds_279_sample_id_250", "ds_531_sample_id_78", "ds_719_sample_id_166", "ds_561_sample_id_210", "ds_220_sample_id_284", "ds_257_sample_id_39", "ds_260_sample_id_121", "ds_693_sample_id_46", "ds_733_sample_id_26", "ds_271_sample_id_15", "ds_127_sample_id_182", "ds_323_sample_id_93", "ds_73_sample_id_70", "ds_54_sample_id_248", "ds_320_sample_id_56"], "group_4": ["ds_706_sample_id_175", "ds_129_sample_id_253", "ds_398_sample_id_44", "ds_382_sample_id_196", "ds_855_sample_id_197", "ds_634_sample_id_16", "ds_177_sample_id_178", "ds_138_sample_id_287", "ds_479_sample_id_53", "ds_254_sample_id_279", "ds_834_sample_id_40", "ds_79_sample_id_193", "ds_323_sample_id_139", "ds_578_sample_id_247", "ds_140_sample_id_80", "ds_255_sample_id_97", "ds_759_sample_id_99", "ds_135_sample_id_103", "ds_192_sample_id_87", "ds_22_sample_id_74", "ds_199_sample_id_170", "ds_103_sample_id_240", "ds_656_sample_id_109", "ds_0_sample_id_155", "ds_351_sample_id_265", "ds_569_sample_id_7", "ds_48_sample_id_38", "ds_34_sample_id_269", "ds_204_sample_id_174", "ds_599_sample_id_209", "ds_584_sample_id_64", "ds_547_sample_id_256", "ds_677_sample_id_163", "ds_243_sample_id_263", "ds_781_sample_id_52", "ds_641_sample_id_118", "ds_817_sample_id_149", "ds_110_sample_id_79", "ds_483_sample_id_262", "ds_469_sample_id_226", "ds_393_sample_id_218", "ds_264_sample_id_101", "ds_274_sample_id_90", "ds_81_sample_id_43", "ds_581_sample_id_273", "ds_1_sample_id_25", "ds_118_sample_id_10", "ds_347_sample_id_184", "ds_314_sample_id_2", "ds_647_sample_id_148", "ds_448_sample_id_81", "ds_807_sample_id_249", "ds_511_sample_id_199", "ds_437_sample_id_67", "ds_573_sample_id_54", "ds_220_sample_id_180", "ds_279_sample_id_250", "ds_122_sample_id_85", "ds_673_sample_id_277", "ds_270_sample_id_66", "ds_865_sample_id_233", "ds_561_sample_id_210", "ds_205_sample_id_35", "ds_691_sample_id_111", "ds_168_sample_id_164", "ds_266_sample_id_252", "ds_257_sample_id_39", "ds_730_sample_id_288", "ds_691_sample_id_61", "ds_127_sample_id_182", "ds_188_sample_id_32", "ds_864_sample_id_214"], "group_3": ["ds_129_sample_id_253", "ds_765_sample_id_108", "ds_405_sample_id_272", "ds_659_sample_id_276", "ds_503_sample_id_153", "ds_662_sample_id_125", "ds_63_sample_id_88", "ds_382_sample_id_196", "ds_677_sample_id_179", "ds_619_sample_id_285", "ds_715_sample_id_48", "ds_742_sample_id_266", "ds_122_sample_id_171", "ds_834_sample_id_40", "ds_701_sample_id_50", "ds_593_sample_id_282", "ds_73_sample_id_235", "ds_277_sample_id_55", "ds_103_sample_id_240", "ds_323_sample_id_205", "ds_558_sample_id_234", "ds_48_sample_id_38", "ds_584_sample_id_64", "ds_632_sample_id_128", "ds_229_sample_id_94", "ds_641_sample_id_118", "ds_110_sample_id_79", "ds_629_sample_id_102", "ds_164_sample_id_200", "ds_850_sample_id_167", "ds_1_sample_id_25", "ds_361_sample_id_150", "ds_370_sample_id_71", "ds_605_sample_id_151", "ds_846_sample_id_49", "ds_671_sample_id_281", "ds_448_sample_id_81", "ds_449_sample_id_254", "ds_309_sample_id_106", "ds_205_sample_id_35", "ds_867_sample_id_186", "ds_579_sample_id_219", "ds_266_sample_id_252", "ds_371_sample_id_145"]}}