{"ds_65_sample_id_0": [], "ds_69_sample_id_1": [], "ds_368_sample_id_2": [], "ds_530_sample_id_3": [], "ds_129_sample_id_4": [], "ds_246_sample_id_5": [], "ds_398_sample_id_6": [], "ds_165_sample_id_7": [], "ds_402_sample_id_8": ["DOMAIN_NAME"], "ds_507_sample_id_9": [], "ds_193_sample_id_10": [], "ds_221_sample_id_11": [], "ds_334_sample_id_12": [], "ds_180_sample_id_13": [], "ds_80_sample_id_14": [], "ds_340_sample_id_15": [], "ds_4_sample_id_16": [], "ds_365_sample_id_17": [], "ds_153_sample_id_18": [], "ds_187_sample_id_19": [], "ds_84_sample_id_20": [], "ds_20_sample_id_21": [], "ds_111_sample_id_22": ["DOMAIN_NAME", "IP_ADDRESS"], "ds_531_sample_id_23": [], "ds_314_sample_id_24": [], "ds_525_sample_id_25": [], "ds_209_sample_id_26": [], "ds_297_sample_id_27": [], "ds_301_sample_id_28": [], "ds_158_sample_id_29": [], "ds_304_sample_id_30": [], "ds_501_sample_id_31": [], "ds_433_sample_id_32": [], "ds_488_sample_id_33": [], "ds_259_sample_id_34": [], "ds_120_sample_id_35": [], "ds_150_sample_id_36": [], "ds_123_sample_id_37": [], "ds_0_sample_id_38": [], "ds_469_sample_id_39": [], "ds_278_sample_id_40": [], "ds_64_sample_id_41": ["DOMAIN_NAME", "IP_ADDRESS", "PERSON"], "ds_22_sample_id_42": [], "ds_52_sample_id_43": [], "ds_109_sample_id_44": ["CREDIT_CARD"], "ds_460_sample_id_45": [], "ds_308_sample_id_46": [], "ds_314_sample_id_47": [], "ds_253_sample_id_48": [], "ds_199_sample_id_49": [], "ds_543_sample_id_50": [], "ds_56_sample_id_51": [], "ds_497_sample_id_52": [], "ds_31_sample_id_53": [], "ds_190_sample_id_54": [], "ds_202_sample_id_55": [], "ds_316_sample_id_56": [], "ds_64_sample_id_57": ["DOMAIN_NAME", "IP_ADDRESS", "PERSON"], "ds_504_sample_id_58": [], "ds_21_sample_id_59": [], "ds_312_sample_id_60": [], "ds_527_sample_id_61": [], "ds_240_sample_id_62": [], "ds_173_sample_id_63": [], "ds_315_sample_id_64": [], "ds_453_sample_id_65": [], "ds_46_sample_id_66": [], "ds_138_sample_id_67": [], "ds_41_sample_id_68": ["DOMAIN_NAME", "LOCATION", "US_DRIVER_LICENSE"], "ds_415_sample_id_69": [], "ds_532_sample_id_70": [], "ds_372_sample_id_71": ["LOCATION"], "ds_179_sample_id_72": [], "ds_165_sample_id_73": [], "ds_237_sample_id_74": [], "ds_298_sample_id_75": [], "ds_204_sample_id_76": [], "ds_488_sample_id_77": [], "ds_244_sample_id_78": [], "ds_77_sample_id_79": ["DOMAIN_NAME", "IP_ADDRESS", "LOCATION", "PERSON", "US_DRIVER_LICENSE"], "ds_244_sample_id_80": [], "ds_293_sample_id_81": [], "ds_160_sample_id_82": [], "ds_363_sample_id_83": [], "ds_541_sample_id_84": [], "ds_273_sample_id_85": [], "ds_304_sample_id_86": [], "ds_422_sample_id_87": [], "ds_201_sample_id_88": [], "ds_38_sample_id_89": [], "ds_531_sample_id_90": [], "ds_455_sample_id_91": [], "ds_436_sample_id_92": [], "ds_78_sample_id_93": ["DOMAIN_NAME"], "ds_246_sample_id_94": [], "ds_22_sample_id_95": [], "ds_324_sample_id_96": [], "ds_332_sample_id_97": [], "ds_388_sample_id_98": ["DOMAIN_NAME", "IP_ADDRESS", "LOCATION"], "ds_539_sample_id_99": [], "ds_270_sample_id_100": [], "ds_142_sample_id_101": [], "ds_436_sample_id_102": [], "ds_290_sample_id_103": [], "ds_416_sample_id_104": [], "ds_115_sample_id_105": [], "ds_174_sample_id_106": [], "ds_389_sample_id_107": [], "ds_498_sample_id_108": [], "ds_453_sample_id_109": [], "ds_442_sample_id_110": [], "ds_242_sample_id_111": [], "ds_173_sample_id_112": [], "ds_96_sample_id_113": ["DOMAIN_NAME", "LOCATION"], "ds_54_sample_id_114": [], "ds_226_sample_id_115": [], "ds_169_sample_id_116": [], "ds_460_sample_id_117": [], "ds_65_sample_id_118": [], "ds_366_sample_id_119": [], "ds_239_sample_id_120": [], "ds_311_sample_id_121": [], "ds_477_sample_id_122": [], "ds_505_sample_id_123": [], "ds_532_sample_id_124": [], "ds_493_sample_id_125": [], "ds_186_sample_id_126": [], "ds_143_sample_id_127": [], "ds_538_sample_id_128": [], "ds_152_sample_id_129": [], "ds_342_sample_id_130": [], "ds_167_sample_id_131": [], "ds_328_sample_id_132": [], "ds_528_sample_id_133": [], "ds_535_sample_id_134": [], "ds_451_sample_id_135": [], "ds_144_sample_id_136": [], "ds_486_sample_id_137": [], "ds_256_sample_id_138": [], "ds_4_sample_id_139": [], "ds_2_sample_id_140": [], "ds_500_sample_id_141": [], "ds_277_sample_id_142": [], "ds_412_sample_id_143": [], "ds_309_sample_id_144": [], "ds_308_sample_id_145": [], "ds_219_sample_id_146": [], "ds_28_sample_id_147": [], "ds_445_sample_id_148": [], "ds_384_sample_id_149": [], "ds_526_sample_id_150": [], "ds_517_sample_id_151": [], "ds_115_sample_id_152": [], "ds_398_sample_id_153": [], "ds_175_sample_id_154": [], "ds_91_sample_id_155": ["IP_ADDRESS"], "ds_524_sample_id_156": [], "ds_429_sample_id_157": [], "ds_99_sample_id_158": ["CREDIT_CARD", "DOMAIN_NAME", "IP_ADDRESS", "LOCATION"], "ds_104_sample_id_159": ["DOMAIN_NAME", "IP_ADDRESS", "LOCATION", "US_DRIVER_LICENSE"], "ds_148_sample_id_160": [], "ds_297_sample_id_161": [], "ds_267_sample_id_162": [], "ds_179_sample_id_163": [], "ds_222_sample_id_164": [], "ds_433_sample_id_165": [], "ds_15_sample_id_166": [], "ds_427_sample_id_167": [], "ds_515_sample_id_168": [], "ds_232_sample_id_169": [], "ds_456_sample_id_170": [], "ds_91_sample_id_171": ["IP_ADDRESS"], "ds_450_sample_id_172": [], "ds_17_sample_id_173": [], "ds_33_sample_id_174": [], "ds_126_sample_id_175": [], "ds_118_sample_id_176": [], "ds_433_sample_id_177": [], "ds_450_sample_id_178": [], "ds_296_sample_id_179": [], "ds_202_sample_id_180": [], "ds_509_sample_id_181": [], "ds_407_sample_id_182": [], "ds_84_sample_id_183": [], "ds_138_sample_id_184": [], "ds_455_sample_id_185": [], "ds_80_sample_id_186": [], "ds_136_sample_id_187": [], "ds_267_sample_id_188": [], "ds_496_sample_id_189": [], "ds_211_sample_id_190": [], "ds_186_sample_id_191": [], "ds_36_sample_id_192": [], "ds_176_sample_id_193": [], "ds_428_sample_id_194": [], "ds_6_sample_id_195": [], "ds_327_sample_id_196": [], "ds_354_sample_id_197": [], "ds_250_sample_id_198": [], "ds_541_sample_id_199": [], "ds_30_sample_id_200": [], "ds_144_sample_id_201": [], "ds_327_sample_id_202": [], "ds_423_sample_id_203": [], "ds_331_sample_id_204": [], "ds_174_sample_id_205": [], "ds_165_sample_id_206": [], "ds_207_sample_id_207": [], "ds_417_sample_id_208": []}